Preprocessing the settings ...
Model: ANI-2x.
Job type: scan.
GPU ID is not set. Using CPU to calculate.

                             Coordinates                              
**********************************************************************
1    C               -0.7781              -1.0676               0.3211
2    C                1.3026               0.0521              -0.0283
3    C               -0.9720               1.4562               0.8237
4    C                1.9812              -0.4184               1.2502
5    C                2.2640               0.4352              -1.1331
6    N                0.2912              -0.8768              -0.5004
7    N               -2.0192              -1.3720              -0.2331
8    O               -1.6647               1.6302              -0.4018
9    H               -2.2586               0.8701              -0.4759
10   H                0.0278              -0.6783              -1.4585
11   H               -0.6098              -1.3679               1.3412
12   H                0.6813               0.9183               0.2869
13   H               -2.5733              -2.0574               0.2574
14   H               -2.0524              -1.5045              -1.2338
15   H               -0.3690               2.3514               0.9917
16   H               -1.6396               1.2942               1.6747
17   H                2.7644               0.2915               1.5228
18   H                1.7251               0.7307              -2.0378
19   H                2.4356              -1.4061               1.1342
20   H                1.2730              -0.4472               2.0806
21   H                2.8503               1.2987              -0.8143
22   H                2.9600              -0.3688              -1.3889

Performing the constraints and restraints ...
Scanning bond with atomic indices [3, 12], for a total of 10 steps.
Scanning angle with atomic indices [3, 12, 13], for a total of 5 steps.

Loading the Machine Learning Potential Model...
Loading ANI model (ANI-2x) successfully.
Using CPU for calculation.
Total combinations to scan: 66

----------------------------------------------------------------------
             Scanning combination 1/66: ['1.82', '62.02']             
                             Coordinates                              
----------------------------------------------------------------------
Running the L-BFGS ...
0    C               -0.7997              -1.1662               0.1875
1    C                1.2861               0.0939               0.0202
2    C               -0.9377               1.6094               0.7871
3    C                1.9885              -0.4384               1.2590
4    C                2.2570               0.4243              -1.0967
5    N                0.2669              -0.8778              -0.5534
6    N               -2.0355              -1.4194              -0.2953
7    O               -1.7051               1.5732              -0.3426
8    H               -2.0048               0.6582              -0.4472
9    H               -0.0226              -0.5118              -1.4751
10   H               -0.7216              -1.0294               1.2648
11   H                0.7126               1.0046               0.3163
12   H               -2.6545              -1.9163               0.3474
13   H               -2.0878              -1.7760              -1.2571
14   H               -0.6960               2.6463               1.0307
15   H               -1.2644               1.0256               1.6561
16   H                2.7702               0.2611               1.5577
17   H                1.7231               0.7456              -1.9967
18   H                2.4565              -1.4091               1.0890
19   H                1.2877              -0.5283               2.0886
20   H                2.9197               1.2361              -0.7944
21   H                2.8768              -0.4365              -1.3650
Maximum Force:             0.006107     0.010000                Yes
RMS Force:                 0.005310     0.006000                Yes
Maximum Displacement:      0.026630     0.040000                Yes
RMS Displacement:          0.012205     0.025000                Yes

----------------------------------------------------------------------
             Scanning combination 2/66: ['1.82', '67.02']             
                             Coordinates                              
----------------------------------------------------------------------
Running the L-BFGS ...
0    C               -0.8018              -1.1841               0.1816
1    C                1.2577               0.0871               0.0126
2    C               -0.9333               1.6659               0.8110
3    C                1.9763              -0.4522               1.2466
4    C                2.2385               0.4322              -1.0924
5    N                0.2614              -0.9108              -0.5652
6    N               -2.0336              -1.4444              -0.3113
7    O               -1.6724               1.5800              -0.3395
8    H               -1.9864               0.6618              -0.4151
9    H               -0.0557              -0.5847              -1.4928
10   H               -0.7259              -1.0355               1.2542
11   H                0.6833               0.9779               0.3376
12   H               -2.5627              -2.0512               0.3161
13   H               -2.0648              -1.7857              -1.2816
14   H               -0.6709               2.7165               1.0061
15   H               -1.2775               1.1095               1.7004
16   H                2.7557               0.2533               1.5550
17   H                1.7324               0.7619              -2.0049
18   H                2.4498              -1.4236               1.0677
19   H                1.2765              -0.5530               2.0797
20   H                2.9086               1.2392              -0.7842
21   H                2.8424              -0.4476              -1.3326
Maximum Force:             0.009028     0.010000                Yes
RMS Force:                 0.004406     0.006000                Yes
Maximum Displacement:      0.010493     0.040000                Yes
RMS Displacement:          0.007370     0.025000                Yes

----------------------------------------------------------------------
             Scanning combination 3/66: ['1.82', '72.02']             
                             Coordinates                              
----------------------------------------------------------------------
Running the L-BFGS ...
0    C               -0.7970              -1.1917               0.1731
1    C                1.2550               0.0485               0.0076
2    C               -0.9443               1.6915               0.8166
3    C                1.9802              -0.4585               1.2512
4    C                2.2327               0.4335              -1.0928
5    N                0.2705              -0.9518              -0.5846
6    N               -2.0371              -1.4441              -0.3070
7    O               -1.6706               1.6025              -0.3421
8    H               -1.9818               0.6799              -0.4209
9    H               -0.0656              -0.5981              -1.4970
10   H               -0.7185              -1.0441               1.2493
11   H                0.6185               0.8894               0.3423
12   H               -2.4986              -2.1245               0.3022
13   H               -2.0728              -1.7639              -1.2890
14   H               -0.6736               2.7340               1.0162
15   H               -1.2820               1.1189               1.6992
16   H                2.7571               0.2576               1.5452
17   H                1.7282               0.7570              -2.0118
18   H                2.4568              -1.4262               1.0792
19   H                1.2794              -0.5474               2.0859
20   H                2.8989               1.2453              -0.7796
21   H                2.8413              -0.4457              -1.3230
Maximum Force:             0.008681     0.010000                Yes
RMS Force:                 0.005503     0.006000                Yes
Maximum Displacement:      0.013284     0.040000                Yes
RMS Displacement:          0.006332     0.025000                Yes

----------------------------------------------------------------------
             Scanning combination 4/66: ['1.82', '77.02']             
                             Coordinates                              
----------------------------------------------------------------------
Running the L-BFGS ...
0    C               -0.8592              -1.1454               0.1584
1    C                1.2224               0.0671               0.0191
2    C               -0.8942               1.8051               0.8379
3    C                1.9309              -0.5233               1.2313
4    C                2.2022               0.4429              -1.0797
5    N                0.2404              -0.9262              -0.5652
6    N               -2.0125              -1.6540              -0.3441
7    O               -1.7299               1.5612              -0.2247
8    H               -1.9077               0.6064              -0.2346
9    H                0.0122              -0.6742              -1.5398
10   H               -0.8681              -0.7917               1.1872
11   H                0.6568               0.9803               0.3641
12   H               -2.4105              -2.4245               0.2039
13   H               -1.9583              -1.9221              -1.3368
14   H               -0.6086               2.8659               0.8380
15   H               -1.1769               1.4435               1.8378
16   H                2.6856               0.1792               1.5974
17   H                1.6973               0.8283              -1.9738
18   H                2.4245              -1.4647               0.9710
19   H                1.2253              -0.7064               2.0461
20   H                2.9016               1.2087              -0.7316
21   H                2.7807              -0.4404              -1.3684
Maximum Force:             0.009403     0.010000                Yes
RMS Force:                 0.004505     0.006000                Yes
Maximum Displacement:      0.012088     0.040000                Yes
RMS Displacement:          0.005343     0.025000                Yes

----------------------------------------------------------------------
             Scanning combination 5/66: ['1.82', '82.02']             
                             Coordinates                              
----------------------------------------------------------------------
Running the L-BFGS ...
0    C               -0.8582              -1.1409               0.1554
1    C                1.2189               0.0462               0.0141
2    C               -0.8980               1.8324               0.8459
3    C                1.9334              -0.5243               1.2310
4    C                2.2023               0.4438              -1.0774
5    N                0.2379              -0.9374              -0.5701
6    N               -2.0120              -1.6577              -0.3518
7    O               -1.7350               1.5548              -0.2172
8    H               -1.9132               0.5951              -0.2256
9    H                0.0196              -0.6737              -1.5451
10   H               -0.8733              -0.7905               1.1907
11   H                0.5812               0.8900               0.3615
12   H               -2.3646              -2.4523               0.1917
13   H               -1.9566              -1.9351              -1.3450
14   H               -0.5970               2.8820               0.8245
15   H               -1.1751               1.4473               1.8442
16   H                2.6893               0.1790               1.6015
17   H                1.6953               0.8322              -1.9680
18   H                2.4255              -1.4645               0.9714
19   H                1.2222              -0.7137               2.0391
20   H                2.9027               1.2107              -0.7304
21   H                2.7794              -0.4410              -1.3706
Maximum Force:             0.007885     0.010000                Yes
RMS Force:                 0.005188     0.006000                Yes
Maximum Displacement:      0.008732     0.040000                Yes
RMS Displacement:          0.003835     0.025000                Yes

----------------------------------------------------------------------
             Scanning combination 6/66: ['1.82', '87.02']             
                             Coordinates                              
----------------------------------------------------------------------
Running the L-BFGS ...
0    C               -0.8903              -1.1391               0.0959
1    C                1.1787               0.0281               0.0221
2    C               -0.8612               1.9160               0.8478
3    C                1.9045              -0.5627               1.2244
4    C                2.1627               0.4557              -1.0526
5    N                0.2382              -0.9759              -0.5909
6    N               -2.0040              -1.7450              -0.3964
7    O               -1.7844               1.5449              -0.1119
8    H               -1.8751               0.5721              -0.0951
9    H                0.0639              -0.7433              -1.5811
10   H               -0.9279              -0.7662               1.1181
11   H                0.5669               0.8890               0.3826
12   H               -2.2794              -2.5587               0.1640
13   H               -1.9127              -2.0360              -1.3802
14   H               -0.5448               2.9556               0.6833
15   H               -1.0849               1.6788               1.9052
16   H                2.6328               0.1536               1.6202
17   H                1.6577               0.8757              -1.9268
18   H                2.4410              -1.4752               0.9485
19   H                1.2055              -0.8072               2.0283
20   H                2.8597               1.2071              -0.6766
21   H                2.7454              -0.4117              -1.3803
Maximum Force:             0.009196     0.010000                Yes
RMS Force:                 0.004496     0.006000                Yes
Maximum Displacement:      0.013215     0.040000                Yes
RMS Displacement:          0.007204     0.025000                Yes

----------------------------------------------------------------------
             Scanning combination 7/66: ['1.72', '62.02']             
                             Coordinates                              
----------------------------------------------------------------------
Running the L-BFGS ...
0    C               -0.8299              -1.1378               0.1827
1    C                1.2487               0.1469               0.0257
2    C               -0.8917               1.6323               0.8124
3    C                1.9543              -0.4266               1.2474
4    C                2.2306               0.4766              -1.0926
5    N                0.2698              -0.8547              -0.5237
6    N               -1.9992              -1.5481              -0.3584
7    O               -1.6204               1.4390              -0.3291
8    H               -2.0143               0.5554              -0.2910
9    H                0.0784              -0.5986              -1.4990
10   H               -0.8610              -0.8995               1.2414
11   H                0.6665               1.0732               0.3472
12   H               -2.7332              -1.8620               0.2765
13   H               -2.0195              -1.9767              -1.2859
14   H               -0.6516               2.6901               0.9500
15   H               -1.1878               1.1374               1.7446
16   H                2.7539               0.2458               1.5703
17   H                1.7037               0.8566              -1.9801
18   H                2.4006              -1.3962               1.0135
19   H                1.2475              -0.5572               2.0732
20   H                2.9509               1.2402              -0.7714
21   H                2.7746              -0.4411              -1.3484
Maximum Force:             0.009015     0.010000                Yes
RMS Force:                 0.005449     0.006000                Yes
Maximum Displacement:      0.021623     0.040000                Yes
RMS Displacement:          0.009976     0.025000                Yes

----------------------------------------------------------------------
             Scanning combination 8/66: ['1.72', '67.02']             
                             Coordinates                              
----------------------------------------------------------------------
Running the L-BFGS ...
0    C               -0.8312              -1.1529               0.1715
1    C                1.2380               0.1123               0.0244
2    C               -0.9046               1.6618               0.8057
3    C                1.9531              -0.4302               1.2565
4    C                2.2196               0.4784              -1.0827
5    N                0.2623              -0.9060              -0.5440
6    N               -2.0278              -1.4714              -0.3998
7    O               -1.6556               1.4746              -0.3226
8    H               -2.0136               0.5722              -0.2999
9    H               -0.0152              -0.6258              -1.4972
10   H               -0.7971              -0.9312               1.2366
11   H                0.6098               0.9812               0.3582
12   H               -2.6674              -1.9214               0.2509
13   H               -1.9820              -2.0232              -1.2638
14   H               -0.5983               2.6979               0.9246
15   H               -1.1642               1.1404               1.7351
16   H                2.7300               0.2636               1.5983
17   H                1.7048               0.8662              -1.9719
18   H                2.4190              -1.3904               1.0193
19   H                1.2567              -0.5627               2.0907
20   H                2.9407               1.2340              -0.7440
21   H                2.7754              -0.4215              -1.3761
Maximum Force:             0.007723     0.010000                Yes
RMS Force:                 0.005402     0.006000                Yes
Maximum Displacement:      0.010805     0.040000                Yes
RMS Displacement:          0.005945     0.025000                Yes

----------------------------------------------------------------------
             Scanning combination 9/66: ['1.72', '72.02']             
                             Coordinates                              
----------------------------------------------------------------------
Running the L-BFGS ...
0    C               -0.8255              -1.1667               0.1553
1    C                1.2162               0.0697               0.0208
2    C               -0.9058               1.7064               0.8180
3    C                1.9517              -0.4477               1.2529
4    C                2.1978               0.4702              -1.0712
5    N                0.2792              -0.9688              -0.5688
6    N               -2.0194              -1.5011              -0.3946
7    O               -1.6585               1.5021              -0.3047
8    H               -2.0001               0.5931              -0.2887
9    H               -0.0035              -0.6295              -1.5039
10   H               -0.8116              -0.9392               1.2170
11   H                0.5533               0.9274               0.3478
12   H               -2.6193              -2.0134               0.2580
13   H               -1.9580              -2.0070              -1.2863
14   H               -0.5981               2.7443               0.9242
15   H               -1.1717               1.1935               1.7437
16   H                2.7210               0.2650               1.5780
17   H                1.7053               0.8694              -1.9625
18   H                2.4339              -1.4050               1.0344
19   H                1.2535              -0.5725               2.0839
20   H                2.9163               1.2249              -0.7397
21   H                2.7700              -0.4098              -1.3735
Maximum Force:             0.009397     0.010000                Yes
RMS Force:                 0.005559     0.006000                Yes
Maximum Displacement:      0.017775     0.040000                Yes
RMS Displacement:          0.009554     0.025000                Yes

----------------------------------------------------------------------
            Scanning combination 10/66: ['1.72', '77.02']             
                             Coordinates                              
----------------------------------------------------------------------
Running the L-BFGS ...
0    C               -0.8375              -1.1911               0.1437
1    C                1.1924               0.0518               0.0178
2    C               -0.8717               1.7749               0.8239
3    C                1.9283              -0.4744               1.2457
4    C                2.1740               0.4642              -1.0674
5    N                0.2636              -0.9810              -0.5760
6    N               -2.0114              -1.5835              -0.4073
7    O               -1.6619               1.5439              -0.2695
8    H               -1.9476               0.6168              -0.2511
9    H                0.0193              -0.6814              -1.5346
10   H               -0.8196              -0.9406               1.2068
11   H                0.5463               0.9249               0.3510
12   H               -2.5417              -2.1759               0.2388
13   H               -1.9493              -2.0244              -1.3376
14   H               -0.5691               2.8176               0.8880
15   H               -1.1491               1.3252               1.7776
16   H                2.6744               0.2680               1.5515
17   H                1.6590               0.8740              -1.9450
18   H                2.4442              -1.4184               1.0420
19   H                1.2369              -0.6336               2.0779
20   H                2.8591               1.2258              -0.6792
21   H                2.7564              -0.4106              -1.3828
Maximum Force:             0.007045     0.010000                Yes
RMS Force:                 0.004664     0.006000                Yes
Maximum Displacement:      0.010106     0.040000                Yes
RMS Displacement:          0.007249     0.025000                Yes

----------------------------------------------------------------------
            Scanning combination 11/66: ['1.72', '82.02']             
                             Coordinates                              
----------------------------------------------------------------------
Running the L-BFGS ...
0    C               -0.8527              -1.2060               0.1258
1    C                1.1764               0.0474               0.0265
2    C               -0.8637               1.8145               0.8317
3    C                1.9207              -0.4761               1.2508
4    C                2.1553               0.4828              -1.0556
5    N                0.2576              -1.0015              -0.5818
6    N               -2.0312              -1.6145              -0.4052
7    O               -1.6514               1.5309              -0.2577
8    H               -1.9244               0.5977              -0.2239
9    H                0.0132              -0.7064              -1.5444
10   H               -0.8572              -0.9330               1.1791
11   H                0.4949               0.8673               0.3694
12   H               -2.5146              -2.2766               0.2138
13   H               -1.9307              -2.0354              -1.3381
14   H               -0.5203               2.8466               0.8406
15   H               -1.1040               1.3673               1.8004
16   H                2.6624               0.2528               1.6046
17   H                1.6612               0.8929              -1.9421
18   H                2.4365              -1.4077               1.0002
19   H                1.2222              -0.6452               2.0741
20   H                2.8683               1.2359              -0.7077
21   H                2.7413              -0.3857              -1.3681
Maximum Force:             0.008068     0.010000                Yes
RMS Force:                 0.005410     0.006000                Yes
Maximum Displacement:      0.014249     0.040000                Yes
RMS Displacement:          0.007980     0.025000                Yes

----------------------------------------------------------------------
            Scanning combination 12/66: ['1.72', '87.02']             
                             Coordinates                              
----------------------------------------------------------------------
Running the L-BFGS ...
0    C               -0.8675              -1.2086               0.1171
1    C                1.1511               0.0343               0.0333
2    C               -0.8220               1.8921               0.8312
3    C                1.8968              -0.5181               1.2430
4    C                2.1218               0.4739              -1.0443
5    N                0.2476              -1.0028              -0.5790
6    N               -1.9969              -1.7211              -0.4261
7    O               -1.6794               1.5485              -0.1917
8    H               -1.8613               0.5940              -0.1381
9    H                0.0460              -0.7495              -1.5602
10   H               -0.8949              -0.9094               1.1667
11   H                0.4916               0.8880               0.3587
12   H               -2.4175              -2.4353               0.1687
13   H               -1.9229              -2.0640              -1.3944
14   H               -0.4786               2.9264               0.7523
15   H               -1.0681               1.5613               1.8484
16   H                2.6042               0.2452               1.5874
17   H                1.6115               0.8973              -1.9127
18   H                2.4511              -1.4400               1.0113
19   H                1.1900              -0.7481               2.0437
20   H                2.7903               1.2369              -0.6472
21   H                2.7273              -0.3705              -1.3945
Maximum Force:             0.008363     0.010000                Yes
RMS Force:                 0.005824     0.006000                Yes
Maximum Displacement:      0.016082     0.040000                Yes
RMS Displacement:          0.010185     0.025000                Yes

----------------------------------------------------------------------
            Scanning combination 13/66: ['1.62', '62.02']             
                             Coordinates                              
----------------------------------------------------------------------
Running the L-BFGS ...
0    C               -0.9884              -0.8812               0.1835
1    C                1.2555              -0.0534               0.0681
2    C               -0.4861               1.8345               0.7840
3    C                1.9034              -0.8047               1.2293
4    C                2.2602               0.2397              -1.0325
5    N                0.1234              -0.8489              -0.5456
6    N               -2.2490              -0.7799              -0.3171
7    O               -1.0519               1.8366              -0.4515
8    H               -1.7109               1.1269              -0.4568
9    H               -0.0734              -0.4775              -1.4845
10   H               -0.8716              -0.8290               1.2673
11   H                0.8200               0.9348               0.4560
12   H               -2.9845              -0.9660               0.3726
13   H               -2.4365              -1.2344              -1.2149
14   H                0.0789               2.7373               1.0013
15   H               -0.9890               1.3813               1.6364
16   H                2.5188              -0.1242               1.8310
17   H                1.8610               0.9475              -1.7696
18   H                2.5447              -1.6101               0.8576
19   H                1.1516              -1.2466               1.8904
20   H                3.1706               0.6751              -0.6066
21   H                2.5221              -0.6967              -1.5408
Maximum Force:             0.007252     0.010000                Yes
RMS Force:                 0.004651     0.006000                Yes
Maximum Displacement:      0.028402     0.040000                Yes
RMS Displacement:          0.013968     0.025000                Yes

----------------------------------------------------------------------
            Scanning combination 14/66: ['1.62', '67.02']             
                             Coordinates                              
----------------------------------------------------------------------
Running the L-BFGS ...
0    C               -0.9961              -0.8884               0.1839
1    C                1.2453              -0.0814               0.0657
2    C               -0.4758               1.8684               0.7911
3    C                1.9038              -0.8145               1.2230
4    C                2.2573               0.2449              -1.0242
5    N                0.1140              -0.8771              -0.5540
6    N               -2.2525              -0.8035              -0.3229
7    O               -1.0457               1.8515              -0.4476
8    H               -1.6902               1.1254              -0.4710
9    H               -0.0920              -0.4582              -1.4747
10   H               -0.8920              -0.8216               1.2690
11   H                0.7559               0.8643               0.4789
12   H               -2.9740              -1.0382               0.3627
13   H               -2.4276              -1.2586              -1.2261
14   H                0.0898               2.7684               1.0141
15   H               -0.9719               1.3804               1.6273
16   H                2.5219              -0.1197               1.8048
17   H                1.8541               0.9400              -1.7692
18   H                2.5370              -1.6292               0.8590
19   H                1.1474              -1.2282               1.8923
20   H                3.1740               0.6857              -0.6129
21   H                2.5347              -0.6823              -1.5373
Maximum Force:             0.008193     0.010000                Yes
RMS Force:                 0.004470     0.006000                Yes
Maximum Displacement:      0.007583     0.040000                Yes
RMS Displacement:          0.005156     0.025000                Yes

----------------------------------------------------------------------
            Scanning combination 15/66: ['1.62', '72.02']             
                             Coordinates                              
----------------------------------------------------------------------
Running the L-BFGS ...
0    C               -1.0069              -0.9166               0.1697
1    C                1.2226              -0.1024               0.0647
2    C               -0.4334               1.9134               0.7927
3    C                1.8880              -0.8368               1.2225
4    C                2.2259               0.2440              -1.0219
5    N                0.1021              -0.8981              -0.5667
6    N               -2.2636              -0.8569              -0.3328
7    O               -1.0230               1.9056              -0.4375
8    H               -1.6281               1.1503              -0.4469
9    H               -0.1182              -0.4659              -1.4768
10   H               -0.9015              -0.8142               1.2473
11   H                0.7391               0.8436               0.4705
12   H               -2.9571              -1.1938               0.3350
13   H               -2.4009              -1.2985              -1.2495
14   H                0.1013               2.8288               1.0104
15   H               -0.9431               1.4559               1.6390
16   H                2.5347              -0.1362               1.7632
17   H                1.8176               0.9482              -1.7595
18   H                2.5087              -1.6647               0.8673
19   H                1.1508              -1.2346               1.9259
20   H                3.1114               0.7095              -0.5783
21   H                2.5345              -0.6769              -1.5289
Maximum Force:             0.005909     0.010000                Yes
RMS Force:                 0.004056     0.006000                Yes
Maximum Displacement:      0.009395     0.040000                Yes
RMS Displacement:          0.005982     0.025000                Yes

----------------------------------------------------------------------
            Scanning combination 16/66: ['1.62', '77.02']             
                             Coordinates                              
----------------------------------------------------------------------
Running the L-BFGS ...
0    C               -1.0559              -0.8793               0.1914
1    C                1.2164              -0.0715               0.0933
2    C               -0.3722               1.9779               0.8065
3    C                1.8605              -0.8751               1.2078
4    C                2.1948               0.2865              -1.0059
5    N                0.0703              -0.8320              -0.5154
6    N               -2.2846              -0.9948              -0.3736
7    O               -1.0094               1.8830              -0.3985
8    H               -1.6178               1.1301              -0.3767
9    H               -0.0926              -0.5160              -1.4813
10   H               -1.0009              -0.6988               1.2675
11   H                0.7702               0.8646               0.5268
12   H               -2.9685              -1.4562               0.2277
13   H               -2.3213              -1.4046              -1.3178
14   H                0.2571               2.8508               0.8930
15   H               -0.8380               1.5939               1.7126
16   H                2.5983              -0.2586               1.7293
17   H                1.7399               0.9461              -1.7528
18   H                2.3553              -1.7700               0.8175
19   H                1.1010              -1.1836               1.9295
20   H                3.0563               0.8219              -0.5985
21   H                2.5432              -0.6282              -1.4933
Maximum Force:             0.006614     0.010000                Yes
RMS Force:                 0.003880     0.006000                Yes
Maximum Displacement:      0.005129     0.040000                Yes
RMS Displacement:          0.003728     0.025000                Yes

----------------------------------------------------------------------
            Scanning combination 17/66: ['1.62', '82.02']             
                             Coordinates                              
----------------------------------------------------------------------
Running the L-BFGS ...
0    C               -1.0566              -0.8790               0.1860
1    C                1.1992              -0.0936               0.0889
2    C               -0.3662               2.0009               0.8119
3    C                1.8588              -0.8771               1.2064
4    C                2.1861               0.2907              -0.9993
5    N                0.0681              -0.8688              -0.5302
6    N               -2.2871              -1.0000              -0.3720
7    O               -1.0088               1.8944              -0.3940
8    H               -1.6108               1.1333              -0.3746
9    H               -0.0941              -0.5187              -1.4861
10   H               -1.0008              -0.6998               1.2662
11   H                0.6910               0.8062               0.5330
12   H               -2.9381              -1.5198               0.2204
13   H               -2.3208              -1.4017              -1.3235
14   H                0.2742               2.8691               0.8895
15   H               -0.8372               1.6045               1.7109
16   H                2.5960              -0.2567               1.7274
17   H                1.7412               0.9500              -1.7515
18   H                2.3570              -1.7700               0.8187
19   H                1.1002              -1.1849               1.9274
20   H                3.0530               0.8248              -0.5987
21   H                2.5382              -0.6249              -1.4867
Maximum Force:             0.009274     0.010000                Yes
RMS Force:                 0.005533     0.006000                Yes
Maximum Displacement:      0.010588     0.040000                Yes
RMS Displacement:          0.004158     0.025000                Yes

----------------------------------------------------------------------
            Scanning combination 18/66: ['1.62', '87.02']             
                             Coordinates                              
----------------------------------------------------------------------
Running the L-BFGS ...
0    C               -1.0675              -0.8951               0.1307
1    C                1.1749              -0.1128               0.0969
2    C               -0.3200               2.0593               0.8119
3    C                1.8388              -0.9121               1.2109
4    C                2.1695               0.2912              -0.9809
5    N                0.0744              -0.9120              -0.5642
6    N               -2.2893              -1.0660              -0.4309
7    O               -1.0675               1.8902              -0.3289
8    H               -1.6389               1.1160              -0.2141
9    H               -0.0725              -0.5280              -1.5103
10   H               -0.9993              -0.6392               1.1910
11   H                0.6545               0.7967               0.5309
12   H               -2.9121              -1.5938               0.1905
13   H               -2.2778              -1.4950              -1.3677
14   H                0.2692               2.9680               0.7754
15   H               -0.7531               1.7778               1.7777
16   H                2.6185              -0.3099               1.6902
17   H                1.6884               0.9479              -1.7170
18   H                2.3100              -1.8163               0.8114
19   H                1.1157              -1.2150               1.9756
20   H                3.0105               0.8428              -0.5464
21   H                2.5536              -0.6111              -1.4784
Maximum Force:             0.007543     0.010000                Yes
RMS Force:                 0.005187     0.006000                Yes
Maximum Displacement:      0.023665     0.040000                Yes
RMS Displacement:          0.013835     0.025000                Yes

----------------------------------------------------------------------
            Scanning combination 19/66: ['1.52', '62.02']             
                             Coordinates                              
----------------------------------------------------------------------
Running the L-BFGS ...
0    C               -0.6377              -1.2231              -0.0419
1    C                1.1292               0.3906              -0.0380
2    C               -0.8756               1.5739               0.9532
3    C                1.6648              -0.2425               1.2386
4    C                2.2096               0.8580              -0.9761
5    N                0.2803              -0.6044              -0.7681
6    N               -1.8657              -1.5688              -0.5306
7    O               -1.7991               1.2669               0.0158
8    H               -2.0269               0.3260               0.0839
9    H               -0.1102              -0.1868              -1.6243
10   H               -0.4283              -1.3840               1.0076
11   H                0.4579               1.2866               0.2837
12   H               -2.5374              -1.7907               0.2111
13   H               -1.8534              -2.3119              -1.2290
14   H               -0.6343               2.6284               0.9997
15   H               -0.8035               1.0315               1.8892
16   H                2.5541               0.2911               1.5730
17   H                1.7633               1.3671              -1.8376
18   H                1.9029              -1.3017               1.1084
19   H                0.9181              -0.1587               2.0282
20   H                2.8324               1.5854              -0.4520
21   H                2.8054               0.0041              -1.3148
Maximum Force:             0.009019     0.010000                Yes
RMS Force:                 0.005856     0.006000                Yes
Maximum Displacement:      0.038320     0.040000                Yes
RMS Displacement:          0.021246     0.025000                Yes

----------------------------------------------------------------------
            Scanning combination 20/66: ['1.52', '67.02']             
                             Coordinates                              
----------------------------------------------------------------------
Running the L-BFGS ...
0    C               -0.6367              -1.2434              -0.0182
1    C                1.1384               0.3648              -0.0382
2    C               -0.9022               1.6011               0.9591
3    C                1.6935              -0.2440               1.2378
4    C                2.2139               0.8661              -0.9804
5    N                0.2963              -0.6500              -0.7660
6    N               -1.8648              -1.5969              -0.5020
7    O               -1.7678               1.3114              -0.0501
8    H               -2.0361               0.3764               0.0042
9    H               -0.1614              -0.1603              -1.5464
10   H               -0.4521              -1.3511               1.0427
11   H                0.3989               1.1917               0.2893
12   H               -2.5380              -1.8720               0.2155
13   H               -1.8826              -2.2993              -1.2471
14   H               -0.6328               2.6398               1.0608
15   H               -0.8681               0.9658               1.8399
16   H                2.5731               0.2956               1.5957
17   H                1.7768               1.3583              -1.8561
18   H                1.9457              -1.2919               1.0700
19   H                0.9411              -0.1772               2.0251
20   H                2.8594               1.5984              -0.4838
21   H                2.8358               0.0278              -1.3183
Maximum Force:             0.009574     0.010000                Yes
RMS Force:                 0.005173     0.006000                Yes
Maximum Displacement:      0.010414     0.040000                Yes
RMS Displacement:          0.007810     0.025000                Yes

----------------------------------------------------------------------
            Scanning combination 21/66: ['1.52', '72.02']             
                             Coordinates                              
----------------------------------------------------------------------
Running the L-BFGS ...
0    C               -0.6747              -1.2487               0.0216
1    C                1.1215               0.3208              -0.0222
2    C               -0.8836               1.6491               0.9418
3    C                1.7188              -0.2841               1.2339
4    C                2.1696               0.8416              -0.9780
5    N                0.2408              -0.6607              -0.7405
6    N               -1.9025              -1.6038              -0.4516
7    O               -1.6442               1.3876              -0.1614
8    H               -1.9901               0.4845              -0.1098
9    H               -0.1848              -0.1722              -1.5468
10   H               -0.4914              -1.3235               1.0919
11   H                0.4296               1.1690               0.3469
12   H               -2.4017              -2.1678               0.2402
13   H               -1.8498              -2.1574              -1.3136
14   H               -0.7051               2.6970               1.1368
15   H               -0.9247               0.9834               1.7987
16   H                2.5761               0.3098               1.5644
17   H                1.7023               1.3092              -1.8517
18   H                2.0185              -1.3162               1.0488
19   H                0.9843              -0.2530               2.0420
20   H                2.7803               1.6034              -0.4789
21   H                2.8198               0.0259              -1.3175
Maximum Force:             0.009688     0.010000                Yes
RMS Force:                 0.004999     0.006000                Yes
Maximum Displacement:      0.018585     0.040000                Yes
RMS Displacement:          0.008971     0.025000                Yes

----------------------------------------------------------------------
            Scanning combination 22/66: ['1.52', '77.02']             
                             Coordinates                              
----------------------------------------------------------------------
Running the L-BFGS ...
0    C               -0.6638              -1.2652               0.0290
1    C                1.1187               0.3040              -0.0176
2    C               -0.8932               1.6819               0.9341
3    C                1.7311              -0.2928               1.2391
4    C                2.1557               0.8482              -0.9771
5    N                0.2651              -0.7011              -0.7402
6    N               -1.8686              -1.6483              -0.4581
7    O               -1.6745               1.4112              -0.1590
8    H               -1.9868               0.4975              -0.0962
9    H               -0.2041              -0.1749              -1.4954
10   H               -0.4949              -1.3134               1.1032
11   H                0.3688               1.1017               0.3179
12   H               -2.3616              -2.2153               0.2281
13   H               -1.8587              -2.1208              -1.3724
14   H               -0.6851               2.7228               1.1270
15   H               -0.9567               1.0191               1.7945
16   H                2.6010               0.2874               1.5721
17   H                1.6888               1.3067              -1.8582
18   H                2.0340              -1.3257               1.0595
19   H                0.9843              -0.2844               2.0371
20   H                2.7827               1.6064              -0.4889
21   H                2.8057               0.0327              -1.3133
Maximum Force:             0.008680     0.010000                Yes
RMS Force:                 0.004849     0.006000                Yes
Maximum Displacement:      0.010436     0.040000                Yes
RMS Displacement:          0.007688     0.025000                Yes

----------------------------------------------------------------------
            Scanning combination 23/66: ['1.52', '82.02']             
                             Coordinates                              
----------------------------------------------------------------------
Running the L-BFGS ...
0    C               -0.6874              -1.2896               0.0735
1    C                1.1173               0.3059               0.0273
2    C               -0.8785               1.7521               0.8947
3    C                1.7457              -0.3456               1.2425
4    C                2.1186               0.8417              -0.9707
5    N                0.2209              -0.6705              -0.6743
6    N               -1.8781              -1.7200              -0.4150
7    O               -1.6378               1.3776              -0.1799
8    H               -1.9825               0.4832              -0.0307
9    H               -0.2207              -0.1833              -1.4688
10   H               -0.5540              -1.3505               1.1519
11   H                0.4160               1.1389               0.3875
12   H               -2.2017              -2.5569               0.0618
13   H               -1.8784              -1.8944              -1.4271
14   H               -0.6148               2.7919               0.9238
15   H               -0.9810               1.2407               1.8453
16   H                2.6062               0.2327               1.5899
17   H                1.6036               1.2928              -1.8286
18   H                2.0570              -1.3640               0.9978
19   H                1.0145              -0.3886               2.0540
20   H                2.7265               1.6225              -0.5023
21   H                2.7678               0.0334              -1.3230
Maximum Force:             0.009975     0.010000                Yes
RMS Force:                 0.005784     0.006000                Yes
Maximum Displacement:      0.007275     0.040000                Yes
RMS Displacement:          0.005420     0.025000                Yes

----------------------------------------------------------------------
            Scanning combination 24/66: ['1.52', '87.02']             
                             Coordinates                              
----------------------------------------------------------------------
Running the L-BFGS ...
0    C               -0.7064              -1.2782               0.0779
1    C                1.1043               0.2847               0.0312
2    C               -0.8761               1.7823               0.9008
3    C                1.7460              -0.3530               1.2446
4    C                2.1008               0.8350              -0.9662
5    N                0.2222              -0.6990              -0.6738
6    N               -1.8637              -1.7662              -0.4245
7    O               -1.6530               1.4024              -0.1636
8    H               -1.9737               0.4992              -0.0232
9    H               -0.1973              -0.2339              -1.4921
10   H               -0.5624              -1.3038               1.1580
11   H                0.3786               1.0832               0.4047
12   H               -2.1340              -2.6500               0.0284
13   H               -1.8965              -1.8530              -1.4518
14   H               -0.5989               2.8204               0.9269
15   H               -0.9735               1.2667               1.8506
16   H                2.6045               0.2304               1.5919
17   H                1.5851               1.2729              -1.8292
18   H                2.0493              -1.3692               0.9888
19   H                1.0159              -0.3906               2.0555
20   H                2.7099               1.6139              -0.4977
21   H                2.7722               0.0490              -1.3301
Maximum Force:             0.008620     0.010000                Yes
RMS Force:                 0.004878     0.006000                Yes
Maximum Displacement:      0.008048     0.040000                Yes
RMS Displacement:          0.005444     0.025000                Yes

----------------------------------------------------------------------
            Scanning combination 25/66: ['1.42', '62.02']             
                             Coordinates                              
----------------------------------------------------------------------
Running the L-BFGS ...
0    C               -0.6529              -1.2421               0.0709
1    C                1.2323               0.3109               0.0170
2    C               -0.9092               1.6358               0.8333
3    C                1.7785              -0.3212               1.2608
4    C                2.1944               0.8674              -0.9910
5    N                0.2603              -0.5932              -0.6508
6    N               -1.8648              -1.5872              -0.4578
7    O               -1.7357               1.2643              -0.1912
8    H               -2.0005               0.3513              -0.0237
9    H               -0.2149              -0.0291              -1.3656
10   H               -0.4646              -1.4298               1.1195
11   H                0.4242               1.3536               0.4365
12   H               -2.5658              -1.9390               0.2042
13   H               -1.8431              -2.1279              -1.3273
14   H               -0.8572               2.7131               0.9451
15   H               -1.0090               1.1121               1.7768
16   H                2.6576               0.1875               1.6662
17   H                1.6615               1.3518              -1.8197
18   H                2.0314              -1.3541               1.0181
19   H                1.0119              -0.3399               2.0398
20   H                2.8760               1.6149              -0.5655
21   H                2.7915               0.0547              -1.4136
Maximum Force:             0.006898     0.010000                Yes
RMS Force:                 0.004937     0.006000                Yes
Maximum Displacement:      0.037692     0.040000                Yes
RMS Displacement:          0.020659     0.025000                Yes

----------------------------------------------------------------------
            Scanning combination 26/66: ['1.42', '67.02']             
                             Coordinates                              
----------------------------------------------------------------------
Running the L-BFGS ...
0    C               -0.6542              -1.2284               0.0424
1    C                1.2158               0.2591              -0.0070
2    C               -0.9155               1.6267               0.8529
3    C                1.7901              -0.3327               1.2508
4    C                2.1904               0.8402              -0.9842
5    N                0.2443              -0.6062              -0.7081
6    N               -1.8753              -1.5696              -0.4559
7    O               -1.7321               1.3309              -0.2113
8    H               -2.0407               0.4167              -0.1328
9    H               -0.2692              -0.0171              -1.3829
10   H               -0.4285              -1.3689               1.0971
11   H                0.3838               1.2364               0.4353
12   H               -2.4842              -1.9831               0.2468
13   H               -1.8490              -2.1444              -1.3054
14   H               -0.8496               2.6919               1.0152
15   H               -1.0224               1.0407               1.7638
16   H                2.6521               0.2443               1.5932
17   H                1.6594               1.3433              -1.8004
18   H                2.0913              -1.3723               1.1065
19   H                1.0352              -0.2930               2.0357
20   H                2.8397               1.5688              -0.4894
21   H                2.8153               0.0495              -1.4137
Maximum Force:             0.008838     0.010000                Yes
RMS Force:                 0.004725     0.006000                Yes
Maximum Displacement:      0.010997     0.040000                Yes
RMS Displacement:          0.006914     0.025000                Yes

----------------------------------------------------------------------
            Scanning combination 27/66: ['1.42', '72.02']             
                             Coordinates                              
----------------------------------------------------------------------
Running the L-BFGS ...
0    C               -0.6460              -1.2542               0.0327
1    C                1.1799               0.2483              -0.0059
2    C               -0.9120               1.6474               0.8587
3    C                1.7764              -0.3362               1.2489
4    C                2.1638               0.8422              -0.9689
5    N                0.2479              -0.6437              -0.7397
6    N               -1.8689              -1.5808              -0.4571
7    O               -1.7091               1.3381              -0.2089
8    H               -2.0279               0.4293              -0.1108
9    H               -0.2607              -0.0065              -1.3817
10   H               -0.4399              -1.3705               1.0922
11   H                0.3460               1.1609               0.4162
12   H               -2.4441              -2.0561               0.2401
13   H               -1.8335              -2.1372              -1.3175
14   H               -0.7989               2.7111               1.0001
15   H               -1.0183               1.0673               1.7693
16   H                2.6432               0.2508               1.5806
17   H                1.6521               1.3475              -1.7942
18   H                2.0925              -1.3751               1.1038
19   H                1.0260              -0.2901               2.0411
20   H                2.8211               1.5694              -0.4816
21   H                2.7926               0.0553              -1.3967
Maximum Force:             0.009972     0.010000                Yes
RMS Force:                 0.005686     0.006000                Yes
Maximum Displacement:      0.024257     0.040000                Yes
RMS Displacement:          0.011293     0.025000                Yes

----------------------------------------------------------------------
            Scanning combination 28/66: ['1.42', '77.02']             
                             Coordinates                              
----------------------------------------------------------------------
Running the L-BFGS ...
0    C               -0.6839              -1.2624               0.0519
1    C                1.1201               0.2881               0.0066
2    C               -0.8532               1.6701               0.8609
3    C                1.7322              -0.3110               1.2439
4    C                2.1249               0.8657              -0.9523
5    N                0.2202              -0.6492              -0.7120
6    N               -1.8921              -1.6574              -0.4339
7    O               -1.6071               1.3641              -0.2381
8    H               -1.9725               0.4750              -0.1078
9    H               -0.2635              -0.0755              -1.4173
10   H               -0.4779              -1.4011               1.1092
11   H                0.3738               1.1258               0.3993
12   H               -2.3388              -2.2902               0.2309
13   H               -1.8703              -2.1053              -1.3584
14   H               -0.5957               2.7049               0.9897
15   H               -1.0285               1.0883               1.7518
16   H                2.6007               0.2757               1.5665
17   H                1.6345               1.3786              -1.7859
18   H                2.0184              -1.3447               1.0466
19   H                0.9996              -0.2984               2.0540
20   H                2.7661               1.5963              -0.4476
21   H                2.7544               0.0685              -1.3623
Maximum Force:             0.009592     0.010000                Yes
RMS Force:                 0.005008     0.006000                Yes
Maximum Displacement:      0.027054     0.040000                Yes
RMS Displacement:          0.011461     0.025000                Yes

----------------------------------------------------------------------
            Scanning combination 29/66: ['1.42', '82.02']             
                             Coordinates                              
----------------------------------------------------------------------
Running the L-BFGS ...
0    C               -0.6587              -1.2941               0.0448
1    C                1.1104               0.2569               0.0054
2    C               -0.8497               1.7020               0.8541
3    C                1.7263              -0.3410               1.2426
4    C                2.1017               0.8624              -0.9441
5    N                0.2301              -0.6854              -0.7366
6    N               -1.8683              -1.6849              -0.4145
7    O               -1.6397               1.4031              -0.2231
8    H               -1.9918               0.5050              -0.1380
9    H               -0.2817              -0.0954              -1.4163
10   H               -0.4506              -1.3793               1.1082
11   H                0.3367               1.0628               0.4082
12   H               -2.3027              -2.3627               0.2081
13   H               -1.8512              -2.0441              -1.3760
14   H               -0.5972               2.7391               0.9563
15   H               -0.9596               1.1310               1.7651
16   H                2.5848               0.2544               1.5663
17   H                1.5916               1.3684              -1.7707
18   H                2.0465              -1.3729               1.0767
19   H                0.9830              -0.3027               2.0409
20   H                2.7269               1.5946              -0.4252
21   H                2.7517               0.0833              -1.3573
Maximum Force:             0.006828     0.010000                Yes
RMS Force:                 0.003747     0.006000                Yes
Maximum Displacement:      0.009577     0.040000                Yes
RMS Displacement:          0.006405     0.025000                Yes

----------------------------------------------------------------------
            Scanning combination 30/66: ['1.42', '87.02']             
                             Coordinates                              
----------------------------------------------------------------------
Running the L-BFGS ...
0    C               -0.6975              -1.3018               0.0338
1    C                1.0881               0.2574               0.0213
2    C               -0.8243               1.7515               0.8664
3    C                1.7180              -0.3455               1.2456
4    C                2.0678               0.8772              -0.9273
5    N                0.2128              -0.6942              -0.7166
6    N               -1.8826              -1.7577              -0.4275
7    O               -1.5768               1.4475              -0.2419
8    H               -1.9389               0.5557              -0.1402
9    H               -0.2336              -0.1751              -1.4883
10   H               -0.5204              -1.3782               1.1026
11   H                0.3212               1.0420               0.4196
12   H               -2.2337              -2.4897               0.1973
13   H               -1.8679              -2.1133              -1.3940
14   H               -0.5186               2.7728               0.9606
15   H               -0.9787               1.1905               1.7824
16   H                2.5755               0.2569               1.5524
17   H                1.5433               1.4013              -1.7333
18   H                2.0439              -1.3639               1.0422
19   H                0.9941              -0.3369               2.0614
20   H                2.6902               1.5999              -0.3930
21   H                2.7162               0.1110              -1.3619
Maximum Force:             0.008593     0.010000                Yes
RMS Force:                 0.005210     0.006000                Yes
Maximum Displacement:      0.011217     0.040000                Yes
RMS Displacement:          0.007035     0.025000                Yes

----------------------------------------------------------------------
            Scanning combination 31/66: ['1.32', '62.02']             
                             Coordinates                              
----------------------------------------------------------------------
Running the L-BFGS ...
0    C               -0.6469              -1.2168               0.0753
1    C                1.2675               0.2439              -0.0014
2    C               -0.9019               1.5943               0.8114
3    C                1.7958              -0.3394               1.2691
4    C                2.1955               0.8667              -0.9810
5    N                0.2528              -0.5800              -0.6644
6    N               -1.8669              -1.5509              -0.4446
7    O               -1.7643               1.3267              -0.2306
8    H               -2.0314               0.4089              -0.1179
9    H               -0.2236              -0.0129              -1.3840
10   H               -0.4543              -1.3786               1.1371
11   H                0.3430               1.3547               0.4453
12   H               -2.5219              -1.9358               0.2422
13   H               -1.8681              -2.1227              -1.2988
14   H               -0.9207               2.6590               1.0148
15   H               -1.0797               1.0134               1.7124
16   H                2.7017               0.1649               1.6115
17   H                1.6539               1.3862              -1.7771
18   H                2.0227              -1.3919               1.0950
19   H                1.0443              -0.2814               2.0625
20   H                2.8625               1.6037              -0.5282
21   H                2.7985               0.0814              -1.4390
Maximum Force:             0.008584     0.010000                Yes
RMS Force:                 0.005418     0.006000                Yes
Maximum Displacement:      0.022155     0.040000                Yes
RMS Displacement:          0.013561     0.025000                Yes

----------------------------------------------------------------------
            Scanning combination 32/66: ['1.32', '67.02']             
                             Coordinates                              
----------------------------------------------------------------------
Running the L-BFGS ...
0    C               -0.6536              -1.2189               0.0665
1    C                1.2690               0.2248              -0.0173
2    C               -0.9149               1.6046               0.8210
3    C                1.8013              -0.3395               1.2609
4    C                2.2005               0.8650              -0.9908
5    N                0.2505              -0.5948              -0.6851
6    N               -1.8787              -1.5548              -0.4376
7    O               -1.7543               1.3302              -0.2437
8    H               -2.0413               0.4108              -0.1639
9    H               -0.2406              -0.0004              -1.3694
10   H               -0.4532              -1.3546               1.1234
11   H                0.3073               1.2467               0.4758
12   H               -2.4999              -1.9719               0.2542
13   H               -1.8595              -2.1211              -1.2913
14   H               -0.9132               2.6620               1.0473
15   H               -1.0789               1.0034               1.7100
16   H                2.6973               0.1851               1.6047
17   H                1.6529               1.3801              -1.7880
18   H                2.0315              -1.3967               1.1180
19   H                1.0419              -0.2539               2.0424
20   H                2.8683               1.5797              -0.5010
21   H                2.8197               0.0959              -1.4553
Maximum Force:             0.008537     0.010000                Yes
RMS Force:                 0.005501     0.006000                Yes
Maximum Displacement:      0.014820     0.040000                Yes
RMS Displacement:          0.008480     0.025000                Yes

----------------------------------------------------------------------
            Scanning combination 33/66: ['1.32', '72.02']             
                             Coordinates                              
----------------------------------------------------------------------
Running the L-BFGS ...
0    C               -0.6441              -1.2363               0.0555
1    C                1.2612               0.1970              -0.0134
2    C               -0.9261               1.6503               0.8300
3    C                1.8015              -0.3649               1.2601
4    C                2.1841               0.8614              -0.9803
5    N                0.2631              -0.6301              -0.6925
6    N               -1.8576              -1.5682              -0.4567
7    O               -1.7933               1.3458              -0.2108
8    H               -2.0289               0.4157              -0.0990
9    H               -0.2065              -0.0345              -1.3918
10   H               -0.4542              -1.3663               1.1192
11   H                0.2647               1.2042               0.4778
12   H               -2.4615              -2.0175               0.2292
13   H               -1.8406              -2.1275              -1.3175
14   H               -0.8936               2.7246               0.9804
15   H               -1.1032               1.0851               1.7518
16   H                2.6928               0.1671               1.6095
17   H                1.6365               1.3791              -1.7793
18   H                2.0501              -1.4161               1.0939
19   H                1.0394              -0.2907               2.0408
20   H                2.8406               1.6005              -0.5045
21   H                2.8110               0.0936              -1.4457
Maximum Force:             0.009847     0.010000                Yes
RMS Force:                 0.005408     0.006000                Yes
Maximum Displacement:      0.031441     0.040000                Yes
RMS Displacement:          0.015296     0.025000                Yes

----------------------------------------------------------------------
            Scanning combination 34/66: ['1.32', '77.02']             
                             Coordinates                              
----------------------------------------------------------------------
Running the L-BFGS ...
0    C               -0.6771              -1.2392               0.0542
1    C                1.2385               0.1724              -0.0373
2    C               -0.9054               1.6504               0.8488
3    C                1.7822              -0.3690               1.2500
4    C                2.1805               0.8460              -0.9844
5    N                0.2063              -0.6129              -0.7187
6    N               -1.8887              -1.6268              -0.4315
7    O               -1.7702               1.4051              -0.2118
8    H               -2.0333               0.4759              -0.1668
9    H               -0.2826               0.0046              -1.3927
10   H               -0.4783              -1.3665               1.1187
11   H                0.2712               1.1595               0.5089
12   H               -2.3250              -2.2681               0.2273
13   H               -1.8287              -2.1020              -1.3408
14   H               -0.7587               2.7137               0.9788
15   H               -1.1575               1.1418               1.7862
16   H                2.6728               0.1891               1.5612
17   H                1.6527               1.3923              -1.7743
18   H                2.0423              -1.4269               1.1613
19   H                1.0244              -0.2467               2.0277
20   H                2.8216               1.5631              -0.4621
21   H                2.8332               0.1113              -1.4689
Maximum Force:             0.008626     0.010000                Yes
RMS Force:                 0.005421     0.006000                Yes
Maximum Displacement:      0.009418     0.040000                Yes
RMS Displacement:          0.006415     0.025000                Yes

----------------------------------------------------------------------
            Scanning combination 35/66: ['1.32', '82.02']             
                             Coordinates                              
----------------------------------------------------------------------
Running the L-BFGS ...
0    C               -0.6566              -1.2633               0.0428
1    C                1.2329               0.1727              -0.0350
2    C               -0.8966               1.6888               0.8331
3    C                1.7743              -0.3703               1.2432
4    C                2.1637               0.8568              -0.9795
5    N                0.2317              -0.6424              -0.7255
6    N               -1.8552              -1.6758              -0.4269
7    O               -1.7711               1.4109              -0.2154
8    H               -2.0362               0.4829              -0.1296
9    H               -0.2764              -0.0124              -1.3664
10   H               -0.4590              -1.3627               1.1066
11   H                0.2452               1.0969               0.5381
12   H               -2.2923              -2.3226               0.2277
13   H               -1.8351              -2.0660              -1.3791
14   H               -0.7506               2.7503               0.9775
15   H               -1.1613               1.1852               1.7626
16   H                2.6687               0.1770               1.5561
17   H                1.6355               1.3937              -1.7787
18   H                2.0109              -1.4302               1.1424
19   H                1.0174              -0.2553               2.0197
20   H                2.8151               1.5625              -0.4531
21   H                2.7937               0.0932              -1.4452
Maximum Force:             0.009351     0.010000                Yes
RMS Force:                 0.004570     0.006000                Yes
Maximum Displacement:      0.015246     0.040000                Yes
RMS Displacement:          0.011264     0.025000                Yes

----------------------------------------------------------------------
            Scanning combination 36/66: ['1.32', '87.02']             
                             Coordinates                              
----------------------------------------------------------------------
Running the L-BFGS ...
0    C               -0.6133              -1.3656               0.0287
1    C                1.2136               0.1869              -0.0033
2    C               -0.8561               1.8197               0.7573
3    C                1.7195              -0.4099               1.2684
4    C                2.1562               0.8295              -0.9610
5    N                0.1471              -0.5484              -0.6834
6    N               -1.8297              -1.7794              -0.3873
7    O               -1.7961               1.3212              -0.1536
8    H               -1.9889               0.4000               0.0729
9    H               -0.4431               0.1444              -1.1768
10   H               -0.3036              -1.6562               1.0263
11   H                0.2850               1.2456               0.4267
12   H               -2.0692              -2.6732               0.0562
13   H               -1.9223              -1.8608              -1.4108
14   H               -0.7777               2.8921               0.6668
15   H               -1.0162               1.5025               1.7941
16   H                2.6763               0.0197               1.5776
17   H                1.6051               1.4097              -1.7126
18   H                1.8447              -1.4902               1.1630
19   H                0.9913              -0.2306               2.0616
20   H                2.8380               1.5089              -0.4368
21   H                2.7600               0.0797              -1.4870
Maximum Force:             0.009640     0.010000                Yes
RMS Force:                 0.005211     0.006000                Yes
Maximum Displacement:      0.014387     0.040000                Yes
RMS Displacement:          0.008691     0.025000                Yes

----------------------------------------------------------------------
            Scanning combination 37/66: ['1.22', '62.02']             
                             Coordinates                              
----------------------------------------------------------------------
Running the L-BFGS ...
0    C               -0.6296              -1.3303               0.0647
1    C                1.3568               0.0654              -0.0792
2    C               -0.8490               1.7348               0.7521
3    C                1.7537              -0.3700               1.2562
4    C                2.2021               0.8180              -0.9864
5    N                0.2048              -0.5583              -0.6566
6    N               -1.8638              -1.6265              -0.4171
7    O               -1.7599               1.2812              -0.2093
8    H               -1.9255               0.3540              -0.0092
9    H               -0.3805               0.1817              -1.1246
10   H               -0.3411              -1.6804               1.0600
11   H                0.3005               1.6390               0.3560
12   H               -2.4217              -2.2181               0.2107
13   H               -1.8983              -1.9691              -1.3900
14   H               -1.0347               2.7971               0.9222
15   H               -0.9151               1.2107               1.7137
16   H                2.6453               0.1524               1.6412
17   H                1.5934               1.4128              -1.7093
18   H                1.8936              -1.4727               1.2761
19   H                0.9138              -0.2054               1.9633
20   H                2.8540               1.5126              -0.4245
21   H                2.8448               0.1519              -1.5985
Maximum Force:             0.009204     0.010000                Yes
RMS Force:                 0.005354     0.006000                Yes
Maximum Displacement:      0.019742     0.040000                Yes
RMS Displacement:          0.011369     0.025000                Yes

----------------------------------------------------------------------
            Scanning combination 38/66: ['1.22', '67.02']             
                             Coordinates                              
----------------------------------------------------------------------
Running the L-BFGS ...
0    C               -0.6390              -1.3327               0.0550
1    C                1.3578               0.0431              -0.0907
2    C               -0.8679               1.7408               0.7680
3    C                1.7488              -0.3675               1.2528
4    C                2.2085               0.8042              -0.9862
5    N                0.1992              -0.5727              -0.6619
6    N               -1.8787              -1.6149              -0.4165
7    O               -1.7561               1.2913              -0.2217
8    H               -1.9924               0.3789              -0.0088
9    H               -0.3661               0.1792              -1.1290
10   H               -0.3441              -1.6646               1.0520
11   H                0.2737               1.5420               0.3877
12   H               -2.3708              -2.2461               0.2172
13   H               -1.8839              -1.9708              -1.3858
14   H               -1.0301               2.8078               0.9232
15   H               -0.9335               1.1747               1.7074
16   H                2.6505               0.1413               1.6240
17   H                1.6101               1.4153              -1.7009
18   H                1.9131              -1.4617               1.2823
19   H                0.9142              -0.1649               1.9558
20   H                2.8700               1.4974              -0.4330
21   H                2.8619               0.1587              -1.6068
Maximum Force:             0.008635     0.010000                Yes
RMS Force:                 0.005358     0.006000                Yes
Maximum Displacement:      0.014739     0.040000                Yes
RMS Displacement:          0.006522     0.025000                Yes

----------------------------------------------------------------------
            Scanning combination 39/66: ['1.22', '72.02']             
                             Coordinates                              
----------------------------------------------------------------------
Running the L-BFGS ...
0    C               -0.6057              -1.2137               0.1052
1    C                1.4669              -0.0089              -0.1654
2    C               -1.0818               1.6156               0.8589
3    C                1.8406              -0.3522               1.2106
4    C                2.3121               0.7354              -1.0667
5    N                0.2440              -0.5165              -0.6711
6    N               -1.8278              -1.5561              -0.3357
7    O               -1.7287               1.3877              -0.3673
8    H               -2.1016               0.4980              -0.3031
9    H               -0.2902               0.2593              -1.1197
10   H               -0.3457              -1.4145               1.1370
11   H                0.0865               1.3183               0.6744
12   H               -2.2453              -2.2261               0.3067
13   H               -1.8573              -1.9144              -1.2984
14   H               -1.2069               2.6533               1.1727
15   H               -1.4371               0.9277               1.6314
16   H                2.8151               0.0661               1.5169
17   H                1.7248               1.4350              -1.7075
18   H                1.8137              -1.4505               1.3562
19   H                1.0500               0.0270               1.8904
20   H                3.0570               1.3237              -0.4958
21   H                2.8706               0.0819              -1.7719
Maximum Force:             0.007499     0.010000                Yes
RMS Force:                 0.005318     0.006000                Yes
Maximum Displacement:      0.018326     0.040000                Yes
RMS Displacement:          0.011651     0.025000                Yes

----------------------------------------------------------------------
            Scanning combination 40/66: ['1.22', '77.02']             
                             Coordinates                              
----------------------------------------------------------------------
Running the L-BFGS ...
0    C               -0.6275              -1.2012               0.1160
1    C                1.4660               0.0002              -0.1507
2    C               -1.1047               1.6198               0.8546
3    C                1.8519              -0.3678               1.2148
4    C                2.3072               0.7451              -1.0630
5    N                0.2337              -0.5114              -0.6494
6    N               -1.8417              -1.5785              -0.3283
7    O               -1.7694               1.4041              -0.3655
8    H               -2.1198               0.5037              -0.3250
9    H               -0.2800               0.2318              -1.1752
10   H               -0.3728              -1.4230               1.1499
11   H                0.0463               1.2334               0.7394
12   H               -2.2019              -2.3241               0.2742
13   H               -1.8367              -1.8983              -1.3090
14   H               -1.1155               2.6828               1.1084
15   H               -1.4968               0.9976               1.6638
16   H                2.8292               0.0504               1.5040
17   H                1.7189               1.4563              -1.6914
18   H                1.8644              -1.4671               1.3636
19   H                1.0689               0.0059               1.9110
20   H                3.0738               1.3276              -0.5144
21   H                2.8519               0.0923              -1.7861
Maximum Force:             0.008807     0.010000                Yes
RMS Force:                 0.004060     0.006000                Yes
Maximum Displacement:      0.023979     0.040000                Yes
RMS Displacement:          0.013178     0.025000                Yes

----------------------------------------------------------------------
            Scanning combination 41/66: ['1.22', '82.02']             
                             Coordinates                              
----------------------------------------------------------------------
Running the L-BFGS ...
0    C               -0.5963              -1.2309               0.1125
1    C                1.4710              -0.0110              -0.1545
2    C               -1.1129               1.6558               0.8582
3    C                1.8610              -0.3845               1.2031
4    C                2.2884               0.7472              -1.0641
5    N                0.2571              -0.5476              -0.6598
6    N               -1.7948              -1.6270              -0.3362
7    O               -1.7152               1.3867              -0.3875
8    H               -2.0945               0.5049              -0.2839
9    H               -0.2807               0.2078              -1.1394
10   H               -0.3676              -1.3683               1.1666
11   H                0.0096               1.1852               0.7822
12   H               -2.1563              -2.3818               0.2478
13   H               -1.8341              -1.8819              -1.3347
14   H               -1.1053               2.7244               1.0720
15   H               -1.6050               1.1175               1.6789
16   H                2.8321               0.0444               1.4997
17   H                1.6782               1.4751              -1.6567
18   H                1.8531              -1.4894               1.3096
19   H                1.0842              -0.0334               1.9132
20   H                3.0572               1.3003              -0.4890
21   H                2.8038               0.0940              -1.8107
Maximum Force:             0.007995     0.010000                Yes
RMS Force:                 0.005459     0.006000                Yes
Maximum Displacement:      0.030812     0.040000                Yes
RMS Displacement:          0.014768     0.025000                Yes

----------------------------------------------------------------------
            Scanning combination 42/66: ['1.22', '87.02']             
                             Coordinates                              
----------------------------------------------------------------------
Running the L-BFGS ...
0    C               -0.6248              -1.2122               0.1275
1    C                1.4798              -0.0049              -0.1430
2    C               -1.1351               1.6578               0.8573
3    C                1.8784              -0.4146               1.2022
4    C                2.2840               0.7668              -1.0627
5    N                0.2392              -0.5131              -0.6300
6    N               -1.8126              -1.6570              -0.3349
7    O               -1.7367               1.3845              -0.3847
8    H               -2.0915               0.4892              -0.3123
9    H               -0.2748               0.2199              -1.1689
10   H               -0.3895              -1.3979               1.1748
11   H               -0.0490               1.1035               0.8740
12   H               -2.1049              -2.4680               0.2242
13   H               -1.8050              -1.9192              -1.3361
14   H               -0.9990               2.7354               0.9559
15   H               -1.6813               1.2586               1.7263
16   H                2.8487               0.0132               1.4946
17   H                1.6659               1.5169              -1.6184
18   H                1.8734              -1.5192               1.3186
19   H                1.0963              -0.0748               1.9123
20   H                3.0858               1.3011              -0.5192
21   H                2.7693               0.1334              -1.8433
Maximum Force:             0.008226     0.010000                Yes
RMS Force:                 0.005281     0.006000                Yes
Maximum Displacement:      0.027427     0.040000                Yes
RMS Displacement:          0.009876     0.025000                Yes

----------------------------------------------------------------------
            Scanning combination 43/66: ['1.12', '62.02']             
                             Coordinates                              
----------------------------------------------------------------------
Running the L-BFGS ...
0    C               -0.5642              -1.3083               0.1046
1    C                1.6009              -0.1299              -0.1396
2    C               -1.2500               1.9764               0.9354
3    C                1.9450              -0.5276               1.1911
4    C                2.2753               0.7470              -1.0664
5    N                0.3679              -0.6894              -0.6486
6    N               -1.7451              -1.6477              -0.4850
7    O               -1.5450               1.3031              -0.2649
8    H               -1.7905               0.3935              -0.0434
9    H               -0.1020              -0.0350              -1.3303
10   H               -0.4015              -1.4413               1.1774
11   H               -0.1668               1.9379               1.2157
12   H               -2.3661              -2.2098               0.1070
13   H               -1.6592              -2.0907              -1.4160
14   H               -1.4840               3.0375               0.8067
15   H               -1.8618               1.6058               1.7683
16   H                2.9302              -0.1769               1.5441
17   H                1.5683               1.5648              -1.3575
18   H                1.8560              -1.6325               1.2781
19   H                1.1321              -0.2116               1.8826
20   H                3.2024               1.1756              -0.6427
21   H                2.4834               0.2576              -2.0480
Maximum Force:             0.009031     0.010000                Yes
RMS Force:                 0.005994     0.006000                Yes
Maximum Displacement:      0.020384     0.040000                Yes
RMS Displacement:          0.012625     0.025000                Yes

----------------------------------------------------------------------
            Scanning combination 44/66: ['1.12', '67.02']             
                             Coordinates                              
----------------------------------------------------------------------
Running the L-BFGS ...
0    C               -0.5632              -1.3213               0.1008
1    C                1.5941              -0.1431              -0.1464
2    C               -1.2618               1.9834               0.9326
3    C                1.9429              -0.5329               1.1847
4    C                2.2682               0.7481              -1.0651
5    N                0.3531              -0.6774              -0.6424
6    N               -1.7346              -1.6522              -0.4883
7    O               -1.5349               1.3145              -0.2725
8    H               -1.8019               0.4170              -0.0489
9    H               -0.1009              -0.0338              -1.3389
10   H               -0.4017              -1.4451               1.1712
11   H               -0.1889               1.8514               1.2239
12   H               -2.3189              -2.2240               0.1329
13   H               -1.6495              -2.0921              -1.4196
14   H               -1.4789               3.0406               0.7937
15   H               -1.8473               1.6031               1.7799
16   H                2.9274              -0.1730               1.5411
17   H                1.5726               1.5724              -1.3588
18   H                1.8492              -1.6388               1.2755
19   H                1.1321              -0.2137               1.8847
20   H                3.1991               1.1716              -0.6447
21   H                2.4831               0.2494              -2.0350
Maximum Force:             0.009091     0.010000                Yes
RMS Force:                 0.005773     0.006000                Yes
Maximum Displacement:      0.019173     0.040000                Yes
RMS Displacement:          0.010186     0.025000                Yes

----------------------------------------------------------------------
            Scanning combination 45/66: ['1.12', '72.02']             
                             Coordinates                              
----------------------------------------------------------------------
Running the L-BFGS ...
0    C               -0.5529              -1.3063               0.0790
1    C                1.5715              -0.1272              -0.1454
2    C               -1.2644               2.0077               0.9540
3    C                1.9176              -0.5529               1.1742
4    C                2.2645               0.7462              -1.0592
5    N                0.3422              -0.6389              -0.6581
6    N               -1.7261              -1.6859              -0.4652
7    O               -1.5356               1.3838              -0.2824
8    H               -1.9008               0.4996              -0.1314
9    H               -0.1081              -0.0275              -1.3843
10   H               -0.3788              -1.4957               1.1346
11   H               -0.2189               1.8269               1.3112
12   H               -2.1201              -2.3383               0.2144
13   H               -1.6287              -2.1536              -1.3832
14   H               -1.3898               3.0836               0.8183
15   H               -1.9272               1.6478               1.7495
16   H                2.9089              -0.1984               1.5077
17   H                1.5903               1.5847              -1.3709
18   H                1.8208              -1.6609               1.2480
19   H                1.1135              -0.2436               1.8825
20   H                3.1980               1.1424              -0.6234
21   H                2.4713               0.2179              -2.0180
Maximum Force:             0.007273     0.010000                Yes
RMS Force:                 0.004777     0.006000                Yes
Maximum Displacement:      0.010868     0.040000                Yes
RMS Displacement:          0.006573     0.025000                Yes

----------------------------------------------------------------------
            Scanning combination 46/66: ['1.12', '77.02']             
                             Coordinates                              
----------------------------------------------------------------------
Running the L-BFGS ...
0    C               -0.5531              -1.3153               0.0792
1    C                1.5739              -0.1251              -0.1485
2    C               -1.2697               2.0083               0.9482
3    C                1.9189              -0.5529               1.1734
4    C                2.2669               0.7457              -1.0611
5    N                0.3380              -0.6406              -0.6584
6    N               -1.7289              -1.6909              -0.4594
7    O               -1.5370               1.3909              -0.2957
8    H               -1.8970               0.5114              -0.1224
9    H               -0.1059              -0.0231              -1.3848
10   H               -0.3670              -1.4899               1.1404
11   H               -0.2443               1.7302               1.3012
12   H               -2.1160              -2.3619               0.2192
13   H               -1.6261              -2.1557              -1.3806
14   H               -1.3806               3.0828               0.8242
15   H               -1.9405               1.6617               1.7508
16   H                2.9075              -0.2024               1.5139
17   H                1.5922               1.5839              -1.3687
18   H                1.8223              -1.6595               1.2427
19   H                1.1173              -0.2429               1.8803
20   H                3.2012               1.1428              -0.6260
21   H                2.4780               0.2249              -2.0239
Maximum Force:             0.009448     0.010000                Yes
RMS Force:                 0.004597     0.006000                Yes
Maximum Displacement:      0.003995     0.040000                Yes
RMS Displacement:          0.002650     0.025000                Yes

----------------------------------------------------------------------
            Scanning combination 47/66: ['1.12', '82.02']             
                             Coordinates                              
----------------------------------------------------------------------
Running the L-BFGS ...
0    C               -0.5507              -1.3125               0.0867
1    C                1.5697              -0.1083              -0.1462
2    C               -1.2775               1.9731               0.9417
3    C                1.9171              -0.5476               1.1712
4    C                2.2694               0.7527              -1.0626
5    N                0.3313              -0.6260              -0.6554
6    N               -1.7194              -1.7187              -0.4371
7    O               -1.6113               1.4216              -0.3135
8    H               -1.9078               0.5199              -0.1397
9    H               -0.1127              -0.0139              -1.3840
10   H               -0.3567              -1.4876               1.1433
11   H               -0.2812               1.6074               1.2984
12   H               -2.0788              -2.4110               0.2264
13   H               -1.6222              -2.1532              -1.3719
14   H               -1.2330               3.0647               0.8501
15   H               -2.0049               1.7145               1.7205
16   H                2.9085              -0.2032               1.5164
17   H                1.5917               1.5890              -1.3704
18   H                1.8184              -1.6578               1.2340
19   H                1.1117              -0.2420               1.8789
20   H                3.2056               1.1461              -0.6256
21   H                2.4794               0.2297              -2.0268
Maximum Force:             0.008911     0.010000                Yes
RMS Force:                 0.004604     0.006000                Yes
Maximum Displacement:      0.022536     0.040000                Yes
RMS Displacement:          0.007105     0.025000                Yes

----------------------------------------------------------------------
            Scanning combination 48/66: ['1.12', '87.02']             
                             Coordinates                              
----------------------------------------------------------------------
Running the L-BFGS ...
0    C               -0.5642              -1.2993               0.1123
1    C                1.5568              -0.0766              -0.1553
2    C               -1.2551               1.9157               0.9482
3    C                1.9155              -0.5331               1.1597
4    C                2.2610               0.7809              -1.0754
5    N                0.3058              -0.5984              -0.6351
6    N               -1.7133              -1.7548              -0.4110
7    O               -1.5675               1.3938              -0.3236
8    H               -1.9688               0.5247              -0.2073
9    H               -0.1544               0.0036              -1.3619
10   H               -0.3520              -1.4807               1.1675
11   H               -0.3682               1.4401               1.4387
12   H               -2.0861              -2.4711               0.2263
13   H               -1.5992              -2.1635              -1.3567
14   H               -1.0268               2.9696               0.7905
15   H               -2.0799               1.8343               1.6663
16   H                2.9066              -0.2018               1.5159
17   H                1.6111               1.6364              -1.3838
18   H                1.8121              -1.6435               1.1990
19   H                1.1121              -0.2353               1.8718
20   H                3.1997               1.1572              -0.6304
21   H                2.4838               0.2592              -2.0363
Maximum Force:             0.005485     0.010000                Yes
RMS Force:                 0.003378     0.006000                Yes
Maximum Displacement:      0.016314     0.040000                Yes
RMS Displacement:          0.006338     0.025000                Yes

----------------------------------------------------------------------
            Scanning combination 49/66: ['1.02', '62.02']             
                             Coordinates                              
----------------------------------------------------------------------
Running the L-BFGS ...
0    C               -0.5296              -1.3346               0.0516
1    C                1.6009              -0.1637              -0.1725
2    C               -1.3275               2.0247               0.9960
3    C                1.9787              -0.5744               1.1463
4    C                2.2678               0.7483              -1.0689
5    N                0.4019              -0.7333              -0.7093
6    N               -1.7097              -1.6712              -0.5389
7    O               -1.3825               1.2084              -0.1406
8    H               -1.7797               0.3544               0.0708
9    H               -0.0620              -0.0467              -1.3553
10   H               -0.3759              -1.4375               1.1279
11   H               -0.4790               1.9747               1.5591
12   H               -2.3988              -2.0494               0.1133
13   H               -1.6361              -2.2586              -1.3812
14   H               -1.3143               3.0490               0.6046
15   H               -2.2060               1.9038               1.6479
16   H                2.9682              -0.1964               1.4670
17   H                1.5615               1.5790              -1.3063
18   H                1.9038              -1.6793               1.2461
19   H                1.1901              -0.2370               1.8519
20   H                3.2025               1.1631              -0.6499
21   H                2.4670               0.2953              -2.0678
Maximum Force:             0.009493     0.010000                Yes
RMS Force:                 0.005523     0.006000                Yes
Maximum Displacement:      0.015431     0.040000                Yes
RMS Displacement:          0.008136     0.025000                Yes

----------------------------------------------------------------------
            Scanning combination 50/66: ['1.02', '67.02']             
                             Coordinates                              
----------------------------------------------------------------------
Running the L-BFGS ...
0    C               -0.5245              -1.3353               0.0473
1    C                1.6178              -0.1753              -0.1783
2    C               -1.3282               2.0358               0.9927
3    C                1.9750              -0.5774               1.1474
4    C                2.2675               0.7511              -1.0705
5    N                0.4080              -0.7331              -0.7077
6    N               -1.7074              -1.6652              -0.5370
7    O               -1.3939               1.2175              -0.1537
8    H               -1.7789               0.3652               0.0813
9    H               -0.0666              -0.0592              -1.3616
10   H               -0.3822              -1.4405               1.1246
11   H               -0.4850               1.8989               1.5492
12   H               -2.3741              -2.0741               0.1281
13   H               -1.6280              -2.2593              -1.3775
14   H               -1.3335               3.0586               0.6204
15   H               -2.2019               1.9114               1.6494
16   H                2.9608              -0.2039               1.4662
17   H                1.5662               1.5884              -1.3130
18   H                1.9008              -1.6788               1.2372
19   H                1.1891              -0.2422               1.8582
20   H                3.2005               1.1603              -0.6483
21   H                2.4676               0.2891              -2.0610
Maximum Force:             0.008485     0.010000                Yes
RMS Force:                 0.004415     0.006000                Yes
Maximum Displacement:      0.003634     0.040000                Yes
RMS Displacement:          0.001963     0.025000                Yes

----------------------------------------------------------------------
            Scanning combination 51/66: ['1.02', '72.02']             
                             Coordinates                              
----------------------------------------------------------------------
Running the L-BFGS ...
0    C               -0.5173              -1.3405               0.0437
1    C                1.6203              -0.1775              -0.1822
2    C               -1.3411               2.0200               0.9826
3    C                1.9773              -0.5788               1.1464
4    C                2.2712               0.7512              -1.0741
5    N                0.4069              -0.7305              -0.7089
6    N               -1.7030              -1.6716              -0.5256
7    O               -1.4616               1.2477              -0.1894
8    H               -1.7826               0.3767               0.0700
9    H               -0.0682              -0.0550              -1.3613
10   H               -0.3790              -1.4421               1.1223
11   H               -0.5315               1.8040               1.5634
12   H               -2.3301              -2.1147               0.1559
13   H               -1.6292              -2.2570              -1.3726
14   H               -1.2430               3.0636               0.6565
15   H               -2.2281               1.9406               1.6293
16   H                2.9636              -0.2027               1.4671
17   H                1.5647               1.5855              -1.3120
18   H                1.8998              -1.6807               1.2404
19   H                1.1880              -0.2407               1.8532
20   H                3.2031               1.1612              -0.6488
21   H                2.4683               0.2904              -2.0661
Maximum Force:             0.006611     0.010000                Yes
RMS Force:                 0.004515     0.006000                Yes
Maximum Displacement:      0.031607     0.040000                Yes
RMS Displacement:          0.012447     0.025000                Yes

----------------------------------------------------------------------
            Scanning combination 52/66: ['1.02', '77.02']             
                             Coordinates                              
----------------------------------------------------------------------
Running the L-BFGS ...
0    C               -0.5175              -1.3401               0.0462
1    C                1.6182              -0.1762              -0.1813
2    C               -1.3416               2.0289               0.9846
3    C                1.9773              -0.5792               1.1463
4    C                2.2711               0.7509              -1.0740
5    N                0.4067              -0.7290              -0.7098
6    N               -1.7045              -1.6728              -0.5258
7    O               -1.4615               1.2491              -0.1880
8    H               -1.7830               0.3762               0.0682
9    H               -0.0682              -0.0562              -1.3625
10   H               -0.3782              -1.4427               1.1217
11   H               -0.5471               1.7274               1.5479
12   H               -2.3141              -2.1259               0.1659
13   H               -1.6284              -2.2571              -1.3725
14   H               -1.2435               3.0619               0.6579
15   H               -2.2295               1.9422               1.6284
16   H                2.9634              -0.2037               1.4674
17   H                1.5659               1.5856              -1.3123
18   H                1.8996              -1.6811               1.2397
19   H                1.1883              -0.2414               1.8527
20   H                3.2033               1.1611              -0.6491
21   H                2.4690               0.2902              -2.0661
Maximum Force:             0.009315     0.010000                Yes
RMS Force:                 0.005331     0.006000                Yes
Maximum Displacement:      0.002570     0.040000                Yes
RMS Displacement:          0.001755     0.025000                Yes

----------------------------------------------------------------------
            Scanning combination 53/66: ['1.02', '82.02']             
                             Coordinates                              
----------------------------------------------------------------------
Running the L-BFGS ...
0    C               -0.5120              -1.3430               0.0473
1    C                1.6153              -0.1689              -0.1825
2    C               -1.3657               2.0107               0.9771
3    C                1.9770              -0.5829               1.1433
4    C                2.2757               0.7514              -1.0775
5    N                0.3978              -0.7121              -0.7051
6    N               -1.7010              -1.6887              -0.5050
7    O               -1.5488               1.3004              -0.2309
8    H               -1.7891               0.4047               0.0337
9    H               -0.0712              -0.0586              -1.3797
10   H               -0.3656              -1.4512               1.1215
11   H               -0.6073               1.6472               1.5534
12   H               -2.2429              -2.1974               0.2035
13   H               -1.6218              -2.2578              -1.3623
14   H               -1.1315               3.0542               0.7201
15   H               -2.2705               1.9999               1.6087
16   H                2.9635              -0.2136               1.4704
17   H                1.5744               1.5872              -1.3199
18   H                1.8926              -1.6851               1.2307
19   H                1.1852              -0.2507               1.8478
20   H                3.2082               1.1585              -0.6500
21   H                2.4739               0.2868              -2.0679
Maximum Force:             0.009539     0.010000                Yes
RMS Force:                 0.005942     0.006000                Yes
Maximum Displacement:      0.037567     0.040000                Yes
RMS Displacement:          0.017391     0.025000                Yes

----------------------------------------------------------------------
            Scanning combination 54/66: ['1.02', '87.02']             
                             Coordinates                              
----------------------------------------------------------------------
Running the L-BFGS ...
0    C               -0.5135              -1.3412               0.0463
1    C                1.6139              -0.1673              -0.1824
2    C               -1.3652               2.0194               0.9802
3    C                1.9764              -0.5831               1.1428
4    C                2.2754               0.7511              -1.0771
5    N                0.3958              -0.7118              -0.7038
6    N               -1.7002              -1.6888              -0.5033
7    O               -1.5451               1.3002              -0.2275
8    H               -1.7908               0.4036               0.0300
9    H               -0.0720              -0.0586              -1.3816
10   H               -0.3641              -1.4521               1.1226
11   H               -0.6315               1.5773               1.5330
12   H               -2.2288              -2.2081               0.2136
13   H               -1.6211              -2.2586              -1.3630
14   H               -1.1323               3.0508               0.7202
15   H               -2.2712               2.0020               1.6070
16   H                2.9632              -0.2144               1.4704
17   H                1.5756               1.5880              -1.3205
18   H                1.8924              -1.6853               1.2297
19   H                1.1854              -0.2512               1.8479
20   H                3.2083               1.1582              -0.6504
21   H                2.4746               0.2866              -2.0676
Maximum Force:             0.008830     0.010000                Yes
RMS Force:                 0.005684     0.006000                Yes
Maximum Displacement:      0.003708     0.040000                Yes
RMS Displacement:          0.002310     0.025000                Yes

----------------------------------------------------------------------
            Scanning combination 55/66: ['0.92', '62.02']             
                             Coordinates                              
----------------------------------------------------------------------
Running the L-BFGS ...
0    C               -0.5269              -1.3337               0.0511
1    C                1.6019              -0.1640              -0.1844
2    C               -1.3632               2.1078               1.0135
3    C                1.9691              -0.5999               1.1292
4    C                2.2789               0.7440              -1.0712
5    N                0.4032              -0.7384              -0.7172
6    N               -1.7001              -1.6822              -0.5356
7    O               -1.3365               1.2372              -0.0938
8    H               -1.8278               0.4341               0.1020
9    H               -0.0757              -0.0827              -1.3818
10   H               -0.3781              -1.4567               1.1269
11   H               -0.5797               2.1249               1.4945
12   H               -2.3075              -2.1657               0.1390
13   H               -1.5694              -2.2735              -1.3767
14   H               -1.4589               3.1208               0.6130
15   H               -2.2389               1.9115               1.6562
16   H                2.9627              -0.2560               1.4622
17   H                1.6234               1.6051              -1.3443
18   H                1.8732              -1.7050               1.1731
19   H                1.1903              -0.2885               1.8563
20   H                3.2159               1.1336              -0.6387
21   H                2.4940               0.2689              -2.0539
Maximum Force:             0.009577     0.010000                Yes
RMS Force:                 0.005445     0.006000                Yes
Maximum Displacement:      0.022506     0.040000                Yes
RMS Displacement:          0.007669     0.025000                Yes

----------------------------------------------------------------------
            Scanning combination 56/66: ['0.92', '67.02']             
                             Coordinates                              
----------------------------------------------------------------------
Running the L-BFGS ...
0    C               -0.5185              -1.3384               0.0435
1    C                1.6148              -0.1719              -0.1840
2    C               -1.3692               2.1154               1.0035
3    C                1.9718              -0.6124               1.1334
4    C                2.2872               0.7418              -1.0748
5    N                0.4024              -0.7210              -0.7124
6    N               -1.6975              -1.6890              -0.5303
7    O               -1.3758               1.2621              -0.1239
8    H               -1.8109               0.4313               0.0985
9    H               -0.0679              -0.0759              -1.3950
10   H               -0.3777              -1.4462               1.1202
11   H               -0.5926               2.0548               1.4922
12   H               -2.2820              -2.1899               0.1547
13   H               -1.5782              -2.2725              -1.3784
14   H               -1.4868               3.1289               0.6245
15   H               -2.2175               1.9321               1.6800
16   H                2.9638              -0.2624               1.4618
17   H                1.6119               1.5941              -1.3364
18   H                1.8773              -1.7169               1.1825
19   H                1.1883              -0.2929               1.8532
20   H                3.2216               1.1299              -0.6334
21   H                2.4967               0.2644              -2.0585
Maximum Force:             0.009003     0.010000                Yes
RMS Force:                 0.005112     0.006000                Yes
Maximum Displacement:      0.022800     0.040000                Yes
RMS Displacement:          0.010068     0.025000                Yes

----------------------------------------------------------------------
            Scanning combination 57/66: ['0.92', '72.02']             
                             Coordinates                              
----------------------------------------------------------------------
Running the L-BFGS ...
0    C               -0.5269              -1.3229               0.0474
1    C                1.6074              -0.1851              -0.1856
2    C               -1.4125               2.1455               1.0006
3    C                1.9786              -0.6335               1.1268
4    C                2.2998               0.7220              -1.0648
5    N                0.3891              -0.7022              -0.7133
6    N               -1.6902              -1.7127              -0.5208
7    O               -1.5040               1.3299              -0.1616
8    H               -1.7696               0.4396               0.0995
9    H               -0.0515              -0.0680              -1.4200
10   H               -0.3665              -1.4401               1.1186
11   H               -0.5980               2.0339               1.4125
12   H               -2.2125              -2.2476               0.1800
13   H               -1.5871              -2.2665              -1.3839
14   H               -1.5202               3.1826               0.6645
15   H               -2.2155               1.9134               1.7136
16   H                2.9709              -0.2966               1.4692
17   H                1.6296               1.5741              -1.3258
18   H                1.8834              -1.7367               1.1846
19   H                1.2014              -0.3131               1.8498
20   H                3.2349               1.1236              -0.6402
21   H                2.5184               0.2629              -2.0518
Maximum Force:             0.008413     0.010000                Yes
RMS Force:                 0.005318     0.006000                Yes
Maximum Displacement:      0.023491     0.040000                Yes
RMS Displacement:          0.009604     0.025000                Yes

----------------------------------------------------------------------
            Scanning combination 58/66: ['0.92', '77.02']             
                             Coordinates                              
----------------------------------------------------------------------
Running the L-BFGS ...
0    C               -0.5166              -1.3310               0.0456
1    C                1.6150              -0.1740              -0.1833
2    C               -1.4149               2.1370               0.9934
3    C                1.9774              -0.6365               1.1293
4    C                2.3042               0.7315              -1.0724
5    N                0.3897              -0.6865              -0.7033
6    N               -1.6876              -1.7183              -0.5076
7    O               -1.5112               1.3371              -0.1820
8    H               -1.7842               0.4543               0.0933
9    H               -0.0554              -0.0660              -1.4201
10   H               -0.3659              -1.4433               1.1183
11   H               -0.6157               1.9476               1.4068
12   H               -2.1941              -2.2775               0.1895
13   H               -1.5841              -2.2618              -1.3751
14   H               -1.5067               3.1781               0.6849
15   H               -2.2258               1.9455               1.7062
16   H                2.9730              -0.2990               1.4582
17   H                1.6317               1.5851              -1.3356
18   H                1.8769              -1.7419               1.1744
19   H                1.2000              -0.3171               1.8551
20   H                3.2388               1.1141              -0.6265
21   H                2.5175               0.2532              -2.0548
Maximum Force:             0.009865     0.010000                Yes
RMS Force:                 0.005123     0.006000                Yes
Maximum Displacement:      0.013001     0.040000                Yes
RMS Displacement:          0.007369     0.025000                Yes

----------------------------------------------------------------------
            Scanning combination 59/66: ['0.92', '82.02']             
                             Coordinates                              
----------------------------------------------------------------------
Running the L-BFGS ...
0    C               -0.5247              -1.3176               0.0751
1    C                1.5906              -0.1452              -0.1865
2    C               -1.4389               2.1082               0.9946
3    C                1.9810              -0.6360               1.1120
4    C                2.3089               0.7356              -1.0726
5    N                0.3512              -0.6389              -0.6816
6    N               -1.6831              -1.7594              -0.4619
7    O               -1.5824               1.3755              -0.2182
8    H               -1.8711               0.4819               0.0066
9    H               -0.0945              -0.0320              -1.4093
10   H               -0.3321              -1.4590               1.1373
11   H               -0.6883               1.8596               1.4641
12   H               -2.1119              -2.3889               0.2269
13   H               -1.5641              -2.2483              -1.3605
14   H               -1.3152               3.1600               0.7136
15   H               -2.3233               2.0169               1.6433
16   H                2.9876              -0.3241               1.4341
17   H                1.6863               1.6156              -1.3589
18   H                1.8711              -1.7415               1.1286
19   H                1.2213              -0.3316               1.8610
20   H                3.2504               1.0902              -0.6178
21   H                2.5344               0.2423              -2.0442
Maximum Force:             0.008058     0.010000                Yes
RMS Force:                 0.004485     0.006000                Yes
Maximum Displacement:      0.019114     0.040000                Yes
RMS Displacement:          0.010686     0.025000                Yes

----------------------------------------------------------------------
            Scanning combination 60/66: ['0.92', '87.02']             
                             Coordinates                              
----------------------------------------------------------------------
Running the L-BFGS ...
0    C               -0.5247              -1.3169               0.0741
1    C                1.5915              -0.1452              -0.1862
2    C               -1.4361               2.1134               0.9923
3    C                1.9810              -0.6362               1.1113
4    C                2.3089               0.7353              -1.0725
5    N                0.3506              -0.6388              -0.6808
6    N               -1.6820              -1.7574              -0.4590
7    O               -1.5807               1.3750              -0.2159
8    H               -1.8718               0.4825               0.0064
9    H               -0.0949              -0.0313              -1.4087
10   H               -0.3323              -1.4591               1.1380
11   H               -0.7065               1.7898               1.4489
12   H               -2.1009              -2.3948               0.2332
13   H               -1.5643              -2.2498              -1.3626
14   H               -1.3172               3.1590               0.7134
15   H               -2.3239               2.0187               1.6430
16   H                2.9880              -0.3239               1.4338
17   H                1.6861               1.6157              -1.3591
18   H                1.8710              -1.7413               1.1286
19   H                1.2212              -0.3318               1.8609
20   H                3.2506               1.0901              -0.6177
21   H                2.5341               0.2425              -2.0445
Maximum Force:             0.007020     0.010000                Yes
RMS Force:                 0.004544     0.006000                Yes
Maximum Displacement:      0.003132     0.040000                Yes
RMS Displacement:          0.001743     0.025000                Yes

----------------------------------------------------------------------
            Scanning combination 61/66: ['0.82', '62.02']             
                             Coordinates                              
----------------------------------------------------------------------
Running the L-BFGS ...
0    C               -0.5071              -1.3331               0.0554
1    C                1.6412              -0.2053              -0.2010
2    C               -1.4463               2.1802               0.9925
3    C                2.0035              -0.6573               1.1115
4    C                2.3212               0.7178              -1.0763
5    N                0.4068              -0.7151              -0.7158
6    N               -1.6792              -1.7013              -0.5118
7    O               -1.3616               1.2735              -0.0933
8    H               -1.8747               0.4849               0.1084
9    H               -0.0911              -0.0097              -1.3152
10   H               -0.3844              -1.4200               1.1364
11   H               -0.7443               2.2497               1.4096
12   H               -2.2392              -2.2549               0.1502
13   H               -1.5578              -2.2363              -1.3871
14   H               -1.6731               3.1731               0.5819
15   H               -2.2371               1.9170               1.7007
16   H                3.0061              -0.3315               1.4296
17   H                1.6691               1.5893              -1.3348
18   H                1.8837              -1.7579               1.1430
19   H                1.2405              -0.3356               1.8520
20   H                3.2601               1.0858              -0.6294
21   H                2.5224               0.2480              -2.0616
Maximum Force:             0.008584     0.010000                Yes
RMS Force:                 0.005504     0.006000                Yes
Maximum Displacement:      0.034399     0.040000                Yes
RMS Displacement:          0.012226     0.025000                Yes

----------------------------------------------------------------------
            Scanning combination 62/66: ['0.82', '67.02']             
                             Coordinates                              
----------------------------------------------------------------------
Running the L-BFGS ...
0    C               -0.5090              -1.3322               0.0556
1    C                1.6395              -0.2046              -0.2006
2    C               -1.4477               2.1878               0.9937
3    C                2.0038              -0.6582               1.1109
4    C                2.3216               0.7169              -1.0764
5    N                0.4053              -0.7139              -0.7143
6    N               -1.6797              -1.7038              -0.5109
7    O               -1.3619               1.2756              -0.0920
8    H               -1.8735               0.4829               0.1074
9    H               -0.0901              -0.0101              -1.3161
10   H               -0.3830              -1.4196               1.1350
11   H               -0.7380               2.1839               1.4035
12   H               -2.2274              -2.2586               0.1555
13   H               -1.5581              -2.2361              -1.3880
14   H               -1.6758               3.1726               0.5834
15   H               -2.2405               1.9175               1.7010
16   H                3.0067              -0.3325               1.4301
17   H                1.6692               1.5882              -1.3337
18   H                1.8847              -1.7594               1.1439
19   H                1.2409              -0.3353               1.8513
20   H                3.2608               1.0856              -0.6300
21   H                2.5236               0.2481              -2.0624
Maximum Force:             0.009881     0.010000                Yes
RMS Force:                 0.005084     0.006000                Yes
Maximum Displacement:      0.003337     0.040000                Yes
RMS Displacement:          0.002140     0.025000                Yes

----------------------------------------------------------------------
            Scanning combination 63/66: ['0.82', '72.02']             
                             Coordinates                              
----------------------------------------------------------------------
Running the L-BFGS ...
0    C               -0.5131              -1.3227               0.0600
1    C                1.6236              -0.1863              -0.1914
2    C               -1.4454               2.1521               0.9904
3    C                2.0037              -0.6575               1.1098
4    C                2.3198               0.7170              -1.0749
5    N                0.3944              -0.6981              -0.7067
6    N               -1.6749              -1.7183              -0.4988
7    O               -1.4738               1.3088              -0.1549
8    H               -1.8817               0.4734               0.0986
9    H               -0.0919              -0.0067              -1.3203
10   H               -0.3710              -1.4208               1.1311
11   H               -0.7392               2.0814               1.4001
12   H               -2.1770              -2.2926               0.1851
13   H               -1.5575              -2.2335              -1.3846
14   H               -1.5393               3.1912               0.6405
15   H               -2.2945               1.9481               1.6608
16   H                3.0070              -0.3320               1.4308
17   H                1.6703               1.5882              -1.3321
18   H                1.8887              -1.7618               1.1442
19   H                1.2426              -0.3363               1.8513
20   H                3.2609               1.0875              -0.6314
21   H                2.5257               0.2486              -2.0634
Maximum Force:             0.007667     0.010000                Yes
RMS Force:                 0.004429     0.006000                Yes
Maximum Displacement:      0.020513     0.040000                Yes
RMS Displacement:          0.009373     0.025000                Yes

----------------------------------------------------------------------
            Scanning combination 64/66: ['0.82', '77.02']             
                             Coordinates                              
----------------------------------------------------------------------
Running the L-BFGS ...
0    C               -0.5113              -1.3179               0.0656
1    C                1.6283              -0.1880              -0.1931
2    C               -1.4541               2.1506               0.9888
3    C                2.0057              -0.6621               1.1108
4    C                2.3233               0.7165              -1.0741
5    N                0.3789              -0.6602              -0.6932
6    N               -1.6753              -1.7261              -0.4900
7    O               -1.4912               1.3218              -0.1641
8    H               -1.8599               0.4654               0.0782
9    H               -0.0960               0.0085              -1.3525
10   H               -0.3610              -1.4236               1.1430
11   H               -0.7534               2.0108               1.3902
12   H               -2.1672              -2.3168               0.1928
13   H               -1.5643              -2.2374              -1.3822
14   H               -1.5376               3.1795               0.6515
15   H               -2.3004               1.9767               1.6652
16   H                3.0103              -0.3424               1.4279
17   H                1.6724               1.5877              -1.3313
18   H                1.8933              -1.7634               1.1448
19   H                1.2453              -0.3421               1.8539
20   H                3.2654               1.0808              -0.6329
21   H                2.5299               0.2466              -2.0583
Maximum Force:             0.009418     0.010000                Yes
RMS Force:                 0.005013     0.006000                Yes
Maximum Displacement:      0.015405     0.040000                Yes
RMS Displacement:          0.007525     0.025000                Yes

----------------------------------------------------------------------
            Scanning combination 65/66: ['0.82', '82.02']             
                             Coordinates                              
----------------------------------------------------------------------
Running the L-BFGS ...
0    C               -0.5047              -1.3252               0.0512
1    C                1.6190              -0.1862              -0.1931
2    C               -1.4386               2.1215               0.9967
3    C                1.9984              -0.6523               1.1137
4    C                2.3148               0.7157              -1.0759
5    N                0.3871              -0.6801              -0.7144
6    N               -1.6650              -1.7439              -0.4891
7    O               -1.5357               1.3362              -0.1915
8    H               -1.8876               0.4705               0.0507
9    H               -0.0979               0.0029              -1.3443
10   H               -0.3596              -1.4154               1.1242
11   H               -0.7687               1.9110               1.4193
12   H               -2.1246              -2.3369               0.2094
13   H               -1.5758              -2.2465              -1.3864
14   H               -1.3905               3.1764               0.6950
15   H               -2.3265               2.0218               1.6391
16   H                2.9948              -0.3128               1.4417
17   H                1.6395               1.5709              -1.3225
18   H                1.8986              -1.7562               1.1734
19   H                1.2254              -0.3242               1.8387
20   H                3.2513               1.0982              -0.6326
21   H                2.5267               0.2563              -2.0679
Maximum Force:             0.008271     0.010000                Yes
RMS Force:                 0.004090     0.006000                Yes
Maximum Displacement:      0.030035     0.040000                Yes
RMS Displacement:          0.009163     0.025000                Yes

----------------------------------------------------------------------
            Scanning combination 66/66: ['0.82', '87.02']             
                             Coordinates                              
----------------------------------------------------------------------
Running the L-BFGS ...
0    C               -0.5303              -1.3072               0.0847
1    C                1.5945              -0.1472              -0.1839
2    C               -1.4455               2.1030               0.9977
3    C                1.9910              -0.6425               1.1086
4    C                2.3100               0.7362              -1.0738
5    N                0.3486              -0.6232              -0.6698
6    N               -1.6827              -1.7564              -0.4634
7    O               -1.5418               1.3522              -0.2064
8    H               -1.8582               0.4716               0.0181
9    H               -0.0928               0.0085              -1.3774
10   H               -0.3426              -1.4426               1.1480
11   H               -0.8091               1.8259               1.4335
12   H               -2.1208              -2.3971               0.2167
13   H               -1.5585              -2.2445              -1.3648
14   H               -1.3081               3.1372               0.6814
15   H               -2.3626               2.0410               1.6095
16   H                3.0012              -0.3314               1.4207
17   H                1.6851               1.6150              -1.3597
18   H                1.8781              -1.7462               1.1174
19   H                1.2394              -0.3461               1.8694
20   H                3.2573               1.0916              -0.6325
21   H                2.5230               0.2438              -2.0466
Maximum Force:             0.009717     0.010000                Yes
RMS Force:                 0.005230     0.006000                Yes
Maximum Displacement:      0.020498     0.040000                Yes
RMS Displacement:          0.011552     0.025000                Yes


----------------------------------------------------------------------
                          Normal Termination                          

