
**********************************************************************
*                                                                    *
*                        M   A   P   L   E                           *
*                                                                    *
*      MAchine-learning Potential for Landscape Exploration          *
*                                                                    *
*                                                                    *
*      © 2025 University of Pittsburgh. All rights reserved.         *
*      Licensed under CC BY 4.0 for academic use.                    *
*                                                                    *
*      Principal Developer:  Xujian Wang                             *
*                                                                    *
**********************************************************************


Parsing # commands...
Global parameter: model = uma
Task set to 'opt'
Global parameter: device = gpu0
Global nested parameter: solv = {'explicit': 'water'}
Parsed configuration:
----------------------------------------
Task: opt
model          : uma
method         : lbfgs
maxiter        : 200
convergence    : 1e-05
lbfgs          : True
device         : gpu0
solv           : {'explicit': 'water'}

                             Coordinates                              
**********************************************************************

Group 1 (inline)
--------------------
1    C             -0.778126            -1.067561             0.321059
2    C              1.302553             0.052120            -0.028299
3    C             -0.971993             1.456249             0.823657
4    C              1.981229            -0.418433             1.250175
5    C              2.264033             0.435168            -1.133107
6    N              0.291164            -0.876821            -0.500399
7    N             -2.019163            -1.372006            -0.233112
8    O             -1.664734             1.630223            -0.401837
9    H             -2.258632             0.870139            -0.475899
10   H              0.027849            -0.678312            -1.458495
11   H             -0.609759            -1.367856             1.341178
12   H              0.681264             0.918300             0.286941
13   H             -2.573263            -2.057361             0.257412
14   H             -2.052428            -1.504542            -1.233823
15   H             -0.368993             2.351392             0.991747
16   H             -1.639609             1.294215             1.674653
17   H              2.764449             0.291462             1.522846
18   H              1.725114             0.730695            -2.037794
19   H              2.435593            -1.406098             1.134215
20   H              1.273005            -0.447224             2.080579
21   H              2.850345             1.298697            -0.814322
22   H              2.960009            -0.368806            -1.388910

----------------------------------------------------------------------
                             Iteration: 1                             


                             Coordinates                              
----------------------------------------------------------------------
0    C               -1.0822              -0.8999               0.3138
1    C                0.9979               0.2199              -0.0359
2    C               -1.2758               1.6247               0.8161
3    C                1.6770              -0.2504               1.2431
4    C                1.9604               0.6034              -1.1416
5    N               -0.0132              -0.7088              -0.5080
6    N               -2.3248              -1.2036              -0.2402
7    O               -1.9689               1.7978              -0.4091
8    H               -2.5630               1.0383              -0.4834
9    H               -0.2765              -0.5104              -1.4658
10   H               -0.9141              -1.1998               1.3338
11   H                0.3768               1.0865               0.2796
12   H               -2.8781              -1.8892               0.2499
13   H               -2.3570              -1.3365              -1.2411
14   H               -0.6736               2.5196               0.9843
15   H               -1.9440               1.4622               1.6673
16   H                2.4602               0.4596               1.5156
17   H                1.4208               0.8988              -2.0459
18   H                2.1313              -1.2382               1.1268
19   H                0.9686              -0.2791               2.0733
20   H                2.5460               1.4668              -0.8218
21   H                2.6560              -0.2008              -1.3969
22   O                9.9320               4.3700               1.0660
23   H                9.8250               5.2520               0.6530
24   H                9.0550               4.0280               1.3360
25   O                9.5460              -0.3050              -0.4640
26   H                9.8960               0.5800              -0.6930
27   H                9.7240              -0.4930               0.4800
28   O                1.3300              -2.4830               9.7330
29   H                1.7780              -1.6230               9.5990
30   H                0.3900              -2.3290               9.9570
31   O                1.7390               0.3670              10.1400
32   H                1.6820               1.0200              10.8670
33   H                1.2800               0.7180               9.3500
34   O                0.6940               5.8610              -7.0250
35   H                1.4000               5.2620              -7.3430
36   H               -0.0450               5.8630              -7.6670
37   O               -4.6910              -4.1640              -5.9210
38   H               -5.2680              -3.4380              -6.2340
39   H               -5.0970              -5.0250              -6.1500
40   O                3.8990               8.1850              -2.6140
41   H                2.9870               7.8280              -2.6370
42   H                4.5030               7.5110              -2.2410
43   O               -0.0382              -2.9657              -1.9227
44   H                0.4370              -3.6671              -2.4140
45   H                0.6081              -2.3209              -1.5679
46   O               -0.4820               8.8170              -3.0250
47   H                0.0230               8.6790              -2.1980
48   H               -0.8290               7.9580              -3.3420
49   O                3.0010               4.5500              -7.9590
50   H                3.8390               4.8940              -8.3310
51   H                3.1410               4.2950              -7.0240
52   O               -1.6510               6.3720              -3.8680
53   H               -2.0960               6.4270              -4.7380
54   H               -2.0930               5.6930              -3.3180
55   O                0.0204               4.5858              -0.8151
56   H                0.4570               4.1149              -0.0770
57   H               -0.8723               4.8773              -0.5350
58   O               -2.9840              -5.3840              -8.0500
59   H               -3.8830              -5.0990              -7.7870
60   H               -2.5920              -5.9290              -7.3370
61   O               -1.9423              -6.0680               1.9091
62   H               -1.5689              -5.5083               1.1977
63   H               -2.1040              -5.5208               2.7042
64   O               -0.9447               6.0588               3.7240
65   H               -0.8461               6.6981               4.4591
66   H               -0.4238               6.3640               2.9538
67   O               -8.7510               4.3700               1.0660
68   H               -8.8580               5.2520               0.6530
69   H               -9.6280               4.0280               1.3360
70   O               -4.5190              -0.8900               6.7620
71   H               -5.4180              -1.2220               6.5630
72   H               -4.1970              -1.2960               7.5910
73   O                5.7900               3.3930              -4.1560
74   H                5.8410               2.7790              -3.3960
75   H                5.8340               4.3170              -3.8340
76   O               -3.2539               0.6623              -4.8828
77   H               -2.7680               1.4631              -4.5991
78   H               -2.6229              -0.0772              -5.0049
79   O                4.6770               0.8830               5.9830
80   H                4.7460               1.6330               6.6090
81   H                4.6300               0.0440               6.4840
82   O                8.1530               4.3360               3.6220
83   H                9.0970               4.5810               3.5380
84   H                8.0700               3.5560               4.2070
85   O               -7.6570              -0.6450              -4.8860
86   H               -6.9570              -0.4550              -4.2300
87   H               -8.4970              -0.8380              -4.4210
88   O               -6.4830               6.8240               1.6640
89   H               -5.5980               7.2400               1.6300
90   H               -6.5880               6.3470               2.5120
91   O                4.1399               4.6900              -1.6269
92   H                4.9034               5.2370              -1.9042
93   H                3.3347               5.2450              -1.5929
94   O                7.3960               3.6770               0.0630
95   H                7.6970               3.3440              -0.8080
96   H                6.9180               2.9670               0.5360
97   O                2.8341               0.2462              -3.0909
98   H                3.2431               0.9622              -2.5645
99   H                3.3298               0.1358              -3.9311
100  O                0.9440              -8.1150              -4.4250
101  H                0.4430              -8.8180              -3.9630
102  H                0.3190              -7.5180              -4.8850
103  O                3.1851               3.7779              -5.1978
104  H                2.7639               4.3841              -4.5549
105  H                4.1432               3.7121              -5.0052
106  O               -1.0960              -8.4370               0.8960
107  H               -1.2710              -7.5200               1.1900
108  H               -0.2060              -8.4860               0.4920
109  O               -1.8617               3.7220               4.4739
110  H               -1.6983               4.6753               4.3204
111  H               -1.6430               3.2188               3.6628
112  O               -6.5682               1.0110               2.9230
113  H               -6.4290               1.9675               3.0800
114  H               -5.7139               0.5386               3.0040
115  O                5.0400              -3.7010               5.5380
116  H                5.9780              -3.8170               5.2850
117  H                4.4870              -3.6630               4.7310
118  O                3.8950              -1.4120               7.2920
119  H                2.9250              -1.2740               7.2910
120  H                4.1040              -2.2570               6.8430
121  O                0.0022               0.2672              -3.7866
122  H               -0.2193               1.1289              -3.3792
123  H                0.9531               0.0758              -3.6521
124  O                0.0130               1.3370               8.3160
125  H               -0.7300               1.1410               8.9240
126  H               -0.3130               1.8750               7.5650
127  O                0.7609              -0.6818               6.7221
128  H                0.6070               0.0932               7.3002
129  H                1.2020              -0.3914               5.8979
130  O               -0.4700              -6.3650              -5.9640
131  H               -0.9470              -5.6350              -5.5210
132  H                0.3640              -6.0250              -6.3490
133  O                5.1830               2.2470               8.2420
134  H                4.7110               1.6030               8.8070
135  H                6.1480               2.1100               8.3260
136  O               -0.8890               7.7400               5.8660
137  H               -0.7750               8.5750               5.3680
138  H               -1.8230               7.6510               6.1440
139  O                4.0203              -0.3199              -5.4069
140  H                4.7913               0.0149              -5.9091
141  H                3.1967              -0.1112              -5.8940
142  O               -6.4130              -2.4200              -6.8710
143  H               -6.9220              -2.5810              -7.6920
144  H               -6.9370              -1.8520              -6.2700
145  O               -2.6770               3.1000              -7.3070
146  H               -2.2840               2.3360              -7.7760
147  H               -3.6220               2.9190              -7.1250
148  O               -5.5790               6.2570              -1.7830
149  H               -5.2490               7.1780              -1.7660
150  H               -5.8550               6.0270              -2.6940
151  O                1.7160              -5.0560               5.2610
152  H                2.1670              -5.6810               5.8630
153  H                1.0790              -4.5140               5.7680
154  O                1.3300              -2.4830              -8.8090
155  H                1.7780              -1.6230              -8.9430
156  H                0.3900              -2.3290              -8.5850
157  O                3.6050              -8.2400              -3.7140
158  H                3.6990              -9.2110              -3.6310
159  H                2.6580              -8.0090              -3.7930
160  O                1.1630              -6.8402               2.9950
161  H                1.2332              -6.1930               3.7272
162  H                0.6659              -6.4390               2.2526
163  O                5.8430              -5.4830              -3.7520
164  H                6.6950              -5.7250              -3.3360
165  H                5.9250              -5.5500              -4.7250
166  O               -2.0340               5.7110              -8.1540
167  H               -2.0320               4.8170              -7.7550
168  H               -2.4380               6.3460              -7.5280
169  O                1.8351               3.8889               1.2840
170  H                2.2951               3.0276               1.3640
171  H                2.3729               4.5874               1.7112
172  O               -3.5740               7.0060               6.8290
173  H               -4.0120               6.7070               7.6520
174  H               -4.1800               6.8760               6.0710
175  O               -4.4560              -0.2320              -7.6370
176  H               -4.1480               0.2960              -6.8720
177  H               -5.1810              -0.8260              -7.3520
178  O                1.6279               1.4531              -6.0069
179  H                2.0531               2.3251              -5.8803
180  H                0.9568               1.3119              -5.3089
181  O                8.7740              -0.8320              -3.2190
182  H                8.9160              -0.4590              -2.3250
183  H                8.5580              -1.7840              -3.1450
184  O                0.8900               6.0620              -4.3660
185  H               -0.0540               5.9700              -4.1240
186  H                0.9690               6.1850              -5.3340
187  O                5.8990               6.0660              -3.7200
188  H                5.4890               6.8250              -4.1820
189  H                6.8090               6.3030              -3.4470
190  O                3.5140              -8.2400               3.1370
191  H                3.5440              -8.7330               2.2910
192  H                2.7050              -7.6900               3.1650
193  O               -5.1793               4.6600               0.4181
194  H               -5.8884               4.8549               1.0644
195  H               -5.3678               5.1231              -0.4245
196  O                3.6953              -4.3718              -2.6682
197  H                3.5427              -4.0940              -1.7416
198  H                4.5932              -4.7530              -2.7521
199  O                1.2832               3.2600               4.7658
200  H                0.4487               3.2698               5.2781
201  H                1.7971               4.0704               4.9621
202  O                4.3850               0.0540              -8.8480
203  H                3.4640               0.1470              -8.5300
204  H                4.4550              -0.7400              -9.4160
205  O                6.4270               6.2700               2.5760
206  H                6.9260               5.5780               3.0550
207  H                6.8200               7.1460               2.7660
208  O               -7.4870               1.0680               6.3810
209  H               -6.7120               1.6580               6.4800
210  H               -7.2220               0.2600               5.8970
211  O                3.1868              -3.6779               3.4700
212  H                2.4507              -4.1110               3.9491
213  H                3.3553              -4.1541               2.6307
214  O                2.2009               0.8084               4.9618
215  H                3.1311               0.8338               5.2660
216  H                1.9029               1.7150               4.7440
217  O               -2.6960               7.9570              -0.0140
218  H               -2.4950               8.9020               0.1440
219  H               -3.3190               7.8760              -0.7640
220  O                2.9678              -4.8740               0.9100
221  H                2.7791              -4.2407               0.1877
222  H                2.8591              -5.7894               0.5792
223  O               -6.3230              -4.3380              -1.1030
224  H               -7.1480              -3.8950              -0.8180
225  H               -5.9300              -3.8450              -1.8510
226  O               -5.1230               7.0030               4.5650
227  H               -5.3730               7.9380               4.4190
228  H               -4.4830               6.7250               3.8790
229  O               -3.0182              -6.4241              -2.6820
230  H               -2.7241              -5.7540              -3.3323
231  H               -2.2460              -6.7421              -2.1698
232  O                5.3370              -6.1560               6.8700
233  H                4.9710              -5.3760               6.4040
234  H                4.6250              -6.5960               7.3790
235  O                0.6603              -3.0277              -6.0560
236  H                0.7368              -3.4163              -6.9523
237  H                1.5040              -3.1481              -5.5748
238  O               -5.1940               5.7680              -5.8600
239  H               -6.0340               6.1790              -5.5690
240  H               -5.3680               4.8610              -6.1840
241  O               -5.3297               1.4107              -0.9107
242  H               -4.9971               2.3304              -0.8541
243  H               -4.8592               0.8518              -0.2603
244  O               -4.8530               2.3620               7.0540
245  H               -4.5230               2.6560               6.1820
246  H               -4.4560               1.4960               7.2780
247  O               -8.4720              -3.3300              -3.2590
248  H               -7.5310              -3.0700              -3.3410
249  H               -8.6720              -3.5430              -2.3250
250  O                5.7680              -4.7100               1.7520
251  H                4.8880              -4.8170               1.3360
252  H                6.1950              -5.5860               1.8430
253  O                1.4711               6.7840              -1.7882
254  H                1.1840               6.6722              -2.7170
255  H                1.0219               6.1210              -1.2246
256  O                8.5400               1.5770              -4.5460
257  H                8.6340               0.7240              -4.0760
258  H                7.5980               1.8450              -4.5500
259  O               -3.8927               0.5338               3.5629
260  H               -4.0892               1.4920               3.5949
261  H               -3.4340               0.2680               4.3873
262  O                7.3170              -4.0800               4.0790
263  H                7.6990              -3.1790               4.0780
264  H                6.7980              -4.2140               3.2590
265  O               -5.3770              -4.7710               5.6630
266  H               -4.8560              -5.6000               5.6310
267  H               -5.3990              -4.3650               4.7720
268  O               -2.5530              -4.6112               4.3015
269  H               -2.0612              -5.1562               4.9480
270  H               -1.9540              -3.9368               3.9186
271  O                3.3985              -0.9517               3.1825
272  H                3.5103              -1.8851               3.4590
273  H                2.9140              -0.4620               3.8782
274  O                6.8160              -2.9330              -3.2960
275  H                6.3570              -3.7460              -3.5880
276  H                6.7300              -2.2440              -3.9860
277  O               -3.5361               6.7091               2.4140
278  H               -2.7101               6.5350               2.9103
279  H               -3.3161               7.0411               1.5198
280  O                7.1270               3.8020              -6.6310
281  H                6.7130               3.6430              -5.7590
282  H                7.8480               4.4560              -6.5360
283  O               -0.8559              -4.5306              -0.0161
284  H               -0.6219              -3.7047              -0.4869
285  H               -1.0502              -5.2352              -0.6680
286  O               -3.3262               4.6759              -2.2892
287  H               -4.0434               5.2883              -2.0260
288  H               -2.8449               4.3761              -1.4921
289  O               -5.2680              -6.8240              -1.1250
290  H               -4.5450              -6.6990              -1.7720
291  H               -5.7970              -6.0030              -1.0630
292  O               -1.7010               0.5610              -8.1790
293  H               -2.5540               0.2690              -8.5610
294  H               -1.2970              -0.1790              -7.6810
295  O                6.3220               6.9670              -0.5040
296  H                7.1460               6.6640              -0.9350
297  H                6.2660               6.5890               0.3970
298  O               -5.5360               3.2760              -7.1090
299  H               -5.8470               3.5480              -7.9960
300  H               -6.2450               2.7800              -6.6520
301  O               -0.3000               5.8710               8.2390
302  H               -0.9910               5.9480               8.9280
303  H               -0.5750               6.3720               7.4440
304  O                5.7496              -0.9179               1.8450
305  H                4.8521              -0.8570               2.2298
306  H                6.3684              -1.2760               2.5130
307  O                1.7390               0.3670              -8.4020
308  H                1.6820               1.0200              -7.6750
309  H                1.2800               0.7180              -9.1920
310  O                3.5732               5.8250               2.5519
311  H                4.4880               6.1652               2.6149
312  H                3.2118               5.6899               3.4521
313  O               -3.9960              -8.2490              -4.3940
314  H               -3.3550              -8.3530              -5.1270
315  H               -3.7430              -7.4790              -3.8460
316  O                6.4111               1.5199              -1.9168
317  H                6.5853               0.6058              -2.2212
318  H                5.5117               1.5703              -1.5330
319  O               -4.8709              -3.2380               2.7890
320  H               -4.9124              -3.1380               1.8157
321  H               -3.9797              -3.5500               3.0482
322  O                2.1780              -5.5980              -6.4430
323  H                2.6580              -6.4230              -6.2250
324  H                2.7410              -4.8270              -6.2260
325  O               -5.4730              -0.2597              -3.2279
326  H               -5.5242               0.4050              -2.5120
327  H               -4.6910              -0.0793              -3.7881
328  O               -8.0800               2.1510              -0.6340
329  H               -8.2720               2.8780              -0.0070
330  H               -7.1420               1.8850              -0.5480
331  O                6.6620              -1.7900              -5.9060
332  H                6.6090              -0.8260              -6.0630
333  H                6.1870              -2.2640              -6.6190
334  O               -0.9850               3.6420               7.1090
335  H               -1.5620               3.8600               6.3500
336  H               -0.7210               4.4660               7.5660
337  O               -9.1370              -0.3050              -0.4640
338  H               -8.7870               0.5800              -0.6930
339  H               -8.9590              -0.4930               0.4800
340  O                3.0900               5.2190               5.2820
341  H                2.5940               5.4000               6.1060
342  H                4.0490               5.3300               5.4480
343  O                0.0470              -3.2670               7.0350
344  H                0.3780              -2.4050               6.7090
345  H               -0.1690              -3.1950               7.9860
346  O                4.2590               9.3720               0.7440
347  H                3.6360               8.6470               0.5360
348  H                5.1650               9.0100               0.8270
349  O               -1.6638              -1.5590              -5.1991
350  H               -1.1143              -1.0198              -4.5959
351  H               -1.1253              -2.2863              -5.5710
352  O                7.8620              -1.2310               3.9200
353  H                8.6110              -1.2250               3.2910
354  H                7.5530              -0.3140               4.0680
355  O               -8.8890              -3.2870              -0.5910
356  H               -9.3680              -3.5180               0.2300
357  H               -8.7270              -2.3220              -0.6160
358  O                0.9840               9.7360              -0.6030
359  H                1.7130              10.3410              -0.3590
360  H                1.2160               8.8220              -0.3410
361  O               -7.6880              -3.4170               2.8070
362  H               -6.7420              -3.6520               2.7110
363  H               -8.2410              -4.1960               2.5930
364  O                5.4898              -1.7840              -0.8870
365  H                5.7470              -1.3848              -0.0298
366  H                6.2762              -2.1932              -1.3041
367  O                2.2470               4.9460               7.8180
368  H                1.3430               5.2440               8.0470
369  H                2.6470               4.4920               8.5870
370  O               -4.5370               3.1749               3.6859
371  H               -5.2892               3.6320               3.2579
372  H               -3.9279               3.8383               4.0702
373  O               -0.1357               2.8470              -2.8297
374  H               -0.8612               3.1480              -3.4142
375  H               -0.0859               3.4291              -2.0448
376  O               -1.3650              -8.3390               4.7520
377  H               -1.0870              -7.5140               5.2010
378  H               -1.1210              -8.2930               3.8040
379  O               -3.9041               0.0708               0.9348
380  H               -4.1128              -0.8636               0.7265
381  H               -3.8680               0.1901               1.9060
382  O               -5.3400              -3.0901              -3.2290
383  H               -5.0660              -3.4060              -4.1142
384  H               -5.0478              -2.1629              -3.1088
385  O                8.1530              -2.1530               6.8230
386  H                8.6750              -1.3540               7.0440
387  H                7.4320              -1.9120               6.2080
388  O               -3.0930               7.2570              -6.2990
389  H               -3.9790               6.8950              -6.0950
390  H               -3.0730               8.2120              -6.0820
391  O               -6.8920               4.0630               2.9640
392  H               -7.2780               4.2210               3.8490
393  H               -7.5520               4.2820               2.2760
394  O               -3.7290              -1.9200              -9.3900
395  H               -4.5000              -2.5030              -9.5440
396  H               -3.8960              -1.3590              -8.6060
397  O               -8.4980              -0.8530               2.1950
398  H               -8.3840              -1.8160               2.3310
399  H               -7.7480              -0.3750               2.6050
400  O               -2.5058               4.2335               0.1163
401  H               -1.9576               3.8872               0.8493
402  H               -3.4092               4.4191               0.4439
403  O               -2.3818               3.0669              -4.3420
404  H               -2.9931               3.6301              -3.8239
405  H               -2.5762               3.1668              -5.2961
406  O                6.3798               1.6958               1.8320
407  H                6.7522               1.8863               2.7174
408  H                6.2921               0.7279               1.7158
409  O                1.2131              -5.3099              -3.1229
410  H                2.1531              -5.1539              -2.8977
411  H                1.1458              -5.6142              -4.0513
412  O               -1.3610              -2.9310              -8.8440
413  H               -1.4180              -3.8970              -8.6990
414  H               -2.2530              -2.5780              -9.0400
415  O                3.2700              -7.1010              -0.9270
416  H                3.2410              -7.3860              -1.8630
417  H                3.7610              -7.7630              -0.3990
418  O                8.0680              -3.1330               1.3610
419  H                7.3240              -3.7590               1.4770
420  H                7.7180              -2.2230               1.2750
421  O                2.1854               7.5690               1.1751
422  H                2.6832               6.8889               1.6730
423  H                1.2256               7.3861               1.2420
424  O                6.1030               0.8790              -6.8580
425  H                5.6980               0.6640              -7.7230
426  H                6.6100               1.7130              -6.9340
427  O               -0.5420               7.5090               1.5260
428  H               -1.2980               7.2600               0.9560
429  H               -0.6710               8.4190               1.8620
430  O                3.2262              -2.9268              -4.9331
431  H                3.3918              -1.9728              -4.7899
432  H                3.4731              -3.4264              -4.1280
433  O               -4.1690              -7.8160               1.1140
434  H               -3.2700              -7.5280               1.3740
435  H               -4.4150              -7.3920               0.2680
436  O               -4.6790              -2.4752               0.1131
437  H               -5.1949              -3.2679              -0.1417
438  H               -4.0814              -2.2245              -0.6210
439  O               -0.4770              -6.6650              -1.6309
440  H                0.0579              -6.1678              -2.2842
441  H               -0.0068              -7.4863              -1.3808
442  O               -0.9900              -5.7690               6.2680
443  H               -0.5980              -4.9820               6.6980
444  H               -1.5610              -6.2400               6.9080
445  O               -2.2541              -4.4028              -4.4880
446  H               -1.9378              -3.5158              -4.2218
447  H               -3.0091              -4.3103              -5.1041
448  O               -2.3162              -1.0102               5.3660
449  H               -3.0091              -1.0559               6.0572
450  H               -1.4357              -0.9570               5.7911
451  O               -6.8890              -1.2280               5.2890
452  H               -6.4720              -1.1090               4.4130
453  H               -7.6190              -1.8760               5.2180
454  O                6.9950               1.4920               4.4780
455  H                7.6650               1.9060               5.0600
456  H                6.1520               1.4000               4.9670
457  O                0.0130               1.3370             -10.2250
458  H               -0.7300               1.1410              -9.6180
459  H               -0.3130               1.8750             -10.9760
460  O                0.9840              -9.0140              -0.6030
461  H                1.7130              -8.4090              -0.3590
462  H                1.2160              -9.9280              -0.3410
463  O               -9.4340               3.8400              -2.7930
464  H               -9.7250               3.2070              -3.4810
465  H               -8.8280               3.3900              -2.1710


Energy:                -11699.863637 Convergence criteria  Is converged 
Maximum Force:             0.151123     0.002850                No
RMS Force:                 0.018761     0.001900                No
Maximum Displacement:      0.002088     0.003150                Yes
RMS Displacement:          0.000262     0.002100                Yes

----------------------------------------------------------------------
                             Iteration: 2                             


                             Coordinates                              
----------------------------------------------------------------------
0    C               -1.0914              -0.8570               0.3101
1    C                1.0062               0.2391              -0.0115
2    C               -1.3145               1.5995               0.8272
3    C                1.6663              -0.2474               1.2233
4    C                1.9222               0.5928              -1.0686
5    N               -0.0100              -0.6992              -0.5001
6    N               -2.2396              -1.2435              -0.2570
7    O               -1.9962               1.8346              -0.4196
8    H               -2.5569               1.0383              -0.4763
9    H               -0.2786              -0.4998              -1.4688
10   H               -0.9141              -1.1930               1.3261
11   H                0.3889               1.0794               0.2731
12   H               -2.8285              -1.8840               0.2596
13   H               -2.3326              -1.3361              -1.2547
14   H               -0.6582               2.4962               0.9862
15   H               -1.9527               1.4665               1.6749
16   H                2.4505               0.4499               1.5072
17   H                1.4203               0.8979              -1.9834
18   H                2.1264              -1.2262               1.1260
19   H                0.9721              -0.2805               2.0647
20   H                2.5392               1.4653              -0.8105
21   H                2.6202              -0.1929              -1.3449
22   O                9.9320               4.3700               1.0660
23   H                9.8250               5.2520               0.6530
24   H                9.0550               4.0280               1.3360
25   O                9.5460              -0.3050              -0.4640
26   H                9.8960               0.5800              -0.6930
27   H                9.7240              -0.4930               0.4800
28   O                1.3300              -2.4830               9.7330
29   H                1.7780              -1.6230               9.5990
30   H                0.3900              -2.3290               9.9570
31   O                1.7390               0.3670              10.1400
32   H                1.6820               1.0200              10.8670
33   H                1.2800               0.7180               9.3500
34   O                0.6940               5.8610              -7.0250
35   H                1.4000               5.2620              -7.3430
36   H               -0.0450               5.8630              -7.6670
37   O               -4.6910              -4.1640              -5.9210
38   H               -5.2680              -3.4380              -6.2340
39   H               -5.0970              -5.0250              -6.1500
40   O                3.8990               8.1850              -2.6140
41   H                2.9870               7.8280              -2.6370
42   H                4.5030               7.5110              -2.2410
43   O               -0.0264              -2.9819              -1.9423
44   H                0.4433              -3.6643              -2.4186
45   H                0.5968              -2.3318              -1.5783
46   O               -0.4820               8.8170              -3.0250
47   H                0.0230               8.6790              -2.1980
48   H               -0.8290               7.9580              -3.3420
49   O                3.0010               4.5500              -7.9590
50   H                3.8390               4.8940              -8.3310
51   H                3.1410               4.2950              -7.0240
52   O               -1.6510               6.3720              -3.8680
53   H               -2.0960               6.4270              -4.7380
54   H               -2.0930               5.6930              -3.3180
55   O               -0.0002               4.5968              -0.8101
56   H                0.4525               4.1310              -0.0785
57   H               -0.8625               4.8569              -0.5266
58   O               -2.9840              -5.3840              -8.0500
59   H               -3.8830              -5.0990              -7.7870
60   H               -2.5920              -5.9290              -7.3370
61   O               -1.9183              -6.0718               1.9042
62   H               -1.5789              -5.4813               1.2164
63   H               -2.1084              -5.5356               2.6885
64   O               -0.9733               6.0710               3.7204
65   H               -0.8336               6.6949               4.4499
66   H               -0.4374               6.3653               2.9656
67   O               -8.7510               4.3700               1.0660
68   H               -8.8580               5.2520               0.6530
69   H               -9.6280               4.0280               1.3360
70   O               -4.5190              -0.8900               6.7620
71   H               -5.4180              -1.2220               6.5630
72   H               -4.1970              -1.2960               7.5910
73   O                5.7900               3.3930              -4.1560
74   H                5.8410               2.7790              -3.3960
75   H                5.8340               4.3170              -3.8340
76   O               -3.2632               0.6500              -4.8950
77   H               -2.7741               1.4482              -4.5902
78   H               -2.6296              -0.0683              -5.0129
79   O                4.6770               0.8830               5.9830
80   H                4.7460               1.6330               6.6090
81   H                4.6300               0.0440               6.4840
82   O                8.1530               4.3360               3.6220
83   H                9.0970               4.5810               3.5380
84   H                8.0700               3.5560               4.2070
85   O               -7.6570              -0.6450              -4.8860
86   H               -6.9570              -0.4550              -4.2300
87   H               -8.4970              -0.8380              -4.4210
88   O               -6.4830               6.8240               1.6640
89   H               -5.5980               7.2400               1.6300
90   H               -6.5880               6.3470               2.5120
91   O                4.1391               4.6834              -1.6342
92   H                4.8719               5.2433              -1.8929
93   H                3.3582               5.2500              -1.5996
94   O                7.3960               3.6770               0.0630
95   H                7.6970               3.3440              -0.8080
96   H                6.9180               2.9670               0.5360
97   O                2.8846               0.2465              -3.2110
98   H                3.2319               0.9313              -2.6222
99   H                3.3802               0.1536              -3.9701
100  O                0.9440              -8.1150              -4.4250
101  H                0.4430              -8.8180              -3.9630
102  H                0.3190              -7.5180              -4.8850
103  O                3.1797               3.7847              -5.2162
104  H                2.7728               4.3737              -4.5616
105  H                4.1255               3.7055              -4.9834
106  O               -1.0960              -8.4370               0.8960
107  H               -1.2710              -7.5200               1.1900
108  H               -0.2060              -8.4860               0.4920
109  O               -1.8913               3.7251               4.4858
110  H               -1.6714               4.6529               4.2855
111  H               -1.6424               3.2389               3.6800
112  O               -6.5575               1.0047               2.9213
113  H               -6.4275               1.9349               3.0808
114  H               -5.7127               0.5695               3.0073
115  O                5.0400              -3.7010               5.5380
116  H                5.9780              -3.8170               5.2850
117  H                4.4870              -3.6630               4.7310
118  O                3.8950              -1.4120               7.2920
119  H                2.9250              -1.2740               7.2910
120  H                4.1040              -2.2570               6.8430
121  O               -0.0124               0.2629              -3.8158
122  H               -0.1942               1.1316              -3.3635
123  H                0.9419               0.0936              -3.6399
124  O                0.0130               1.3370               8.3160
125  H               -0.7300               1.1410               8.9240
126  H               -0.3130               1.8750               7.5650
127  O                0.7735              -0.7003               6.7144
128  H                0.6075               0.0778               7.2809
129  H                1.2041              -0.3578               5.9073
130  O               -0.4700              -6.3650              -5.9640
131  H               -0.9470              -5.6350              -5.5210
132  H                0.3640              -6.0250              -6.3490
133  O                5.1830               2.2470               8.2420
134  H                4.7110               1.6030               8.8070
135  H                6.1480               2.1100               8.3260
136  O               -0.8890               7.7400               5.8660
137  H               -0.7750               8.5750               5.3680
138  H               -1.8230               7.6510               6.1440
139  O                4.0032              -0.3344              -5.4165
140  H                4.7650               0.0256              -5.9025
141  H                3.2152              -0.0926              -5.9018
142  O               -6.4130              -2.4200              -6.8710
143  H               -6.9220              -2.5810              -7.6920
144  H               -6.9370              -1.8520              -6.2700
145  O               -2.6770               3.1000              -7.3070
146  H               -2.2840               2.3360              -7.7760
147  H               -3.6220               2.9190              -7.1250
148  O               -5.5790               6.2570              -1.7830
149  H               -5.2490               7.1780              -1.7660
150  H               -5.8550               6.0270              -2.6940
151  O                1.7160              -5.0560               5.2610
152  H                2.1670              -5.6810               5.8630
153  H                1.0790              -4.5140               5.7680
154  O                1.3300              -2.4830              -8.8090
155  H                1.7780              -1.6230              -8.9430
156  H                0.3900              -2.3290              -8.5850
157  O                3.6050              -8.2400              -3.7140
158  H                3.6990              -9.2110              -3.6310
159  H                2.6580              -8.0090              -3.7930
160  O                1.1658              -6.8306               2.9940
161  H                1.2156              -6.1895               3.7108
162  H                0.6657              -6.4360               2.2785
163  O                5.8430              -5.4830              -3.7520
164  H                6.6950              -5.7250              -3.3360
165  H                5.9250              -5.5500              -4.7250
166  O               -2.0340               5.7110              -8.1540
167  H               -2.0320               4.8170              -7.7550
168  H               -2.4380               6.3460              -7.5280
169  O                1.8171               3.8957               1.2783
170  H                2.2894               3.0575               1.3674
171  H                2.3856               4.5586               1.6954
172  O               -3.5740               7.0060               6.8290
173  H               -4.0120               6.7070               7.6520
174  H               -4.1800               6.8760               6.0710
175  O               -4.4560              -0.2320              -7.6370
176  H               -4.1480               0.2960              -6.8720
177  H               -5.1810              -0.8260              -7.3520
178  O                1.6402               1.4441              -6.0138
179  H                2.0470               2.3148              -5.8537
180  H                0.9706               1.3223              -5.3201
181  O                8.7740              -0.8320              -3.2190
182  H                8.9160              -0.4590              -2.3250
183  H                8.5580              -1.7840              -3.1450
184  O                0.8900               6.0620              -4.3660
185  H               -0.0540               5.9700              -4.1240
186  H                0.9690               6.1850              -5.3340
187  O                5.8990               6.0660              -3.7200
188  H                5.4890               6.8250              -4.1820
189  H                6.8090               6.3030              -3.4470
190  O                3.5140              -8.2400               3.1370
191  H                3.5440              -8.7330               2.2910
192  H                2.7050              -7.6900               3.1650
193  O               -5.1475               4.6517               0.4121
194  H               -5.8567               4.8651               1.0306
195  H               -5.3858               5.1200              -0.3900
196  O                3.6720              -4.3929              -2.6640
197  H                3.5708              -4.0871              -1.7652
198  H                4.5728              -4.7506              -2.7446
199  O                1.2705               3.2559               4.7728
200  H                0.4609               3.2842               5.2741
201  H                1.7898               4.0424               4.9584
202  O                4.3850               0.0540              -8.8480
203  H                3.4640               0.1470              -8.5300
204  H                4.4550              -0.7400              -9.4160
205  O                6.4270               6.2700               2.5760
206  H                6.9260               5.5780               3.0550
207  H                6.8200               7.1460               2.7660
208  O               -7.4870               1.0680               6.3810
209  H               -6.7120               1.6580               6.4800
210  H               -7.2220               0.2600               5.8970
211  O                3.2059              -3.6788               3.4762
212  H                2.4734              -4.1154               3.9381
213  H                3.3316              -4.1495               2.6489
214  O                2.2040               0.7810               4.9741
215  H                3.1278               0.8550               5.2702
216  H                1.9123               1.7075               4.7492
217  O               -2.6960               7.9570              -0.0140
218  H               -2.4950               8.9020               0.1440
219  H               -3.3190               7.8760              -0.7640
220  O                2.9923              -4.8724               0.9179
221  H                2.7707              -4.2644               0.2067
222  H                2.8528              -5.7611               0.5632
223  O               -6.3230              -4.3380              -1.1030
224  H               -7.1480              -3.8950              -0.8180
225  H               -5.9300              -3.8450              -1.8510
226  O               -5.1230               7.0030               4.5650
227  H               -5.3730               7.9380               4.4190
228  H               -4.4830               6.7250               3.8790
229  O               -3.0092              -6.4176              -2.6829
230  H               -2.7116              -5.7478              -3.3099
231  H               -2.2423              -6.7322              -2.1864
232  O                5.3370              -6.1560               6.8700
233  H                4.9710              -5.3760               6.4040
234  H                4.6250              -6.5960               7.3790
235  O                0.6374              -3.0497              -6.0441
236  H                0.7584              -3.3961              -6.9326
237  H                1.4983              -3.1367              -5.5923
238  O               -5.1940               5.7680              -5.8600
239  H               -6.0340               6.1790              -5.5690
240  H               -5.3680               4.8610              -6.1840
241  O               -5.3494               1.4168              -0.9242
242  H               -4.9841               2.3062              -0.8439
243  H               -4.8531               0.8757              -0.2409
244  O               -4.8530               2.3620               7.0540
245  H               -4.5230               2.6560               6.1820
246  H               -4.4560               1.4960               7.2780
247  O               -8.4720              -3.3300              -3.2590
248  H               -7.5310              -3.0700              -3.3410
249  H               -8.6720              -3.5430              -2.3250
250  O                5.7680              -4.7100               1.7520
251  H                4.8880              -4.8170               1.3360
252  H                6.1950              -5.5860               1.8430
253  O                1.4614               6.7927              -1.7794
254  H                1.1871               6.6528              -2.7102
255  H                1.0250               6.1177              -1.2525
256  O                8.5400               1.5770              -4.5460
257  H                8.6340               0.7240              -4.0760
258  H                7.5980               1.8450              -4.5500
259  O               -3.9184               0.5437               3.5660
260  H               -4.0755               1.4954               3.6075
261  H               -3.4294               0.2646               4.3607
262  O                7.3170              -4.0800               4.0790
263  H                7.6990              -3.1790               4.0780
264  H                6.7980              -4.2140               3.2590
265  O               -5.3770              -4.7710               5.6630
266  H               -4.8560              -5.6000               5.6310
267  H               -5.3990              -4.3650               4.7720
268  O               -2.5557              -4.6129               4.2676
269  H               -2.0529              -5.1315               4.9396
270  H               -1.9477              -3.9449               3.9499
271  O                3.4467              -0.9632               3.2165
272  H                3.4857              -1.8860               3.4619
273  H                2.9146              -0.4638               3.8585
274  O                6.8160              -2.9330              -3.2960
275  H                6.3570              -3.7460              -3.5880
276  H                6.7300              -2.2440              -3.9860
277  O               -3.5287               6.6955               2.4173
278  H               -2.6964               6.5359               2.8846
279  H               -3.3068               7.0328               1.5377
280  O                7.1270               3.8020              -6.6310
281  H                6.7130               3.6430              -5.7590
282  H                7.8480               4.4560              -6.5360
283  O               -0.8642              -4.5544              -0.0031
284  H               -0.6307              -3.7379              -0.4957
285  H               -1.0313              -5.2217              -0.6737
286  O               -3.3034               4.6801              -2.2785
287  H               -4.0157               5.2668              -2.0235
288  H               -2.8513               4.3672              -1.4822
289  O               -5.2680              -6.8240              -1.1250
290  H               -4.5450              -6.6990              -1.7720
291  H               -5.7970              -6.0030              -1.0630
292  O               -1.7010               0.5610              -8.1790
293  H               -2.5540               0.2690              -8.5610
294  H               -1.2970              -0.1790              -7.6810
295  O                6.3220               6.9670              -0.5040
296  H                7.1460               6.6640              -0.9350
297  H                6.2660               6.5890               0.3970
298  O               -5.5360               3.2760              -7.1090
299  H               -5.8470               3.5480              -7.9960
300  H               -6.2450               2.7800              -6.6520
301  O               -0.3000               5.8710               8.2390
302  H               -0.9910               5.9480               8.9280
303  H               -0.5750               6.3720               7.4440
304  O                5.7680              -0.9185               1.8398
305  H                4.8579              -0.8564               2.2447
306  H                6.3444              -1.2766               2.5213
307  O                1.7390               0.3670              -8.4020
308  H                1.6820               1.0200              -7.6750
309  H                1.2800               0.7180              -9.1920
310  O                3.5621               5.8263               2.5559
311  H                4.4822               6.1477               2.6191
312  H                3.2297               5.6988               3.4510
313  O               -3.9960              -8.2490              -4.3940
314  H               -3.3550              -8.3530              -5.1270
315  H               -3.7430              -7.4790              -3.8460
316  O                6.4076               1.5351              -1.9362
317  H                6.5621               0.6184              -2.2065
318  H                5.5315               1.5483              -1.5337
319  O               -4.8841              -3.2332               2.7945
320  H               -4.8785              -3.1366               1.8374
321  H               -4.0045              -3.5540               3.0346
322  O                2.1780              -5.5980              -6.4430
323  H                2.6580              -6.4230              -6.2250
324  H                2.7410              -4.8270              -6.2260
325  O               -5.4717              -0.2774              -3.2336
326  H               -5.5048               0.4018              -2.5171
327  H               -4.6874              -0.0496              -3.7786
328  O               -8.0800               2.1510              -0.6340
329  H               -8.2720               2.8780              -0.0070
330  H               -7.1420               1.8850              -0.5480
331  O                6.6620              -1.7900              -5.9060
332  H                6.6090              -0.8260              -6.0630
333  H                6.1870              -2.2640              -6.6190
334  O               -0.9850               3.6420               7.1090
335  H               -1.5620               3.8600               6.3500
336  H               -0.7210               4.4660               7.5660
337  O               -9.1370              -0.3050              -0.4640
338  H               -8.7870               0.5800              -0.6930
339  H               -8.9590              -0.4930               0.4800
340  O                3.0900               5.2190               5.2820
341  H                2.5940               5.4000               6.1060
342  H                4.0490               5.3300               5.4480
343  O                0.0470              -3.2670               7.0350
344  H                0.3780              -2.4050               6.7090
345  H               -0.1690              -3.1950               7.9860
346  O                4.2590               9.3720               0.7440
347  H                3.6360               8.6470               0.5360
348  H                5.1650               9.0100               0.8270
349  O               -1.6796              -1.5626              -5.1863
350  H               -1.0852              -1.0388              -4.6052
351  H               -1.1034              -2.2568              -5.5698
352  O                7.8620              -1.2310               3.9200
353  H                8.6110              -1.2250               3.2910
354  H                7.5530              -0.3140               4.0680
355  O               -8.8890              -3.2870              -0.5910
356  H               -9.3680              -3.5180               0.2300
357  H               -8.7270              -2.3220              -0.6160
358  O                0.9840               9.7360              -0.6030
359  H                1.7130              10.3410              -0.3590
360  H                1.2160               8.8220              -0.3410
361  O               -7.6880              -3.4170               2.8070
362  H               -6.7420              -3.6520               2.7110
363  H               -8.2410              -4.1960               2.5930
364  O                5.4955              -1.7846              -0.8864
365  H                5.7480              -1.4016              -0.0391
366  H                6.2649              -2.1827              -1.2986
367  O                2.2470               4.9460               7.8180
368  H                1.3430               5.2440               8.0470
369  H                2.6470               4.4920               8.5870
370  O               -4.5391               3.1762               3.6912
371  H               -5.2726               3.6345               3.2643
372  H               -3.9293               3.8194               4.0522
373  O               -0.1537               2.8427              -2.8444
374  H               -0.8529               3.1548              -3.4032
375  H               -0.0934               3.4188              -2.0608
376  O               -1.3650              -8.3390               4.7520
377  H               -1.0870              -7.5140               5.2010
378  H               -1.1210              -8.2930               3.8040
379  O               -3.9801               0.1003               0.9498
380  H               -4.1312              -0.8217               0.7667
381  H               -3.8662               0.1816               1.9092
382  O               -5.3415              -3.0831              -3.2274
383  H               -5.0626              -3.4061              -4.0956
384  H               -5.0626              -2.1662              -3.1240
385  O                8.1530              -2.1530               6.8230
386  H                8.6750              -1.3540               7.0440
387  H                7.4320              -1.9120               6.2080
388  O               -3.0930               7.2570              -6.2990
389  H               -3.9790               6.8950              -6.0950
390  H               -3.0730               8.2120              -6.0820
391  O               -6.8920               4.0630               2.9640
392  H               -7.2780               4.2210               3.8490
393  H               -7.5520               4.2820               2.2760
394  O               -3.7290              -1.9200              -9.3900
395  H               -4.5000              -2.5030              -9.5440
396  H               -3.8960              -1.3590              -8.6060
397  O               -8.4980              -0.8530               2.1950
398  H               -8.3840              -1.8160               2.3310
399  H               -7.7480              -0.3750               2.6050
400  O               -2.5156               4.2785               0.0921
401  H               -1.9937               3.8712               0.8147
402  H               -3.3977               4.4099               0.4579
403  O               -2.3944               3.0727              -4.3436
404  H               -2.9890               3.6229              -3.8260
405  H               -2.5599               3.1840              -5.2913
406  O                6.3936               1.7095               1.8217
407  H                6.7381               1.8667               2.6978
408  H                6.2857               0.7399               1.7308
409  O                1.2035              -5.3171              -3.1193
410  H                2.1459              -5.1586              -2.9207
411  H                1.1593              -5.5976              -4.0349
412  O               -1.3610              -2.9310              -8.8440
413  H               -1.4180              -3.8970              -8.6990
414  H               -2.2530              -2.5780              -9.0400
415  O                3.2700              -7.1010              -0.9270
416  H                3.2410              -7.3860              -1.8630
417  H                3.7610              -7.7630              -0.3990
418  O                8.0680              -3.1330               1.3610
419  H                7.3240              -3.7590               1.4770
420  H                7.7180              -2.2230               1.2750
421  O                2.1678               7.5683               1.1668
422  H                2.6673               6.8967               1.6669
423  H                1.2454               7.3772               1.2397
424  O                6.1030               0.8790              -6.8580
425  H                5.6980               0.6640              -7.7230
426  H                6.6100               1.7130              -6.9340
427  O               -0.5420               7.5090               1.5260
428  H               -1.2980               7.2600               0.9560
429  H               -0.6710               8.4190               1.8620
430  O                3.2098              -2.9424              -4.9316
431  H                3.4109              -1.9955              -4.7987
432  H                3.4672              -3.3967              -4.1239
433  O               -4.1690              -7.8160               1.1140
434  H               -3.2700              -7.5280               1.3740
435  H               -4.4150              -7.3920               0.2680
436  O               -4.6887              -2.4707               0.1093
437  H               -5.1978              -3.2744              -0.1696
438  H               -4.1262              -2.2612              -0.6323
439  O               -0.4802              -6.6579              -1.6361
440  H                0.0732              -6.1879              -2.2698
441  H               -0.0249              -7.4640              -1.3950
442  O               -0.9900              -5.7690               6.2680
443  H               -0.5980              -4.9820               6.6980
444  H               -1.5610              -6.2400               6.9080
445  O               -2.2448              -4.4221              -4.4916
446  H               -1.9562              -3.5289              -4.2361
447  H               -2.9995              -4.2883              -5.0941
448  O               -2.3055              -0.9944               5.3625
449  H               -2.9999              -1.0630               6.0392
450  H               -1.4503              -0.9560               5.7894
451  O               -6.8890              -1.2280               5.2890
452  H               -6.4720              -1.1090               4.4130
453  H               -7.6190              -1.8760               5.2180
454  O                6.9950               1.4920               4.4780
455  H                7.6650               1.9060               5.0600
456  H                6.1520               1.4000               4.9670
457  O                0.0130               1.3370             -10.2250
458  H               -0.7300               1.1410              -9.6180
459  H               -0.3130               1.8750             -10.9760
460  O                0.9840              -9.0140              -0.6030
461  H                1.7130              -8.4090              -0.3590
462  H                1.2160              -9.9280              -0.3410
463  O               -9.4340               3.8400              -2.7930
464  H               -9.7250               3.2070              -3.4810
465  H               -8.8280               3.3900              -2.1710


Energy:                -11699.963137 Convergence criteria  Is converged 
Maximum Force:             0.104993     0.002850                No
RMS Force:                 0.014857     0.001900                No
Maximum Displacement:      0.120068     0.003150                No
RMS Displacement:          0.019764     0.002100                No

----------------------------------------------------------------------
                             Iteration: 3                             


                             Coordinates                              
----------------------------------------------------------------------
0    C               -1.0810              -0.8189               0.3143
1    C                0.9947               0.2424               0.0085
2    C               -1.3360               1.5860               0.8253
3    C                1.6608              -0.2474               1.2236
4    C                1.9169               0.5991              -1.0347
5    N               -0.0016              -0.6877              -0.4957
6    N               -2.1935              -1.2785              -0.2754
7    O               -2.0236               1.8647              -0.4181
8    H               -2.5530               1.0416              -0.4748
9    H               -0.2778              -0.4898              -1.4675
10   H               -0.9141              -1.1838               1.3203
11   H                0.3953               1.0837               0.2724
12   H               -2.7898              -1.8820               0.2688
13   H               -2.3094              -1.3343              -1.2656
14   H               -0.6498               2.4669               0.9880
15   H               -1.9688               1.4707               1.6875
16   H                2.4442               0.4437               1.5009
17   H                1.4155               0.8974              -1.9349
18   H                2.1229              -1.2188               1.1228
19   H                0.9741              -0.2819               2.0584
20   H                2.5316               1.4620              -0.7975
21   H                2.5937              -0.1924              -1.3030
22   O                9.9320               4.3700               1.0660
23   H                9.8250               5.2520               0.6530
24   H                9.0550               4.0280               1.3360
25   O                9.5460              -0.3050              -0.4640
26   H                9.8960               0.5800              -0.6930
27   H                9.7240              -0.4930               0.4800
28   O                1.3300              -2.4830               9.7330
29   H                1.7780              -1.6230               9.5990
30   H                0.3900              -2.3290               9.9570
31   O                1.7390               0.3670              10.1400
32   H                1.6820               1.0200              10.8670
33   H                1.2800               0.7180               9.3500
34   O                0.6940               5.8610              -7.0250
35   H                1.4000               5.2620              -7.3430
36   H               -0.0450               5.8630              -7.6670
37   O               -4.6910              -4.1640              -5.9210
38   H               -5.2680              -3.4380              -6.2340
39   H               -5.0970              -5.0250              -6.1500
40   O                3.8990               8.1850              -2.6140
41   H                2.9870               7.8280              -2.6370
42   H                4.5030               7.5110              -2.2410
43   O               -0.0263              -2.9931              -1.9553
44   H                0.4556              -3.6702              -2.4292
45   H                0.5902              -2.3382              -1.5857
46   O               -0.4820               8.8170              -3.0250
47   H                0.0230               8.6790              -2.1980
48   H               -0.8290               7.9580              -3.3420
49   O                3.0010               4.5500              -7.9590
50   H                3.8390               4.8940              -8.3310
51   H                3.1410               4.2950              -7.0240
52   O               -1.6510               6.3720              -3.8680
53   H               -2.0960               6.4270              -4.7380
54   H               -2.0930               5.6930              -3.3180
55   O               -0.0073               4.6022              -0.8126
56   H                0.4505               4.1440              -0.0779
57   H               -0.8713               4.8444              -0.5140
58   O               -2.9840              -5.3840              -8.0500
59   H               -3.8830              -5.0990              -7.7870
60   H               -2.5920              -5.9290              -7.3370
61   O               -1.8965              -6.0785               1.8997
62   H               -1.5858              -5.4556               1.2275
63   H               -2.1143              -5.5477               2.6800
64   O               -1.0009               6.0794               3.7161
65   H               -0.8234               6.6937               4.4463
66   H               -0.4477               6.3665               2.9716
67   O               -8.7510               4.3700               1.0660
68   H               -8.8580               5.2520               0.6530
69   H               -9.6280               4.0280               1.3360
70   O               -4.5190              -0.8900               6.7620
71   H               -5.4180              -1.2220               6.5630
72   H               -4.1970              -1.2960               7.5910
73   O                5.7900               3.3930              -4.1560
74   H                5.8410               2.7790              -3.3960
75   H                5.8340               4.3170              -3.8340
76   O               -3.2740               0.6444              -4.9045
77   H               -2.7810               1.4353              -4.5831
78   H               -2.6321              -0.0658              -5.0209
79   O                4.6770               0.8830               5.9830
80   H                4.7460               1.6330               6.6090
81   H                4.6300               0.0440               6.4840
82   O                8.1530               4.3360               3.6220
83   H                9.0970               4.5810               3.5380
84   H                8.0700               3.5560               4.2070
85   O               -7.6570              -0.6450              -4.8860
86   H               -6.9570              -0.4550              -4.2300
87   H               -8.4970              -0.8380              -4.4210
88   O               -6.4830               6.8240               1.6640
89   H               -5.5980               7.2400               1.6300
90   H               -6.5880               6.3470               2.5120
91   O                4.1362               4.6703              -1.6394
92   H                4.8555               5.2534              -1.8857
93   H                3.3695               5.2573              -1.6041
94   O                7.3960               3.6770               0.0630
95   H                7.6970               3.3440              -0.8080
96   H                6.9180               2.9670               0.5360
97   O                2.8916               0.2392              -3.2819
98   H                3.2290               0.9153              -2.6645
99   H                3.4470               0.1671              -4.0337
100  O                0.9440              -8.1150              -4.4250
101  H                0.4430              -8.8180              -3.9630
102  H                0.3190              -7.5180              -4.8850
103  O                3.1764               3.7893              -5.2329
104  H                2.7765               4.3669              -4.5658
105  H                4.1122               3.6976              -4.9652
106  O               -1.0960              -8.4370               0.8960
107  H               -1.2710              -7.5200               1.1900
108  H               -0.2060              -8.4860               0.4920
109  O               -1.9168               3.7309               4.4931
110  H               -1.6484               4.6380               4.2588
111  H               -1.6420               3.2498               3.6939
112  O               -6.5596               0.9921               2.9163
113  H               -6.4264               1.9217               3.0841
114  H               -5.6987               0.5879               3.0113
115  O                5.0400              -3.7010               5.5380
116  H                5.9780              -3.8170               5.2850
117  H                4.4870              -3.6630               4.7310
118  O                3.8950              -1.4120               7.2920
119  H                2.9250              -1.2740               7.2910
120  H                4.1040              -2.2570               6.8430
121  O               -0.0172               0.2683              -3.8339
122  H               -0.1760               1.1294              -3.3542
123  H                0.9294               0.1059              -3.6326
124  O                0.0130               1.3370               8.3160
125  H               -0.7300               1.1410               8.9240
126  H               -0.3130               1.8750               7.5650
127  O                0.7858              -0.7136               6.7064
128  H                0.6062               0.0636               7.2673
129  H                1.2076              -0.3303               5.9132
130  O               -0.4700              -6.3650              -5.9640
131  H               -0.9470              -5.6350              -5.5210
132  H                0.3640              -6.0250              -6.3490
133  O                5.1830               2.2470               8.2420
134  H                4.7110               1.6030               8.8070
135  H                6.1480               2.1100               8.3260
136  O               -0.8890               7.7400               5.8660
137  H               -0.7750               8.5750               5.3680
138  H               -1.8230               7.6510               6.1440
139  O                3.9928              -0.3507              -5.4218
140  H                4.7481               0.0362              -5.8984
141  H                3.2208              -0.0741              -5.9126
142  O               -6.4130              -2.4200              -6.8710
143  H               -6.9220              -2.5810              -7.6920
144  H               -6.9370              -1.8520              -6.2700
145  O               -2.6770               3.1000              -7.3070
146  H               -2.2840               2.3360              -7.7760
147  H               -3.6220               2.9190              -7.1250
148  O               -5.5790               6.2570              -1.7830
149  H               -5.2490               7.1780              -1.7660
150  H               -5.8550               6.0270              -2.6940
151  O                1.7160              -5.0560               5.2610
152  H                2.1670              -5.6810               5.8630
153  H                1.0790              -4.5140               5.7680
154  O                1.3300              -2.4830              -8.8090
155  H                1.7780              -1.6230              -8.9430
156  H                0.3900              -2.3290              -8.5850
157  O                3.6050              -8.2400              -3.7140
158  H                3.6990              -9.2110              -3.6310
159  H                2.6580              -8.0090              -3.7930
160  O                1.1729              -6.8304               2.9942
161  H                1.2013              -6.1808               3.7052
162  H                0.6587              -6.4301               2.2914
163  O                5.8430              -5.4830              -3.7520
164  H                6.6950              -5.7250              -3.3360
165  H                5.9250              -5.5500              -4.7250
166  O               -2.0340               5.7110              -8.1540
167  H               -2.0320               4.8170              -7.7550
168  H               -2.4380               6.3460              -7.5280
169  O                1.7984               3.9034               1.2724
170  H                2.2850               3.0747               1.3689
171  H                2.3984               4.5416               1.6833
172  O               -3.5740               7.0060               6.8290
173  H               -4.0120               6.7070               7.6520
174  H               -4.1800               6.8760               6.0710
175  O               -4.4560              -0.2320              -7.6370
176  H               -4.1480               0.2960              -6.8720
177  H               -5.1810              -0.8260              -7.3520
178  O                1.6529               1.4366              -6.0192
179  H                2.0451               2.3080              -5.8320
180  H                0.9796               1.3277              -5.3286
181  O                8.7740              -0.8320              -3.2190
182  H                8.9160              -0.4590              -2.3250
183  H                8.5580              -1.7840              -3.1450
184  O                0.8900               6.0620              -4.3660
185  H               -0.0540               5.9700              -4.1240
186  H                0.9690               6.1850              -5.3340
187  O                5.8990               6.0660              -3.7200
188  H                5.4890               6.8250              -4.1820
189  H                6.8090               6.3030              -3.4470
190  O                3.5140              -8.2400               3.1370
191  H                3.5440              -8.7330               2.2910
192  H                2.7050              -7.6900               3.1650
193  O               -5.1125               4.6417               0.4084
194  H               -5.8328               4.8730               1.0113
195  H               -5.3990               5.1212              -0.3725
196  O                3.6492              -4.4136              -2.6683
197  H                3.5922              -4.0758              -1.7755
198  H                4.5594              -4.7517              -2.7414
199  O                1.2654               3.2428               4.7696
200  H                0.4588               3.2967               5.2785
201  H                1.7901               4.0267               4.9568
202  O                4.3850               0.0540              -8.8480
203  H                3.4640               0.1470              -8.5300
204  H                4.4550              -0.7400              -9.4160
205  O                6.4270               6.2700               2.5760
206  H                6.9260               5.5780               3.0550
207  H                6.8200               7.1460               2.7660
208  O               -7.4870               1.0680               6.3810
209  H               -6.7120               1.6580               6.4800
210  H               -7.2220               0.2600               5.8970
211  O                3.2241              -3.6750               3.4857
212  H                2.4887              -4.1206               3.9344
213  H                3.3143              -4.1485               2.6554
214  O                2.2069               0.7655               4.9836
215  H                3.1264               0.8703               5.2752
216  H                1.9187               1.6948               4.7546
217  O               -2.6960               7.9570              -0.0140
218  H               -2.4950               8.9020               0.1440
219  H               -3.3190               7.8760              -0.7640
220  O                3.0161              -4.8712               0.9295
221  H                2.7615              -4.2761               0.2186
222  H                2.8473              -5.7452               0.5495
223  O               -6.3230              -4.3380              -1.1030
224  H               -7.1480              -3.8950              -0.8180
225  H               -5.9300              -3.8450              -1.8510
226  O               -5.1230               7.0030               4.5650
227  H               -5.3730               7.9380               4.4190
228  H               -4.4830               6.7250               3.8790
229  O               -3.0070              -6.4139              -2.6825
230  H               -2.6993              -5.7365              -3.2955
231  H               -2.2334              -6.7266              -2.1965
232  O                5.3370              -6.1560               6.8700
233  H                4.9710              -5.3760               6.4040
234  H                4.6250              -6.5960               7.3790
235  O                0.6167              -3.0686              -6.0287
236  H                0.7757              -3.3798              -6.9241
237  H                1.4948              -3.1251              -5.6030
238  O               -5.1940               5.7680              -5.8600
239  H               -6.0340               6.1790              -5.5690
240  H               -5.3680               4.8610              -6.1840
241  O               -5.3610               1.4186              -0.9289
242  H               -4.9731               2.2898              -0.8376
243  H               -4.8537               0.8958              -0.2278
244  O               -4.8530               2.3620               7.0540
245  H               -4.5230               2.6560               6.1820
246  H               -4.4560               1.4960               7.2780
247  O               -8.4720              -3.3300              -3.2590
248  H               -7.5310              -3.0700              -3.3410
249  H               -8.6720              -3.5430              -2.3250
250  O                5.7680              -4.7100               1.7520
251  H                4.8880              -4.8170               1.3360
252  H                6.1950              -5.5860               1.8430
253  O                1.4544               6.8037              -1.7760
254  H                1.1910               6.6375              -2.7064
255  H                1.0247               6.1093              -1.2706
256  O                8.5400               1.5770              -4.5460
257  H                8.6340               0.7240              -4.0760
258  H                7.5980               1.8450              -4.5500
259  O               -3.9419               0.5480               3.5658
260  H               -4.0645               1.5045               3.6185
261  H               -3.4238               0.2602               4.3394
262  O                7.3170              -4.0800               4.0790
263  H                7.6990              -3.1790               4.0780
264  H                6.7980              -4.2140               3.2590
265  O               -5.3770              -4.7710               5.6630
266  H               -4.8560              -5.6000               5.6310
267  H               -5.3990              -4.3650               4.7720
268  O               -2.5583              -4.6201               4.2412
269  H               -2.0489              -5.1126               4.9330
270  H               -1.9387              -3.9437               3.9728
271  O                3.4923              -0.9641               3.2415
272  H                3.4634              -1.8978               3.4670
273  H                2.9134              -0.4638               3.8435
274  O                6.8160              -2.9330              -3.2960
275  H                6.3570              -3.7460              -3.5880
276  H                6.7300              -2.2440              -3.9860
277  O               -3.5252               6.6813               2.4209
278  H               -2.6796               6.5349               2.8672
279  H               -3.2994               7.0277               1.5472
280  O                7.1270               3.8020              -6.6310
281  H                6.7130               3.6430              -5.7590
282  H                7.8480               4.4560              -6.5360
283  O               -0.8698              -4.5705               0.0085
284  H               -0.6376              -3.7637              -0.5013
285  H               -1.0167              -5.2193              -0.6820
286  O               -3.2761               4.6795              -2.2722
287  H               -3.9988               5.2536              -2.0189
288  H               -2.8531               4.3562              -1.4676
289  O               -5.2680              -6.8240              -1.1250
290  H               -4.5450              -6.6990              -1.7720
291  H               -5.7970              -6.0030              -1.0630
292  O               -1.7010               0.5610              -8.1790
293  H               -2.5540               0.2690              -8.5610
294  H               -1.2970              -0.1790              -7.6810
295  O                6.3220               6.9670              -0.5040
296  H                7.1460               6.6640              -0.9350
297  H                6.2660               6.5890               0.3970
298  O               -5.5360               3.2760              -7.1090
299  H               -5.8470               3.5480              -7.9960
300  H               -6.2450               2.7800              -6.6520
301  O               -0.3000               5.8710               8.2390
302  H               -0.9910               5.9480               8.9280
303  H               -0.5750               6.3720               7.4440
304  O                5.7766              -0.9171               1.8372
305  H                4.8657              -0.8556               2.2543
306  H                6.3282              -1.2792               2.5312
307  O                1.7390               0.3670              -8.4020
308  H                1.6820               1.0200              -7.6750
309  H                1.2800               0.7180              -9.1920
310  O                3.5535               5.8276               2.5544
311  H                4.4796               6.1329               2.6211
312  H                3.2416               5.7053               3.4563
313  O               -3.9960              -8.2490              -4.3940
314  H               -3.3550              -8.3530              -5.1270
315  H               -3.7430              -7.4790              -3.8460
316  O                6.4067               1.5507              -1.9550
317  H                6.5463               0.6237              -2.1969
318  H                5.5418               1.5326              -1.5299
319  O               -4.8984              -3.2278               2.8035
320  H               -4.8522              -3.1330               1.8460
321  H               -4.0200              -3.5607               3.0288
322  O                2.1780              -5.5980              -6.4430
323  H                2.6580              -6.4230              -6.2250
324  H                2.7410              -4.8270              -6.2260
325  O               -5.4649              -0.2865              -3.2370
326  H               -5.4904               0.3954              -2.5221
327  H               -4.6859              -0.0263              -3.7716
328  O               -8.0800               2.1510              -0.6340
329  H               -8.2720               2.8780              -0.0070
330  H               -7.1420               1.8850              -0.5480
331  O                6.6620              -1.7900              -5.9060
332  H                6.6090              -0.8260              -6.0630
333  H                6.1870              -2.2640              -6.6190
334  O               -0.9850               3.6420               7.1090
335  H               -1.5620               3.8600               6.3500
336  H               -0.7210               4.4660               7.5660
337  O               -9.1370              -0.3050              -0.4640
338  H               -8.7870               0.5800              -0.6930
339  H               -8.9590              -0.4930               0.4800
340  O                3.0900               5.2190               5.2820
341  H                2.5940               5.4000               6.1060
342  H                4.0490               5.3300               5.4480
343  O                0.0470              -3.2670               7.0350
344  H                0.3780              -2.4050               6.7090
345  H               -0.1690              -3.1950               7.9860
346  O                4.2590               9.3720               0.7440
347  H                3.6360               8.6470               0.5360
348  H                5.1650               9.0100               0.8270
349  O               -1.6854              -1.5670              -5.1730
350  H               -1.0642              -1.0535              -4.6130
351  H               -1.0870              -2.2321              -5.5710
352  O                7.8620              -1.2310               3.9200
353  H                8.6110              -1.2250               3.2910
354  H                7.5530              -0.3140               4.0680
355  O               -8.8890              -3.2870              -0.5910
356  H               -9.3680              -3.5180               0.2300
357  H               -8.7270              -2.3220              -0.6160
358  O                0.9840               9.7360              -0.6030
359  H                1.7130              10.3410              -0.3590
360  H                1.2160               8.8220              -0.3410
361  O               -7.6880              -3.4170               2.8070
362  H               -6.7420              -3.6520               2.7110
363  H               -8.2410              -4.1960               2.5930
364  O                5.4898              -1.7843              -0.8895
365  H                5.7510              -1.4130              -0.0384
366  H                6.2634              -2.1782              -1.2991
367  O                2.2470               4.9460               7.8180
368  H                1.3430               5.2440               8.0470
369  H                2.6470               4.4920               8.5870
370  O               -4.5418               3.1657               3.6952
371  H               -5.2649               3.6399               3.2660
372  H               -3.9223               3.8098               4.0405
373  O               -0.1591               2.8320              -2.8509
374  H               -0.8578               3.1654              -3.4038
375  H               -0.0990               3.4118              -2.0707
376  O               -1.3650              -8.3390               4.7520
377  H               -1.0870              -7.5140               5.2010
378  H               -1.1210              -8.2930               3.8040
379  O               -4.0418               0.1345               0.9628
380  H               -4.1503              -0.8011               0.7945
381  H               -3.8632               0.1788               1.9161
382  O               -5.3467              -3.0820              -3.2211
383  H               -5.0579              -3.4091              -4.0847
384  H               -5.0740              -2.1608              -3.1366
385  O                8.1530              -2.1530               6.8230
386  H                8.6750              -1.3540               7.0440
387  H                7.4320              -1.9120               6.2080
388  O               -3.0930               7.2570              -6.2990
389  H               -3.9790               6.8950              -6.0950
390  H               -3.0730               8.2120              -6.0820
391  O               -6.8920               4.0630               2.9640
392  H               -7.2780               4.2210               3.8490
393  H               -7.5520               4.2820               2.2760
394  O               -3.7290              -1.9200              -9.3900
395  H               -4.5000              -2.5030              -9.5440
396  H               -3.8960              -1.3590              -8.6060
397  O               -8.4980              -0.8530               2.1950
398  H               -8.3840              -1.8160               2.3310
399  H               -7.7480              -0.3750               2.6050
400  O               -2.5217               4.3145               0.0707
401  H               -2.0234               3.8572               0.7792
402  H               -3.3937               4.4046               0.4676
403  O               -2.3982               3.0716              -4.3428
404  H               -2.9912               3.6222              -3.8235
405  H               -2.5469               3.2004              -5.2922
406  O                6.4028               1.7190               1.8049
407  H                6.7298               1.8542               2.6914
408  H                6.2787               0.7480               1.7405
409  O                1.1955              -5.3225              -3.1095
410  H                2.1420              -5.1613              -2.9371
411  H                1.1676              -5.5857              -4.0299
412  O               -1.3610              -2.9310              -8.8440
413  H               -1.4180              -3.8970              -8.6990
414  H               -2.2530              -2.5780              -9.0400
415  O                3.2700              -7.1010              -0.9270
416  H                3.2410              -7.3860              -1.8630
417  H                3.7610              -7.7630              -0.3990
418  O                8.0680              -3.1330               1.3610
419  H                7.3240              -3.7590               1.4770
420  H                7.7180              -2.2230               1.2750
421  O                2.1664               7.5735               1.1561
422  H                2.6567               6.9009               1.6635
423  H                1.2446               7.3661               1.2381
424  O                6.1030               0.8790              -6.8580
425  H                5.6980               0.6640              -7.7230
426  H                6.6100               1.7130              -6.9340
427  O               -0.5420               7.5090               1.5260
428  H               -1.2980               7.2600               0.9560
429  H               -0.6710               8.4190               1.8620
430  O                3.1948              -2.9523              -4.9341
431  H                3.4269              -2.0123              -4.8094
432  H                3.4631              -3.3772              -4.1142
433  O               -4.1690              -7.8160               1.1140
434  H               -3.2700              -7.5280               1.3740
435  H               -4.4150              -7.3920               0.2680
436  O               -4.7034              -2.4726               0.1102
437  H               -5.2023              -3.2796              -0.1898
438  H               -4.1565              -2.2878              -0.6494
439  O               -0.4904              -6.6457              -1.6394
440  H                0.0909              -6.1994              -2.2639
441  H               -0.0373              -7.4549              -1.4029
442  O               -0.9900              -5.7690               6.2680
443  H               -0.5980              -4.9820               6.6980
444  H               -1.5610              -6.2400               6.9080
445  O               -2.2378              -4.4375              -4.4955
446  H               -1.9681              -3.5384              -4.2460
447  H               -2.9936              -4.2730              -5.0876
448  O               -2.3020              -0.9798               5.3505
449  H               -2.9964              -1.0698               6.0264
450  H               -1.4530              -0.9547               5.7925
451  O               -6.8890              -1.2280               5.2890
452  H               -6.4720              -1.1090               4.4130
453  H               -7.6190              -1.8760               5.2180
454  O                6.9950               1.4920               4.4780
455  H                7.6650               1.9060               5.0600
456  H                6.1520               1.4000               4.9670
457  O                0.0130               1.3370             -10.2250
458  H               -0.7300               1.1410              -9.6180
459  H               -0.3130               1.8750             -10.9760
460  O                0.9840              -9.0140              -0.6030
461  H                1.7130              -8.4090              -0.3590
462  H                1.2160              -9.9280              -0.3410
463  O               -9.4340               3.8400              -2.7930
464  H               -9.7250               3.2070              -3.4810
465  H               -8.8280               3.3900              -2.1710


Energy:                -11700.012591 Convergence criteria  Is converged 
Maximum Force:             0.054189     0.002850                No
RMS Force:                 0.012940     0.001900                No
Maximum Displacement:      0.070966     0.003150                No
RMS Displacement:          0.014974     0.002100                No

----------------------------------------------------------------------
                             Iteration: 4                             


                             Coordinates                              
----------------------------------------------------------------------
0    C               -1.0804              -0.7424               0.3205
1    C                0.9814               0.2474               0.0260
2    C               -1.3800               1.5645               0.8162
3    C                1.6544              -0.2530               1.2532
4    C                1.9300               0.6159              -0.9890
5    N                0.0327              -0.6559              -0.5072
6    N               -2.1147              -1.3403              -0.2665
7    O               -2.1098               1.9336              -0.3812
8    H               -2.5464               1.0698              -0.4885
9    H               -0.2635              -0.4631              -1.4474
10   H               -0.9091              -1.1495               1.3157
11   H                0.3955               1.1257               0.2897
12   H               -2.7107              -1.8850               0.2825
13   H               -2.2520              -1.3324              -1.3156
14   H               -0.6412               2.3717               0.9915
15   H               -2.0116               1.4847               1.7095
16   H                2.4402               0.4405               1.4918
17   H                1.3867               0.9049              -1.8582
18   H                2.1180              -1.2161               1.1087
19   H                0.9659              -0.2893               2.0677
20   H                2.5295               1.4754              -0.7471
21   H                2.5569              -0.2140              -1.2184
22   O                9.9320               4.3700               1.0660
23   H                9.8250               5.2520               0.6530
24   H                9.0550               4.0280               1.3360
25   O                9.5460              -0.3050              -0.4640
26   H                9.8960               0.5800              -0.6930
27   H                9.7240              -0.4930               0.4800
28   O                1.3300              -2.4830               9.7330
29   H                1.7780              -1.6230               9.5990
30   H                0.3900              -2.3290               9.9570
31   O                1.7390               0.3670              10.1400
32   H                1.6820               1.0200              10.8670
33   H                1.2800               0.7180               9.3500
34   O                0.6940               5.8610              -7.0250
35   H                1.4000               5.2620              -7.3430
36   H               -0.0450               5.8630              -7.6670
37   O               -4.6910              -4.1640              -5.9210
38   H               -5.2680              -3.4380              -6.2340
39   H               -5.0970              -5.0250              -6.1500
40   O                3.8990               8.1850              -2.6140
41   H                2.9870               7.8280              -2.6370
42   H                4.5030               7.5110              -2.2410
43   O               -0.0284              -3.0248              -1.9841
44   H                0.4914              -3.6892              -2.4610
45   H                0.5711              -2.3558              -1.6049
46   O               -0.4820               8.8170              -3.0250
47   H                0.0230               8.6790              -2.1980
48   H               -0.8290               7.9580              -3.3420
49   O                3.0010               4.5500              -7.9590
50   H                3.8390               4.8940              -8.3310
51   H                3.1410               4.2950              -7.0240
52   O               -1.6510               6.3720              -3.8680
53   H               -2.0960               6.4270              -4.7380
54   H               -2.0930               5.6930              -3.3180
55   O               -0.0444               4.6091              -0.8075
56   H                0.4488               4.1792              -0.0831
57   H               -0.9025               4.8181              -0.4835
58   O               -2.9840              -5.3840              -8.0500
59   H               -3.8830              -5.0990              -7.7870
60   H               -2.5920              -5.9290              -7.3370
61   O               -1.8369              -6.0870               1.8912
62   H               -1.6004              -5.3947               1.2427
63   H               -2.1335              -5.5848               2.6684
64   O               -1.0688               6.1059               3.7017
65   H               -0.8060               6.6870               4.4455
66   H               -0.4742               6.3652               2.9770
67   O               -8.7510               4.3700               1.0660
68   H               -8.8580               5.2520               0.6530
69   H               -9.6280               4.0280               1.3360
70   O               -4.5190              -0.8900               6.7620
71   H               -5.4180              -1.2220               6.5630
72   H               -4.1970              -1.2960               7.5910
73   O                5.7900               3.3930              -4.1560
74   H                5.8410               2.7790              -3.3960
75   H                5.8340               4.3170              -3.8340
76   O               -3.2983               0.6429              -4.9232
77   H               -2.8066               1.4029              -4.5701
78   H               -2.6352              -0.0712              -5.0430
79   O                4.6770               0.8830               5.9830
80   H                4.7460               1.6330               6.6090
81   H                4.6300               0.0440               6.4840
82   O                8.1530               4.3360               3.6220
83   H                9.0970               4.5810               3.5380
84   H                8.0700               3.5560               4.2070
85   O               -7.6570              -0.6450              -4.8860
86   H               -6.9570              -0.4550              -4.2300
87   H               -8.4970              -0.8380              -4.4210
88   O               -6.4830               6.8240               1.6640
89   H               -5.5980               7.2400               1.6300
90   H               -6.5880               6.3470               2.5120
91   O                4.1237               4.6519              -1.6568
92   H                4.8340               5.2734              -1.8690
93   H                3.3821               5.2669              -1.6104
94   O                7.3960               3.6770               0.0630
95   H                7.6970               3.3440              -0.8080
96   H                6.9180               2.9670               0.5360
97   O                2.9411               0.2368              -3.4819
98   H                3.2083               0.8556              -2.7813
99   H                3.5670               0.2064              -4.1187
100  O                0.9440              -8.1150              -4.4250
101  H                0.4430              -8.8180              -3.9630
102  H                0.3190              -7.5180              -4.8850
103  O                3.1770               3.8003              -5.2661
104  H                2.7712               4.3550              -4.5753
105  H                4.0833               3.6700              -4.9276
106  O               -1.0960              -8.4370               0.8960
107  H               -1.2710              -7.5200               1.1900
108  H               -0.2060              -8.4860               0.4920
109  O               -1.9721               3.7570               4.4890
110  H               -1.5964               4.6200               4.2108
111  H               -1.6457               3.2512               3.7307
112  O               -6.5483               0.9631               2.9059
113  H               -6.4368               1.8972               3.0932
114  H               -5.6624               0.6205               3.0198
115  O                5.0400              -3.7010               5.5380
116  H                5.9780              -3.8170               5.2850
117  H                4.4870              -3.6630               4.7310
118  O                3.8950              -1.4120               7.2920
119  H                2.9250              -1.2740               7.2910
120  H                4.1040              -2.2570               6.8430
121  O               -0.0223               0.3077              -3.8595
122  H               -0.1482               1.1198              -3.3440
123  H                0.9147               0.1200              -3.6250
124  O                0.0130               1.3370               8.3160
125  H               -0.7300               1.1410               8.9240
126  H               -0.3130               1.8750               7.5650
127  O                0.8206              -0.7320               6.6834
128  H                0.5961               0.0228               7.2479
129  H                1.2247              -0.2711               5.9161
130  O               -0.4700              -6.3650              -5.9640
131  H               -0.9470              -5.6350              -5.5210
132  H                0.3640              -6.0250              -6.3490
133  O                5.1830               2.2470               8.2420
134  H                4.7110               1.6030               8.8070
135  H                6.1480               2.1100               8.3260
136  O               -0.8890               7.7400               5.8660
137  H               -0.7750               8.5750               5.3680
138  H               -1.8230               7.6510               6.1440
139  O                3.9808              -0.3843              -5.4565
140  H                4.7161               0.0574              -5.8826
141  H                3.2139              -0.0276              -5.9373
142  O               -6.4130              -2.4200              -6.8710
143  H               -6.9220              -2.5810              -7.6920
144  H               -6.9370              -1.8520              -6.2700
145  O               -2.6770               3.1000              -7.3070
146  H               -2.2840               2.3360              -7.7760
147  H               -3.6220               2.9190              -7.1250
148  O               -5.5790               6.2570              -1.7830
149  H               -5.2490               7.1780              -1.7660
150  H               -5.8550               6.0270              -2.6940
151  O                1.7160              -5.0560               5.2610
152  H                2.1670              -5.6810               5.8630
153  H                1.0790              -4.5140               5.7680
154  O                1.3300              -2.4830              -8.8090
155  H                1.7780              -1.6230              -8.9430
156  H                0.3900              -2.3290              -8.5850
157  O                3.6050              -8.2400              -3.7140
158  H                3.6990              -9.2110              -3.6310
159  H                2.6580              -8.0090              -3.7930
160  O                1.1881              -6.8188               2.9963
161  H                1.1700              -6.1617               3.7032
162  H                0.6333              -6.4211               2.3114
163  O                5.8430              -5.4830              -3.7520
164  H                6.6950              -5.7250              -3.3360
165  H                5.9250              -5.5500              -4.7250
166  O               -2.0340               5.7110              -8.1540
167  H               -2.0320               4.8170              -7.7550
168  H               -2.4380               6.3460              -7.5280
169  O                1.7650               3.9220               1.2655
170  H                2.2639               3.0984               1.3631
171  H                2.4246               4.5231               1.6525
172  O               -3.5740               7.0060               6.8290
173  H               -4.0120               6.7070               7.6520
174  H               -4.1800               6.8760               6.0710
175  O               -4.4560              -0.2320              -7.6370
176  H               -4.1480               0.2960              -6.8720
177  H               -5.1810              -0.8260              -7.3520
178  O                1.6904               1.4244              -6.0235
179  H                2.0529               2.2945              -5.7870
180  H                0.9935               1.3247              -5.3481
181  O                8.7740              -0.8320              -3.2190
182  H                8.9160              -0.4590              -2.3250
183  H                8.5580              -1.7840              -3.1450
184  O                0.8900               6.0620              -4.3660
185  H               -0.0540               5.9700              -4.1240
186  H                0.9690               6.1850              -5.3340
187  O                5.8990               6.0660              -3.7200
188  H                5.4890               6.8250              -4.1820
189  H                6.8090               6.3030              -3.4470
190  O                3.5140              -8.2400               3.1370
191  H                3.5440              -8.7330               2.2910
192  H                2.7050              -7.6900               3.1650
193  O               -5.0274               4.6348               0.3938
194  H               -5.7606               4.8783               0.9878
195  H               -5.4090               5.1204              -0.3528
196  O                3.6034              -4.4683              -2.6703
197  H                3.6334              -4.0384              -1.7980
198  H                4.5221              -4.7615              -2.7498
199  O                1.2478               3.2105               4.7643
200  H                0.4509               3.3231               5.2917
201  H                1.8002               3.9885               4.9499
202  O                4.3850               0.0540              -8.8480
203  H                3.4640               0.1470              -8.5300
204  H                4.4550              -0.7400              -9.4160
205  O                6.4270               6.2700               2.5760
206  H                6.9260               5.5780               3.0550
207  H                6.8200               7.1460               2.7660
208  O               -7.4870               1.0680               6.3810
209  H               -6.7120               1.6580               6.4800
210  H               -7.2220               0.2600               5.8970
211  O                3.2604              -3.6737               3.5079
212  H                2.5247              -4.1276               3.9427
213  H                3.2837              -4.1427               2.6578
214  O                2.2074               0.7530               5.0003
215  H                3.1384               0.8945               5.2953
216  H                1.9251               1.6453               4.7697
217  O               -2.6960               7.9570              -0.0140
218  H               -2.4950               8.9020               0.1440
219  H               -3.3190               7.8760              -0.7640
220  O                3.0713              -4.8755               0.9425
221  H                2.7382              -4.2830               0.2517
222  H                2.8386              -5.7205               0.5289
223  O               -6.3230              -4.3380              -1.1030
224  H               -7.1480              -3.8950              -0.8180
225  H               -5.9300              -3.8450              -1.8510
226  O               -5.1230               7.0030               4.5650
227  H               -5.3730               7.9380               4.4190
228  H               -4.4830               6.7250               3.8790
229  O               -2.9967              -6.4036              -2.6811
230  H               -2.6723              -5.7004              -3.2672
231  H               -2.2074              -6.7187              -2.2143
232  O                5.3370              -6.1560               6.8700
233  H                4.9710              -5.3760               6.4040
234  H                4.6250              -6.5960               7.3790
235  O                0.5832              -3.1244              -5.9882
236  H                0.8069              -3.3363              -6.9173
237  H                1.4779              -3.0881              -5.6140
238  O               -5.1940               5.7680              -5.8600
239  H               -6.0340               6.1790              -5.5690
240  H               -5.3680               4.8610              -6.1840
241  O               -5.3704               1.3905              -0.9097
242  H               -4.9406               2.2864              -0.8320
243  H               -4.8816               0.9432              -0.2141
244  O               -4.8530               2.3620               7.0540
245  H               -4.5230               2.6560               6.1820
246  H               -4.4560               1.4960               7.2780
247  O               -8.4720              -3.3300              -3.2590
248  H               -7.5310              -3.0700              -3.3410
249  H               -8.6720              -3.5430              -2.3250
250  O                5.7680              -4.7100               1.7520
251  H                4.8880              -4.8170               1.3360
252  H                6.1950              -5.5860               1.8430
253  O                1.4296               6.8249              -1.7794
254  H                1.2071               6.6097              -2.7012
255  H                1.0220               6.0828              -1.3009
256  O                8.5400               1.5770              -4.5460
257  H                8.6340               0.7240              -4.0760
258  H                7.5980               1.8450              -4.5500
259  O               -3.9983               0.5591               3.5683
260  H               -4.0394               1.5321               3.6419
261  H               -3.4113               0.2453               4.2830
262  O                7.3170              -4.0800               4.0790
263  H                7.6990              -3.1790               4.0780
264  H                6.7980              -4.2140               3.2590
265  O               -5.3770              -4.7710               5.6630
266  H               -4.8560              -5.6000               5.6310
267  H               -5.3990              -4.3650               4.7720
268  O               -2.5438              -4.6522               4.1938
269  H               -2.0599              -5.0743               4.9114
270  H               -1.9156              -3.9185               4.0153
271  O                3.6077              -0.9756               3.3167
272  H                3.4052              -1.9196               3.4718
273  H                2.9141              -0.4628               3.8013
274  O                6.8160              -2.9330              -3.2960
275  H                6.3570              -3.7460              -3.5880
276  H                6.7300              -2.2440              -3.9860
277  O               -3.5064               6.6382               2.4235
278  H               -2.6339               6.5273               2.8382
279  H               -3.2899               7.0183               1.5591
280  O                7.1270               3.8020              -6.6310
281  H                6.7130               3.6430              -5.7590
282  H                7.8480               4.4560              -6.5360
283  O               -0.8772              -4.5981               0.0197
284  H               -0.6536              -3.8173              -0.5011
285  H               -0.9847              -5.2411              -0.7023
286  O               -3.1959               4.6788              -2.2341
287  H               -3.9599               5.2219              -2.0087
288  H               -2.8482               4.3193              -1.4190
289  O               -5.2680              -6.8240              -1.1250
290  H               -4.5450              -6.6990              -1.7720
291  H               -5.7970              -6.0030              -1.0630
292  O               -1.7010               0.5610              -8.1790
293  H               -2.5540               0.2690              -8.5610
294  H               -1.2970              -0.1790              -7.6810
295  O                6.3220               6.9670              -0.5040
296  H                7.1460               6.6640              -0.9350
297  H                6.2660               6.5890               0.3970
298  O               -5.5360               3.2760              -7.1090
299  H               -5.8470               3.5480              -7.9960
300  H               -6.2450               2.7800              -6.6520
301  O               -0.3000               5.8710               8.2390
302  H               -0.9910               5.9480               8.9280
303  H               -0.5750               6.3720               7.4440
304  O                5.7647              -0.9054               1.8401
305  H                4.8970              -0.8519               2.2623
306  H                6.3094              -1.2955               2.5671
307  O                1.7390               0.3670              -8.4020
308  H                1.6820               1.0200              -7.6750
309  H                1.2800               0.7180              -9.1920
310  O                3.5422               5.8323               2.5505
311  H                4.4737               6.0957               2.6162
312  H                3.2597               5.7181               3.4784
313  O               -3.9960              -8.2490              -4.3940
314  H               -3.3550              -8.3530              -5.1270
315  H               -3.7430              -7.4790              -3.8460
316  O                6.3934               1.5763              -2.0035
317  H                6.5243               0.6335              -2.1821
318  H                5.5592               1.5107              -1.5108
319  O               -4.9219              -3.2143               2.8134
320  H               -4.8040              -3.1169               1.8571
321  H               -4.0541              -3.5841               3.0364
322  O                2.1780              -5.5980              -6.4430
323  H                2.6580              -6.4230              -6.2250
324  H                2.7410              -4.8270              -6.2260
325  O               -5.4394              -0.2918              -3.2362
326  H               -5.4649               0.3703              -2.5291
327  H               -4.6758               0.0231              -3.7694
328  O               -8.0800               2.1510              -0.6340
329  H               -8.2720               2.8780              -0.0070
330  H               -7.1420               1.8850              -0.5480
331  O                6.6620              -1.7900              -5.9060
332  H                6.6090              -0.8260              -6.0630
333  H                6.1870              -2.2640              -6.6190
334  O               -0.9850               3.6420               7.1090
335  H               -1.5620               3.8600               6.3500
336  H               -0.7210               4.4660               7.5660
337  O               -9.1370              -0.3050              -0.4640
338  H               -8.7870               0.5800              -0.6930
339  H               -8.9590              -0.4930               0.4800
340  O                3.0900               5.2190               5.2820
341  H                2.5940               5.4000               6.1060
342  H                4.0490               5.3300               5.4480
343  O                0.0470              -3.2670               7.0350
344  H                0.3780              -2.4050               6.7090
345  H               -0.1690              -3.1950               7.9860
346  O                4.2590               9.3720               0.7440
347  H                3.6360               8.6470               0.5360
348  H                5.1650               9.0100               0.8270
349  O               -1.6770              -1.5811              -5.1369
350  H               -1.0241              -1.0761              -4.6219
351  H               -1.0543              -2.1832              -5.5866
352  O                7.8620              -1.2310               3.9200
353  H                8.6110              -1.2250               3.2910
354  H                7.5530              -0.3140               4.0680
355  O               -8.8890              -3.2870              -0.5910
356  H               -9.3680              -3.5180               0.2300
357  H               -8.7270              -2.3220              -0.6160
358  O                0.9840               9.7360              -0.6030
359  H                1.7130              10.3410              -0.3590
360  H                1.2160               8.8220              -0.3410
361  O               -7.6880              -3.4170               2.8070
362  H               -6.7420              -3.6520               2.7110
363  H               -8.2410              -4.1960               2.5930
364  O                5.4754              -1.7808              -0.8956
365  H                5.7548              -1.4408              -0.0316
366  H                6.2625              -2.1709              -1.3073
367  O                2.2470               4.9460               7.8180
368  H                1.3430               5.2440               8.0470
369  H                2.6470               4.4920               8.5870
370  O               -4.5492               3.1398               3.7042
371  H               -5.2513               3.6488               3.2666
372  H               -3.8961               3.7843               4.0133
373  O               -0.1806               2.8116              -2.8657
374  H               -0.8706               3.1867              -3.4109
375  H               -0.1081               3.3928              -2.0898
376  O               -1.3650              -8.3390               4.7520
377  H               -1.0870              -7.5140               5.2010
378  H               -1.1210              -8.2930               3.8040
379  O               -4.1833               0.1848               1.0034
380  H               -4.2005              -0.7473               0.8426
381  H               -3.8544               0.1949               1.9366
382  O               -5.3596              -3.0792              -3.2054
383  H               -5.0467              -3.4233              -4.0590
384  H               -5.1045              -2.1391              -3.1651
385  O                8.1530              -2.1530               6.8230
386  H                8.6750              -1.3540               7.0440
387  H                7.4320              -1.9120               6.2080
388  O               -3.0930               7.2570              -6.2990
389  H               -3.9790               6.8950              -6.0950
390  H               -3.0730               8.2120              -6.0820
391  O               -6.8920               4.0630               2.9640
392  H               -7.2780               4.2210               3.8490
393  H               -7.5520               4.2820               2.2760
394  O               -3.7290              -1.9200              -9.3900
395  H               -4.5000              -2.5030              -9.5440
396  H               -3.8960              -1.3590              -8.6060
397  O               -8.4980              -0.8530               2.1950
398  H               -8.3840              -1.8160               2.3310
399  H               -7.7480              -0.3750               2.6050
400  O               -2.5483               4.3785               0.0172
401  H               -2.0878               3.8268               0.6662
402  H               -3.3943               4.4052               0.4720
403  O               -2.4036               3.0666              -4.3382
404  H               -3.0004               3.6256              -3.8138
405  H               -2.5142               3.2420              -5.2928
406  O                6.4255               1.7248               1.7676
407  H                6.7130               1.8387               2.6849
408  H                6.2566               0.7687               1.7491
409  O                1.1880              -5.3380              -3.0865
410  H                2.1329              -5.1645              -2.9608
411  H                1.1717              -5.5585              -4.0292
412  O               -1.3610              -2.9310              -8.8440
413  H               -1.4180              -3.8970              -8.6990
414  H               -2.2530              -2.5780              -9.0400
415  O                3.2700              -7.1010              -0.9270
416  H                3.2410              -7.3860              -1.8630
417  H                3.7610              -7.7630              -0.3990
418  O                8.0680              -3.1330               1.3610
419  H                7.3240              -3.7590               1.4770
420  H                7.7180              -2.2230               1.2750
421  O                2.1538               7.5792               1.1321
422  H                2.6386               6.9143               1.6533
423  H                1.2407               7.3431               1.2280
424  O                6.1030               0.8790              -6.8580
425  H                5.6980               0.6640              -7.7230
426  H                6.6100               1.7130              -6.9340
427  O               -0.5420               7.5090               1.5260
428  H               -1.2980               7.2600               0.9560
429  H               -0.6710               8.4190               1.8620
430  O                3.1649              -2.9660              -4.9330
431  H                3.4614              -2.0458              -4.8502
432  H                3.4492              -3.3446              -4.0863
433  O               -4.1690              -7.8160               1.1140
434  H               -3.2700              -7.5280               1.3740
435  H               -4.4150              -7.3920               0.2680
436  O               -4.7472              -2.4970               0.0992
437  H               -5.2229              -3.2886              -0.2181
438  H               -4.2133              -2.3370              -0.6939
439  O               -0.5051              -6.6135              -1.6534
440  H                0.1349              -6.2144              -2.2591
441  H               -0.0771              -7.4414              -1.4119
442  O               -0.9900              -5.7690               6.2680
443  H               -0.5980              -4.9820               6.6980
444  H               -1.5610              -6.2400               6.9080
445  O               -2.2275              -4.4635              -4.5104
446  H               -1.9793              -3.5576              -4.2594
447  H               -2.9866              -4.2536              -5.0794
448  O               -2.2973              -0.9399               5.3210
449  H               -2.9927              -1.0866               5.9892
450  H               -1.4522              -0.9515               5.7987
451  O               -6.8890              -1.2280               5.2890
452  H               -6.4720              -1.1090               4.4130
453  H               -7.6190              -1.8760               5.2180
454  O                6.9950               1.4920               4.4780
455  H                7.6650               1.9060               5.0600
456  H                6.1520               1.4000               4.9670
457  O                0.0130               1.3370             -10.2250
458  H               -0.7300               1.1410              -9.6180
459  H               -0.3130               1.8750             -10.9760
460  O                0.9840              -9.0140              -0.6030
461  H                1.7130              -8.4090              -0.3590
462  H                1.2160              -9.9280              -0.3410
463  O               -9.4340               3.8400              -2.7930
464  H               -9.7250               3.2070              -3.4810
465  H               -8.8280               3.3900              -2.1710


Energy:                -11700.060604 Convergence criteria  Is converged 
Maximum Force:             0.124347     0.002850                No
RMS Force:                 0.020296     0.001900                No
Maximum Displacement:      0.200000     0.003150                No
RMS Displacement:          0.033581     0.002100                No

----------------------------------------------------------------------
                             Iteration: 5                             


                             Coordinates                              
----------------------------------------------------------------------
0    C               -1.0588              -0.6890               0.3310
1    C                0.9758               0.2712               0.0480
2    C               -1.4167               1.5424               0.8131
3    C                1.6508              -0.2562               1.2693
4    C                1.9527               0.6333              -0.9794
5    N                0.0415              -0.6472              -0.4940
6    N               -2.0818              -1.3631              -0.3142
7    O               -2.1685               1.9554              -0.3479
8    H               -2.5504               1.0937              -0.5083
9    H               -0.2514              -0.4375              -1.4467
10   H               -0.9024              -1.1157               1.3134
11   H                0.4022               1.1521               0.3044
12   H               -2.6796              -1.9046               0.3024
13   H               -2.2082              -1.3326              -1.3103
14   H               -0.6369               2.3010               0.9936
15   H               -2.0392               1.4949               1.7180
16   H                2.4426               0.4431               1.4911
17   H                1.3650               0.9137              -1.8240
18   H                2.1155              -1.2203               1.0985
19   H                0.9539              -0.2967               2.0878
20   H                2.5350               1.4900              -0.7062
21   H                2.5471              -0.2378              -1.1716
22   O                9.9320               4.3700               1.0660
23   H                9.8250               5.2520               0.6530
24   H                9.0550               4.0280               1.3360
25   O                9.5460              -0.3050              -0.4640
26   H                9.8960               0.5800              -0.6930
27   H                9.7240              -0.4930               0.4800
28   O                1.3300              -2.4830               9.7330
29   H                1.7780              -1.6230               9.5990
30   H                0.3900              -2.3290               9.9570
31   O                1.7390               0.3670              10.1400
32   H                1.6820               1.0200              10.8670
33   H                1.2800               0.7180               9.3500
34   O                0.6940               5.8610              -7.0250
35   H                1.4000               5.2620              -7.3430
36   H               -0.0450               5.8630              -7.6670
37   O               -4.6910              -4.1640              -5.9210
38   H               -5.2680              -3.4380              -6.2340
39   H               -5.0970              -5.0250              -6.1500
40   O                3.8990               8.1850              -2.6140
41   H                2.9870               7.8280              -2.6370
42   H                4.5030               7.5110              -2.2410
43   O               -0.0270              -3.0548              -2.0065
44   H                0.5156              -3.7012              -2.4834
45   H                0.5559              -2.3688              -1.6187
46   O               -0.4820               8.8170              -3.0250
47   H                0.0230               8.6790              -2.1980
48   H               -0.8290               7.9580              -3.3420
49   O                3.0010               4.5500              -7.9590
50   H                3.8390               4.8940              -8.3310
51   H                3.1410               4.2950              -7.0240
52   O               -1.6510               6.3720              -3.8680
53   H               -2.0960               6.4270              -4.7380
54   H               -2.0930               5.6930              -3.3180
55   O               -0.0465               4.6108              -0.8154
56   H                0.4497               4.2045              -0.0871
57   H               -0.9396               4.8059              -0.4580
58   O               -2.9840              -5.3840              -8.0500
59   H               -3.8830              -5.0990              -7.7870
60   H               -2.5920              -5.9290              -7.3370
61   O               -1.7914              -6.0819               1.8837
62   H               -1.6101              -5.3588               1.2509
63   H               -2.1479              -5.6166               2.6636
64   O               -1.1124               6.1312               3.6938
65   H               -0.8008               6.6775               4.4453
66   H               -0.4946               6.3619               2.9760
67   O               -8.7510               4.3700               1.0660
68   H               -8.8580               5.2520               0.6530
69   H               -9.6280               4.0280               1.3360
70   O               -4.5190              -0.8900               6.7620
71   H               -5.4180              -1.2220               6.5630
72   H               -4.1970              -1.2960               7.5910
73   O                5.7900               3.3930              -4.1560
74   H                5.8410               2.7790              -3.3960
75   H                5.8340               4.3170              -3.8340
76   O               -3.3113               0.6285              -4.9396
77   H               -2.8229               1.3898              -4.5598
78   H               -2.6446              -0.0721              -5.0582
79   O                4.6770               0.8830               5.9830
80   H                4.7460               1.6330               6.6090
81   H                4.6300               0.0440               6.4840
82   O                8.1530               4.3360               3.6220
83   H                9.0970               4.5810               3.5380
84   H                8.0700               3.5560               4.2070
85   O               -7.6570              -0.6450              -4.8860
86   H               -6.9570              -0.4550              -4.2300
87   H               -8.4970              -0.8380              -4.4210
88   O               -6.4830               6.8240               1.6640
89   H               -5.5980               7.2400               1.6300
90   H               -6.5880               6.3470               2.5120
91   O                4.1192               4.6474              -1.6726
92   H                4.8261               5.2812              -1.8569
93   H                3.3786               5.2718              -1.6123
94   O                7.3960               3.6770               0.0630
95   H                7.6970               3.3440              -0.8080
96   H                6.9180               2.9670               0.5360
97   O                2.9161               0.2407              -3.5598
98   H                3.1917               0.8116              -2.8628
99   H                3.6981               0.2309              -4.2230
100  O                0.9440              -8.1150              -4.4250
101  H                0.4430              -8.8180              -3.9630
102  H                0.3190              -7.5180              -4.8850
103  O                3.1773               3.8097              -5.2805
104  H                2.7618               4.3467              -4.5862
105  H                4.0677               3.6460              -4.9048
106  O               -1.0960              -8.4370               0.8960
107  H               -1.2710              -7.5200               1.1900
108  H               -0.2060              -8.4860               0.4920
109  O               -2.0049               3.7858               4.4769
110  H               -1.5652               4.6155               4.1871
111  H               -1.6506               3.2367               3.7555
112  O               -6.5344               0.9458               2.8991
113  H               -6.4513               1.8839               3.1002
114  H               -5.6317               0.6341               3.0251
115  O                5.0400              -3.7010               5.5380
116  H                5.9780              -3.8170               5.2850
117  H                4.4870              -3.6630               4.7310
118  O                3.8950              -1.4120               7.2920
119  H                2.9250              -1.2740               7.2910
120  H                4.1040              -2.2570               6.8430
121  O               -0.0103               0.3274              -3.8778
122  H               -0.1407               1.1301              -3.3327
123  H                0.9050               0.1233              -3.6280
124  O                0.0130               1.3370               8.3160
125  H               -0.7300               1.1410               8.9240
126  H               -0.3130               1.8750               7.5650
127  O                0.8488              -0.7385               6.6615
128  H                0.5846              -0.0061               7.2439
129  H                1.2409              -0.2352               5.9141
130  O               -0.4700              -6.3650              -5.9640
131  H               -0.9470              -5.6350              -5.5210
132  H                0.3640              -6.0250              -6.3490
133  O                5.1830               2.2470               8.2420
134  H                4.7110               1.6030               8.8070
135  H                6.1480               2.1100               8.3260
136  O               -0.8890               7.7400               5.8660
137  H               -0.7750               8.5750               5.3680
138  H               -1.8230               7.6510               6.1440
139  O                3.9572              -0.4027              -5.4932
140  H                4.7075               0.0733              -5.8767
141  H                3.2110              -0.0003              -5.9452
142  O               -6.4130              -2.4200              -6.8710
143  H               -6.9220              -2.5810              -7.6920
144  H               -6.9370              -1.8520              -6.2700
145  O               -2.6770               3.1000              -7.3070
146  H               -2.2840               2.3360              -7.7760
147  H               -3.6220               2.9190              -7.1250
148  O               -5.5790               6.2570              -1.7830
149  H               -5.2490               7.1780              -1.7660
150  H               -5.8550               6.0270              -2.6940
151  O                1.7160              -5.0560               5.2610
152  H                2.1670              -5.6810               5.8630
153  H                1.0790              -4.5140               5.7680
154  O                1.3300              -2.4830              -8.8090
155  H                1.7780              -1.6230              -8.9430
156  H                0.3900              -2.3290              -8.5850
157  O                3.6050              -8.2400              -3.7140
158  H                3.6990              -9.2110              -3.6310
159  H                2.6580              -8.0090              -3.7930
160  O                1.1945              -6.8034               2.9944
161  H                1.1506              -6.1486               3.7093
162  H                0.6130              -6.4197               2.3220
163  O                5.8430              -5.4830              -3.7520
164  H                6.6950              -5.7250              -3.3360
165  H                5.9250              -5.5500              -4.7250
166  O               -2.0340               5.7110              -8.1540
167  H               -2.0320               4.8170              -7.7550
168  H               -2.4380               6.3460              -7.5280
169  O                1.7512               3.9363               1.2655
170  H                2.2426               3.1049               1.3541
171  H                2.4386               4.5218               1.6295
172  O               -3.5740               7.0060               6.8290
173  H               -4.0120               6.7070               7.6520
174  H               -4.1800               6.8760               6.0710
175  O               -4.4560              -0.2320              -7.6370
176  H               -4.1480               0.2960              -6.8720
177  H               -5.1810              -0.8260              -7.3520
178  O                1.7177               1.4149              -6.0177
179  H                2.0668               2.2885              -5.7597
180  H                1.0028               1.3140              -5.3646
181  O                8.7740              -0.8320              -3.2190
182  H                8.9160              -0.4590              -2.3250
183  H                8.5580              -1.7840              -3.1450
184  O                0.8900               6.0620              -4.3660
185  H               -0.0540               5.9700              -4.1240
186  H                0.9690               6.1850              -5.3340
187  O                5.8990               6.0660              -3.7200
188  H                5.4890               6.8250              -4.1820
189  H                6.8090               6.3030              -3.4470
190  O                3.5140              -8.2400               3.1370
191  H                3.5440              -8.7330               2.2910
192  H                2.7050              -7.6900               3.1650
193  O               -5.0018               4.6459               0.3821
194  H               -5.7010               4.8736               0.9853
195  H               -5.4011               5.1168              -0.3515
196  O                3.5705              -4.4997              -2.6584
197  H                3.6544              -4.0119              -1.8203
198  H                4.5006              -4.7763              -2.7656
199  O                1.2367               3.1931               4.7625
200  H                0.4428               3.3388               5.3032
201  H                1.8091               3.9578               4.9421
202  O                4.3850               0.0540              -8.8480
203  H                3.4640               0.1470              -8.5300
204  H                4.4550              -0.7400              -9.4160
205  O                6.4270               6.2700               2.5760
206  H                6.9260               5.5780               3.0550
207  H                6.8200               7.1460               2.7660
208  O               -7.4870               1.0680               6.3810
209  H               -6.7120               1.6580               6.4800
210  H               -7.2220               0.2600               5.8970
211  O                3.2830              -3.6781               3.5145
212  H                2.5467              -4.1318               3.9601
213  H                3.2686              -4.1338               2.6582
214  O                2.2268               0.7337               5.0197
215  H                3.1413               0.9022               5.3090
216  H                1.9170               1.6255               4.7749
217  O               -2.6960               7.9570              -0.0140
218  H               -2.4950               8.9020               0.1440
219  H               -3.3190               7.8760              -0.7640
220  O                3.1052              -4.8769               0.9408
221  H                2.7238              -4.2784               0.2804
222  H                2.8359              -5.7138               0.5208
223  O               -6.3230              -4.3380              -1.1030
224  H               -7.1480              -3.8950              -0.8180
225  H               -5.9300              -3.8450              -1.8510
226  O               -5.1230               7.0030               4.5650
227  H               -5.3730               7.9380               4.4190
228  H               -4.4830               6.7250               3.8790
229  O               -2.9822              -6.3928              -2.6812
230  H               -2.6570              -5.6743              -3.2484
231  H               -2.1889              -6.7154              -2.2243
232  O                5.3370              -6.1560               6.8700
233  H                4.9710              -5.3760               6.4040
234  H                4.6250              -6.5960               7.3790
235  O                0.5656              -3.1699              -5.9749
236  H                0.8188              -3.3020              -6.9086
237  H                1.4688              -3.0586              -5.6087
238  O               -5.1940               5.7680              -5.8600
239  H               -6.0340               6.1790              -5.5690
240  H               -5.3680               4.8610              -6.1840
241  O               -5.3723               1.4121              -0.9079
242  H               -4.9319               2.2662              -0.8365
243  H               -4.8943               0.9547              -0.1847
244  O               -4.8530               2.3620               7.0540
245  H               -4.5230               2.6560               6.1820
246  H               -4.4560               1.4960               7.2780
247  O               -8.4720              -3.3300              -3.2590
248  H               -7.5310              -3.0700              -3.3410
249  H               -8.6720              -3.5430              -2.3250
250  O                5.7680              -4.7100               1.7520
251  H                4.8880              -4.8170               1.3360
252  H                6.1950              -5.5860               1.8430
253  O                1.4068               6.8297              -1.7759
254  H                1.2196               6.5947              -2.7079
255  H                1.0224               6.0689              -1.3186
256  O                8.5400               1.5770              -4.5460
257  H                8.6340               0.7240              -4.0760
258  H                7.5980               1.8450              -4.5500
259  O               -4.0354               0.5751               3.5715
260  H               -4.0242               1.5471               3.6554
261  H               -3.4046               0.2328               4.2413
262  O                7.3170              -4.0800               4.0790
263  H                7.6990              -3.1790               4.0780
264  H                6.7980              -4.2140               3.2590
265  O               -5.3770              -4.7710               5.6630
266  H               -4.8560              -5.6000               5.6310
267  H               -5.3990              -4.3650               4.7720
268  O               -2.5211              -4.6516               4.1475
269  H               -2.0656              -5.0651               4.9117
270  H               -1.9141              -3.9064               4.0411
271  O                3.6752              -0.9863               3.3847
272  H                3.3683              -1.9288               3.4701
273  H                2.9260              -0.4658               3.7641
274  O                6.8160              -2.9330              -3.2960
275  H                6.3570              -3.7460              -3.5880
276  H                6.7300              -2.2440              -3.9860
277  O               -3.4863               6.6078               2.4251
278  H               -2.6026               6.5196               2.8247
279  H               -3.2887               7.0126               1.5634
280  O                7.1270               3.8020              -6.6310
281  H                6.7130               3.6430              -5.7590
282  H                7.8480               4.4560              -6.5360
283  O               -0.8831              -4.6314               0.0166
284  H               -0.6616              -3.8380              -0.5012
285  H               -0.9627              -5.2645              -0.7077
286  O               -3.1493               4.6890              -2.2363
287  H               -3.9279               5.1963              -2.0029
288  H               -2.8395               4.2869              -1.3775
289  O               -5.2680              -6.8240              -1.1250
290  H               -4.5450              -6.6990              -1.7720
291  H               -5.7970              -6.0030              -1.0630
292  O               -1.7010               0.5610              -8.1790
293  H               -2.5540               0.2690              -8.5610
294  H               -1.2970              -0.1790              -7.6810
295  O                6.3220               6.9670              -0.5040
296  H                7.1460               6.6640              -0.9350
297  H                6.2660               6.5890               0.3970
298  O               -5.5360               3.2760              -7.1090
299  H               -5.8470               3.5480              -7.9960
300  H               -6.2450               2.7800              -6.6520
301  O               -0.3000               5.8710               8.2390
302  H               -0.9910               5.9480               8.9280
303  H               -0.5750               6.3720               7.4440
304  O                5.7852              -0.9069               1.8561
305  H                4.8970              -0.8472               2.2719
306  H                6.2909              -1.3001               2.5761
307  O                1.7390               0.3670              -8.4020
308  H                1.6820               1.0200              -7.6750
309  H                1.2800               0.7180              -9.1920
310  O                3.5292               5.8327               2.5585
311  H                4.4769               6.0713               2.6077
312  H                3.2695               5.7268               3.4873
313  O               -3.9960              -8.2490              -4.3940
314  H               -3.3550              -8.3530              -5.1270
315  H               -3.7430              -7.4790              -3.8460
316  O                6.3738               1.5875              -2.0345
317  H                6.5187               0.6370              -2.1782
318  H                5.5706               1.5059              -1.4949
319  O               -4.9296              -3.2054               2.8149
320  H               -4.7791              -3.1009               1.8586
321  H               -4.0779              -3.6037               3.0530
322  O                2.1780              -5.5980              -6.4430
323  H                2.6580              -6.4230              -6.2250
324  H                2.7410              -4.8270              -6.2260
325  O               -5.4132              -0.2953              -3.2450
326  H               -5.4525               0.3572              -2.5200
327  H               -4.6686               0.0524              -3.7730
328  O               -8.0800               2.1510              -0.6340
329  H               -8.2720               2.8780              -0.0070
330  H               -7.1420               1.8850              -0.5480
331  O                6.6620              -1.7900              -5.9060
332  H                6.6090              -0.8260              -6.0630
333  H                6.1870              -2.2640              -6.6190
334  O               -0.9850               3.6420               7.1090
335  H               -1.5620               3.8600               6.3500
336  H               -0.7210               4.4660               7.5660
337  O               -9.1370              -0.3050              -0.4640
338  H               -8.7870               0.5800              -0.6930
339  H               -8.9590              -0.4930               0.4800
340  O                3.0900               5.2190               5.2820
341  H                2.5940               5.4000               6.1060
342  H                4.0490               5.3300               5.4480
343  O                0.0470              -3.2670               7.0350
344  H                0.3780              -2.4050               6.7090
345  H               -0.1690              -3.1950               7.9860
346  O                4.2590               9.3720               0.7440
347  H                3.6360               8.6470               0.5360
348  H                5.1650               9.0100               0.8270
349  O               -1.6634              -1.5930              -5.1126
350  H               -0.9988              -1.0823              -4.6187
351  H               -1.0342              -2.1573              -5.6047
352  O                7.8620              -1.2310               3.9200
353  H                8.6110              -1.2250               3.2910
354  H                7.5530              -0.3140               4.0680
355  O               -8.8890              -3.2870              -0.5910
356  H               -9.3680              -3.5180               0.2300
357  H               -8.7270              -2.3220              -0.6160
358  O                0.9840               9.7360              -0.6030
359  H                1.7130              10.3410              -0.3590
360  H                1.2160               8.8220              -0.3410
361  O               -7.6880              -3.4170               2.8070
362  H               -6.7420              -3.6520               2.7110
363  H               -8.2410              -4.1960               2.5930
364  O                5.4706              -1.7790              -0.9004
365  H                5.7547              -1.4603              -0.0244
366  H                6.2585              -2.1657              -1.3152
367  O                2.2470               4.9460               7.8180
368  H                1.3430               5.2440               8.0470
369  H                2.6470               4.4920               8.5870
370  O               -4.5531               3.1248               3.7109
371  H               -5.2434               3.6506               3.2663
372  H               -3.8756               3.7622               3.9938
373  O               -0.1954               2.7987              -2.8725
374  H               -0.8843               3.2006              -3.4220
375  H               -0.1124               3.3791              -2.1004
376  O               -1.3650              -8.3390               4.7520
377  H               -1.0870              -7.5140               5.2010
378  H               -1.1210              -8.2930               3.8040
379  O               -4.2696               0.2232               1.0561
380  H               -4.2405              -0.7290               0.8620
381  H               -3.8535               0.2177               1.9413
382  O               -5.3663              -3.0717              -3.1962
383  H               -5.0399              -3.4362              -4.0395
384  H               -5.1290              -2.1252              -3.1838
385  O                8.1530              -2.1530               6.8230
386  H                8.6750              -1.3540               7.0440
387  H                7.4320              -1.9120               6.2080
388  O               -3.0930               7.2570              -6.2990
389  H               -3.9790               6.8950              -6.0950
390  H               -3.0730               8.2120              -6.0820
391  O               -6.8920               4.0630               2.9640
392  H               -7.2780               4.2210               3.8490
393  H               -7.5520               4.2820               2.2760
394  O               -3.7290              -1.9200              -9.3900
395  H               -4.5000              -2.5030              -9.5440
396  H               -3.8960              -1.3590              -8.6060
397  O               -8.4980              -0.8530               2.1950
398  H               -8.3840              -1.8160               2.3310
399  H               -7.7480              -0.3750               2.6050
400  O               -2.5549               4.4314              -0.0003
401  H               -2.1153               3.7948               0.5899
402  H               -3.4193               4.4167               0.4729
403  O               -2.4102               3.0681              -4.3320
404  H               -3.0044               3.6277              -3.8079
405  H               -2.4910               3.2706              -5.2887
406  O                6.4449               1.7294               1.7533
407  H                6.7010               1.8354               2.6769
408  H                6.2371               0.7739               1.7460
409  O                1.1841              -5.3526              -3.0799
410  H                2.1312              -5.1648              -2.9667
411  H                1.1653              -5.5387              -4.0264
412  O               -1.3610              -2.9310              -8.8440
413  H               -1.4180              -3.8970              -8.6990
414  H               -2.2530              -2.5780              -9.0400
415  O                3.2700              -7.1010              -0.9270
416  H                3.2410              -7.3860              -1.8630
417  H                3.7610              -7.7630              -0.3990
418  O                8.0680              -3.1330               1.3610
419  H                7.3240              -3.7590               1.4770
420  H                7.7180              -2.2230               1.2750
421  O                2.1508               7.5817               1.1156
422  H                2.6305               6.9252               1.6454
423  H                1.2255               7.3268               1.2183
424  O                6.1030               0.8790              -6.8580
425  H                5.6980               0.6640              -7.7230
426  H                6.6100               1.7130              -6.9340
427  O               -0.5420               7.5090               1.5260
428  H               -1.2980               7.2600               0.9560
429  H               -0.6710               8.4190               1.8620
430  O                3.1491              -2.9729              -4.9247
431  H                3.4845              -2.0601              -4.8866
432  H                3.4350              -3.3281              -4.0691
433  O               -4.1690              -7.8160               1.1140
434  H               -3.2700              -7.5280               1.3740
435  H               -4.4150              -7.3920               0.2680
436  O               -4.7673              -2.5082               0.0816
437  H               -5.2503              -3.3068              -0.2316
438  H               -4.2494              -2.3643              -0.7178
439  O               -0.5056              -6.5888              -1.6684
440  H                0.1645              -6.2186              -2.2594
441  H               -0.1112              -7.4349              -1.4127
442  O               -0.9900              -5.7690               6.2680
443  H               -0.5980              -4.9820               6.6980
444  H               -1.5610              -6.2400               6.9080
445  O               -2.2220              -4.4734              -4.5214
446  H               -1.9769              -3.5706              -4.2635
447  H               -2.9874              -4.2500              -5.0793
448  O               -2.2892              -0.9101               5.3036
449  H               -2.9940              -1.0979               5.9601
450  H               -1.4542              -0.9488               5.7978
451  O               -6.8890              -1.2280               5.2890
452  H               -6.4720              -1.1090               4.4130
453  H               -7.6190              -1.8760               5.2180
454  O                6.9950               1.4920               4.4780
455  H                7.6650               1.9060               5.0600
456  H                6.1520               1.4000               4.9670
457  O                0.0130               1.3370             -10.2250
458  H               -0.7300               1.1410              -9.6180
459  H               -0.3130               1.8750             -10.9760
460  O                0.9840              -9.0140              -0.6030
461  H                1.7130              -8.4090              -0.3590
462  H                1.2160              -9.9280              -0.3410
463  O               -9.4340               3.8400              -2.7930
464  H               -9.7250               3.2070              -3.4810
465  H               -8.8280               3.3900              -2.1710


Energy:                -11700.106387 Convergence criteria  Is converged 
Maximum Force:             0.097724     0.002850                No
RMS Force:                 0.014607     0.001900                No
Maximum Displacement:      0.131118     0.003150                No
RMS Displacement:          0.022783     0.002100                No

----------------------------------------------------------------------
                             Iteration: 6                             


                             Coordinates                              
----------------------------------------------------------------------
0    C               -1.0605              -0.6767               0.3293
1    C                0.9837               0.2898               0.0536
2    C               -1.4331               1.5278               0.8136
3    C                1.6514              -0.2556               1.2816
4    C                1.9718               0.6412              -0.9945
5    N                0.0458              -0.6436              -0.4878
6    N               -2.0921              -1.3571              -0.3081
7    O               -2.1913               1.9533              -0.3216
8    H               -2.5639               1.1021              -0.5301
9    H               -0.2407              -0.4232              -1.4449
10   H               -0.8971              -1.0926               1.3163
11   H                0.4078               1.1675               0.3158
12   H               -2.6741              -1.9136               0.2990
13   H               -2.1907              -1.3349              -1.3075
14   H               -0.6398               2.2633               0.9932
15   H               -2.0510               1.4984               1.7171
16   H                2.4480               0.4479               1.4974
17   H                1.3553               0.9213              -1.8314
18   H                2.1143              -1.2272               1.0932
19   H                0.9459              -0.3022               2.1073
20   H                2.5463               1.5028              -0.6836
21   H                2.5583              -0.2536              -1.1653
22   O                9.9320               4.3700               1.0660
23   H                9.8250               5.2520               0.6530
24   H                9.0550               4.0280               1.3360
25   O                9.5460              -0.3050              -0.4640
26   H                9.8960               0.5800              -0.6930
27   H                9.7240              -0.4930               0.4800
28   O                1.3300              -2.4830               9.7330
29   H                1.7780              -1.6230               9.5990
30   H                0.3900              -2.3290               9.9570
31   O                1.7390               0.3670              10.1400
32   H                1.6820               1.0200              10.8670
33   H                1.2800               0.7180               9.3500
34   O                0.6940               5.8610              -7.0250
35   H                1.4000               5.2620              -7.3430
36   H               -0.0450               5.8630              -7.6670
37   O               -4.6910              -4.1640              -5.9210
38   H               -5.2680              -3.4380              -6.2340
39   H               -5.0970              -5.0250              -6.1500
40   O                3.8990               8.1850              -2.6140
41   H                2.9870               7.8280              -2.6370
42   H                4.5030               7.5110              -2.2410
43   O               -0.0249              -3.0713              -2.0143
44   H                0.5279              -3.7087              -2.4955
45   H                0.5465              -2.3768              -1.6260
46   O               -0.4820               8.8170              -3.0250
47   H                0.0230               8.6790              -2.1980
48   H               -0.8290               7.9580              -3.3420
49   O                3.0010               4.5500              -7.9590
50   H                3.8390               4.8940              -8.3310
51   H                3.1410               4.2950              -7.0240
52   O               -1.6510               6.3720              -3.8680
53   H               -2.0960               6.4270              -4.7380
54   H               -2.0930               5.6930              -3.3180
55   O               -0.0540               4.6122              -0.8193
56   H                0.4542               4.2151              -0.0886
57   H               -0.9500               4.8035              -0.4524
58   O               -2.9840              -5.3840              -8.0500
59   H               -3.8830              -5.0990              -7.7870
60   H               -2.5920              -5.9290              -7.3370
61   O               -1.7701              -6.0704               1.8823
62   H               -1.6121              -5.3485               1.2487
63   H               -2.1539              -5.6363               2.6644
64   O               -1.1265               6.1463               3.6897
65   H               -0.8059               6.6705               4.4479
66   H               -0.5056               6.3582               2.9706
67   O               -8.7510               4.3700               1.0660
68   H               -8.8580               5.2520               0.6530
69   H               -9.6280               4.0280               1.3360
70   O               -4.5190              -0.8900               6.7620
71   H               -5.4180              -1.2220               6.5630
72   H               -4.1970              -1.2960               7.5910
73   O                5.7900               3.3930              -4.1560
74   H                5.8410               2.7790              -3.3960
75   H                5.8340               4.3170              -3.8340
76   O               -3.3146               0.6252              -4.9449
77   H               -2.8333               1.3867              -4.5584
78   H               -2.6489              -0.0778              -5.0656
79   O                4.6770               0.8830               5.9830
80   H                4.7460               1.6330               6.6090
81   H                4.6300               0.0440               6.4840
82   O                8.1530               4.3360               3.6220
83   H                9.0970               4.5810               3.5380
84   H                8.0700               3.5560               4.2070
85   O               -7.6570              -0.6450              -4.8860
86   H               -6.9570              -0.4550              -4.2300
87   H               -8.4970              -0.8380              -4.4210
88   O               -6.4830               6.8240               1.6640
89   H               -5.5980               7.2400               1.6300
90   H               -6.5880               6.3470               2.5120
91   O                4.1153               4.6543              -1.6817
92   H                4.8343               5.2806              -1.8524
93   H                3.3667               5.2693              -1.6106
94   O                7.3960               3.6770               0.0630
95   H                7.6970               3.3440              -0.8080
96   H                6.9180               2.9670               0.5360
97   O                2.9143               0.2392              -3.6066
98   H                3.1835               0.7999              -2.8822
99   H                3.7280               0.2362              -4.2485
100  O                0.9440              -8.1150              -4.4250
101  H                0.4430              -8.8180              -3.9630
102  H                0.3190              -7.5180              -4.8850
103  O                3.1816               3.8118              -5.2792
104  H                2.7495               4.3460              -4.5921
105  H                4.0638               3.6316              -4.9001
106  O               -1.0960              -8.4370               0.8960
107  H               -1.2710              -7.5200               1.1900
108  H               -0.2060              -8.4860               0.4920
109  O               -2.0108               3.8053               4.4585
110  H               -1.5576               4.6246               4.1870
111  H               -1.6568               3.2161               3.7683
112  O               -6.5178               0.9401               2.8973
113  H               -6.4650               1.8830               3.1040
114  H               -5.6161               0.6308               3.0264
115  O                5.0400              -3.7010               5.5380
116  H                5.9780              -3.8170               5.2850
117  H                4.4870              -3.6630               4.7310
118  O                3.8950              -1.4120               7.2920
119  H                2.9250              -1.2740               7.2910
120  H                4.1040              -2.2570               6.8430
121  O                0.0005               0.3419              -3.8803
122  H               -0.1481               1.1407              -3.3315
123  H                0.9106               0.1157              -3.6362
124  O                0.0130               1.3370               8.3160
125  H               -0.7300               1.1410               8.9240
126  H               -0.3130               1.8750               7.5650
127  O                0.8627              -0.7322               6.6501
128  H                0.5760              -0.0217               7.2501
129  H                1.2538              -0.2258               5.9074
130  O               -0.4700              -6.3650              -5.9640
131  H               -0.9470              -5.6350              -5.5210
132  H                0.3640              -6.0250              -6.3490
133  O                5.1830               2.2470               8.2420
134  H                4.7110               1.6030               8.8070
135  H                6.1480               2.1100               8.3260
136  O               -0.8890               7.7400               5.8660
137  H               -0.7750               8.5750               5.3680
138  H               -1.8230               7.6510               6.1440
139  O                3.9527              -0.4026              -5.5182
140  H                4.7113               0.0760              -5.8765
141  H                3.1984               0.0109              -5.9461
142  O               -6.4130              -2.4200              -6.8710
143  H               -6.9220              -2.5810              -7.6920
144  H               -6.9370              -1.8520              -6.2700
145  O               -2.6770               3.1000              -7.3070
146  H               -2.2840               2.3360              -7.7760
147  H               -3.6220               2.9190              -7.1250
148  O               -5.5790               6.2570              -1.7830
149  H               -5.2490               7.1780              -1.7660
150  H               -5.8550               6.0270              -2.6940
151  O                1.7160              -5.0560               5.2610
152  H                2.1670              -5.6810               5.8630
153  H                1.0790              -4.5140               5.7680
154  O                1.3300              -2.4830              -8.8090
155  H                1.7780              -1.6230              -8.9430
156  H                0.3900              -2.3290              -8.5850
157  O                3.6050              -8.2400              -3.7140
158  H                3.6990              -9.2110              -3.6310
159  H                2.6580              -8.0090              -3.7930
160  O                1.1944              -6.7893               2.9939
161  H                1.1452              -6.1445               3.7185
162  H                0.5996              -6.4229               2.3200
163  O                5.8430              -5.4830              -3.7520
164  H                6.6950              -5.7250              -3.3360
165  H                5.9250              -5.5500              -4.7250
166  O               -2.0340               5.7110              -8.1540
167  H               -2.0320               4.8170              -7.7550
168  H               -2.4380               6.3460              -7.5280
169  O                1.7542               3.9424               1.2698
170  H                2.2266               3.0965               1.3450
171  H                2.4409               4.5353               1.6193
172  O               -3.5740               7.0060               6.8290
173  H               -4.0120               6.7070               7.6520
174  H               -4.1800               6.8760               6.0710
175  O               -4.4560              -0.2320              -7.6370
176  H               -4.1480               0.2960              -6.8720
177  H               -5.1810              -0.8260              -7.3520
178  O                1.7341               1.4122              -6.0081
179  H                2.0809               2.2874              -5.7533
180  H                1.0039               1.2993              -5.3720
181  O                8.7740              -0.8320              -3.2190
182  H                8.9160              -0.4590              -2.3250
183  H                8.5580              -1.7840              -3.1450
184  O                0.8900               6.0620              -4.3660
185  H               -0.0540               5.9700              -4.1240
186  H                0.9690               6.1850              -5.3340
187  O                5.8990               6.0660              -3.7200
188  H                5.4890               6.8250              -4.1820
189  H                6.8090               6.3030              -3.4470
190  O                3.5140              -8.2400               3.1370
191  H                3.5440              -8.7330               2.2910
192  H                2.7050              -7.6900               3.1650
193  O               -5.0006               4.6579               0.3724
194  H               -5.6776               4.8665               1.0083
195  H               -5.3857               5.1167              -0.3710
196  O                3.5628              -4.5100              -2.6469
197  H                3.6538              -3.9979              -1.8296
198  H                4.4896              -4.7895              -2.7824
199  O                1.2293               3.1874               4.7638
200  H                0.4382               3.3419               5.3097
201  H                1.8177               3.9443               4.9366
202  O                4.3850               0.0540              -8.8480
203  H                3.4640               0.1470              -8.5300
204  H                4.4550              -0.7400              -9.4160
205  O                6.4270               6.2700               2.5760
206  H                6.9260               5.5780               3.0550
207  H                6.8200               7.1460               2.7660
208  O               -7.4870               1.0680               6.3810
209  H               -6.7120               1.6580               6.4800
210  H               -7.2220               0.2600               5.8970
211  O                3.2859              -3.6838               3.5141
212  H                2.5550              -4.1313               3.9784
213  H                3.2699              -4.1279               2.6520
214  O                2.2373               0.7314               5.0271
215  H                3.1487               0.8966               5.3184
216  H                1.9056               1.6158               4.7761
217  O               -2.6960               7.9570              -0.0140
218  H               -2.4950               8.9020               0.1440
219  H               -3.3190               7.8760              -0.7640
220  O                3.1143              -4.8797               0.9303
221  H                2.7191              -4.2639               0.2957
222  H                2.8393              -5.7204               0.5251
223  O               -6.3230              -4.3380              -1.1030
224  H               -7.1480              -3.8950              -0.8180
225  H               -5.9300              -3.8450              -1.8510
226  O               -5.1230               7.0030               4.5650
227  H               -5.3730               7.9380               4.4190
228  H               -4.4830               6.7250               3.8790
229  O               -2.9700              -6.3864              -2.6809
230  H               -2.6533              -5.6603              -3.2438
231  H               -2.1795              -6.7166              -2.2252
232  O                5.3370              -6.1560               6.8700
233  H                4.9710              -5.3760               6.4040
234  H                4.6250              -6.5960               7.3790
235  O                0.5715              -3.1922              -5.9737
236  H                0.8142              -3.2864              -6.9091
237  H                1.4599              -3.0431              -5.5952
238  O               -5.1940               5.7680              -5.8600
239  H               -6.0340               6.1790              -5.5690
240  H               -5.3680               4.8610              -6.1840
241  O               -5.3667               1.4201              -0.9004
242  H               -4.9292               2.2696              -0.8455
243  H               -4.9065               0.9501              -0.1706
244  O               -4.8530               2.3620               7.0540
245  H               -4.5230               2.6560               6.1820
246  H               -4.4560               1.4960               7.2780
247  O               -8.4720              -3.3300              -3.2590
248  H               -7.5310              -3.0700              -3.3410
249  H               -8.6720              -3.5430              -2.3250
250  O                5.7680              -4.7100               1.7520
251  H                4.8880              -4.8170               1.3360
252  H                6.1950              -5.5860               1.8430
253  O                1.3935               6.8255              -1.7796
254  H                1.2277               6.5948              -2.7155
255  H                1.0212               6.0618              -1.3177
256  O                8.5400               1.5770              -4.5460
257  H                8.6340               0.7240              -4.0760
258  H                7.5980               1.8450              -4.5500
259  O               -4.0463               0.5862               3.5748
260  H               -4.0213               1.5528               3.6583
261  H               -3.4062               0.2264               4.2201
262  O                7.3170              -4.0800               4.0790
263  H                7.6990              -3.1790               4.0780
264  H                6.7980              -4.2140               3.2590
265  O               -5.3770              -4.7710               5.6630
266  H               -4.8560              -5.6000               5.6310
267  H               -5.3990              -4.3650               4.7720
268  O               -2.5003              -4.6511               4.1348
269  H               -2.0765              -5.0712               4.9130
270  H               -1.9163              -3.8921               4.0424
271  O                3.6897              -0.9989               3.4244
272  H                3.3600              -1.9247               3.4650
273  H                2.9405              -0.4675               3.7443
274  O                6.8160              -2.9330              -3.2960
275  H                6.3570              -3.7460              -3.5880
276  H                6.7300              -2.2440              -3.9860
277  O               -3.4708               6.5935               2.4226
278  H               -2.5890               6.5134               2.8274
279  H               -3.2940               7.0106               1.5614
280  O                7.1270               3.8020              -6.6310
281  H                6.7130               3.6430              -5.7590
282  H                7.8480               4.4560              -6.5360
283  O               -0.8819              -4.6445               0.0047
284  H               -0.6644              -3.8382              -0.4959
285  H               -0.9553              -5.2905              -0.7085
286  O               -3.1234               4.6896              -2.2379
287  H               -3.9156               5.1870              -2.0018
288  H               -2.8352               4.2742              -1.3689
289  O               -5.2680              -6.8240              -1.1250
290  H               -4.5450              -6.6990              -1.7720
291  H               -5.7970              -6.0030              -1.0630
292  O               -1.7010               0.5610              -8.1790
293  H               -2.5540               0.2690              -8.5610
294  H               -1.2970              -0.1790              -7.6810
295  O                6.3220               6.9670              -0.5040
296  H                7.1460               6.6640              -0.9350
297  H                6.2660               6.5890               0.3970
298  O               -5.5360               3.2760              -7.1090
299  H               -5.8470               3.5480              -7.9960
300  H               -6.2450               2.7800              -6.6520
301  O               -0.3000               5.8710               8.2390
302  H               -0.9910               5.9480               8.9280
303  H               -0.5750               6.3720               7.4440
304  O                5.7888              -0.9057               1.8680
305  H                4.8929              -0.8443               2.2716
306  H                6.2926              -1.3051               2.5819
307  O                1.7390               0.3670              -8.4020
308  H                1.6820               1.0200              -7.6750
309  H                1.2800               0.7180              -9.1920
310  O                3.5286               5.8329               2.5641
311  H                4.4789               6.0609               2.5983
312  H                3.2674               5.7289               3.4932
313  O               -3.9960              -8.2490              -4.3940
314  H               -3.3550              -8.3530              -5.1270
315  H               -3.7430              -7.4790              -3.8460
316  O                6.3578               1.5831              -2.0459
317  H                6.5268               0.6365              -2.1836
318  H                5.5712               1.5154              -1.4839
319  O               -4.9247              -3.2015               2.8088
320  H               -4.7786              -3.0893               1.8528
321  H               -4.0862              -3.6159               3.0724
322  O                2.1780              -5.5980              -6.4430
323  H                2.6580              -6.4230              -6.2250
324  H                2.7410              -4.8270              -6.2260
325  O               -5.3974              -0.2902              -3.2478
326  H               -5.4527               0.3492              -2.5092
327  H               -4.6617               0.0600              -3.7831
328  O               -8.0800               2.1510              -0.6340
329  H               -8.2720               2.8780              -0.0070
330  H               -7.1420               1.8850              -0.5480
331  O                6.6620              -1.7900              -5.9060
332  H                6.6090              -0.8260              -6.0630
333  H                6.1870              -2.2640              -6.6190
334  O               -0.9850               3.6420               7.1090
335  H               -1.5620               3.8600               6.3500
336  H               -0.7210               4.4660               7.5660
337  O               -9.1370              -0.3050              -0.4640
338  H               -8.7870               0.5800              -0.6930
339  H               -8.9590              -0.4930               0.4800
340  O                3.0900               5.2190               5.2820
341  H                2.5940               5.4000               6.1060
342  H                4.0490               5.3300               5.4480
343  O                0.0470              -3.2670               7.0350
344  H                0.3780              -2.4050               6.7090
345  H               -0.1690              -3.1950               7.9860
346  O                4.2590               9.3720               0.7440
347  H                3.6360               8.6470               0.5360
348  H                5.1650               9.0100               0.8270
349  O               -1.6457              -1.6000              -5.1035
350  H               -0.9933              -1.0754              -4.6083
351  H               -1.0304              -2.1546              -5.6191
352  O                7.8620              -1.2310               3.9200
353  H                8.6110              -1.2250               3.2910
354  H                7.5530              -0.3140               4.0680
355  O               -8.8890              -3.2870              -0.5910
356  H               -9.3680              -3.5180               0.2300
357  H               -8.7270              -2.3220              -0.6160
358  O                0.9840               9.7360              -0.6030
359  H                1.7130              10.3410              -0.3590
360  H                1.2160               8.8220              -0.3410
361  O               -7.6880              -3.4170               2.8070
362  H               -6.7420              -3.6520               2.7110
363  H               -8.2410              -4.1960               2.5930
364  O                5.4706              -1.7770              -0.9007
365  H                5.7519              -1.4688              -0.0192
366  H                6.2568              -2.1653              -1.3223
367  O                2.2470               4.9460               7.8180
368  H                1.3430               5.2440               8.0470
369  H                2.6470               4.4920               8.5870
370  O               -4.5540               3.1189               3.7125
371  H               -5.2422               3.6464               3.2654
372  H               -3.8634               3.7503               3.9861
373  O               -0.2052               2.7964              -2.8744
374  H               -0.8924               3.2032              -3.4310
375  H               -0.1117               3.3736              -2.1008
376  O               -1.3650              -8.3390               4.7520
377  H               -1.0870              -7.5140               5.2010
378  H               -1.1210              -8.2930               3.8040
379  O               -4.2957               0.2231               1.0895
380  H               -4.2626              -0.7232               0.8582
381  H               -3.8559               0.2408               1.9437
382  O               -5.3683              -3.0670              -3.1938
383  H               -5.0381              -3.4446              -4.0302
384  H               -5.1413              -2.1167              -3.1901
385  O                8.1530              -2.1530               6.8230
386  H                8.6750              -1.3540               7.0440
387  H                7.4320              -1.9120               6.2080
388  O               -3.0930               7.2570              -6.2990
389  H               -3.9790               6.8950              -6.0950
390  H               -3.0730               8.2120              -6.0820
391  O               -6.8920               4.0630               2.9640
392  H               -7.2780               4.2210               3.8490
393  H               -7.5520               4.2820               2.2760
394  O               -3.7290              -1.9200              -9.3900
395  H               -4.5000              -2.5030              -9.5440
396  H               -3.8960              -1.3590              -8.6060
397  O               -8.4980              -0.8530               2.1950
398  H               -8.3840              -1.8160               2.3310
399  H               -7.7480              -0.3750               2.6050
400  O               -2.5589               4.4509               0.0134
401  H               -2.1150               3.7765               0.5520
402  H               -3.4408               4.4337               0.4631
403  O               -2.4118               3.0707              -4.3284
404  H               -3.0069               3.6318              -3.8035
405  H               -2.4813               3.2820              -5.2823
406  O                6.4523               1.7229               1.7513
407  H                6.6987               1.8436               2.6781
408  H                6.2264               0.7731               1.7352
409  O                1.1878              -5.3605              -3.0793
410  H                2.1310              -5.1637              -2.9580
411  H                1.1521              -5.5316              -4.0294
412  O               -1.3610              -2.9310              -8.8440
413  H               -1.4180              -3.8970              -8.6990
414  H               -2.2530              -2.5780              -9.0400
415  O                3.2700              -7.1010              -0.9270
416  H                3.2410              -7.3860              -1.8630
417  H                3.7610              -7.7630              -0.3990
418  O                8.0680              -3.1330               1.3610
419  H                7.3240              -3.7590               1.4770
420  H                7.7180              -2.2230               1.2750
421  O                2.1460               7.5793               1.1093
422  H                2.6329               6.9307               1.6421
423  H                1.2147               7.3225               1.2101
424  O                6.1030               0.8790              -6.8580
425  H                5.6980               0.6640              -7.7230
426  H                6.6100               1.7130              -6.9340
427  O               -0.5420               7.5090               1.5260
428  H               -1.2980               7.2600               0.9560
429  H               -0.6710               8.4190               1.8620
430  O                3.1481              -2.9673              -4.9172
431  H                3.4916              -2.0602              -4.9102
432  H                3.4253              -3.3298              -4.0606
433  O               -4.1690              -7.8160               1.1140
434  H               -3.2700              -7.5280               1.3740
435  H               -4.4150              -7.3920               0.2680
436  O               -4.7766              -2.5179               0.0692
437  H               -5.2710              -3.3186              -0.2267
438  H               -4.2537              -2.3657              -0.7286
439  O               -0.4958              -6.5761              -1.6793
440  H                0.1769              -6.2126              -2.2651
441  H               -0.1321              -7.4345              -1.4074
442  O               -0.9900              -5.7690               6.2680
443  H               -0.5980              -4.9820               6.6980
444  H               -1.5610              -6.2400               6.9080
445  O               -2.2231              -4.4702              -4.5279
446  H               -1.9641              -3.5736              -4.2592
447  H               -2.9926              -4.2596              -5.0845
448  O               -2.2883              -0.8961               5.2983
449  H               -2.9973              -1.1015               5.9431
450  H               -1.4524              -0.9470               5.7945
451  O               -6.8890              -1.2280               5.2890
452  H               -6.4720              -1.1090               4.4130
453  H               -7.6190              -1.8760               5.2180
454  O                6.9950               1.4920               4.4780
455  H                7.6650               1.9060               5.0600
456  H                6.1520               1.4000               4.9670
457  O                0.0130               1.3370             -10.2250
458  H               -0.7300               1.1410              -9.6180
459  H               -0.3130               1.8750             -10.9760
460  O                0.9840              -9.0140              -0.6030
461  H                1.7130              -8.4090              -0.3590
462  H                1.2160              -9.9280              -0.3410
463  O               -9.4340               3.8400              -2.7930
464  H               -9.7250               3.2070              -3.4810
465  H               -8.8280               3.3900              -2.1710


Energy:                -11700.144501 Convergence criteria  Is converged 
Maximum Force:             0.089376     0.002850                No
RMS Force:                 0.013013     0.001900                No
Maximum Displacement:      0.046833     0.003150                No
RMS Displacement:          0.011068     0.002100                No

----------------------------------------------------------------------
                             Iteration: 7                             


                             Coordinates                              
----------------------------------------------------------------------
0    C               -1.0760              -0.6098               0.3419
1    C                1.0149               0.3389               0.0745
2    C               -1.5071               1.4410               0.8229
3    C                1.6518              -0.2493               1.3214
4    C                2.0169               0.6680              -1.0031
5    N                0.0730              -0.6084              -0.4758
6    N               -2.0897              -1.3209              -0.3046
7    O               -2.2876               1.9726              -0.2403
8    H               -2.6223               1.1208              -0.6154
9    H               -0.1980              -0.3679              -1.4305
10   H               -0.8792              -1.0005               1.3218
11   H                0.4421               1.2223               0.3520
12   H               -2.6473              -1.9559               0.2973
13   H               -2.1180              -1.3492              -1.2968
14   H               -0.6427               2.1173               0.9919
15   H               -2.1028               1.5061               1.7284
16   H                2.4608               0.4543               1.5247
17   H                1.3402               0.9471              -1.8283
18   H                2.1005              -1.2334               1.0771
19   H                0.9332              -0.3216               2.1602
20   H                2.5818               1.5321              -0.6117
21   H                2.5814              -0.2882              -1.1280
22   O                9.9320               4.3700               1.0660
23   H                9.8250               5.2520               0.6530
24   H                9.0550               4.0280               1.3360
25   O                9.5460              -0.3050              -0.4640
26   H                9.8960               0.5800              -0.6930
27   H                9.7240              -0.4930               0.4800
28   O                1.3300              -2.4830               9.7330
29   H                1.7780              -1.6230               9.5990
30   H                0.3900              -2.3290               9.9570
31   O                1.7390               0.3670              10.1400
32   H                1.6820               1.0200              10.8670
33   H                1.2800               0.7180               9.3500
34   O                0.6940               5.8610              -7.0250
35   H                1.4000               5.2620              -7.3430
36   H               -0.0450               5.8630              -7.6670
37   O               -4.6910              -4.1640              -5.9210
38   H               -5.2680              -3.4380              -6.2340
39   H               -5.0970              -5.0250              -6.1500
40   O                3.8990               8.1850              -2.6140
41   H                2.9870               7.8280              -2.6370
42   H                4.5030               7.5110              -2.2410
43   O               -0.0123              -3.1467              -2.0533
44   H                0.5764              -3.7371              -2.5422
45   H                0.5080              -2.4108              -1.6580
46   O               -0.4820               8.8170              -3.0250
47   H                0.0230               8.6790              -2.1980
48   H               -0.8290               7.9580              -3.3420
49   O                3.0010               4.5500              -7.9590
50   H                3.8390               4.8940              -8.3310
51   H                3.1410               4.2950              -7.0240
52   O               -1.6510               6.3720              -3.8680
53   H               -2.0960               6.4270              -4.7380
54   H               -2.0930               5.6930              -3.3180
55   O               -0.0920               4.6182              -0.8237
56   H                0.4657               4.2649              -0.1008
57   H               -0.9758               4.7890              -0.4341
58   O               -2.9840              -5.3840              -8.0500
59   H               -3.8830              -5.0990              -7.7870
60   H               -2.5920              -5.9290              -7.3370
61   O               -1.6806              -6.0461               1.8778
62   H               -1.6194              -5.2893               1.2396
63   H               -2.1760              -5.7107               2.6626
64   O               -1.1969               6.1981               3.6673
65   H               -0.8190               6.6506               4.4593
66   H               -0.5504               6.3480               2.9534
67   O               -8.7510               4.3700               1.0660
68   H               -8.8580               5.2520               0.6530
69   H               -9.6280               4.0280               1.3360
70   O               -4.5190              -0.8900               6.7620
71   H               -5.4180              -1.2220               6.5630
72   H               -4.1970              -1.2960               7.5910
73   O                5.7900               3.3930              -4.1560
74   H                5.8410               2.7790              -3.3960
75   H                5.8340               4.3170              -3.8340
76   O               -3.3321               0.6063              -4.9705
77   H               -2.8727               1.3713              -4.5515
78   H               -2.6669              -0.0962              -5.0950
79   O                4.6770               0.8830               5.9830
80   H                4.7460               1.6330               6.6090
81   H                4.6300               0.0440               6.4840
82   O                8.1530               4.3360               3.6220
83   H                9.0970               4.5810               3.5380
84   H                8.0700               3.5560               4.2070
85   O               -7.6570              -0.6450              -4.8860
86   H               -6.9570              -0.4550              -4.2300
87   H               -8.4970              -0.8380              -4.4210
88   O               -6.4830               6.8240               1.6640
89   H               -5.5980               7.2400               1.6300
90   H               -6.5880               6.3470               2.5120
91   O                4.1006               4.6744              -1.7181
92   H                4.8493               5.2825              -1.8309
93   H                3.3330               5.2646              -1.6081
94   O                7.3960               3.6770               0.0630
95   H                7.6970               3.3440              -0.8080
96   H                6.9180               2.9670               0.5360
97   O                2.9490               0.2526              -3.8066
98   H                3.1376               0.7283              -2.9949
99   H                3.8412               0.2540              -4.3659
100  O                0.9440              -8.1150              -4.4250
101  H                0.4430              -8.8180              -3.9630
102  H                0.3190              -7.5180              -4.8850
103  O                3.1846               3.8192              -5.2859
104  H                2.7091               4.3390              -4.6165
105  H                4.0499               3.5758              -4.8689
106  O               -1.0960              -8.4370               0.8960
107  H               -1.2710              -7.5200               1.1900
108  H               -0.2060              -8.4860               0.4920
109  O               -2.0543               3.8597               4.4027
110  H               -1.5114               4.6646               4.1612
111  H               -1.6800               3.1545               3.8243
112  O               -6.4522               0.9220               2.8895
113  H               -6.5128               1.8578               3.1180
114  H               -5.5479               0.6302               3.0343
115  O                5.0400              -3.7010               5.5380
116  H                5.9780              -3.8170               5.2850
117  H                4.4870              -3.6630               4.7310
118  O                3.8950              -1.4120               7.2920
119  H                2.9250              -1.2740               7.2910
120  H                4.1040              -2.2570               6.8430
121  O                0.0315               0.3944              -3.9042
122  H               -0.1602               1.1797              -3.3236
123  H                0.9305               0.0980              -3.6619
124  O                0.0130               1.3370               8.3160
125  H               -0.7300               1.1410               8.9240
126  H               -0.3130               1.8750               7.5650
127  O                0.9141              -0.7228               6.6138
128  H                0.5474              -0.0864               7.2610
129  H                1.3088              -0.1708               5.8822
130  O               -0.4700              -6.3650              -5.9640
131  H               -0.9470              -5.6350              -5.5210
132  H                0.3640              -6.0250              -6.3490
133  O                5.1830               2.2470               8.2420
134  H                4.7110               1.6030               8.8070
135  H                6.1480               2.1100               8.3260
136  O               -0.8890               7.7400               5.8660
137  H               -0.7750               8.5750               5.3680
138  H               -1.8230               7.6510               6.1440
139  O                3.9234              -0.4037              -5.6020
140  H                4.7148               0.0911              -5.8849
141  H                3.1599               0.0633              -5.9535
142  O               -6.4130              -2.4200              -6.8710
143  H               -6.9220              -2.5810              -7.6920
144  H               -6.9370              -1.8520              -6.2700
145  O               -2.6770               3.1000              -7.3070
146  H               -2.2840               2.3360              -7.7760
147  H               -3.6220               2.9190              -7.1250
148  O               -5.5790               6.2570              -1.7830
149  H               -5.2490               7.1780              -1.7660
150  H               -5.8550               6.0270              -2.6940
151  O                1.7160              -5.0560               5.2610
152  H                2.1670              -5.6810               5.8630
153  H                1.0790              -4.5140               5.7680
154  O                1.3300              -2.4830              -8.8090
155  H                1.7780              -1.6230              -8.9430
156  H                0.3900              -2.3290              -8.5850
157  O                3.6050              -8.2400              -3.7140
158  H                3.6990              -9.2110              -3.6310
159  H                2.6580              -8.0090              -3.7930
160  O                1.1944              -6.7346               2.9883
161  H                1.1167              -6.1251               3.7459
162  H                0.5484              -6.4325               2.3269
163  O                5.8430              -5.4830              -3.7520
164  H                6.6950              -5.7250              -3.3360
165  H                5.9250              -5.5500              -4.7250
166  O               -2.0340               5.7110              -8.1540
167  H               -2.0320               4.8170              -7.7550
168  H               -2.4380               6.3460              -7.5280
169  O                1.7501               3.9623               1.2780
170  H                2.1647               3.0842               1.3136
171  H                2.4609               4.5753               1.5776
172  O               -3.5740               7.0060               6.8290
173  H               -4.0120               6.7070               7.6520
174  H               -4.1800               6.8760               6.0710
175  O               -4.4560              -0.2320              -7.6370
176  H               -4.1480               0.2960              -6.8720
177  H               -5.1810              -0.8260              -7.3520
178  O                1.8059               1.3870              -5.9745
179  H                2.1320               2.2792              -5.7170
180  H                1.0198               1.2491              -5.4046
181  O                8.7740              -0.8320              -3.2190
182  H                8.9160              -0.4590              -2.3250
183  H                8.5580              -1.7840              -3.1450
184  O                0.8900               6.0620              -4.3660
185  H               -0.0540               5.9700              -4.1240
186  H                0.9690               6.1850              -5.3340
187  O                5.8990               6.0660              -3.7200
188  H                5.4890               6.8250              -4.1820
189  H                6.8090               6.3030              -3.4470
190  O                3.5140              -8.2400               3.1370
191  H                3.5440              -8.7330               2.2910
192  H                2.7050              -7.6900               3.1650
193  O               -4.9701               4.6884               0.3463
194  H               -5.5805               4.8479               1.0756
195  H               -5.3479               5.1260              -0.4373
196  O                3.5175              -4.5640              -2.6221
197  H                3.6641              -3.9373              -1.8598
198  H                4.4384              -4.8395              -2.8402
199  O                1.1979               3.1632               4.7709
200  H                0.4271               3.3584               5.3344
201  H                1.8454               3.8820               4.9152
202  O                4.3850               0.0540              -8.8480
203  H                3.4640               0.1470              -8.5300
204  H                4.4550              -0.7400              -9.4160
205  O                6.4270               6.2700               2.5760
206  H                6.9260               5.5780               3.0550
207  H                6.8200               7.1460               2.7660
208  O               -7.4870               1.0680               6.3810
209  H               -6.7120               1.6580               6.4800
210  H               -7.2220               0.2600               5.8970
211  O                3.3033              -3.6986               3.5200
212  H                2.5971              -4.1333               4.0392
213  H                3.2640              -4.1095               2.6351
214  O                2.2673               0.7135               5.0546
215  H                3.1815               0.8860               5.3561
216  H                1.8727               1.5708               4.7871
217  O               -2.6960               7.9570              -0.0140
218  H               -2.4950               8.9020               0.1440
219  H               -3.3190               7.8760              -0.7640
220  O                3.1618              -4.8845               0.9041
221  H                2.6960              -4.2196               0.3556
222  H                2.8478              -5.7363               0.5299
223  O               -6.3230              -4.3380              -1.1030
224  H               -7.1480              -3.8950              -0.8180
225  H               -5.9300              -3.8450              -1.8510
226  O               -5.1230               7.0030               4.5650
227  H               -5.3730               7.9380               4.4190
228  H               -4.4830               6.7250               3.8790
229  O               -2.9222              -6.3615              -2.6783
230  H               -2.6315              -5.6049              -3.2188
231  H               -2.1384              -6.7142              -2.2352
232  O                5.3370              -6.1560               6.8700
233  H                4.9710              -5.3760               6.4040
234  H                4.6250              -6.5960               7.3790
235  O                0.5694              -3.2797              -5.9515
236  H                0.8123              -3.2242              -6.9171
237  H                1.4337              -2.9823              -5.5494
238  O               -5.1940               5.7680              -5.8600
239  H               -6.0340               6.1790              -5.5690
240  H               -5.3680               4.8610              -6.1840
241  O               -5.3622               1.4307              -0.8756
242  H               -4.9042               2.2874              -0.8722
243  H               -4.9497               0.9485              -0.1085
244  O               -4.8530               2.3620               7.0540
245  H               -4.5230               2.6560               6.1820
246  H               -4.4560               1.4960               7.2780
247  O               -8.4720              -3.3300              -3.2590
248  H               -7.5310              -3.0700              -3.3410
249  H               -8.6720              -3.5430              -2.3250
250  O                5.7680              -4.7100               1.7520
251  H                4.8880              -4.8170               1.3360
252  H                6.1950              -5.5860               1.8430
253  O                1.3445               6.8169              -1.7880
254  H                1.2558               6.5857              -2.7444
255  H                1.0139               6.0323              -1.3260
256  O                8.5400               1.5770              -4.5460
257  H                8.6340               0.7240              -4.0760
258  H                7.5980               1.8450              -4.5500
259  O               -4.1057               0.6273               3.5723
260  H               -4.0079               1.5865               3.6764
261  H               -3.4091               0.2017               4.1355
262  O                7.3170              -4.0800               4.0790
263  H                7.6990              -3.1790               4.0780
264  H                6.7980              -4.2140               3.2590
265  O               -5.3770              -4.7710               5.6630
266  H               -4.8560              -5.6000               5.6310
267  H               -5.3990              -4.3650               4.7720
268  O               -2.4390              -4.6624               4.0759
269  H               -2.1106              -5.0824               4.9133
270  H               -1.9110              -3.8310               4.0583
271  O                3.7930              -1.0409               3.5660
272  H                3.3168              -1.9373               3.4533
273  H                2.9697              -0.4557               3.6795
274  O                6.8160              -2.9330              -3.2960
275  H                6.3570              -3.7460              -3.5880
276  H                6.7300              -2.2440              -3.9860
277  O               -3.4149               6.5345               2.4142
278  H               -2.5303               6.4912               2.8280
279  H               -3.3078               6.9974               1.5641
280  O                7.1270               3.8020              -6.6310
281  H                6.7130               3.6430              -5.7590
282  H                7.8480               4.4560              -6.5360
283  O               -0.8791              -4.7031              -0.0309
284  H               -0.6800              -3.8611              -0.4823
285  H               -0.9177              -5.3839              -0.7210
286  O               -3.0287               4.6908              -2.2281
287  H               -3.8453               5.1384              -2.0043
288  H               -2.8190               4.2332              -1.3465
289  O               -5.2680              -6.8240              -1.1250
290  H               -4.5450              -6.6990              -1.7720
291  H               -5.7970              -6.0030              -1.0630
292  O               -1.7010               0.5610              -8.1790
293  H               -2.5540               0.2690              -8.5610
294  H               -1.2970              -0.1790              -7.6810
295  O                6.3220               6.9670              -0.5040
296  H                7.1460               6.6640              -0.9350
297  H                6.2660               6.5890               0.3970
298  O               -5.5360               3.2760              -7.1090
299  H               -5.8470               3.5480              -7.9960
300  H               -6.2450               2.7800              -6.6520
301  O               -0.3000               5.8710               8.2390
302  H               -0.9910               5.9480               8.9280
303  H               -0.5750               6.3720               7.4440
304  O                5.7979              -0.8966               1.9031
305  H                4.8846              -0.8366               2.2779
306  H                6.2945              -1.3280               2.6158
307  O                1.7390               0.3670              -8.4020
308  H                1.6820               1.0200              -7.6750
309  H                1.2800               0.7180              -9.1920
310  O                3.5194               5.8333               2.5823
311  H                4.4859               6.0156               2.5665
312  H                3.2671               5.7408               3.5157
313  O               -3.9960              -8.2490              -4.3940
314  H               -3.3550              -8.3530              -5.1270
315  H               -3.7430              -7.4790              -3.8460
316  O                6.3041               1.5795              -2.0999
317  H                6.5456               0.6363              -2.1982
318  H                5.5754               1.5396              -1.4407
319  O               -4.9138              -3.1846               2.7967
320  H               -4.7586              -3.0461               1.8362
321  H               -4.1285              -3.6619               3.1342
322  O                2.1780              -5.5980              -6.4430
323  H                2.6580              -6.4230              -6.2250
324  H                2.7410              -4.8270              -6.2260
325  O               -5.3456              -0.2787              -3.2540
326  H               -5.4422               0.3145              -2.4773
327  H               -4.6297               0.1032              -3.8178
328  O               -8.0800               2.1510              -0.6340
329  H               -8.2720               2.8780              -0.0070
330  H               -7.1420               1.8850              -0.5480
331  O                6.6620              -1.7900              -5.9060
332  H                6.6090              -0.8260              -6.0630
333  H                6.1870              -2.2640              -6.6190
334  O               -0.9850               3.6420               7.1090
335  H               -1.5620               3.8600               6.3500
336  H               -0.7210               4.4660               7.5660
337  O               -9.1370              -0.3050              -0.4640
338  H               -8.7870               0.5800              -0.6930
339  H               -8.9590              -0.4930               0.4800
340  O                3.0900               5.2190               5.2820
341  H                2.5940               5.4000               6.1060
342  H                4.0490               5.3300               5.4480
343  O                0.0470              -3.2670               7.0350
344  H                0.3780              -2.4050               6.7090
345  H               -0.1690              -3.1950               7.9860
346  O                4.2590               9.3720               0.7440
347  H                3.6360               8.6470               0.5360
348  H                5.1650               9.0100               0.8270
349  O               -1.5927              -1.6222              -5.0633
350  H               -0.9583              -1.0587              -4.5733
351  H               -1.0018              -2.1357              -5.6711
352  O                7.8620              -1.2310               3.9200
353  H                8.6110              -1.2250               3.2910
354  H                7.5530              -0.3140               4.0680
355  O               -8.8890              -3.2870              -0.5910
356  H               -9.3680              -3.5180               0.2300
357  H               -8.7270              -2.3220              -0.6160
358  O                0.9840               9.7360              -0.6030
359  H                1.7130              10.3410              -0.3590
360  H                1.2160               8.8220              -0.3410
361  O               -7.6880              -3.4170               2.8070
362  H               -6.7420              -3.6520               2.7110
363  H               -8.2410              -4.1960               2.5930
364  O                5.4728              -1.7706              -0.9037
365  H                5.7430              -1.5072              -0.0025
366  H                6.2439              -2.1589              -1.3457
367  O                2.2470               4.9460               7.8180
368  H                1.3430               5.2440               8.0470
369  H                2.6470               4.4920               8.5870
370  O               -4.5528               3.0894               3.7195
371  H               -5.2311               3.6298               3.2657
372  H               -3.8207               3.6974               3.9488
373  O               -0.2546               2.7875              -2.8910
374  H               -0.9165               3.2123              -3.4559
375  H               -0.1136               3.3518              -2.1078
376  O               -1.3650              -8.3390               4.7520
377  H               -1.0870              -7.5140               5.2010
378  H               -1.1210              -8.2930               3.8040
379  O               -4.4460               0.2382               1.1793
380  H               -4.3512              -0.6848               0.8679
381  H               -3.8464               0.3172               1.9916
382  O               -5.3790              -3.0481              -3.1814
383  H               -5.0298              -3.4745              -3.9882
384  H               -5.1918              -2.0855              -3.2204
385  O                8.1530              -2.1530               6.8230
386  H                8.6750              -1.3540               7.0440
387  H                7.4320              -1.9120               6.2080
388  O               -3.0930               7.2570              -6.2990
389  H               -3.9790               6.8950              -6.0950
390  H               -3.0730               8.2120              -6.0820
391  O               -6.8920               4.0630               2.9640
392  H               -7.2780               4.2210               3.8490
393  H               -7.5520               4.2820               2.2760
394  O               -3.7290              -1.9200              -9.3900
395  H               -4.5000              -2.5030              -9.5440
396  H               -3.8960              -1.3590              -8.6060
397  O               -8.4980              -0.8530               2.1950
398  H               -8.3840              -1.8160               2.3310
399  H               -7.7480              -0.3750               2.6050
400  O               -2.5810               4.5441               0.0498
401  H               -2.1330               3.6986               0.4040
402  H               -3.5098               4.4942               0.4343
403  O               -2.4225               3.0842              -4.3068
404  H               -3.0123               3.6456              -3.7882
405  H               -2.4407               3.3314              -5.2601
406  O                6.4857               1.7117               1.7391
407  H                6.6841               1.8632               2.6721
408  H                6.1853               0.7695               1.7039
409  O                1.1875              -5.3952              -3.0711
410  H                2.1288              -5.1630              -2.9350
411  H                1.1093              -5.4978              -4.0298
412  O               -1.3610              -2.9310              -8.8440
413  H               -1.4180              -3.8970              -8.6990
414  H               -2.2530              -2.5780              -9.0400
415  O                3.2700              -7.1010              -0.9270
416  H                3.2410              -7.3860              -1.8630
417  H                3.7610              -7.7630              -0.3990
418  O                8.0680              -3.1330               1.3610
419  H                7.3240              -3.7590               1.4770
420  H                7.7180              -2.2230               1.2750
421  O                2.1109               7.5687               1.0808
422  H                2.6354               6.9522               1.6290
423  H                1.1899               7.3048               1.1771
424  O                6.1030               0.8790              -6.8580
425  H                5.6980               0.6640              -7.7230
426  H                6.6100               1.7130              -6.9340
427  O               -0.5420               7.5090               1.5260
428  H               -1.2980               7.2600               0.9560
429  H               -0.6710               8.4190               1.8620
430  O                3.1330              -2.9567              -4.8947
431  H                3.5307              -2.0597              -4.9974
432  H                3.3868              -3.3194              -4.0278
433  O               -4.1690              -7.8160               1.1140
434  H               -3.2700              -7.5280               1.3740
435  H               -4.4150              -7.3920               0.2680
436  O               -4.8141              -2.5495               0.0232
437  H               -5.3462              -3.3623              -0.2221
438  H               -4.2902              -2.3881              -0.7706
439  O               -0.4647              -6.5278              -1.7137
440  H                0.2413              -6.1953              -2.2892
441  H               -0.2182              -7.4134              -1.3977
442  O               -0.9900              -5.7690               6.2680
443  H               -0.5980              -4.9820               6.6980
444  H               -1.5610              -6.2400               6.9080
445  O               -2.2195              -4.4693              -4.5495
446  H               -1.9252              -3.5907              -4.2524
447  H               -3.0078              -4.2836              -5.1002
448  O               -2.2780              -0.8349               5.2711
449  H               -3.0097              -1.1165               5.8754
450  H               -1.4541              -0.9389               5.7783
451  O               -6.8890              -1.2280               5.2890
452  H               -6.4720              -1.1090               4.4130
453  H               -7.6190              -1.8760               5.2180
454  O                6.9950               1.4920               4.4780
455  H                7.6650               1.9060               5.0600
456  H                6.1520               1.4000               4.9670
457  O                0.0130               1.3370             -10.2250
458  H               -0.7300               1.1410              -9.6180
459  H               -0.3130               1.8750             -10.9760
460  O                0.9840              -9.0140              -0.6030
461  H                1.7130              -8.4090              -0.3590
462  H                1.2160              -9.9280              -0.3410
463  O               -9.4340               3.8400              -2.7930
464  H               -9.7250               3.2070              -3.4810
465  H               -8.8280               3.3900              -2.1710


Energy:                -11700.210739 Convergence criteria  Is converged 
Maximum Force:             0.101916     0.002850                No
RMS Force:                 0.019010     0.001900                No
Maximum Displacement:      0.200000     0.003150                No
RMS Displacement:          0.042765     0.002100                No

----------------------------------------------------------------------
                             Iteration: 8                             


                             Coordinates                              
----------------------------------------------------------------------
0    C               -1.0945              -0.5581               0.3464
1    C                1.0446               0.3562               0.0811
2    C               -1.5391               1.3519               0.8362
3    C                1.6598              -0.2387               1.3372
4    C                2.0366               0.6770              -1.0000
5    N                0.0770              -0.5718              -0.4580
6    N               -2.1441              -1.2531              -0.2523
7    O               -2.3546               1.9227              -0.2122
8    H               -2.6750               1.1574              -0.6819
9    H               -0.1629              -0.3278              -1.4205
10   H               -0.8682              -0.9325               1.3369
11   H                0.4924               1.2494               0.3695
12   H               -2.6429              -1.9753               0.2648
13   H               -2.0774              -1.3724              -1.2839
14   H               -0.6641               2.0155               0.9862
15   H               -2.1349               1.4908               1.7457
16   H                2.4706               0.4513               1.5666
17   H                1.3748               0.9650              -1.8480
18   H                2.0804              -1.2203               1.0773
19   H                0.9465              -0.3326               2.1834
20   H                2.6129               1.5303              -0.5945
21   H                2.6095              -0.2708              -1.1405
22   O                9.9320               4.3700               1.0660
23   H                9.8250               5.2520               0.6530
24   H                9.0550               4.0280               1.3360
25   O                9.5460              -0.3050              -0.4640
26   H                9.8960               0.5800              -0.6930
27   H                9.7240              -0.4930               0.4800
28   O                1.3300              -2.4830               9.7330
29   H                1.7780              -1.6230               9.5990
30   H                0.3900              -2.3290               9.9570
31   O                1.7390               0.3670              10.1400
32   H                1.6820               1.0200              10.8670
33   H                1.2800               0.7180               9.3500
34   O                0.6940               5.8610              -7.0250
35   H                1.4000               5.2620              -7.3430
36   H               -0.0450               5.8630              -7.6670
37   O               -4.6910              -4.1640              -5.9210
38   H               -5.2680              -3.4380              -6.2340
39   H               -5.0970              -5.0250              -6.1500
40   O                3.8990               8.1850              -2.6140
41   H                2.9870               7.8280              -2.6370
42   H                4.5030               7.5110              -2.2410
43   O               -0.0096              -3.1848              -2.0612
44   H                0.6097              -3.7608              -2.5734
45   H                0.4771              -2.4426              -1.6851
46   O               -0.4820               8.8170              -3.0250
47   H                0.0230               8.6790              -2.1980
48   H               -0.8290               7.9580              -3.3420
49   O                3.0010               4.5500              -7.9590
50   H                3.8390               4.8940              -8.3310
51   H                3.1410               4.2950              -7.0240
52   O               -1.6510               6.3720              -3.8680
53   H               -2.0960               6.4270              -4.7380
54   H               -2.0930               5.6930              -3.3180
55   O               -0.1130               4.6142              -0.8262
56   H                0.4718               4.3000              -0.1153
57   H               -0.9778               4.7926              -0.4354
58   O               -2.9840              -5.3840              -8.0500
59   H               -3.8830              -5.0990              -7.7870
60   H               -2.5920              -5.9290              -7.3370
61   O               -1.6311              -6.0097               1.8791
62   H               -1.6150              -5.2721               1.2300
63   H               -2.1714              -5.7660               2.6476
64   O               -1.2269               6.2317               3.6579
65   H               -0.8483               6.6361               4.4587
66   H               -0.5831               6.3432               2.9366
67   O               -8.7510               4.3700               1.0660
68   H               -8.8580               5.2520               0.6530
69   H               -9.6280               4.0280               1.3360
70   O               -4.5190              -0.8900               6.7620
71   H               -5.4180              -1.2220               6.5630
72   H               -4.1970              -1.2960               7.5910
73   O                5.7900               3.3930              -4.1560
74   H                5.8410               2.7790              -3.3960
75   H                5.8340               4.3170              -3.8340
76   O               -3.3395               0.6009              -4.9824
77   H               -2.8995               1.3654              -4.5596
78   H               -2.6774              -0.1155              -5.1101
79   O                4.6770               0.8830               5.9830
80   H                4.7460               1.6330               6.6090
81   H                4.6300               0.0440               6.4840
82   O                8.1530               4.3360               3.6220
83   H                9.0970               4.5810               3.5380
84   H                8.0700               3.5560               4.2070
85   O               -7.6570              -0.6450              -4.8860
86   H               -6.9570              -0.4550              -4.2300
87   H               -8.4970              -0.8380              -4.4210
88   O               -6.4830               6.8240               1.6640
89   H               -5.5980               7.2400               1.6300
90   H               -6.5880               6.3470               2.5120
91   O                4.0896               4.6989              -1.7437
92   H                4.8645               5.2775              -1.8170
93   H                3.3057               5.2574              -1.6056
94   O                7.3960               3.6770               0.0630
95   H                7.6970               3.3440              -0.8080
96   H                6.9180               2.9670               0.5360
97   O                2.9729               0.3039              -3.8626
98   H                3.0952               0.6777              -3.0571
99   H                3.8355               0.2462              -4.4072
100  O                0.9440              -8.1150              -4.4250
101  H                0.4430              -8.8180              -3.9630
102  H                0.3190              -7.5180              -4.8850
103  O                3.1923               3.8074              -5.2747
104  H                2.6768               4.3384              -4.6336
105  H                4.0387               3.5440              -4.8590
106  O               -1.0960              -8.4370               0.8960
107  H               -1.2710              -7.5200               1.1900
108  H               -0.2060              -8.4860               0.4920
109  O               -2.0576               3.8973               4.3454
110  H               -1.5054               4.6940               4.1498
111  H               -1.7045               3.1198               3.8704
112  O               -6.3615               0.9133               2.8879
113  H               -6.5447               1.8328               3.1281
114  H               -5.5016               0.6228               3.0395
115  O                5.0400              -3.7010               5.5380
116  H                5.9780              -3.8170               5.2850
117  H                4.4870              -3.6630               4.7310
118  O                3.8950              -1.4120               7.2920
119  H                2.9250              -1.2740               7.2910
120  H                4.1040              -2.2570               6.8430
121  O                0.0658               0.4311              -3.9125
122  H               -0.1706               1.2094              -3.3329
123  H                0.9510               0.0855              -3.6910
124  O                0.0130               1.3370               8.3160
125  H               -0.7300               1.1410               8.9240
126  H               -0.3130               1.8750               7.5650
127  O                0.9425              -0.7034               6.5948
128  H                0.5342              -0.1320               7.2659
129  H                1.3545              -0.1464               5.8685
130  O               -0.4700              -6.3650              -5.9640
131  H               -0.9470              -5.6350              -5.5210
132  H                0.3640              -6.0250              -6.3490
133  O                5.1830               2.2470               8.2420
134  H                4.7110               1.6030               8.8070
135  H                6.1480               2.1100               8.3260
136  O               -0.8890               7.7400               5.8660
137  H               -0.7750               8.5750               5.3680
138  H               -1.8230               7.6510               6.1440
139  O                3.9427              -0.4168              -5.6872
140  H                4.7333               0.0977              -5.9213
141  H                3.1090               0.1090              -5.9599
142  O               -6.4130              -2.4200              -6.8710
143  H               -6.9220              -2.5810              -7.6920
144  H               -6.9370              -1.8520              -6.2700
145  O               -2.6770               3.1000              -7.3070
146  H               -2.2840               2.3360              -7.7760
147  H               -3.6220               2.9190              -7.1250
148  O               -5.5790               6.2570              -1.7830
149  H               -5.2490               7.1780              -1.7660
150  H               -5.8550               6.0270              -2.6940
151  O                1.7160              -5.0560               5.2610
152  H                2.1670              -5.6810               5.8630
153  H                1.0790              -4.5140               5.7680
154  O                1.3300              -2.4830              -8.8090
155  H                1.7780              -1.6230              -8.9430
156  H                0.3900              -2.3290              -8.5850
157  O                3.6050              -8.2400              -3.7140
158  H                3.6990              -9.2110              -3.6310
159  H                2.6580              -8.0090              -3.7930
160  O                1.1879              -6.6868               2.9831
161  H                1.1012              -6.1167               3.7633
162  H                0.5088              -6.4426               2.3318
163  O                5.8430              -5.4830              -3.7520
164  H                6.6950              -5.7250              -3.3360
165  H                5.9250              -5.5500              -4.7250
166  O               -2.0340               5.7110              -8.1540
167  H               -2.0320               4.8170              -7.7550
168  H               -2.4380               6.3460              -7.5280
169  O                1.7589               3.9813               1.2856
170  H                2.1199               3.0720               1.2897
171  H                2.4634               4.6061               1.5509
172  O               -3.5740               7.0060               6.8290
173  H               -4.0120               6.7070               7.6520
174  H               -4.1800               6.8760               6.0710
175  O               -4.4560              -0.2320              -7.6370
176  H               -4.1480               0.2960              -6.8720
177  H               -5.1810              -0.8260              -7.3520
178  O                1.8496               1.3734              -5.9362
179  H                2.1725               2.2644              -5.7030
180  H                1.0432               1.2062              -5.4284
181  O                8.7740              -0.8320              -3.2190
182  H                8.9160              -0.4590              -2.3250
183  H                8.5580              -1.7840              -3.1450
184  O                0.8900               6.0620              -4.3660
185  H               -0.0540               5.9700              -4.1240
186  H                0.9690               6.1850              -5.3340
187  O                5.8990               6.0660              -3.7200
188  H                5.4890               6.8250              -4.1820
189  H                6.8090               6.3030              -3.4470
190  O                3.5140              -8.2400               3.1370
191  H                3.5440              -8.7330               2.2910
192  H                2.7050              -7.6900               3.1650
193  O               -4.9748               4.7215               0.3271
194  H               -5.5195               4.8341               1.1255
195  H               -5.3154               5.1350              -0.4832
196  O                3.5348              -4.5610              -2.5828
197  H                3.6517              -3.9196              -1.8967
198  H                4.3944              -4.8820              -2.8852
199  O                1.1779               3.1534               4.7804
200  H                0.4261               3.3621               5.3535
201  H                1.8615               3.8377               4.8993
202  O                4.3850               0.0540              -8.8480
203  H                3.4640               0.1470              -8.5300
204  H                4.4550              -0.7400              -9.4160
205  O                6.4270               6.2700               2.5760
206  H                6.9260               5.5780               3.0550
207  H                6.8200               7.1460               2.7660
208  O               -7.4870               1.0680               6.3810
209  H               -6.7120               1.6580               6.4800
210  H               -7.2220               0.2600               5.8970
211  O                3.3005              -3.7059               3.5152
212  H                2.6242              -4.1353               4.0833
213  H                3.2689              -4.1002               2.6280
214  O                2.2863               0.7077               5.0675
215  H                3.2070               0.8674               5.3806
216  H                1.8514               1.5411               4.7987
217  O               -2.6960               7.9570              -0.0140
218  H               -2.4950               8.9020               0.1440
219  H               -3.3190               7.8760              -0.7640
220  O                3.1735              -4.8812               0.8728
221  H                2.6904              -4.1906               0.4007
222  H                2.8621              -5.7483               0.5424
223  O               -6.3230              -4.3380              -1.1030
224  H               -7.1480              -3.8950              -0.8180
225  H               -5.9300              -3.8450              -1.8510
226  O               -5.1230               7.0030               4.5650
227  H               -5.3730               7.9380               4.4190
228  H               -4.4830               6.7250               3.8790
229  O               -2.8788              -6.3430              -2.6732
230  H               -2.6185              -5.5730              -3.2070
231  H               -2.1040              -6.7094              -2.2379
232  O                5.3370              -6.1560               6.8700
233  H                4.9710              -5.3760               6.4040
234  H                4.6250              -6.5960               7.3790
235  O                0.6034              -3.3164              -5.9638
236  H                0.7943              -3.1928              -6.9055
237  H                1.3983              -2.9550              -5.5101
238  O               -5.1940               5.7680              -5.8600
239  H               -6.0340               6.1790              -5.5690
240  H               -5.3680               4.8610              -6.1840
241  O               -5.3485               1.4409              -0.8473
242  H               -4.8947               2.2995              -0.8942
243  H               -4.9805               0.9415              -0.0608
244  O               -4.8530               2.3620               7.0540
245  H               -4.5230               2.6560               6.1820
246  H               -4.4560               1.4960               7.2780
247  O               -8.4720              -3.3300              -3.2590
248  H               -7.5310              -3.0700              -3.3410
249  H               -8.6720              -3.5430              -2.3250
250  O                5.7680              -4.7100               1.7520
251  H                4.8880              -4.8170               1.3360
252  H                6.1950              -5.5860               1.8430
253  O                1.3137               6.7977              -1.8051
254  H                1.2709               6.5900              -2.7629
255  H                1.0031               6.0176              -1.3245
256  O                8.5400               1.5770              -4.5460
257  H                8.6340               0.7240              -4.0760
258  H                7.5980               1.8450              -4.5500
259  O               -4.1417               0.6703               3.5477
260  H               -4.0158               1.6047               3.6826
261  H               -3.4403               0.1988               4.0702
262  O                7.3170              -4.0800               4.0790
263  H                7.6990              -3.1790               4.0780
264  H                6.7980              -4.2140               3.2590
265  O               -5.3770              -4.7710               5.6630
266  H               -4.8560              -5.6000               5.6310
267  H               -5.3990              -4.3650               4.7720
268  O               -2.3821              -4.6512               4.0615
269  H               -2.1391              -5.0984               4.9037
270  H               -1.9228              -3.8040               4.0533
271  O                3.7743              -1.0754               3.6509
272  H                3.3338              -1.9250               3.4513
273  H                3.0317              -0.4577               3.6467
274  O                6.8160              -2.9330              -3.2960
275  H                6.3570              -3.7460              -3.5880
276  H                6.7300              -2.2440              -3.9860
277  O               -3.3700               6.4973               2.4061
278  H               -2.5016               6.4766               2.8378
279  H               -3.3194               6.9831               1.5694
280  O                7.1270               3.8020              -6.6310
281  H                6.7130               3.6430              -5.7590
282  H                7.8480               4.4560              -6.5360
283  O               -0.8714              -4.7519              -0.0685
284  H               -0.6915              -3.8812              -0.4738
285  H               -0.8913              -5.4587              -0.7346
286  O               -2.9705               4.6704              -2.2137
287  H               -3.7938               5.1118              -2.0179
288  H               -2.8008               4.2338              -1.3713
289  O               -5.2680              -6.8240              -1.1250
290  H               -4.5450              -6.6990              -1.7720
291  H               -5.7970              -6.0030              -1.0630
292  O               -1.7010               0.5610              -8.1790
293  H               -2.5540               0.2690              -8.5610
294  H               -1.2970              -0.1790              -7.6810
295  O                6.3220               6.9670              -0.5040
296  H                7.1460               6.6640              -0.9350
297  H                6.2660               6.5890               0.3970
298  O               -5.5360               3.2760              -7.1090
299  H               -5.8470               3.5480              -7.9960
300  H               -6.2450               2.7800              -6.6520
301  O               -0.3000               5.8710               8.2390
302  H               -0.9910               5.9480               8.9280
303  H               -0.5750               6.3720               7.4440
304  O                5.7986              -0.8914               1.9337
305  H                4.8752              -0.8376               2.2837
306  H                6.3037              -1.3404               2.6338
307  O                1.7390               0.3670              -8.4020
308  H                1.6820               1.0200              -7.6750
309  H                1.2800               0.7180              -9.1920
310  O                3.5230               5.8334               2.5911
311  H                4.4856               5.9885               2.5434
312  H                3.2606               5.7466               3.5285
313  O               -3.9960              -8.2490              -4.3940
314  H               -3.3550              -8.3530              -5.1270
315  H               -3.7430              -7.4790              -3.8460
316  O                6.2551               1.5611              -2.1187
317  H                6.5651               0.6408              -2.2164
318  H                5.5829               1.5682              -1.4224
319  O               -4.8934              -3.1729               2.7841
320  H               -4.7538              -3.0180               1.8255
321  H               -4.1580              -3.6883               3.1731
322  O                2.1780              -5.5980              -6.4430
323  H                2.6580              -6.4230              -6.2250
324  H                2.7410              -4.8270              -6.2260
325  O               -5.3106              -0.2627              -3.2602
326  H               -5.4362               0.2895              -2.4544
327  H               -4.6091               0.1196              -3.8413
328  O               -8.0800               2.1510              -0.6340
329  H               -8.2720               2.8780              -0.0070
330  H               -7.1420               1.8850              -0.5480
331  O                6.6620              -1.7900              -5.9060
332  H                6.6090              -0.8260              -6.0630
333  H                6.1870              -2.2640              -6.6190
334  O               -0.9850               3.6420               7.1090
335  H               -1.5620               3.8600               6.3500
336  H               -0.7210               4.4660               7.5660
337  O               -9.1370              -0.3050              -0.4640
338  H               -8.7870               0.5800              -0.6930
339  H               -8.9590              -0.4930               0.4800
340  O                3.0900               5.2190               5.2820
341  H                2.5940               5.4000               6.1060
342  H                4.0490               5.3300               5.4480
343  O                0.0470              -3.2670               7.0350
344  H                0.3780              -2.4050               6.7090
345  H               -0.1690              -3.1950               7.9860
346  O                4.2590               9.3720               0.7440
347  H                3.6360               8.6470               0.5360
348  H                5.1650               9.0100               0.8270
349  O               -1.5411              -1.6346              -5.0516
350  H               -0.9439              -1.0406              -4.5424
351  H               -0.9938              -2.1327              -5.6943
352  O                7.8620              -1.2310               3.9200
353  H                8.6110              -1.2250               3.2910
354  H                7.5530              -0.3140               4.0680
355  O               -8.8890              -3.2870              -0.5910
356  H               -9.3680              -3.5180               0.2300
357  H               -8.7270              -2.3220              -0.6160
358  O                0.9840               9.7360              -0.6030
359  H                1.7130              10.3410              -0.3590
360  H                1.2160               8.8220              -0.3410
361  O               -7.6880              -3.4170               2.8070
362  H               -6.7420              -3.6520               2.7110
363  H               -8.2410              -4.1960               2.5930
364  O                5.4762              -1.7632              -0.8997
365  H                5.7344              -1.5330               0.0065
366  H                6.2347              -2.1576              -1.3640
367  O                2.2470               4.9460               7.8180
368  H                1.3430               5.2440               8.0470
369  H                2.6470               4.4920               8.5870
370  O               -4.5417               3.0481               3.7149
371  H               -5.2218               3.6015               3.2702
372  H               -3.7986               3.6574               3.9233
373  O               -0.2920               2.7905              -2.8903
374  H               -0.9367               3.2127              -3.4740
375  H               -0.1166               3.3401              -2.1135
376  O               -1.3650              -8.3390               4.7520
377  H               -1.0870              -7.5140               5.2010
378  H               -1.1210              -8.2930               3.8040
379  O               -4.5089               0.2361               1.2959
380  H               -4.4106              -0.6624               0.8680
381  H               -3.8705               0.3703               1.9984
382  O               -5.3861              -3.0336              -3.1750
383  H               -5.0284              -3.4903              -3.9572
384  H               -5.2234              -2.0689              -3.2372
385  O                8.1530              -2.1530               6.8230
386  H                8.6750              -1.3540               7.0440
387  H                7.4320              -1.9120               6.2080
388  O               -3.0930               7.2570              -6.2990
389  H               -3.9790               6.8950              -6.0950
390  H               -3.0730               8.2120              -6.0820
391  O               -6.8920               4.0630               2.9640
392  H               -7.2780               4.2210               3.8490
393  H               -7.5520               4.2820               2.2760
394  O               -3.7290              -1.9200              -9.3900
395  H               -4.5000              -2.5030              -9.5440
396  H               -3.8960              -1.3590              -8.6060
397  O               -8.4980              -0.8530               2.1950
398  H               -8.3840              -1.8160               2.3310
399  H               -7.7480              -0.3750               2.6050
400  O               -2.5715               4.5523               0.1112
401  H               -2.1599               3.6876               0.3045
402  H               -3.5559               4.5504               0.4076
403  O               -2.4238               3.1012              -4.2912
404  H               -3.0152               3.6653              -3.7727
405  H               -2.4207               3.3555              -5.2304
406  O                6.4996               1.6891               1.7363
407  H                6.6776               1.8832               2.6699
408  H                6.1664               0.7690               1.6785
409  O                1.1702              -5.4232              -3.0677
410  H                2.1376              -5.1632              -2.9028
411  H                1.0687              -5.4804              -4.0428
412  O               -1.3610              -2.9310              -8.8440
413  H               -1.4180              -3.8970              -8.6990
414  H               -2.2530              -2.5780              -9.0400
415  O                3.2700              -7.1010              -0.9270
416  H                3.2410              -7.3860              -1.8630
417  H                3.7610              -7.7630              -0.3990
418  O                8.0680              -3.1330               1.3610
419  H                7.3240              -3.7590               1.4770
420  H                7.7180              -2.2230               1.2750
421  O                2.0923               7.5526               1.0660
422  H                2.6372               6.9711               1.6176
423  H                1.1654               7.2956               1.1516
424  O                6.1030               0.8790              -6.8580
425  H                5.6980               0.6640              -7.7230
426  H                6.6100               1.7130              -6.9340
427  O               -0.5420               7.5090               1.5260
428  H               -1.2980               7.2600               0.9560
429  H               -0.6710               8.4190               1.8620
430  O                3.1289              -2.9450              -4.8801
431  H                3.5482              -2.0576              -5.0497
432  H                3.3582              -3.3135              -4.0142
433  O               -4.1690              -7.8160               1.1140
434  H               -3.2700              -7.5280               1.3740
435  H               -4.4150              -7.3920               0.2680
436  O               -4.8396              -2.5730              -0.0036
437  H               -5.3938              -3.3846              -0.2085
438  H               -4.3004              -2.3918              -0.7927
439  O               -0.4502              -6.5003              -1.7145
440  H                0.2819              -6.1810              -2.3092
441  H               -0.2792              -7.3801              -1.3936
442  O               -0.9900              -5.7690               6.2680
443  H               -0.5980              -4.9820               6.6980
444  H               -1.5610              -6.2400               6.9080
445  O               -2.2231              -4.4621              -4.5621
446  H               -1.8880              -3.5985              -4.2482
447  H               -3.0152              -4.3093              -5.1123
448  O               -2.2883              -0.7931               5.2557
449  H               -3.0165              -1.1159               5.8225
450  H               -1.4566              -0.9314               5.7569
451  O               -6.8890              -1.2280               5.2890
452  H               -6.4720              -1.1090               4.4130
453  H               -7.6190              -1.8760               5.2180
454  O                6.9950               1.4920               4.4780
455  H                7.6650               1.9060               5.0600
456  H                6.1520               1.4000               4.9670
457  O                0.0130               1.3370             -10.2250
458  H               -0.7300               1.1410              -9.6180
459  H               -0.3130               1.8750             -10.9760
460  O                0.9840              -9.0140              -0.6030
461  H                1.7130              -8.4090              -0.3590
462  H                1.2160              -9.9280              -0.3410
463  O               -9.4340               3.8400              -2.7930
464  H               -9.7250               3.2070              -3.4810
465  H               -8.8280               3.3900              -2.1710


Energy:                -11700.240471 Convergence criteria  Is converged 
Maximum Force:             0.151136     0.002850                No
RMS Force:                 0.020072     0.001900                No
Maximum Displacement:      0.116551     0.003150                No
RMS Displacement:          0.029854     0.002100                No

----------------------------------------------------------------------
                             Iteration: 9                             


                             Coordinates                              
----------------------------------------------------------------------
0    C               -1.0999              -0.5096               0.3598
1    C                1.0453               0.3577               0.0932
2    C               -1.5569               1.3129               0.8327
3    C                1.6614              -0.2341               1.3352
4    C                2.0317               0.6764              -0.9736
5    N                0.0689              -0.5560              -0.4499
6    N               -2.1539              -1.2418              -0.2556
7    O               -2.3790               1.9112              -0.2044
8    H               -2.6913               1.1684              -0.7029
9    H               -0.1533              -0.3116              -1.4170
10   H               -0.8668              -0.9120               1.3416
11   H                0.5202               1.2554               0.3693
12   H               -2.6212              -1.9732               0.2531
13   H               -2.0594              -1.3806              -1.2681
14   H               -0.6772               1.9718               0.9824
15   H               -2.1447               1.4748               1.7575
16   H                2.4716               0.4447               1.5832
17   H                1.4020               0.9690              -1.8311
18   H                2.0722              -1.2087               1.0810
19   H                0.9596              -0.3333               2.1779
20   H                2.6202               1.5198              -0.5995
21   H                2.6064              -0.2475              -1.1358
22   O                9.9320               4.3700               1.0660
23   H                9.8250               5.2520               0.6530
24   H                9.0550               4.0280               1.3360
25   O                9.5460              -0.3050              -0.4640
26   H                9.8960               0.5800              -0.6930
27   H                9.7240              -0.4930               0.4800
28   O                1.3300              -2.4830               9.7330
29   H                1.7780              -1.6230               9.5990
30   H                0.3900              -2.3290               9.9570
31   O                1.7390               0.3670              10.1400
32   H                1.6820               1.0200              10.8670
33   H                1.2800               0.7180               9.3500
34   O                0.6940               5.8610              -7.0250
35   H                1.4000               5.2620              -7.3430
36   H               -0.0450               5.8630              -7.6670
37   O               -4.6910              -4.1640              -5.9210
38   H               -5.2680              -3.4380              -6.2340
39   H               -5.0970              -5.0250              -6.1500
40   O                3.8990               8.1850              -2.6140
41   H                2.9870               7.8280              -2.6370
42   H                4.5030               7.5110              -2.2410
43   O               -0.0102              -3.2020              -2.0703
44   H                0.6152              -3.7635              -2.5784
45   H                0.4692              -2.4503              -1.6946
46   O               -0.4820               8.8170              -3.0250
47   H                0.0230               8.6790              -2.1980
48   H               -0.8290               7.9580              -3.3420
49   O                3.0010               4.5500              -7.9590
50   H                3.8390               4.8940              -8.3310
51   H                3.1410               4.2950              -7.0240
52   O               -1.6510               6.3720              -3.8680
53   H               -2.0960               6.4270              -4.7380
54   H               -2.0930               5.6930              -3.3180
55   O               -0.1195               4.6133              -0.8359
56   H                0.4723               4.3141              -0.1172
57   H               -0.9824               4.7933              -0.4303
58   O               -2.9840              -5.3840              -8.0500
59   H               -3.8830              -5.0990              -7.7870
60   H               -2.5920              -5.9290              -7.3370
61   O               -1.6090              -5.9992               1.8748
62   H               -1.6138              -5.2646               1.2336
63   H               -2.1651              -5.7843               2.6330
64   O               -1.2448               6.2411               3.6517
65   H               -0.8572               6.6334               4.4515
66   H               -0.5980               6.3448               2.9368
67   O               -8.7510               4.3700               1.0660
68   H               -8.8580               5.2520               0.6530
69   H               -9.6280               4.0280               1.3360
70   O               -4.5190              -0.8900               6.7620
71   H               -5.4180              -1.2220               6.5630
72   H               -4.1970              -1.2960               7.5910
73   O                5.7900               3.3930              -4.1560
74   H                5.8410               2.7790              -3.3960
75   H                5.8340               4.3170              -3.8340
76   O               -3.3451               0.5962              -4.9900
77   H               -2.9070               1.3591              -4.5632
78   H               -2.6819              -0.1177              -5.1142
79   O                4.6770               0.8830               5.9830
80   H                4.7460               1.6330               6.6090
81   H                4.6300               0.0440               6.4840
82   O                8.1530               4.3360               3.6220
83   H                9.0970               4.5810               3.5380
84   H                8.0700               3.5560               4.2070
85   O               -7.6570              -0.6450              -4.8860
86   H               -6.9570              -0.4550              -4.2300
87   H               -8.4970              -0.8380              -4.4210
88   O               -6.4830               6.8240               1.6640
89   H               -5.5980               7.2400               1.6300
90   H               -6.5880               6.3470               2.5120
91   O                4.0849               4.6982              -1.7535
92   H                4.8561               5.2811              -1.8090
93   H                3.3084               5.2601              -1.6078
94   O                7.3960               3.6770               0.0630
95   H                7.6970               3.3440              -0.8080
96   H                6.9180               2.9670               0.5360
97   O                2.9720               0.3073              -3.9459
98   H                3.0912               0.6794              -3.0422
99   H                3.8267               0.2477              -4.4131
100  O                0.9440              -8.1150              -4.4250
101  H                0.4430              -8.8180              -3.9630
102  H                0.3190              -7.5180              -4.8850
103  O                3.1886               3.7996              -5.2761
104  H                2.6743               4.3331              -4.6414
105  H                4.0279               3.5369              -4.8487
106  O               -1.0960              -8.4370               0.8960
107  H               -1.2710              -7.5200               1.1900
108  H               -0.2060              -8.4860               0.4920
109  O               -2.0654               3.9156               4.3319
110  H               -1.5029               4.6864               4.1310
111  H               -1.7100               3.1257               3.8899
112  O               -6.3405               0.9145               2.8678
113  H               -6.5439               1.8049               3.1320
114  H               -5.4696               0.6289               3.0470
115  O                5.0400              -3.7010               5.5380
116  H                5.9780              -3.8170               5.2850
117  H                4.4870              -3.6630               4.7310
118  O                3.8950              -1.4120               7.2920
119  H                2.9250              -1.2740               7.2910
120  H                4.1040              -2.2570               6.8430
121  O                0.0746               0.4430              -3.9242
122  H               -0.1575               1.2133              -3.3377
123  H                0.9510               0.0937              -3.6963
124  O                0.0130               1.3370               8.3160
125  H               -0.7300               1.1410               8.9240
126  H               -0.3130               1.8750               7.5650
127  O                0.9556              -0.7048               6.5844
128  H                0.5346              -0.1470               7.2567
129  H                1.3687              -0.1313               5.8755
130  O               -0.4700              -6.3650              -5.9640
131  H               -0.9470              -5.6350              -5.5210
132  H                0.3640              -6.0250              -6.3490
133  O                5.1830               2.2470               8.2420
134  H                4.7110               1.6030               8.8070
135  H                6.1480               2.1100               8.3260
136  O               -0.8890               7.7400               5.8660
137  H               -0.7750               8.5750               5.3680
138  H               -1.8230               7.6510               6.1440
139  O                3.9348              -0.4262              -5.7314
140  H                4.7351               0.1065              -5.9428
141  H                3.1128               0.1231              -5.9617
142  O               -6.4130              -2.4200              -6.8710
143  H               -6.9220              -2.5810              -7.6920
144  H               -6.9370              -1.8520              -6.2700
145  O               -2.6770               3.1000              -7.3070
146  H               -2.2840               2.3360              -7.7760
147  H               -3.6220               2.9190              -7.1250
148  O               -5.5790               6.2570              -1.7830
149  H               -5.2490               7.1780              -1.7660
150  H               -5.8550               6.0270              -2.6940
151  O                1.7160              -5.0560               5.2610
152  H                2.1670              -5.6810               5.8630
153  H                1.0790              -4.5140               5.7680
154  O                1.3300              -2.4830              -8.8090
155  H                1.7780              -1.6230              -8.9430
156  H                0.3900              -2.3290              -8.5850
157  O                3.6050              -8.2400              -3.7140
158  H                3.6990              -9.2110              -3.6310
159  H                2.6580              -8.0090              -3.7930
160  O                1.1897              -6.6729               2.9795
161  H                1.0889              -6.1110               3.7616
162  H                0.4931              -6.4416               2.3436
163  O                5.8430              -5.4830              -3.7520
164  H                6.6950              -5.7250              -3.3360
165  H                5.9250              -5.5500              -4.7250
166  O               -2.0340               5.7110              -8.1540
167  H               -2.0320               4.8170              -7.7550
168  H               -2.4380               6.3460              -7.5280
169  O                1.7510               3.9906               1.2826
170  H                2.1078               3.0850               1.2853
171  H                2.4681               4.6001               1.5392
172  O               -3.5740               7.0060               6.8290
173  H               -4.0120               6.7070               7.6520
174  H               -4.1800               6.8760               6.0710
175  O               -4.4560              -0.2320              -7.6370
176  H               -4.1480               0.2960              -6.8720
177  H               -5.1810              -0.8260              -7.3520
178  O                1.8691               1.3639              -5.9291
179  H                2.1818               2.2532              -5.6898
180  H                1.0567               1.1979              -5.4341
181  O                8.7740              -0.8320              -3.2190
182  H                8.9160              -0.4590              -2.3250
183  H                8.5580              -1.7840              -3.1450
184  O                0.8900               6.0620              -4.3660
185  H               -0.0540               5.9700              -4.1240
186  H                0.9690               6.1850              -5.3340
187  O                5.8990               6.0660              -3.7200
188  H                5.4890               6.8250              -4.1820
189  H                6.8090               6.3030              -3.4470
190  O                3.5140              -8.2400               3.1370
191  H                3.5440              -8.7330               2.2910
192  H                2.7050              -7.6900               3.1650
193  O               -4.9602               4.7287               0.3215
194  H               -5.4928               4.8371               1.1139
195  H               -5.3167               5.1381              -0.4716
196  O                3.5333              -4.5663              -2.5804
197  H                3.6613              -3.9079              -1.9055
198  H                4.3821              -4.8949              -2.8937
199  O                1.1717               3.1426               4.7811
200  H                0.4291               3.3684               5.3626
201  H                1.8629               3.8187               4.8954
202  O                4.3850               0.0540              -8.8480
203  H                3.4640               0.1470              -8.5300
204  H                4.4550              -0.7400              -9.4160
205  O                6.4270               6.2700               2.5760
206  H                6.9260               5.5780               3.0550
207  H                6.8200               7.1460               2.7660
208  O               -7.4870               1.0680               6.3810
209  H               -6.7120               1.6580               6.4800
210  H               -7.2220               0.2600               5.8970
211  O                3.3053              -3.7019               3.5186
212  H                2.6393              -4.1395               4.0869
213  H                3.2615              -4.1013               2.6349
214  O                2.2956               0.6973               5.0754
215  H                3.2076               0.8686               5.3859
216  H                1.8544               1.5284               4.8077
217  O               -2.6960               7.9570              -0.0140
218  H               -2.4950               8.9020               0.1440
219  H               -3.3190               7.8760              -0.7640
220  O                3.1858              -4.8804               0.8710
221  H                2.6849              -4.1930               0.4167
222  H                2.8643              -5.7360               0.5404
223  O               -6.3230              -4.3380              -1.1030
224  H               -7.1480              -3.8950              -0.8180
225  H               -5.9300              -3.8450              -1.8510
226  O               -5.1230               7.0030               4.5650
227  H               -5.3730               7.9380               4.4190
228  H               -4.4830               6.7250               3.8790
229  O               -2.8830              -6.3349              -2.6774
230  H               -2.6070              -5.5636              -3.1973
231  H               -2.0857              -6.7019              -2.2429
232  O                5.3370              -6.1560               6.8700
233  H                4.9710              -5.3760               6.4040
234  H                4.6250              -6.5960               7.3790
235  O                0.6101              -3.3257              -5.9627
236  H                0.7976              -3.1800              -6.8947
237  H                1.3810              -2.9496              -5.5079
238  O               -5.1940               5.7680              -5.8600
239  H               -6.0340               6.1790              -5.5690
240  H               -5.3680               4.8610              -6.1840
241  O               -5.3444               1.4409              -0.8296
242  H               -4.8903               2.2865              -0.8932
243  H               -4.9876               0.9556              -0.0419
244  O               -4.8530               2.3620               7.0540
245  H               -4.5230               2.6560               6.1820
246  H               -4.4560               1.4960               7.2780
247  O               -8.4720              -3.3300              -3.2590
248  H               -7.5310              -3.0700              -3.3410
249  H               -8.6720              -3.5430              -2.3250
250  O                5.7680              -4.7100               1.7520
251  H                4.8880              -4.8170               1.3360
252  H                6.1950              -5.5860               1.8430
253  O                1.3047               6.7956              -1.8097
254  H                1.2729               6.5842              -2.7633
255  H                0.9976               6.0123              -1.3354
256  O                8.5400               1.5770              -4.5460
257  H                8.6340               0.7240              -4.0760
258  H                7.5980               1.8450              -4.5500
259  O               -4.1494               0.6605               3.5351
260  H               -4.0180               1.6289               3.6898
261  H               -3.4571               0.2018               4.0407
262  O                7.3170              -4.0800               4.0790
263  H                7.6990              -3.1790               4.0780
264  H                6.7980              -4.2140               3.2590
265  O               -5.3770              -4.7710               5.6630
266  H               -4.8560              -5.6000               5.6310
267  H               -5.3990              -4.3650               4.7720
268  O               -2.3701              -4.6509               4.0521
269  H               -2.1430              -5.0899               4.8919
270  H               -1.9243              -3.8022               4.0621
271  O                3.7679              -1.0861               3.6811
272  H                3.3407              -1.9233               3.4557
273  H                3.0559              -0.4581               3.6365
274  O                6.8160              -2.9330              -3.2960
275  H                6.3570              -3.7460              -3.5880
276  H                6.7300              -2.2440              -3.9860
277  O               -3.3566               6.4798               2.4078
278  H               -2.4898               6.4747               2.8329
279  H               -3.3157               6.9741               1.5783
280  O                7.1270               3.8020              -6.6310
281  H                6.7130               3.6430              -5.7590
282  H                7.8480               4.4560              -6.5360
283  O               -0.8756              -4.7607              -0.0571
284  H               -0.6991              -3.9110              -0.4769
285  H               -0.8752              -5.4734              -0.7467
286  O               -2.9430               4.6609              -2.2165
287  H               -3.7739               5.1040              -2.0235
288  H               -2.7878               4.2326              -1.3690
289  O               -5.2680              -6.8240              -1.1250
290  H               -4.5450              -6.6990              -1.7720
291  H               -5.7970              -6.0030              -1.0630
292  O               -1.7010               0.5610              -8.1790
293  H               -2.5540               0.2690              -8.5610
294  H               -1.2970              -0.1790              -7.6810
295  O                6.3220               6.9670              -0.5040
296  H                7.1460               6.6640              -0.9350
297  H                6.2660               6.5890               0.3970
298  O               -5.5360               3.2760              -7.1090
299  H               -5.8470               3.5480              -7.9960
300  H               -6.2450               2.7800              -6.6520
301  O               -0.3000               5.8710               8.2390
302  H               -0.9910               5.9480               8.9280
303  H               -0.5750               6.3720               7.4440
304  O                5.7999              -0.8915               1.9433
305  H                4.8807              -0.8420               2.2929
306  H                6.2964              -1.3410               2.6395
307  O                1.7390               0.3670              -8.4020
308  H                1.6820               1.0200              -7.6750
309  H                1.2800               0.7180              -9.1920
310  O                3.5192               5.8339               2.5912
311  H                4.4825               5.9760               2.5410
312  H                3.2662               5.7510               3.5295
313  O               -3.9960              -8.2490              -4.3940
314  H               -3.3550              -8.3530              -5.1270
315  H               -3.7430              -7.4790              -3.8460
316  O                6.2426               1.5610              -2.1313
317  H                6.5593               0.6493              -2.2152
318  H                5.5917               1.5667              -1.4193
319  O               -4.8958              -3.1658               2.7854
320  H               -4.7378              -3.0131               1.8323
321  H               -4.1729              -3.6941               3.1707
322  O                2.1780              -5.5980              -6.4430
323  H                2.6580              -6.4230              -6.2250
324  H                2.7410              -4.8270              -6.2260
325  O               -5.3016              -0.2628              -3.2648
326  H               -5.4239               0.2806              -2.4552
327  H               -4.6055               0.1313              -3.8385
328  O               -8.0800               2.1510              -0.6340
329  H               -8.2720               2.8780              -0.0070
330  H               -7.1420               1.8850              -0.5480
331  O                6.6620              -1.7900              -5.9060
332  H                6.6090              -0.8260              -6.0630
333  H                6.1870              -2.2640              -6.6190
334  O               -0.9850               3.6420               7.1090
335  H               -1.5620               3.8600               6.3500
336  H               -0.7210               4.4660               7.5660
337  O               -9.1370              -0.3050              -0.4640
338  H               -8.7870               0.5800              -0.6930
339  H               -8.9590              -0.4930               0.4800
340  O                3.0900               5.2190               5.2820
341  H                2.5940               5.4000               6.1060
342  H                4.0490               5.3300               5.4480
343  O                0.0470              -3.2670               7.0350
344  H                0.3780              -2.4050               6.7090
345  H               -0.1690              -3.1950               7.9860
346  O                4.2590               9.3720               0.7440
347  H                3.6360               8.6470               0.5360
348  H                5.1650               9.0100               0.8270
349  O               -1.5303              -1.6346              -5.0456
350  H               -0.9319              -1.0460              -4.5418
351  H               -0.9842              -2.1213              -5.6920
352  O                7.8620              -1.2310               3.9200
353  H                8.6110              -1.2250               3.2910
354  H                7.5530              -0.3140               4.0680
355  O               -8.8890              -3.2870              -0.5910
356  H               -9.3680              -3.5180               0.2300
357  H               -8.7270              -2.3220              -0.6160
358  O                0.9840               9.7360              -0.6030
359  H                1.7130              10.3410              -0.3590
360  H                1.2160               8.8220              -0.3410
361  O               -7.6880              -3.4170               2.8070
362  H               -6.7420              -3.6520               2.7110
363  H               -8.2410              -4.1960               2.5930
364  O                5.4737              -1.7607              -0.9010
365  H                5.7350              -1.5455               0.0088
366  H                6.2304              -2.1553              -1.3673
367  O                2.2470               4.9460               7.8180
368  H                1.3430               5.2440               8.0470
369  H                2.6470               4.4920               8.5870
370  O               -4.5439               3.0449               3.7083
371  H               -5.2106               3.5853               3.2767
372  H               -3.7966               3.6381               3.9095
373  O               -0.3078               2.7857              -2.8912
374  H               -0.9450               3.2177              -3.4764
375  H               -0.1224               3.3379              -2.1197
376  O               -1.3650              -8.3390               4.7520
377  H               -1.0870              -7.5140               5.2010
378  H               -1.1210              -8.2930               3.8040
379  O               -4.5702               0.2404               1.3368
380  H               -4.4310              -0.6277               0.8929
381  H               -3.8831               0.3774               1.9890
382  O               -5.3920              -3.0295              -3.1691
383  H               -5.0271              -3.4918              -3.9432
384  H               -5.2348              -2.0652              -3.2472
385  O                8.1530              -2.1530               6.8230
386  H                8.6750              -1.3540               7.0440
387  H                7.4320              -1.9120               6.2080
388  O               -3.0930               7.2570              -6.2990
389  H               -3.9790               6.8950              -6.0950
390  H               -3.0730               8.2120              -6.0820
391  O               -6.8920               4.0630               2.9640
392  H               -7.2780               4.2210               3.8490
393  H               -7.5520               4.2820               2.2760
394  O               -3.7290              -1.9200              -9.3900
395  H               -4.5000              -2.5030              -9.5440
396  H               -3.8960              -1.3590              -8.6060
397  O               -8.4980              -0.8530               2.1950
398  H               -8.3840              -1.8160               2.3310
399  H               -7.7480              -0.3750               2.6050
400  O               -2.5733               4.5591               0.1162
401  H               -2.1916               3.6888               0.2673
402  H               -3.5518               4.5615               0.4034
403  O               -2.4242               3.1089              -4.2812
404  H               -3.0150               3.6733              -3.7662
405  H               -2.4128               3.3667              -5.2204
406  O                6.5057               1.6871               1.7284
407  H                6.6708               1.8793               2.6629
408  H                6.1636               0.7745               1.6804
409  O                1.1870              -5.4168              -3.0848
410  H                2.1286              -5.1690              -2.9010
411  H                1.0615              -5.4719              -4.0424
412  O               -1.3610              -2.9310              -8.8440
413  H               -1.4180              -3.8970              -8.6990
414  H               -2.2530              -2.5780              -9.0400
415  O                3.2700              -7.1010              -0.9270
416  H                3.2410              -7.3860              -1.8630
417  H                3.7610              -7.7630              -0.3990
418  O                8.0680              -3.1330               1.3610
419  H                7.3240              -3.7590               1.4770
420  H                7.7180              -2.2230               1.2750
421  O                2.0862               7.5509               1.0552
422  H                2.6305               6.9769               1.6140
423  H                1.1600               7.2875               1.1451
424  O                6.1030               0.8790              -6.8580
425  H                5.6980               0.6640              -7.7230
426  H                6.6100               1.7130              -6.9340
427  O               -0.5420               7.5090               1.5260
428  H               -1.2980               7.2600               0.9560
429  H               -0.6710               8.4190               1.8620
430  O                3.1211              -2.9434              -4.8832
431  H                3.5541              -2.0748              -5.0596
432  H                3.3511              -3.2980              -4.0093
433  O               -4.1690              -7.8160               1.1140
434  H               -3.2700              -7.5280               1.3740
435  H               -4.4150              -7.3920               0.2680
436  O               -4.8524              -2.5761              -0.0055
437  H               -5.4007              -3.3860              -0.2158
438  H               -4.3188              -2.4067              -0.8008
439  O               -0.4677              -6.4940              -1.7075
440  H                0.2952              -6.1875              -2.3069
441  H               -0.2950              -7.3781              -1.3922
442  O               -0.9900              -5.7690               6.2680
443  H               -0.5980              -4.9820               6.6980
444  H               -1.5610              -6.2400               6.9080
445  O               -2.2204              -4.4677              -4.5650
446  H               -1.8862              -3.6059              -4.2570
447  H               -3.0104              -4.3062              -5.1104
448  O               -2.2837              -0.7793               5.2527
449  H               -3.0169              -1.1150               5.8024
450  H               -1.4648              -0.9277               5.7459
451  O               -6.8890              -1.2280               5.2890
452  H               -6.4720              -1.1090               4.4130
453  H               -7.6190              -1.8760               5.2180
454  O                6.9950               1.4920               4.4780
455  H                7.6650               1.9060               5.0600
456  H                6.1520               1.4000               4.9670
457  O                0.0130               1.3370             -10.2250
458  H               -0.7300               1.1410              -9.6180
459  H               -0.3130               1.8750             -10.9760
460  O                0.9840              -9.0140              -0.6030
461  H                1.7130              -8.4090              -0.3590
462  H                1.2160              -9.9280              -0.3410
463  O               -9.4340               3.8400              -2.7930
464  H               -9.7250               3.2070              -3.4810
465  H               -8.8280               3.3900              -2.1710


Energy:                -11700.275136 Convergence criteria  Is converged 
Maximum Force:             0.175436     0.002850                No
RMS Force:                 0.018647     0.001900                No
Maximum Displacement:      0.083332     0.003150                No
RMS Displacement:          0.012742     0.002100                No

----------------------------------------------------------------------
                            Iteration: 10                             


                             Coordinates                              
----------------------------------------------------------------------
0    C               -1.1136              -0.4907               0.3730
1    C                1.0302               0.3355               0.0972
2    C               -1.5466               1.3155               0.8199
3    C                1.6619              -0.2308               1.3140
4    C                2.0018               0.6622              -0.9418
5    N                0.0459              -0.5573              -0.4508
6    N               -2.1519              -1.2413              -0.2683
7    O               -2.3401               1.9099              -0.2290
8    H               -2.6837               1.1516              -0.6872
9    H               -0.1669              -0.3226              -1.4192
10   H               -0.8757              -0.9380               1.3413
11   H                0.5310               1.2368               0.3509
12   H               -2.6080              -1.9515               0.2471
13   H               -2.0772              -1.3810              -1.2534
14   H               -0.6903               1.9991               0.9774
15   H               -2.1238               1.4477               1.7588
16   H                2.4668               0.4345               1.5858
17   H                1.4376               0.9603              -1.8102
18   H                2.0740              -1.1977               1.0922
19   H                0.9788              -0.3233               2.1443
20   H                2.6111               1.4962              -0.6403
21   H                2.5912              -0.2085              -1.1468
22   O                9.9320               4.3700               1.0660
23   H                9.8250               5.2520               0.6530
24   H                9.0550               4.0280               1.3360
25   O                9.5460              -0.3050              -0.4640
26   H                9.8960               0.5800              -0.6930
27   H                9.7240              -0.4930               0.4800
28   O                1.3300              -2.4830               9.7330
29   H                1.7780              -1.6230               9.5990
30   H                0.3900              -2.3290               9.9570
31   O                1.7390               0.3670              10.1400
32   H                1.6820               1.0200              10.8670
33   H                1.2800               0.7180               9.3500
34   O                0.6940               5.8610              -7.0250
35   H                1.4000               5.2620              -7.3430
36   H               -0.0450               5.8630              -7.6670
37   O               -4.6910              -4.1640              -5.9210
38   H               -5.2680              -3.4380              -6.2340
39   H               -5.0970              -5.0250              -6.1500
40   O                3.8990               8.1850              -2.6140
41   H                2.9870               7.8280              -2.6370
42   H                4.5030               7.5110              -2.2410
43   O               -0.0155              -3.1860              -2.0646
44   H                0.5920              -3.7482              -2.5564
45   H                0.4821              -2.4381              -1.6870
46   O               -0.4820               8.8170              -3.0250
47   H                0.0230               8.6790              -2.1980
48   H               -0.8290               7.9580              -3.3420
49   O                3.0010               4.5500              -7.9590
50   H                3.8390               4.8940              -8.3310
51   H                3.1410               4.2950              -7.0240
52   O               -1.6510               6.3720              -3.8680
53   H               -2.0960               6.4270              -4.7380
54   H               -2.0930               5.6930              -3.3180
55   O               -0.1128               4.6115              -0.8453
56   H                0.4670               4.3028              -0.1118
57   H               -0.9693               4.8002              -0.4352
58   O               -2.9840              -5.3840              -8.0500
59   H               -3.8830              -5.0990              -7.7870
60   H               -2.5920              -5.9290              -7.3370
61   O               -1.6264              -6.0085               1.8698
62   H               -1.6087              -5.2822               1.2399
63   H               -2.1493              -5.7624               2.6209
64   O               -1.2333               6.2216               3.6516
65   H               -0.8584               6.6431               4.4387
66   H               -0.5909               6.3529               2.9475
67   O               -8.7510               4.3700               1.0660
68   H               -8.8580               5.2520               0.6530
69   H               -9.6280               4.0280               1.3360
70   O               -4.5190              -0.8900               6.7620
71   H               -5.4180              -1.2220               6.5630
72   H               -4.1970              -1.2960               7.5910
73   O                5.7900               3.3930              -4.1560
74   H                5.8410               2.7790              -3.3960
75   H                5.8340               4.3170              -3.8340
76   O               -3.3427               0.5993              -4.9864
77   H               -2.8931               1.3602              -4.5704
78   H               -2.6777              -0.1087              -5.1025
79   O                4.6770               0.8830               5.9830
80   H                4.7460               1.6330               6.6090
81   H                4.6300               0.0440               6.4840
82   O                8.1530               4.3360               3.6220
83   H                9.0970               4.5810               3.5380
84   H                8.0700               3.5560               4.2070
85   O               -7.6570              -0.6450              -4.8860
86   H               -6.9570              -0.4550              -4.2300
87   H               -8.4970              -0.8380              -4.4210
88   O               -6.4830               6.8240               1.6640
89   H               -5.5980               7.2400               1.6300
90   H               -6.5880               6.3470               2.5120
91   O                4.0874               4.6833              -1.7457
92   H                4.8371               5.2861              -1.8108
93   H                3.3304               5.2675              -1.6118
94   O                7.3960               3.6770               0.0630
95   H                7.6970               3.3440              -0.8080
96   H                6.9180               2.9670               0.5360
97   O                2.9492               0.3106              -3.9354
98   H                3.1122               0.7122              -2.9902
99   H                3.7635               0.2410              -4.3534
100  O                0.9440              -8.1150              -4.4250
101  H                0.4430              -8.8180              -3.9630
102  H                0.3190              -7.5180              -4.8850
103  O                3.1774               3.7851              -5.2776
104  H                2.6948               4.3298              -4.6372
105  H                4.0252               3.5586              -4.8507
106  O               -1.0960              -8.4370               0.8960
107  H               -1.2710              -7.5200               1.1900
108  H               -0.2060              -8.4860               0.4920
109  O               -2.0611               3.9061               4.3526
110  H               -1.5184               4.6607               4.1185
111  H               -1.7003               3.1649               3.8796
112  O               -6.4188               0.9252               2.8435
113  H               -6.5185               1.7998               3.1346
114  H               -5.4604               0.6352               3.0555
115  O                5.0400              -3.7010               5.5380
116  H                5.9780              -3.8170               5.2850
117  H                4.4870              -3.6630               4.7310
118  O                3.8950              -1.4120               7.2920
119  H                2.9250              -1.2740               7.2910
120  H                4.1040              -2.2570               6.8430
121  O                0.0650               0.4283              -3.9306
122  H               -0.1332               1.1975              -3.3457
123  H                0.9435               0.1134              -3.6859
124  O                0.0130               1.3370               8.3160
125  H               -0.7300               1.1410               8.9240
126  H               -0.3130               1.8750               7.5650
127  O                0.9447              -0.7154               6.5908
128  H                0.5503              -0.1272               7.2402
129  H                1.3559              -0.1414               5.8974
130  O               -0.4700              -6.3650              -5.9640
131  H               -0.9470              -5.6350              -5.5210
132  H                0.3640              -6.0250              -6.3490
133  O                5.1830               2.2470               8.2420
134  H                4.7110               1.6030               8.8070
135  H                6.1480               2.1100               8.3260
136  O               -0.8890               7.7400               5.8660
137  H               -0.7750               8.5750               5.3680
138  H               -1.8230               7.6510               6.1440
139  O                3.9273              -0.4221              -5.7342
140  H                4.7271               0.1057              -5.9601
141  H                3.1511               0.1039              -5.9584
142  O               -6.4130              -2.4200              -6.8710
143  H               -6.9220              -2.5810              -7.6920
144  H               -6.9370              -1.8520              -6.2700
145  O               -2.6770               3.1000              -7.3070
146  H               -2.2840               2.3360              -7.7760
147  H               -3.6220               2.9190              -7.1250
148  O               -5.5790               6.2570              -1.7830
149  H               -5.2490               7.1780              -1.7660
150  H               -5.8550               6.0270              -2.6940
151  O                1.7160              -5.0560               5.2610
152  H                2.1670              -5.6810               5.8630
153  H                1.0790              -4.5140               5.7680
154  O                1.3300              -2.4830              -8.8090
155  H                1.7780              -1.6230              -8.9430
156  H                0.3900              -2.3290              -8.5850
157  O                3.6050              -8.2400              -3.7140
158  H                3.6990              -9.2110              -3.6310
159  H                2.6580              -8.0090              -3.7930
160  O                1.1931              -6.6878               2.9769
161  H                1.0889              -6.1135               3.7452
162  H                0.5018              -6.4343               2.3547
163  O                5.8430              -5.4830              -3.7520
164  H                6.6950              -5.7250              -3.3360
165  H                5.9250              -5.5500              -4.7250
166  O               -2.0340               5.7110              -8.1540
167  H               -2.0320               4.8170              -7.7550
168  H               -2.4380               6.3460              -7.5280
169  O                1.7388               3.9891               1.2723
170  H                2.1282               3.1087               1.2977
171  H                2.4664               4.5715               1.5491
172  O               -3.5740               7.0060               6.8290
173  H               -4.0120               6.7070               7.6520
174  H               -4.1800               6.8760               6.0710
175  O               -4.4560              -0.2320              -7.6370
176  H               -4.1480               0.2960              -6.8720
177  H               -5.1810              -0.8260              -7.3520
178  O                1.8609               1.3582              -5.9391
179  H                2.1646               2.2463              -5.6915
180  H                1.0616               1.2166              -5.4202
181  O                8.7740              -0.8320              -3.2190
182  H                8.9160              -0.4590              -2.3250
183  H                8.5580              -1.7840              -3.1450
184  O                0.8900               6.0620              -4.3660
185  H               -0.0540               5.9700              -4.1240
186  H                0.9690               6.1850              -5.3340
187  O                5.8990               6.0660              -3.7200
188  H                5.4890               6.8250              -4.1820
189  H                6.8090               6.3030              -3.4470
190  O                3.5140              -8.2400               3.1370
191  H                3.5440              -8.7330               2.2910
192  H                2.7050              -7.6900               3.1650
193  O               -4.9457               4.7148               0.3293
194  H               -5.5207               4.8539               1.0669
195  H               -5.3448               5.1408              -0.4252
196  O                3.5392              -4.5532              -2.6017
197  H                3.6736              -3.9188              -1.8902
198  H                4.4033              -4.8825              -2.8713
199  O                1.1799               3.1398               4.7781
200  H                0.4399               3.3676               5.3598
201  H                1.8501               3.8313               4.9030
202  O                4.3850               0.0540              -8.8480
203  H                3.4640               0.1470              -8.5300
204  H                4.4550              -0.7400              -9.4160
205  O                6.4270               6.2700               2.5760
206  H                6.9260               5.5780               3.0550
207  H                6.8200               7.1460               2.7660
208  O               -7.4870               1.0680               6.3810
209  H               -6.7120               1.6580               6.4800
210  H               -7.2220               0.2600               5.8970
211  O                3.3036              -3.6875               3.5217
212  H                2.6341              -4.1437               4.0567
213  H                3.2547              -4.1140               2.6520
214  O                2.2887               0.6927               5.0700
215  H                3.1916               0.8777               5.3718
216  H                1.8778               1.5375               4.8130
217  O               -2.6960               7.9570              -0.0140
218  H               -2.4950               8.9020               0.1440
219  H               -3.3190               7.8760              -0.7640
220  O                3.1804              -4.8769               0.8891
221  H                2.6874              -4.2181               0.4000
222  H                2.8599              -5.7142               0.5328
223  O               -6.3230              -4.3380              -1.1030
224  H               -7.1480              -3.8950              -0.8180
225  H               -5.9300              -3.8450              -1.8510
226  O               -5.1230               7.0030               4.5650
227  H               -5.3730               7.9380               4.4190
228  H               -4.4830               6.7250               3.8790
229  O               -2.9161              -6.3427              -2.6828
230  H               -2.6051              -5.5816              -3.1998
231  H               -2.0946              -6.6905              -2.2481
232  O                5.3370              -6.1560               6.8700
233  H                4.9710              -5.3760               6.4040
234  H                4.6250              -6.5960               7.3790
235  O                0.6054              -3.2943              -5.9631
236  H                0.8080              -3.1971              -6.8891
237  H                1.3836              -2.9729              -5.5288
238  O               -5.1940               5.7680              -5.8600
239  H               -6.0340               6.1790              -5.5690
240  H               -5.3680               4.8610              -6.1840
241  O               -5.3532               1.4337              -0.8378
242  H               -4.8937               2.2675              -0.8752
243  H               -4.9706               0.9749              -0.0510
244  O               -4.8530               2.3620               7.0540
245  H               -4.5230               2.6560               6.1820
246  H               -4.4560               1.4960               7.2780
247  O               -8.4720              -3.3300              -3.2590
248  H               -7.5310              -3.0700              -3.3410
249  H               -8.6720              -3.5430              -2.3250
250  O                5.7680              -4.7100               1.7520
251  H                4.8880              -4.8170               1.3360
252  H                6.1950              -5.5860               1.8430
253  O                1.3216               6.8011              -1.8071
254  H                1.2591               6.5800              -2.7506
255  H                0.9945               6.0209              -1.3453
256  O                8.5400               1.5770              -4.5460
257  H                8.6340               0.7240              -4.0760
258  H                7.5980               1.8450              -4.5500
259  O               -4.0882               0.6378               3.5620
260  H               -4.0301               1.6305               3.6869
261  H               -3.4644               0.2106               4.0598
262  O                7.3170              -4.0800               4.0790
263  H                7.6990              -3.1790               4.0780
264  H                6.7980              -4.2140               3.2590
265  O               -5.3770              -4.7710               5.6630
266  H               -4.8560              -5.6000               5.6310
267  H               -5.3990              -4.3650               4.7720
268  O               -2.3988              -4.6538               4.0657
269  H               -2.1263              -5.0735               4.8823
270  H               -1.9219              -3.8240               4.0661
271  O                3.7338              -1.0762               3.6429
272  H                3.3618              -1.9259               3.4654
273  H                3.0488              -0.4528               3.6600
274  O                6.8160              -2.9330              -3.2960
275  H                6.3570              -3.7460              -3.5880
276  H                6.7300              -2.2440              -3.9860
277  O               -3.3726               6.4895               2.4155
278  H               -2.5047               6.4854               2.8271
279  H               -3.3027               6.9709               1.5872
280  O                7.1270               3.8020              -6.6310
281  H                6.7130               3.6430              -5.7590
282  H                7.8480               4.4560              -6.5360
283  O               -0.8857              -4.7420              -0.0178
284  H               -0.6988              -3.9305              -0.4899
285  H               -0.8766              -5.4315              -0.7471
286  O               -2.9629               4.6534              -2.2310
287  H               -3.7861               5.1202              -2.0292
288  H               -2.7802               4.2487              -1.3722
289  O               -5.2680              -6.8240              -1.1250
290  H               -4.5450              -6.6990              -1.7720
291  H               -5.7970              -6.0030              -1.0630
292  O               -1.7010               0.5610              -8.1790
293  H               -2.5540               0.2690              -8.5610
294  H               -1.2970              -0.1790              -7.6810
295  O                6.3220               6.9670              -0.5040
296  H                7.1460               6.6640              -0.9350
297  H                6.2660               6.5890               0.3970
298  O               -5.5360               3.2760              -7.1090
299  H               -5.8470               3.5480              -7.9960
300  H               -6.2450               2.7800              -6.6520
301  O               -0.3000               5.8710               8.2390
302  H               -0.9910               5.9480               8.9280
303  H               -0.5750               6.3720               7.4440
304  O                5.7933              -0.8945               1.9305
305  H                4.8924              -0.8516               2.3014
306  H                6.2886              -1.3317               2.6327
307  O                1.7390               0.3670              -8.4020
308  H                1.6820               1.0200              -7.6750
309  H                1.2800               0.7180              -9.1920
310  O                3.5171               5.8340               2.5811
311  H                4.4764               5.9859               2.5563
312  H                3.2740               5.7500               3.5179
313  O               -3.9960              -8.2490              -4.3940
314  H               -3.3550              -8.3530              -5.1270
315  H               -3.7430              -7.4790              -3.8460
316  O                6.2615               1.5689              -2.1229
317  H                6.5417               0.6558              -2.2047
318  H                5.5960               1.5495              -1.4345
319  O               -4.9093              -3.1680               2.7959
320  H               -4.7276              -3.0312               1.8485
321  H               -4.1653              -3.6768               3.1330
322  O                2.1780              -5.5980              -6.4430
323  H                2.6580              -6.4230              -6.2250
324  H                2.7410              -4.8270              -6.2260
325  O               -5.3231              -0.2719              -3.2653
326  H               -5.4138               0.2892              -2.4745
327  H               -4.6164               0.1237              -3.8169
328  O               -8.0800               2.1510              -0.6340
329  H               -8.2720               2.8780              -0.0070
330  H               -7.1420               1.8850              -0.5480
331  O                6.6620              -1.7900              -5.9060
332  H                6.6090              -0.8260              -6.0630
333  H                6.1870              -2.2640              -6.6190
334  O               -0.9850               3.6420               7.1090
335  H               -1.5620               3.8600               6.3500
336  H               -0.7210               4.4660               7.5660
337  O               -9.1370              -0.3050              -0.4640
338  H               -8.7870               0.5800              -0.6930
339  H               -8.9590              -0.4930               0.4800
340  O                3.0900               5.2190               5.2820
341  H                2.5940               5.4000               6.1060
342  H                4.0490               5.3300               5.4480
343  O                0.0470              -3.2670               7.0350
344  H                0.3780              -2.4050               6.7090
345  H               -0.1690              -3.1950               7.9860
346  O                4.2590               9.3720               0.7440
347  H                3.6360               8.6470               0.5360
348  H                5.1650               9.0100               0.8270
349  O               -1.5534              -1.6205              -5.0575
350  H               -0.9337              -1.0618              -4.5608
351  H               -0.9839              -2.1193              -5.6633
352  O                7.8620              -1.2310               3.9200
353  H                8.6110              -1.2250               3.2910
354  H                7.5530              -0.3140               4.0680
355  O               -8.8890              -3.2870              -0.5910
356  H               -9.3680              -3.5180               0.2300
357  H               -8.7270              -2.3220              -0.6160
358  O                0.9840               9.7360              -0.6030
359  H                1.7130              10.3410              -0.3590
360  H                1.2160               8.8220              -0.3410
361  O               -7.6880              -3.4170               2.8070
362  H               -6.7420              -3.6520               2.7110
363  H               -8.2410              -4.1960               2.5930
364  O                5.4699              -1.7618              -0.9025
365  H                5.7412              -1.5397               0.0025
366  H                6.2313              -2.1553              -1.3575
367  O                2.2470               4.9460               7.8180
368  H                1.3430               5.2440               8.0470
369  H                2.6470               4.4920               8.5870
370  O               -4.5394               3.0711               3.7046
371  H               -5.2104               3.5804               3.2797
372  H               -3.8167               3.6457               3.9134
373  O               -0.3028               2.7830              -2.8876
374  H               -0.9400               3.2187              -3.4633
375  H               -0.1282               3.3493              -2.1211
376  O               -1.3650              -8.3390               4.7520
377  H               -1.0870              -7.5140               5.2010
378  H               -1.1210              -8.2930               3.8040
379  O               -4.5631               0.2201               1.2762
380  H               -4.4057              -0.6097               0.9161
381  H               -3.8869               0.3454               1.9665
382  O               -5.3941              -3.0352              -3.1679
383  H               -5.0296              -3.4772              -3.9498
384  H               -5.2202              -2.0779              -3.2428
385  O                8.1530              -2.1530               6.8230
386  H                8.6750              -1.3540               7.0440
387  H                7.4320              -1.9120               6.2080
388  O               -3.0930               7.2570              -6.2990
389  H               -3.9790               6.8950              -6.0950
390  H               -3.0730               8.2120              -6.0820
391  O               -6.8920               4.0630               2.9640
392  H               -7.2780               4.2210               3.8490
393  H               -7.5520               4.2820               2.2760
394  O               -3.7290              -1.9200              -9.3900
395  H               -4.5000              -2.5030              -9.5440
396  H               -3.8960              -1.3590              -8.6060
397  O               -8.4980              -0.8530               2.1950
398  H               -8.3840              -1.8160               2.3310
399  H               -7.7480              -0.3750               2.6050
400  O               -2.5757               4.5403               0.0926
401  H               -2.2115               3.7111               0.3109
402  H               -3.5052               4.5390               0.4143
403  O               -2.4196               3.1117              -4.2775
404  H               -3.0108               3.6743              -3.7672
405  H               -2.4254               3.3542              -5.2228
406  O                6.4968               1.6967               1.7250
407  H                6.6700               1.8624               2.6572
408  H                6.1814               0.7794               1.7010
409  O                1.2141              -5.3853              -3.1107
410  H                2.1197              -5.1761              -2.9151
411  H                1.0793              -5.4795              -4.0438
412  O               -1.3610              -2.9310              -8.8440
413  H               -1.4180              -3.8970              -8.6990
414  H               -2.2530              -2.5780              -9.0400
415  O                3.2700              -7.1010              -0.9270
416  H                3.2410              -7.3860              -1.8630
417  H                3.7610              -7.7630              -0.3990
418  O                8.0680              -3.1330               1.3610
419  H                7.3240              -3.7590               1.4770
420  H                7.7180              -2.2230               1.2750
421  O                2.0911               7.5566               1.0554
422  H                2.6220               6.9694               1.6191
423  H                1.1730               7.2882               1.1556
424  O                6.1030               0.8790              -6.8580
425  H                5.6980               0.6640              -7.7230
426  H                6.6100               1.7130              -6.9340
427  O               -0.5420               7.5090               1.5260
428  H               -1.2980               7.2600               0.9560
429  H               -0.6710               8.4190               1.8620
430  O                3.1179              -2.9486              -4.8991
431  H                3.5414              -2.0938              -5.0238
432  H                3.3645              -3.2837              -4.0214
433  O               -4.1690              -7.8160               1.1140
434  H               -3.2700              -7.5280               1.3740
435  H               -4.4150              -7.3920               0.2680
436  O               -4.8462              -2.5652               0.0149
437  H               -5.3676              -3.3651              -0.2288
438  H               -4.3236              -2.4140              -0.7862
439  O               -0.4983              -6.5131              -1.6916
440  H                0.2687              -6.2066              -2.2855
441  H               -0.2649              -7.3980              -1.3915
442  O               -0.9900              -5.7690               6.2680
443  H               -0.5980              -4.9820               6.6980
444  H               -1.5610              -6.2400               6.9080
445  O               -2.2161              -4.4772              -4.5559
446  H               -1.9070              -3.6050              -4.2721
447  H               -2.9978              -4.2869              -5.1003
448  O               -2.2801              -0.7972               5.2628
449  H               -3.0124              -1.1071               5.8180
450  H               -1.4706              -0.9288               5.7444
451  O               -6.8890              -1.2280               5.2890
452  H               -6.4720              -1.1090               4.4130
453  H               -7.6190              -1.8760               5.2180
454  O                6.9950               1.4920               4.4780
455  H                7.6650               1.9060               5.0600
456  H                6.1520               1.4000               4.9670
457  O                0.0130               1.3370             -10.2250
458  H               -0.7300               1.1410              -9.6180
459  H               -0.3130               1.8750             -10.9760
460  O                0.9840              -9.0140              -0.6030
461  H                1.7130              -8.4090              -0.3590
462  H                1.2160              -9.9280              -0.3410
463  O               -9.4340               3.8400              -2.7930
464  H               -9.7250               3.2070              -3.4810
465  H               -8.8280               3.3900              -2.1710


Energy:                -11700.279452 Convergence criteria  Is converged 
Maximum Force:             0.141279     0.002850                No
RMS Force:                 0.027342     0.001900                No
Maximum Displacement:      0.078334     0.003150                No
RMS Displacement:          0.017656     0.002100                No

----------------------------------------------------------------------
                            Iteration: 11                             


                             Coordinates                              
----------------------------------------------------------------------
0    C               -1.1318              -0.4427               0.3865
1    C                1.0392               0.3488               0.1082
2    C               -1.5798               1.2642               0.8186
3    C                1.6647              -0.2254               1.3273
4    C                2.0160               0.6715              -0.9366
5    N                0.0473              -0.5372              -0.4417
6    N               -2.1576              -1.2057              -0.2636
7    O               -2.3737               1.9092              -0.1965
8    H               -2.7149               1.1559              -0.7292
9    H               -0.1501              -0.2964              -1.4121
10   H               -0.8713              -0.8980               1.3451
11   H                0.5569               1.2609               0.3629
12   H               -2.5914              -1.9675               0.2431
13   H               -2.0454              -1.3917              -1.2437
14   H               -0.7018               1.9290               0.9730
15   H               -2.1408               1.4328               1.7651
16   H                2.4731               0.4333               1.6053
17   H                1.4502               0.9712              -1.8038
18   H                2.0678              -1.1968               1.0893
19   H                0.9817              -0.3288               2.1577
20   H                2.6286               1.5001              -0.6228
21   H                2.6012              -0.2079              -1.1375
22   O                9.9320               4.3700               1.0660
23   H                9.8250               5.2520               0.6530
24   H                9.0550               4.0280               1.3360
25   O                9.5460              -0.3050              -0.4640
26   H                9.8960               0.5800              -0.6930
27   H                9.7240              -0.4930               0.4800
28   O                1.3300              -2.4830               9.7330
29   H                1.7780              -1.6230               9.5990
30   H                0.3900              -2.3290               9.9570
31   O                1.7390               0.3670              10.1400
32   H                1.6820               1.0200              10.8670
33   H                1.2800               0.7180               9.3500
34   O                0.6940               5.8610              -7.0250
35   H                1.4000               5.2620              -7.3430
36   H               -0.0450               5.8630              -7.6670
37   O               -4.6910              -4.1640              -5.9210
38   H               -5.2680              -3.4380              -6.2340
39   H               -5.0970              -5.0250              -6.1500
40   O                3.8990               8.1850              -2.6140
41   H                2.9870               7.8280              -2.6370
42   H                4.5030               7.5110              -2.2410
43   O               -0.0125              -3.2202              -2.0794
44   H                0.6098              -3.7597              -2.5735
45   H                0.4661              -2.4526              -1.7017
46   O               -0.4820               8.8170              -3.0250
47   H                0.0230               8.6790              -2.1980
48   H               -0.8290               7.9580              -3.3420
49   O                3.0010               4.5500              -7.9590
50   H                3.8390               4.8940              -8.3310
51   H                3.1410               4.2950              -7.0240
52   O               -1.6510               6.3720              -3.8680
53   H               -2.0960               6.4270              -4.7380
54   H               -2.0930               5.6930              -3.3180
55   O               -0.1244               4.6110              -0.8502
56   H                0.4693               4.3257              -0.1189
57   H               -0.9773               4.7987              -0.4289
58   O               -2.9840              -5.3840              -8.0500
59   H               -3.8830              -5.0990              -7.7870
60   H               -2.5920              -5.9290              -7.3370
61   O               -1.5831              -6.0023               1.8622
62   H               -1.6085              -5.2587               1.2348
63   H               -2.1537              -5.7914               2.6164
64   O               -1.2666               6.2392               3.6398
65   H               -0.8693               6.6375               4.4383
66   H               -0.6111               6.3523               2.9407
67   O               -8.7510               4.3700               1.0660
68   H               -8.8580               5.2520               0.6530
69   H               -9.6280               4.0280               1.3360
70   O               -4.5190              -0.8900               6.7620
71   H               -5.4180              -1.2220               6.5630
72   H               -4.1970              -1.2960               7.5910
73   O                5.7900               3.3930              -4.1560
74   H                5.8410               2.7790              -3.3960
75   H                5.8340               4.3170              -3.8340
76   O               -3.3510               0.5919              -4.9980
77   H               -2.9076               1.3533              -4.5722
78   H               -2.6848              -0.1159              -5.1122
79   O                4.6770               0.8830               5.9830
80   H                4.7460               1.6330               6.6090
81   H                4.6300               0.0440               6.4840
82   O                8.1530               4.3360               3.6220
83   H                9.0970               4.5810               3.5380
84   H                8.0700               3.5560               4.2070
85   O               -7.6570              -0.6450              -4.8860
86   H               -6.9570              -0.4550              -4.2300
87   H               -8.4970              -0.8380              -4.4210
88   O               -6.4830               6.8240               1.6640
89   H               -5.5980               7.2400               1.6300
90   H               -6.5880               6.3470               2.5120
91   O                4.0804               4.6871              -1.7622
92   H                4.8383               5.2893              -1.8001
93   H                3.3203               5.2689              -1.6121
94   O                7.3960               3.6770               0.0630
95   H                7.6970               3.3440              -0.8080
96   H                6.9180               2.9670               0.5360
97   O                2.9342               0.3400              -3.9942
98   H                3.0921               0.6784              -3.0473
99   H                3.8041               0.2439              -4.3934
100  O                0.9440              -8.1150              -4.4250
101  H                0.4430              -8.8180              -3.9630
102  H                0.3190              -7.5180              -4.8850
103  O                3.1737               3.7775              -5.2805
104  H                2.6809               4.3258              -4.6479
105  H                4.0169               3.5391              -4.8361
106  O               -1.0960              -8.4370               0.8960
107  H               -1.2710              -7.5200               1.1900
108  H               -0.2060              -8.4860               0.4920
109  O               -2.0847               3.9335               4.3337
110  H               -1.5018               4.6753               4.0972
111  H               -1.7070               3.1461               3.9031
112  O               -6.3913               0.9043               2.8241
113  H               -6.5345               1.7927               3.1473
114  H               -5.4360               0.6408               3.0604
115  O                5.0400              -3.7010               5.5380
116  H                5.9780              -3.8170               5.2850
117  H                4.4870              -3.6630               4.7310
118  O                3.8950              -1.4120               7.2920
119  H                2.9250              -1.2740               7.2910
120  H                4.1040              -2.2570               6.8430
121  O                0.0806               0.4509              -3.9470
122  H               -0.1285               1.2126              -3.3477
123  H                0.9533               0.1127              -3.6969
124  O                0.0130               1.3370               8.3160
125  H               -0.7300               1.1410               8.9240
126  H               -0.3130               1.8750               7.5650
127  O                0.9677              -0.7154               6.5736
128  H                0.5422              -0.1516               7.2396
129  H                1.3821              -0.1179               5.8939
130  O               -0.4700              -6.3650              -5.9640
131  H               -0.9470              -5.6350              -5.5210
132  H                0.3640              -6.0250              -6.3490
133  O                5.1830               2.2470               8.2420
134  H                4.7110               1.6030               8.8070
135  H                6.1480               2.1100               8.3260
136  O               -0.8890               7.7400               5.8660
137  H               -0.7750               8.5750               5.3680
138  H               -1.8230               7.6510               6.1440
139  O                3.9196              -0.4260              -5.7855
140  H                4.7253               0.1125              -5.9779
141  H                3.1398               0.1287              -5.9636
142  O               -6.4130              -2.4200              -6.8710
143  H               -6.9220              -2.5810              -7.6920
144  H               -6.9370              -1.8520              -6.2700
145  O               -2.6770               3.1000              -7.3070
146  H               -2.2840               2.3360              -7.7760
147  H               -3.6220               2.9190              -7.1250
148  O               -5.5790               6.2570              -1.7830
149  H               -5.2490               7.1780              -1.7660
150  H               -5.8550               6.0270              -2.6940
151  O                1.7160              -5.0560               5.2610
152  H                2.1670              -5.6810               5.8630
153  H                1.0790              -4.5140               5.7680
154  O                1.3300              -2.4830              -8.8090
155  H                1.7780              -1.6230              -8.9430
156  H                0.3900              -2.3290              -8.5850
157  O                3.6050              -8.2400              -3.7140
158  H                3.6990              -9.2110              -3.6310
159  H                2.6580              -8.0090              -3.7930
160  O                1.1950              -6.6644               2.9721
161  H                1.0738              -6.1037               3.7536
162  H                0.4750              -6.4359               2.3622
163  O                5.8430              -5.4830              -3.7520
164  H                6.6950              -5.7250              -3.3360
165  H                5.9250              -5.5500              -4.7250
166  O               -2.0340               5.7110              -8.1540
167  H               -2.0320               4.8170              -7.7550
168  H               -2.4380               6.3460              -7.5280
169  O                1.7306               4.0024               1.2716
170  H                2.1043               3.1099               1.2859
171  H                2.4753               4.5814               1.5316
172  O               -3.5740               7.0060               6.8290
173  H               -4.0120               6.7070               7.6520
174  H               -4.1800               6.8760               6.0710
175  O               -4.4560              -0.2320              -7.6370
176  H               -4.1480               0.2960              -6.8720
177  H               -5.1810              -0.8260              -7.3520
178  O                1.8972               1.3404              -5.9219
179  H                2.1859               2.2371              -5.6740
180  H                1.0740               1.1963              -5.4308
181  O                8.7740              -0.8320              -3.2190
182  H                8.9160              -0.4590              -2.3250
183  H                8.5580              -1.7840              -3.1450
184  O                0.8900               6.0620              -4.3660
185  H               -0.0540               5.9700              -4.1240
186  H                0.9690               6.1850              -5.3340
187  O                5.8990               6.0660              -3.7200
188  H                5.4890               6.8250              -4.1820
189  H                6.8090               6.3030              -3.4470
190  O                3.5140              -8.2400               3.1370
191  H                3.5440              -8.7330               2.2910
192  H                2.7050              -7.6900               3.1650
193  O               -4.9242               4.7265               0.3189
194  H               -5.4837               4.8520               1.0849
195  H               -5.3373               5.1486              -0.4409
196  O                3.5150              -4.5716              -2.5965
197  H                3.6834              -3.8950              -1.9020
198  H                4.3865              -4.9055              -2.8928
199  O                1.1671               3.1247               4.7807
200  H                0.4393               3.3750               5.3733
201  H                1.8596               3.8037               4.8947
202  O                4.3850               0.0540              -8.8480
203  H                3.4640               0.1470              -8.5300
204  H                4.4550              -0.7400              -9.4160
205  O                6.4270               6.2700               2.5760
206  H                6.9260               5.5780               3.0550
207  H                6.8200               7.1460               2.7660
208  O               -7.4870               1.0680               6.3810
209  H               -6.7120               1.6580               6.4800
210  H               -7.2220               0.2600               5.8970
211  O                3.3112              -3.6874               3.5242
212  H                2.6530              -4.1475               4.0773
213  H                3.2500              -4.1108               2.6513
214  O                2.3011               0.6812               5.0815
215  H                3.2039               0.8745               5.3861
216  H                1.8713               1.5172               4.8225
217  O               -2.6960               7.9570              -0.0140
218  H               -2.4950               8.9020               0.1440
219  H               -3.3190               7.8760              -0.7640
220  O                3.2026              -4.8765               0.8841
221  H                2.6760              -4.2036               0.4240
222  H                2.8633              -5.7151               0.5323
223  O               -6.3230              -4.3380              -1.1030
224  H               -7.1480              -3.8950              -0.8180
225  H               -5.9300              -3.8450              -1.8510
226  O               -5.1230               7.0030               4.5650
227  H               -5.3730               7.9380               4.4190
228  H               -4.4830               6.7250               3.8790
229  O               -2.8942              -6.3346              -2.6792
230  H               -2.5934              -5.5603              -3.1888
231  H               -2.0803              -6.6815              -2.2575
232  O                5.3370              -6.1560               6.8700
233  H                4.9710              -5.3760               6.4040
234  H                4.6250              -6.5960               7.3790
235  O                0.5983              -3.3273              -5.9530
236  H                0.8112              -3.1726              -6.8932
237  H                1.3752              -2.9503              -5.5089
238  O               -5.1940               5.7680              -5.8600
239  H               -6.0340               6.1790              -5.5690
240  H               -5.3680               4.8610              -6.1840
241  O               -5.3540               1.4321              -0.8231
242  H               -4.8812               2.2710              -0.8819
243  H               -4.9864               0.9817              -0.0189
244  O               -4.8530               2.3620               7.0540
245  H               -4.5230               2.6560               6.1820
246  H               -4.4560               1.4960               7.2780
247  O               -8.4720              -3.3300              -3.2590
248  H               -7.5310              -3.0700              -3.3410
249  H               -8.6720              -3.5430              -2.3250
250  O                5.7680              -4.7100               1.7520
251  H                4.8880              -4.8170               1.3360
252  H                6.1950              -5.5860               1.8430
253  O                1.3038               6.7978              -1.8105
254  H                1.2668               6.5742              -2.7623
255  H                0.9875               6.0090              -1.3534
256  O                8.5400               1.5770              -4.5460
257  H                8.6340               0.7240              -4.0760
258  H                7.5980               1.8450              -4.5500
259  O               -4.1084               0.6683               3.5521
260  H               -4.0317               1.6438               3.6942
261  H               -3.4555               0.1914               4.0370
262  O                7.3170              -4.0800               4.0790
263  H                7.6990              -3.1790               4.0780
264  H                6.7980              -4.2140               3.2590
265  O               -5.3770              -4.7710               5.6630
266  H               -4.8560              -5.6000               5.6310
267  H               -5.3990              -4.3650               4.7720
268  O               -2.3797              -4.6580               4.0384
269  H               -2.1358              -5.0756               4.8812
270  H               -1.9190              -3.8014               4.0741
271  O                3.7765              -1.0938               3.7018
272  H                3.3499              -1.9393               3.4636
273  H                3.0570              -0.4383               3.6384
274  O                6.8160              -2.9330              -3.2960
275  H                6.3570              -3.7460              -3.5880
276  H                6.7300              -2.2440              -3.9860
277  O               -3.3501               6.4605               2.4156
278  H               -2.4793               6.4784               2.8275
279  H               -3.3040               6.9620               1.5917
280  O                7.1270               3.8020              -6.6310
281  H                6.7130               3.6430              -5.7590
282  H                7.8480               4.4560              -6.5360
283  O               -0.8873              -4.7793              -0.0294
284  H               -0.7067              -3.9493              -0.4896
285  H               -0.8566              -5.4614              -0.7492
286  O               -2.9275               4.6501              -2.2454
287  H               -3.7547               5.1038              -2.0349
288  H               -2.7637               4.2353              -1.3602
289  O               -5.2680              -6.8240              -1.1250
290  H               -4.5450              -6.6990              -1.7720
291  H               -5.7970              -6.0030              -1.0630
292  O               -1.7010               0.5610              -8.1790
293  H               -2.5540               0.2690              -8.5610
294  H               -1.2970              -0.1790              -7.6810
295  O                6.3220               6.9670              -0.5040
296  H                7.1460               6.6640              -0.9350
297  H                6.2660               6.5890               0.3970
298  O               -5.5360               3.2760              -7.1090
299  H               -5.8470               3.5480              -7.9960
300  H               -6.2450               2.7800              -6.6520
301  O               -0.3000               5.8710               8.2390
302  H               -0.9910               5.9480               8.9280
303  H               -0.5750               6.3720               7.4440
304  O                5.7952              -0.8911               1.9439
305  H                4.8909              -0.8530               2.3102
306  H                6.2880              -1.3396               2.6480
307  O                1.7390               0.3670              -8.4020
308  H                1.6820               1.0200              -7.6750
309  H                1.2800               0.7180              -9.1920
310  O                3.5114               5.8340               2.5849
311  H                4.4780               5.9668               2.5459
312  H                3.2763               5.7555               3.5248
313  O               -3.9960              -8.2490              -4.3940
314  H               -3.3550              -8.3530              -5.1270
315  H               -3.7430              -7.4790              -3.8460
316  O                6.2405               1.5723              -2.1475
317  H                6.5455               0.6557              -2.2095
318  H                5.5986               1.5562              -1.4176
319  O               -4.9103              -3.1580               2.7930
320  H               -4.7133              -3.0160               1.8459
321  H               -4.1822              -3.6947               3.1496
322  O                2.1780              -5.5980              -6.4430
323  H                2.6580              -6.4230              -6.2250
324  H                2.7410              -4.8270              -6.2260
325  O               -5.3052              -0.2695              -3.2703
326  H               -5.4035               0.2747              -2.4645
327  H               -4.6039               0.1415              -3.8259
328  O               -8.0800               2.1510              -0.6340
329  H               -8.2720               2.8780              -0.0070
330  H               -7.1420               1.8850              -0.5480
331  O                6.6620              -1.7900              -5.9060
332  H                6.6090              -0.8260              -6.0630
333  H                6.1870              -2.2640              -6.6190
334  O               -0.9850               3.6420               7.1090
335  H               -1.5620               3.8600               6.3500
336  H               -0.7210               4.4660               7.5660
337  O               -9.1370              -0.3050              -0.4640
338  H               -8.7870               0.5800              -0.6930
339  H               -8.9590              -0.4930               0.4800
340  O                3.0900               5.2190               5.2820
341  H                2.5940               5.4000               6.1060
342  H                4.0490               5.3300               5.4480
343  O                0.0470              -3.2670               7.0350
344  H                0.3780              -2.4050               6.7090
345  H               -0.1690              -3.1950               7.9860
346  O                4.2590               9.3720               0.7440
347  H                3.6360               8.6470               0.5360
348  H                5.1650               9.0100               0.8270
349  O               -1.5351              -1.6249              -5.0432
350  H               -0.9158              -1.0582              -4.5488
351  H               -0.9683              -2.1109              -5.6773
352  O                7.8620              -1.2310               3.9200
353  H                8.6110              -1.2250               3.2910
354  H                7.5530              -0.3140               4.0680
355  O               -8.8890              -3.2870              -0.5910
356  H               -9.3680              -3.5180               0.2300
357  H               -8.7270              -2.3220              -0.6160
358  O                0.9840               9.7360              -0.6030
359  H                1.7130              10.3410              -0.3590
360  H                1.2160               8.8220              -0.3410
361  O               -7.6880              -3.4170               2.8070
362  H               -6.7420              -3.6520               2.7110
363  H               -8.2410              -4.1960               2.5930
364  O                5.4686              -1.7581              -0.9043
365  H                5.7391              -1.5578               0.0089
366  H                6.2250              -2.1527              -1.3665
367  O                2.2470               4.9460               7.8180
368  H                1.3430               5.2440               8.0470
369  H                2.6470               4.4920               8.5870
370  O               -4.5353               3.0554               3.7070
371  H               -5.2104               3.5708               3.2777
372  H               -3.7977               3.6257               3.8964
373  O               -0.3259               2.7765              -2.8920
374  H               -0.9529               3.2241              -3.4719
375  H               -0.1326               3.3435              -2.1261
376  O               -1.3650              -8.3390               4.7520
377  H               -1.0870              -7.5140               5.2010
378  H               -1.1210              -8.2930               3.8040
379  O               -4.6400               0.2363               1.3168
380  H               -4.4399              -0.5969               0.9241
381  H               -3.8923               0.3718               1.9736
382  O               -5.4018              -3.0277              -3.1597
383  H               -5.0266              -3.4866              -3.9306
384  H               -5.2403              -2.0664              -3.2564
385  O                8.1530              -2.1530               6.8230
386  H                8.6750              -1.3540               7.0440
387  H                7.4320              -1.9120               6.2080
388  O               -3.0930               7.2570              -6.2990
389  H               -3.9790               6.8950              -6.0950
390  H               -3.0730               8.2120              -6.0820
391  O               -6.8920               4.0630               2.9640
392  H               -7.2780               4.2210               3.8490
393  H               -7.5520               4.2820               2.2760
394  O               -3.7290              -1.9200              -9.3900
395  H               -4.5000              -2.5030              -9.5440
396  H               -3.8960              -1.3590              -8.6060
397  O               -8.4980              -0.8530               2.1950
398  H               -8.3840              -1.8160               2.3310
399  H               -7.7480              -0.3750               2.6050
400  O               -2.5836               4.5845               0.1114
401  H               -2.2287               3.6735               0.2544
402  H               -3.5242               4.5637               0.4048
403  O               -2.4194               3.1169              -4.2693
404  H               -3.0123               3.6850              -3.7577
405  H               -2.4106               3.3738              -5.2093
406  O                6.5096               1.6944               1.7164
407  H                6.6627               1.8666               2.6530
408  H                6.1684               0.7780               1.6927
409  O                1.2104              -5.3945              -3.1068
410  H                2.1219              -5.1780              -2.9079
411  H                1.0642              -5.4655              -4.0500
412  O               -1.3610              -2.9310              -8.8440
413  H               -1.4180              -3.8970              -8.6990
414  H               -2.2530              -2.5780              -9.0400
415  O                3.2700              -7.1010              -0.9270
416  H                3.2410              -7.3860              -1.8630
417  H                3.7610              -7.7630              -0.3990
418  O                8.0680              -3.1330               1.3610
419  H                7.3240              -3.7590               1.4770
420  H                7.7180              -2.2230               1.2750
421  O                2.0769               7.5522               1.0404
422  H                2.6189               6.9785               1.6137
423  H                1.1625               7.2786               1.1422
424  O                6.1030               0.8790              -6.8580
425  H                5.6980               0.6640              -7.7230
426  H                6.6100               1.7130              -6.9340
427  O               -0.5420               7.5090               1.5260
428  H               -1.2980               7.2600               0.9560
429  H               -0.6710               8.4190               1.8620
430  O                3.1057              -2.9514              -4.8919
431  H                3.5573              -2.0976              -5.0547
432  H                3.3492              -3.2714              -4.0112
433  O               -4.1690              -7.8160               1.1140
434  H               -3.2700              -7.5280               1.3740
435  H               -4.4150              -7.3920               0.2680
436  O               -4.8630              -2.5750               0.0013
437  H               -5.3935              -3.3793              -0.2307
438  H               -4.3433              -2.4274              -0.8010
439  O               -0.4837              -6.4869              -1.7085
440  H                0.2843              -6.2072              -2.2846
441  H               -0.2989              -7.3911              -1.3861
442  O               -0.9900              -5.7690               6.2680
443  H               -0.5980              -4.9820               6.6980
444  H               -1.5610              -6.2400               6.9080
445  O               -2.2119              -4.4817              -4.5625
446  H               -1.8930              -3.6119              -4.2754
447  H               -3.0004              -4.2924              -5.1048
448  O               -2.2782              -0.7711               5.2486
449  H               -3.0183              -1.1104               5.7891
450  H               -1.4690              -0.9256               5.7366
451  O               -6.8890              -1.2280               5.2890
452  H               -6.4720              -1.1090               4.4130
453  H               -7.6190              -1.8760               5.2180
454  O                6.9950               1.4920               4.4780
455  H                7.6650               1.9060               5.0600
456  H                6.1520               1.4000               4.9670
457  O                0.0130               1.3370             -10.2250
458  H               -0.7300               1.1410              -9.6180
459  H               -0.3130               1.8750             -10.9760
460  O                0.9840              -9.0140              -0.6030
461  H                1.7130              -8.4090              -0.3590
462  H                1.2160              -9.9280              -0.3410
463  O               -9.4340               3.8400              -2.7930
464  H               -9.7250               3.2070              -3.4810
465  H               -8.8280               3.3900              -2.1710


Energy:                -11700.329647 Convergence criteria  Is converged 
Maximum Force:             0.107009     0.002850                No
RMS Force:                 0.016036     0.001900                No
Maximum Displacement:      0.076803     0.003150                No
RMS Displacement:          0.018082     0.002100                No

----------------------------------------------------------------------
                            Iteration: 12                             


                             Coordinates                              
----------------------------------------------------------------------
0    C               -1.1634              -0.3782               0.4083
1    C                1.0504               0.3553               0.1166
2    C               -1.6099               1.1913               0.8166
3    C                1.6734              -0.2172               1.3378
4    C                2.0287               0.6778              -0.9283
5    N                0.0356              -0.5070              -0.4248
6    N               -2.1962              -1.1390              -0.2449
7    O               -2.4036               1.8747              -0.1780
8    H               -2.7557               1.1696              -0.7764
9    H               -0.1320              -0.2646              -1.4028
10   H               -0.8707              -0.8506               1.3526
11   H                0.5995               1.2879               0.3733
12   H               -2.5744              -1.9773               0.2272
13   H               -2.0117              -1.4093              -1.2221
14   H               -0.7287               1.8452               0.9633
15   H               -2.1524               1.3920               1.7718
16   H                2.4827               0.4286               1.6395
17   H                1.4881               0.9845              -1.8061
18   H                2.0593              -1.1909               1.0920
19   H                0.9946              -0.3323               2.1653
20   H                2.6542               1.4947              -0.6210
21   H                2.6208              -0.1888              -1.1466
22   O                9.9320               4.3700               1.0660
23   H                9.8250               5.2520               0.6530
24   H                9.0550               4.0280               1.3360
25   O                9.5460              -0.3050              -0.4640
26   H                9.8960               0.5800              -0.6930
27   H                9.7240              -0.4930               0.4800
28   O                1.3300              -2.4830               9.7330
29   H                1.7780              -1.6230               9.5990
30   H                0.3900              -2.3290               9.9570
31   O                1.7390               0.3670              10.1400
32   H                1.6820               1.0200              10.8670
33   H                1.2800               0.7180               9.3500
34   O                0.6940               5.8610              -7.0250
35   H                1.4000               5.2620              -7.3430
36   H               -0.0450               5.8630              -7.6670
37   O               -4.6910              -4.1640              -5.9210
38   H               -5.2680              -3.4380              -6.2340
39   H               -5.0970              -5.0250              -6.1500
40   O                3.8990               8.1850              -2.6140
41   H                2.9870               7.8280              -2.6370
42   H                4.5030               7.5110              -2.2410
43   O               -0.0161              -3.2442              -2.0829
44   H                0.6278              -3.7742              -2.5907
45   H                0.4464              -2.4725              -1.7205
46   O               -0.4820               8.8170              -3.0250
47   H                0.0230               8.6790              -2.1980
48   H               -0.8290               7.9580              -3.3420
49   O                3.0010               4.5500              -7.9590
50   H                3.8390               4.8940              -8.3310
51   H                3.1410               4.2950              -7.0240
52   O               -1.6510               6.3720              -3.8680
53   H               -2.0960               6.4270              -4.7380
54   H               -2.0930               5.6930              -3.3180
55   O               -0.1294               4.6058              -0.8560
56   H                0.4696               4.3512              -0.1308
57   H               -0.9779               4.8056              -0.4287
58   O               -2.9840              -5.3840              -8.0500
59   H               -3.8830              -5.0990              -7.7870
60   H               -2.5920              -5.9290              -7.3370
61   O               -1.5392              -5.9905               1.8551
62   H               -1.6017              -5.2434               1.2254
63   H               -2.1445              -5.8233               2.6010
64   O               -1.2999               6.2542               3.6255
65   H               -0.8942               6.6331               4.4303
66   H               -0.6348               6.3551               2.9314
67   O               -8.7510               4.3700               1.0660
68   H               -8.8580               5.2520               0.6530
69   H               -9.6280               4.0280               1.3360
70   O               -4.5190              -0.8900               6.7620
71   H               -5.4180              -1.2220               6.5630
72   H               -4.1970              -1.2960               7.5910
73   O                5.7900               3.3930              -4.1560
74   H                5.8410               2.7790              -3.3960
75   H                5.8340               4.3170              -3.8340
76   O               -3.3584               0.5864              -5.0095
77   H               -2.9206               1.3487              -4.5822
78   H               -2.6918              -0.1254              -5.1184
79   O                4.6770               0.8830               5.9830
80   H                4.7460               1.6330               6.6090
81   H                4.6300               0.0440               6.4840
82   O                8.1530               4.3360               3.6220
83   H                9.0970               4.5810               3.5380
84   H                8.0700               3.5560               4.2070
85   O               -7.6570              -0.6450              -4.8860
86   H               -6.9570              -0.4550              -4.2300
87   H               -8.4970              -0.8380              -4.4210
88   O               -6.4830               6.8240               1.6640
89   H               -5.5980               7.2400               1.6300
90   H               -6.5880               6.3470               2.5120
91   O                4.0728               4.6936              -1.7811
92   H                4.8381               5.2909              -1.7879
93   H                3.3094               5.2707              -1.6129
94   O                7.3960               3.6770               0.0630
95   H                7.6970               3.3440              -0.8080
96   H                6.9180               2.9670               0.5360
97   O                2.9061               0.4015              -4.0375
98   H                3.0664               0.6421              -3.1092
99   H                3.8016               0.2362              -4.4103
100  O                0.9440              -8.1150              -4.4250
101  H                0.4430              -8.8180              -3.9630
102  H                0.3190              -7.5180              -4.8850
103  O                3.1655               3.7521              -5.2774
104  H                2.6662               4.3220              -4.6604
105  H                4.0070               3.5230              -4.8240
106  O               -1.0960              -8.4370               0.8960
107  H               -1.2710              -7.5200               1.1900
108  H               -0.2060              -8.4860               0.4920
109  O               -2.1024               3.9634               4.3062
110  H               -1.4954               4.6934               4.0696
111  H               -1.7170               3.1368               3.9332
112  O               -6.3332               0.8891               2.8049
113  H               -6.5483               1.7694               3.1612
114  H               -5.4287               0.6497               3.0635
115  O                5.0400              -3.7010               5.5380
116  H                5.9780              -3.8170               5.2850
117  H                4.4870              -3.6630               4.7310
118  O                3.8950              -1.4120               7.2920
119  H                2.9250              -1.2740               7.2910
120  H                4.1040              -2.2570               6.8430
121  O                0.1083               0.4767              -3.9692
122  H               -0.1181               1.2304              -3.3589
123  H                0.9689               0.1158              -3.7133
124  O                0.0130               1.3370               8.3160
125  H               -0.7300               1.1410               8.9240
126  H               -0.3130               1.8750               7.5650
127  O                0.9900              -0.7123               6.5584
128  H                0.5395              -0.1769               7.2339
129  H                1.4168              -0.0977               5.8944
130  O               -0.4700              -6.3650              -5.9640
131  H               -0.9470              -5.6350              -5.5210
132  H                0.3640              -6.0250              -6.3490
133  O                5.1830               2.2470               8.2420
134  H                4.7110               1.6030               8.8070
135  H                6.1480               2.1100               8.3260
136  O               -0.8890               7.7400               5.8660
137  H               -0.7750               8.5750               5.3680
138  H               -1.8230               7.6510               6.1440
139  O                3.9161              -0.4242              -5.8524
140  H                4.7241               0.1168              -6.0171
141  H                3.1263               0.1573              -5.9696
142  O               -6.4130              -2.4200              -6.8710
143  H               -6.9220              -2.5810              -7.6920
144  H               -6.9370              -1.8520              -6.2700
145  O               -2.6770               3.1000              -7.3070
146  H               -2.2840               2.3360              -7.7760
147  H               -3.6220               2.9190              -7.1250
148  O               -5.5790               6.2570              -1.7830
149  H               -5.2490               7.1780              -1.7660
150  H               -5.8550               6.0270              -2.6940
151  O                1.7160              -5.0560               5.2610
152  H                2.1670              -5.6810               5.8630
153  H                1.0790              -4.5140               5.7680
154  O                1.3300              -2.4830              -8.8090
155  H                1.7780              -1.6230              -8.9430
156  H                0.3900              -2.3290              -8.5850
157  O                3.6050              -8.2400              -3.7140
158  H                3.6990              -9.2110              -3.6310
159  H                2.6580              -8.0090              -3.7930
160  O                1.1936              -6.6335               2.9635
161  H                1.0575              -6.0942               3.7603
162  H                0.4416              -6.4381               2.3739
163  O                5.8430              -5.4830              -3.7520
164  H                6.6950              -5.7250              -3.3360
165  H                5.9250              -5.5500              -4.7250
166  O               -2.0340               5.7110              -8.1540
167  H               -2.0320               4.8170              -7.7550
168  H               -2.4380               6.3460              -7.5280
169  O                1.7227               4.0208               1.2686
170  H                2.0781               3.1143               1.2728
171  H                2.4807               4.5907               1.5141
172  O               -3.5740               7.0060               6.8290
173  H               -4.0120               6.7070               7.6520
174  H               -4.1800               6.8760               6.0710
175  O               -4.4560              -0.2320              -7.6370
176  H               -4.1480               0.2960              -6.8720
177  H               -5.1810              -0.8260              -7.3520
178  O                1.9455               1.3095              -5.8852
179  H                2.2114               2.2186              -5.6582
180  H                1.0982               1.1715              -5.4411
181  O                8.7740              -0.8320              -3.2190
182  H                8.9160              -0.4590              -2.3250
183  H                8.5580              -1.7840              -3.1450
184  O                0.8900               6.0620              -4.3660
185  H               -0.0540               5.9700              -4.1240
186  H                0.9690               6.1850              -5.3340
187  O                5.8990               6.0660              -3.7200
188  H                5.4890               6.8250              -4.1820
189  H                6.8090               6.3030              -3.4470
190  O                3.5140              -8.2400               3.1370
191  H                3.5440              -8.7330               2.2910
192  H                2.7050              -7.6900               3.1650
193  O               -4.9087               4.7447               0.3125
194  H               -5.4489               4.8532               1.0993
195  H               -5.3320               5.1614              -0.4519
196  O                3.5141              -4.5706              -2.5855
197  H                3.6905              -3.8817              -1.9205
198  H                4.3658              -4.9328              -2.9142
199  O                1.1554               3.1079               4.7860
200  H                0.4443               3.3795               5.3909
201  H                1.8667               3.7718               4.8855
202  O                4.3850               0.0540              -8.8480
203  H                3.4640               0.1470              -8.5300
204  H                4.4550              -0.7400              -9.4160
205  O                6.4270               6.2700               2.5760
206  H                6.9260               5.5780               3.0550
207  H                6.8200               7.1460               2.7660
208  O               -7.4870               1.0680               6.3810
209  H               -6.7120               1.6580               6.4800
210  H               -7.2220               0.2600               5.8970
211  O                3.3133              -3.6826               3.5242
212  H                2.6732              -4.1531               4.0976
213  H                3.2478              -4.1119               2.6556
214  O                2.3146               0.6682               5.0924
215  H                3.2182               0.8669               5.4002
216  H                1.8694               1.4954               4.8374
217  O               -2.6960               7.9570              -0.0140
218  H               -2.4950               8.9020               0.1440
219  H               -3.3190               7.8760              -0.7640
220  O                3.2186              -4.8698               0.8773
221  H                2.6677              -4.1913               0.4510
222  H                2.8700              -5.7142               0.5339
223  O               -6.3230              -4.3380              -1.1030
224  H               -7.1480              -3.8950              -0.8180
225  H               -5.9300              -3.8450              -1.8510
226  O               -5.1230               7.0030               4.5650
227  H               -5.3730               7.9380               4.4190
228  H               -4.4830               6.7250               3.8790
229  O               -2.8798              -6.3241              -2.6795
230  H               -2.5814              -5.5422              -3.1788
231  H               -2.0653              -6.6660              -2.2690
232  O                5.3370              -6.1560               6.8700
233  H                4.9710              -5.3760               6.4040
234  H                4.6250              -6.5960               7.3790
235  O                0.6010              -3.3482              -5.9535
236  H                0.8107              -3.1529              -6.8908
237  H                1.3607              -2.9346              -5.4845
238  O               -5.1940               5.7680              -5.8600
239  H               -6.0340               6.1790              -5.5690
240  H               -5.3680               4.8610              -6.1840
241  O               -5.3564               1.4344              -0.8103
242  H               -4.8702               2.2718              -0.8871
243  H               -5.0025               0.9907               0.0223
244  O               -4.8530               2.3620               7.0540
245  H               -4.5230               2.6560               6.1820
246  H               -4.4560               1.4960               7.2780
247  O               -8.4720              -3.3300              -3.2590
248  H               -7.5310              -3.0700              -3.3410
249  H               -8.6720              -3.5430              -2.3250
250  O                5.7680              -4.7100               1.7520
251  H                4.8880              -4.8170               1.3360
252  H                6.1950              -5.5860               1.8430
253  O                1.2881               6.7895              -1.8182
254  H                1.2704               6.5708              -2.7749
255  H                0.9747               5.9986              -1.3621
256  O                8.5400               1.5770              -4.5460
257  H                8.6340               0.7240              -4.0760
258  H                7.5980               1.8450              -4.5500
259  O               -4.1207               0.7068               3.5494
260  H               -4.0435               1.6627               3.7010
261  H               -3.4496               0.1707               4.0187
262  O                7.3170              -4.0800               4.0790
263  H                7.6990              -3.1790               4.0780
264  H                6.7980              -4.2140               3.2590
265  O               -5.3770              -4.7710               5.6630
266  H               -4.8560              -5.6000               5.6310
267  H               -5.3990              -4.3650               4.7720
268  O               -2.3578              -4.6546               4.0174
269  H               -2.1449              -5.0800               4.8757
270  H               -1.9214              -3.7851               4.0764
271  O                3.7834              -1.1077               3.7576
272  H                3.3580              -1.9499               3.4677
273  H                3.0834              -0.4274               3.6259
274  O                6.8160              -2.9330              -3.2960
275  H                6.3570              -3.7460              -3.5880
276  H                6.7300              -2.2440              -3.9860
277  O               -3.3206               6.4275               2.4171
278  H               -2.4559               6.4730               2.8331
279  H               -3.3037               6.9472               1.6010
280  O                7.1270               3.8020              -6.6310
281  H                6.7130               3.6430              -5.7590
282  H                7.8480               4.4560              -6.5360
283  O               -0.8916              -4.8147              -0.0314
284  H               -0.7167              -3.9786              -0.4910
285  H               -0.8335              -5.4916              -0.7492
286  O               -2.8997               4.6352              -2.2748
287  H               -3.7210               5.0934              -2.0491
288  H               -2.7361               4.2349              -1.3625
289  O               -5.2680              -6.8240              -1.1250
290  H               -4.5450              -6.6990              -1.7720
291  H               -5.7970              -6.0030              -1.0630
292  O               -1.7010               0.5610              -8.1790
293  H               -2.5540               0.2690              -8.5610
294  H               -1.2970              -0.1790              -7.6810
295  O                6.3220               6.9670              -0.5040
296  H                7.1460               6.6640              -0.9350
297  H                6.2660               6.5890               0.3970
298  O               -5.5360               3.2760              -7.1090
299  H               -5.8470               3.5480              -7.9960
300  H               -6.2450               2.7800              -6.6520
301  O               -0.3000               5.8710               8.2390
302  H               -0.9910               5.9480               8.9280
303  H               -0.5750               6.3720               7.4440
304  O                5.7949              -0.8890               1.9602
305  H                4.8871              -0.8601               2.3252
306  H                6.2901              -1.3455               2.6627
307  O                1.7390               0.3670              -8.4020
308  H                1.6820               1.0200              -7.6750
309  H                1.2800               0.7180              -9.1920
310  O                3.5079               5.8339               2.5853
311  H                4.4771               5.9483               2.5357
312  H                3.2772               5.7607               3.5290
313  O               -3.9960              -8.2490              -4.3940
314  H               -3.3550              -8.3530              -5.1270
315  H               -3.7430              -7.4790              -3.8460
316  O                6.2135               1.5718              -2.1668
317  H                6.5498               0.6577              -2.2175
318  H                5.6040               1.5665              -1.4055
319  O               -4.9090              -3.1479               2.7912
320  H               -4.6987              -3.0018               1.8448
321  H               -4.2003              -3.7103               3.1598
322  O                2.1780              -5.5980              -6.4430
323  H                2.6580              -6.4230              -6.2250
324  H                2.7410              -4.8270              -6.2260
325  O               -5.2899              -0.2653              -3.2776
326  H               -5.3893               0.2588              -2.4553
327  H               -4.5909               0.1545              -3.8328
328  O               -8.0800               2.1510              -0.6340
329  H               -8.2720               2.8780              -0.0070
330  H               -7.1420               1.8850              -0.5480
331  O                6.6620              -1.7900              -5.9060
332  H                6.6090              -0.8260              -6.0630
333  H                6.1870              -2.2640              -6.6190
334  O               -0.9850               3.6420               7.1090
335  H               -1.5620               3.8600               6.3500
336  H               -0.7210               4.4660               7.5660
337  O               -9.1370              -0.3050              -0.4640
338  H               -8.7870               0.5800              -0.6930
339  H               -8.9590              -0.4930               0.4800
340  O                3.0900               5.2190               5.2820
341  H                2.5940               5.4000               6.1060
342  H                4.0490               5.3300               5.4480
343  O                0.0470              -3.2670               7.0350
344  H                0.3780              -2.4050               6.7090
345  H               -0.1690              -3.1950               7.9860
346  O                4.2590               9.3720               0.7440
347  H                3.6360               8.6470               0.5360
348  H                5.1650               9.0100               0.8270
349  O               -1.5129              -1.6250              -5.0360
350  H               -0.8978              -1.0527              -4.5344
351  H               -0.9535              -2.1068              -5.6825
352  O                7.8620              -1.2310               3.9200
353  H                8.6110              -1.2250               3.2910
354  H                7.5530              -0.3140               4.0680
355  O               -8.8890              -3.2870              -0.5910
356  H               -9.3680              -3.5180               0.2300
357  H               -8.7270              -2.3220              -0.6160
358  O                0.9840               9.7360              -0.6030
359  H                1.7130              10.3410              -0.3590
360  H                1.2160               8.8220              -0.3410
361  O               -7.6880              -3.4170               2.8070
362  H               -6.7420              -3.6520               2.7110
363  H               -8.2410              -4.1960               2.5930
364  O                5.4673              -1.7525              -0.9043
365  H                5.7368              -1.5784               0.0142
366  H                6.2171              -2.1511              -1.3763
367  O                2.2470               4.9460               7.8180
368  H                1.3430               5.2440               8.0470
369  H                2.6470               4.4920               8.5870
370  O               -4.5311               3.0331               3.7053
371  H               -5.2144               3.5527               3.2748
372  H               -3.7765               3.6079               3.8778
373  O               -0.3534               2.7705              -2.8912
374  H               -0.9696               3.2279              -3.4798
375  H               -0.1404               3.3406              -2.1330
376  O               -1.3650              -8.3390               4.7520
377  H               -1.0870              -7.5140               5.2010
378  H               -1.1210              -8.2930               3.8040
379  O               -4.7182               0.2503               1.3657
380  H               -4.4729              -0.5938               0.9271
381  H               -3.9168               0.3983               1.9660
382  O               -5.4120              -3.0192              -3.1503
383  H               -5.0257              -3.4927              -3.9080
384  H               -5.2596              -2.0573              -3.2692
385  O                8.1530              -2.1530               6.8230
386  H                8.6750              -1.3540               7.0440
387  H                7.4320              -1.9120               6.2080
388  O               -3.0930               7.2570              -6.2990
389  H               -3.9790               6.8950              -6.0950
390  H               -3.0730               8.2120              -6.0820
391  O               -6.8920               4.0630               2.9640
392  H               -7.2780               4.2210               3.8490
393  H               -7.5520               4.2820               2.2760
394  O               -3.7290              -1.9200              -9.3900
395  H               -4.5000              -2.5030              -9.5440
396  H               -3.8960              -1.3590              -8.6060
397  O               -8.4980              -0.8530               2.1950
398  H               -8.3840              -1.8160               2.3310
399  H               -7.7480              -0.3750               2.6050
400  O               -2.5720               4.6042               0.1576
401  H               -2.2608               3.6540               0.1995
402  H               -3.5420               4.5958               0.3948
403  O               -2.4139               3.1223              -4.2622
404  H               -3.0104               3.7013              -3.7453
405  H               -2.3996               3.3905              -5.1889
406  O                6.5192               1.6882               1.7084
407  H                6.6555               1.8716               2.6475
408  H                6.1608               0.7760               1.6848
409  O                1.2058              -5.3955              -3.1176
410  H                2.1371              -5.1798              -2.8955
411  H                1.0465              -5.4525              -4.0685
412  O               -1.3610              -2.9310              -8.8440
413  H               -1.4180              -3.8970              -8.6990
414  H               -2.2530              -2.5780              -9.0400
415  O                3.2700              -7.1010              -0.9270
416  H                3.2410              -7.3860              -1.8630
417  H                3.7610              -7.7630              -0.3990
418  O                8.0680              -3.1330               1.3610
419  H                7.3240              -3.7590               1.4770
420  H                7.7180              -2.2230               1.2750
421  O                2.0637               7.5437               1.0241
422  H                2.6128               6.9896               1.6069
423  H                1.1486               7.2683               1.1269
424  O                6.1030               0.8790              -6.8580
425  H                5.6980               0.6640              -7.7230
426  H                6.6100               1.7130              -6.9340
427  O               -0.5420               7.5090               1.5260
428  H               -1.2980               7.2600               0.9560
429  H               -0.6710               8.4190               1.8620
430  O                3.0937              -2.9498              -4.8890
431  H                3.5684              -2.1045              -5.0818
432  H                3.3331              -3.2554              -4.0040
433  O               -4.1690              -7.8160               1.1140
434  H               -3.2700              -7.5280               1.3740
435  H               -4.4150              -7.3920               0.2680
436  O               -4.8808              -2.5872              -0.0100
437  H               -5.4173              -3.3906              -0.2303
438  H               -4.3608              -2.4387              -0.8115
439  O               -0.4816              -6.4828              -1.7106
440  H                0.2979              -6.2083              -2.2835
441  H               -0.3340              -7.3813              -1.3787
442  O               -0.9900              -5.7690               6.2680
443  H               -0.5980              -4.9820               6.6980
444  H               -1.5610              -6.2400               6.9080
445  O               -2.2090              -4.4858              -4.5684
446  H               -1.8748              -3.6174              -4.2830
447  H               -2.9997              -4.2996              -5.1092
448  O               -2.2812              -0.7448               5.2348
449  H               -3.0251              -1.1076               5.7565
450  H               -1.4661              -0.9220               5.7235
451  O               -6.8890              -1.2280               5.2890
452  H               -6.4720              -1.1090               4.4130
453  H               -7.6190              -1.8760               5.2180
454  O                6.9950               1.4920               4.4780
455  H                7.6650               1.9060               5.0600
456  H                6.1520               1.4000               4.9670
457  O                0.0130               1.3370             -10.2250
458  H               -0.7300               1.1410              -9.6180
459  H               -0.3130               1.8750             -10.9760
460  O                0.9840              -9.0140              -0.6030
461  H                1.7130              -8.4090              -0.3590
462  H                1.2160              -9.9280              -0.3410
463  O               -9.4340               3.8400              -2.7930
464  H               -9.7250               3.2070              -3.4810
465  H               -8.8280               3.3900              -2.1710


Energy:                -11700.351381 Convergence criteria  Is converged 
Maximum Force:             0.137056     0.002850                No
RMS Force:                 0.018231     0.001900                No
Maximum Displacement:      0.083807     0.003150                No
RMS Displacement:          0.020212     0.002100                No

----------------------------------------------------------------------
                            Iteration: 13                             


                             Coordinates                              
----------------------------------------------------------------------
0    C               -1.1775              -0.3738               0.4166
1    C                1.0453               0.3469               0.1119
2    C               -1.6006               1.1906               0.8108
3    C                1.6794              -0.2174               1.3326
4    C                2.0258               0.6728              -0.9311
5    N                0.0176              -0.5037              -0.4194
6    N               -2.2233              -1.1207              -0.2434
7    O               -2.3810               1.8504              -0.1995
8    H               -2.7555               1.1655              -0.7663
9    H               -0.1413              -0.2674              -1.4011
10   H               -0.8801              -0.8577               1.3525
11   H                0.6053               1.2880               0.3687
12   H               -2.5730              -1.9623               0.2237
13   H               -2.0188              -1.4084              -1.2088
14   H               -0.7411               1.8526               0.9579
15   H               -2.1361               1.3593               1.7645
16   H                2.4859               0.4265               1.6458
17   H                1.5061               0.9843              -1.8137
18   H                2.0648              -1.1927               1.0976
19   H                0.9996              -0.3269               2.1556
20   H                2.6582               1.4877              -0.6409
21   H                2.6285              -0.1777              -1.1654
22   O                9.9320               4.3700               1.0660
23   H                9.8250               5.2520               0.6530
24   H                9.0550               4.0280               1.3360
25   O                9.5460              -0.3050              -0.4640
26   H                9.8960               0.5800              -0.6930
27   H                9.7240              -0.4930               0.4800
28   O                1.3300              -2.4830               9.7330
29   H                1.7780              -1.6230               9.5990
30   H                0.3900              -2.3290               9.9570
31   O                1.7390               0.3670              10.1400
32   H                1.6820               1.0200              10.8670
33   H                1.2800               0.7180               9.3500
34   O                0.6940               5.8610              -7.0250
35   H                1.4000               5.2620              -7.3430
36   H               -0.0450               5.8630              -7.6670
37   O               -4.6910              -4.1640              -5.9210
38   H               -5.2680              -3.4380              -6.2340
39   H               -5.0970              -5.0250              -6.1500
40   O                3.8990               8.1850              -2.6140
41   H                2.9870               7.8280              -2.6370
42   H                4.5030               7.5110              -2.2410
43   O               -0.0212              -3.2360              -2.0721
44   H                0.6166              -3.7708              -2.5811
45   H                0.4511              -2.4676              -1.7169
46   O               -0.4820               8.8170              -3.0250
47   H                0.0230               8.6790              -2.1980
48   H               -0.8290               7.9580              -3.3420
49   O                3.0010               4.5500              -7.9590
50   H                3.8390               4.8940              -8.3310
51   H                3.1410               4.2950              -7.0240
52   O               -1.6510               6.3720              -3.8680
53   H               -2.0960               6.4270              -4.7380
54   H               -2.0930               5.6930              -3.3180
55   O               -0.1211               4.6023              -0.8595
56   H                0.4673               4.3446              -0.1314
57   H               -0.9668               4.8150              -0.4365
58   O               -2.9840              -5.3840              -8.0500
59   H               -3.8830              -5.0990              -7.7870
60   H               -2.5920              -5.9290              -7.3370
61   O               -1.5468              -5.9969               1.8496
62   H               -1.5940              -5.2563               1.2210
63   H               -2.1306              -5.8107               2.5948
64   O               -1.2873               6.2384               3.6305
65   H               -0.9014               6.6420               4.4274
66   H               -0.6253               6.3620               2.9265
67   O               -8.7510               4.3700               1.0660
68   H               -8.8580               5.2520               0.6530
69   H               -9.6280               4.0280               1.3360
70   O               -4.5190              -0.8900               6.7620
71   H               -5.4180              -1.2220               6.5630
72   H               -4.1970              -1.2960               7.5910
73   O                5.7900               3.3930              -4.1560
74   H                5.8410               2.7790              -3.3960
75   H                5.8340               4.3170              -3.8340
76   O               -3.3556               0.5900              -5.0068
77   H               -2.9111               1.3535              -4.5905
78   H               -2.6889              -0.1229              -5.1100
79   O                4.6770               0.8830               5.9830
80   H                4.7460               1.6330               6.6090
81   H                4.6300               0.0440               6.4840
82   O                8.1530               4.3360               3.6220
83   H                9.0970               4.5810               3.5380
84   H                8.0700               3.5560               4.2070
85   O               -7.6570              -0.6450              -4.8860
86   H               -6.9570              -0.4550              -4.2300
87   H               -8.4970              -0.8380              -4.4210
88   O               -6.4830               6.8240               1.6640
89   H               -5.5980               7.2400               1.6300
90   H               -6.5880               6.3470               2.5120
91   O                4.0742               4.6903              -1.7777
92   H                4.8329               5.2907              -1.7894
93   H                3.3153               5.2734              -1.6143
94   O                7.3960               3.6770               0.0630
95   H                7.6970               3.3440              -0.8080
96   H                6.9180               2.9670               0.5360
97   O                2.8776               0.4212              -3.9632
98   H                3.0718               0.6546              -3.0912
99   H                3.7641               0.2235              -4.3768
100  O                0.9440              -8.1150              -4.4250
101  H                0.4430              -8.8180              -3.9630
102  H                0.3190              -7.5180              -4.8850
103  O                3.1593               3.7408              -5.2715
104  H                2.6740               4.3216              -4.6588
105  H                4.0089               3.5351              -4.8291
106  O               -1.0960              -8.4370               0.8960
107  H               -1.2710              -7.5200               1.1900
108  H               -0.2060              -8.4860               0.4920
109  O               -2.1039               3.9463               4.3173
110  H               -1.5078               4.6926               4.0626
111  H               -1.7131               3.1550               3.9267
112  O               -6.3399               0.8920               2.7980
113  H               -6.5388               1.7662               3.1648
114  H               -5.4619               0.6558               3.0617
115  O                5.0400              -3.7010               5.5380
116  H                5.9780              -3.8170               5.2850
117  H                4.4870              -3.6630               4.7310
118  O                3.8950              -1.4120               7.2920
119  H                2.9250              -1.2740               7.2910
120  H                4.1040              -2.2570               6.8430
121  O                0.1007               0.4707              -3.9705
122  H               -0.1074               1.2266              -3.3684
123  H                0.9740               0.1236              -3.7118
124  O                0.0130               1.3370               8.3160
125  H               -0.7300               1.1410               8.9240
126  H               -0.3130               1.8750               7.5650
127  O                0.9839              -0.7152               6.5638
128  H                0.5489              -0.1643               7.2277
129  H                1.4166              -0.1079               5.9023
130  O               -0.4700              -6.3650              -5.9640
131  H               -0.9470              -5.6350              -5.5210
132  H                0.3640              -6.0250              -6.3490
133  O                5.1830               2.2470               8.2420
134  H                4.7110               1.6030               8.8070
135  H                6.1480               2.1100               8.3260
136  O               -0.8890               7.7400               5.8660
137  H               -0.7750               8.5750               5.3680
138  H               -1.8230               7.6510               6.1440
139  O                3.9348              -0.4290              -5.8627
140  H                4.7178               0.1121              -6.0340
141  H                3.1355               0.1517              -5.9717
142  O               -6.4130              -2.4200              -6.8710
143  H               -6.9220              -2.5810              -7.6920
144  H               -6.9370              -1.8520              -6.2700
145  O               -2.6770               3.1000              -7.3070
146  H               -2.2840               2.3360              -7.7760
147  H               -3.6220               2.9190              -7.1250
148  O               -5.5790               6.2570              -1.7830
149  H               -5.2490               7.1780              -1.7660
150  H               -5.8550               6.0270              -2.6940
151  O                1.7160              -5.0560               5.2610
152  H                2.1670              -5.6810               5.8630
153  H                1.0790              -4.5140               5.7680
154  O                1.3300              -2.4830              -8.8090
155  H                1.7780              -1.6230              -8.9430
156  H                0.3900              -2.3290              -8.5850
157  O                3.6050              -8.2400              -3.7140
158  H                3.6990              -9.2110              -3.6310
159  H                2.6580              -8.0090              -3.7930
160  O                1.1910              -6.6361               2.9597
161  H                1.0600              -6.0964               3.7541
162  H                0.4421              -6.4357               2.3772
163  O                5.8430              -5.4830              -3.7520
164  H                6.6950              -5.7250              -3.3360
165  H                5.9250              -5.5500              -4.7250
166  O               -2.0340               5.7110              -8.1540
167  H               -2.0320               4.8170              -7.7550
168  H               -2.4380               6.3460              -7.5280
169  O                1.7198               4.0220               1.2628
170  H                2.0863               3.1212               1.2770
171  H                2.4763               4.5828               1.5212
172  O               -3.5740               7.0060               6.8290
173  H               -4.0120               6.7070               7.6520
174  H               -4.1800               6.8760               6.0710
175  O               -4.4560              -0.2320              -7.6370
176  H               -4.1480               0.2960              -6.8720
177  H               -5.1810              -0.8260              -7.3520
178  O                1.9342               1.3113              -5.9041
179  H                2.2092               2.2171              -5.6618
180  H                1.0988               1.1750              -5.4290
181  O                8.7740              -0.8320              -3.2190
182  H                8.9160              -0.4590              -2.3250
183  H                8.5580              -1.7840              -3.1450
184  O                0.8900               6.0620              -4.3660
185  H               -0.0540               5.9700              -4.1240
186  H                0.9690               6.1850              -5.3340
187  O                5.8990               6.0660              -3.7200
188  H                5.4890               6.8250              -4.1820
189  H                6.8090               6.3030              -3.4470
190  O                3.5140              -8.2400               3.1370
191  H                3.5440              -8.7330               2.2910
192  H                2.7050              -7.6900               3.1650
193  O               -4.9102               4.7442               0.3186
194  H               -5.4708               4.8618               1.0856
195  H               -5.3439               5.1661              -0.4346
196  O                3.5218              -4.5556              -2.5964
197  H                3.6938              -3.8957              -1.9149
198  H                4.3752              -4.9264              -2.9014
199  O                1.1621               3.1058               4.7875
200  H                0.4517               3.3747               5.3914
201  H                1.8601               3.7784               4.8883
202  O                4.3850               0.0540              -8.8480
203  H                3.4640               0.1470              -8.5300
204  H                4.4550              -0.7400              -9.4160
205  O                6.4270               6.2700               2.5760
206  H                6.9260               5.5780               3.0550
207  H                6.8200               7.1460               2.7660
208  O               -7.4870               1.0680               6.3810
209  H               -6.7120               1.6580               6.4800
210  H               -7.2220               0.2600               5.8970
211  O                3.3075              -3.6747               3.5232
212  H                2.6674              -4.1545               4.0860
213  H                3.2499              -4.1203               2.6632
214  O                2.3124               0.6661               5.0896
215  H                3.2150               0.8662               5.3939
216  H                1.8809               1.5013               4.8414
217  O               -2.6960               7.9570              -0.0140
218  H               -2.4950               8.9020               0.1440
219  H               -3.3190               7.8760              -0.7640
220  O                3.2093              -4.8649               0.8854
221  H                2.6711              -4.1990               0.4415
222  H                2.8707              -5.7089               0.5329
223  O               -6.3230              -4.3380              -1.1030
224  H               -7.1480              -3.8950              -0.8180
225  H               -5.9300              -3.8450              -1.8510
226  O               -5.1230               7.0030               4.5650
227  H               -5.3730               7.9380               4.4190
228  H               -4.4830               6.7250               3.8790
229  O               -2.8888              -6.3268              -2.6813
230  H               -2.5857              -5.5540              -3.1838
231  H               -2.0768              -6.6584              -2.2720
232  O                5.3370              -6.1560               6.8700
233  H                4.9710              -5.3760               6.4040
234  H                4.6250              -6.5960               7.3790
235  O                0.5972              -3.3265              -5.9578
236  H                0.8132              -3.1666              -6.8914
237  H                1.3670              -2.9491              -5.4877
238  O               -5.1940               5.7680              -5.8600
239  H               -6.0340               6.1790              -5.5690
240  H               -5.3680               4.8610              -6.1840
241  O               -5.3584               1.4284              -0.8103
242  H               -4.8733               2.2678              -0.8793
243  H               -4.9966               0.9964               0.0201
244  O               -4.8530               2.3620               7.0540
245  H               -4.5230               2.6560               6.1820
246  H               -4.4560               1.4960               7.2780
247  O               -8.4720              -3.3300              -3.2590
248  H               -7.5310              -3.0700              -3.3410
249  H               -8.6720              -3.5430              -2.3250
250  O                5.7680              -4.7100               1.7520
251  H                4.8880              -4.8170               1.3360
252  H                6.1950              -5.5860               1.8430
253  O                1.2989               6.7891              -1.8181
254  H                1.2608               6.5721              -2.7725
255  H                0.9696               6.0035              -1.3637
256  O                8.5400               1.5770              -4.5460
257  H                8.6340               0.7240              -4.0760
258  H                7.5980               1.8450              -4.5500
259  O               -4.0969               0.7040               3.5495
260  H               -4.0523               1.6670               3.7008
261  H               -3.4340               0.1652               4.0514
262  O                7.3170              -4.0800               4.0790
263  H                7.6990              -3.1790               4.0780
264  H                6.7980              -4.2140               3.2590
265  O               -5.3770              -4.7710               5.6630
266  H               -4.8560              -5.6000               5.6310
267  H               -5.3990              -4.3650               4.7720
268  O               -2.3725              -4.6512               4.0255
269  H               -2.1356              -5.0793               4.8744
270  H               -1.9226              -3.7967               4.0706
271  O                3.7608              -1.0945               3.7333
272  H                3.3730              -1.9556               3.4751
273  H                3.0778              -0.4244               3.6472
274  O                6.8160              -2.9330              -3.2960
275  H                6.3570              -3.7460              -3.5880
276  H                6.7300              -2.2440              -3.9860
277  O               -3.3386               6.4320               2.4119
278  H               -2.4652               6.4794               2.8373
279  H               -3.2984               6.9431               1.6056
280  O                7.1270               3.8020              -6.6310
281  H                6.7130               3.6430              -5.7590
282  H                7.8480               4.4560              -6.5360
283  O               -0.8950              -4.8135              -0.0207
284  H               -0.7160              -3.9848              -0.4947
285  H               -0.8369              -5.4712              -0.7380
286  O               -2.9214               4.6248              -2.2916
287  H               -3.7279               5.1063              -2.0579
288  H               -2.7262               4.2527              -1.3782
289  O               -5.2680              -6.8240              -1.1250
290  H               -4.5450              -6.6990              -1.7720
291  H               -5.7970              -6.0030              -1.0630
292  O               -1.7010               0.5610              -8.1790
293  H               -2.5540               0.2690              -8.5610
294  H               -1.2970              -0.1790              -7.6810
295  O                6.3220               6.9670              -0.5040
296  H                7.1460               6.6640              -0.9350
297  H                6.2660               6.5890               0.3970
298  O               -5.5360               3.2760              -7.1090
299  H               -5.8470               3.5480              -7.9960
300  H               -6.2450               2.7800              -6.6520
301  O               -0.3000               5.8710               8.2390
302  H               -0.9910               5.9480               8.9280
303  H               -0.5750               6.3720               7.4440
304  O                5.7917              -0.8923               1.9556
305  H                4.8860              -0.8669               2.3321
306  H                6.2919              -1.3399               2.6583
307  O                1.7390               0.3670              -8.4020
308  H                1.6820               1.0200              -7.6750
309  H                1.2800               0.7180              -9.1920
310  O                3.5088               5.8334               2.5787
311  H                4.4751               5.9563               2.5420
312  H                3.2772               5.7587               3.5219
313  O               -3.9960              -8.2490              -4.3940
314  H               -3.3550              -8.3530              -5.1270
315  H               -3.7430              -7.4790              -3.8460
316  O                6.2219               1.5737              -2.1572
317  H                6.5450               0.6582              -2.2169
318  H                5.6029               1.5631              -1.4141
319  O               -4.9130              -3.1494               2.7940
320  H               -4.6998              -3.0100               1.8494
321  H               -4.1920              -3.7018               3.1426
322  O                2.1780              -5.5980              -6.4430
323  H                2.6580              -6.4230              -6.2250
324  H                2.7410              -4.8270              -6.2260
325  O               -5.3030              -0.2680              -3.2790
326  H               -5.3859               0.2636              -2.4614
327  H               -4.5950               0.1442              -3.8246
328  O               -8.0800               2.1510              -0.6340
329  H               -8.2720               2.8780              -0.0070
330  H               -7.1420               1.8850              -0.5480
331  O                6.6620              -1.7900              -5.9060
332  H                6.6090              -0.8260              -6.0630
333  H                6.1870              -2.2640              -6.6190
334  O               -0.9850               3.6420               7.1090
335  H               -1.5620               3.8600               6.3500
336  H               -0.7210               4.4660               7.5660
337  O               -9.1370              -0.3050              -0.4640
338  H               -8.7870               0.5800              -0.6930
339  H               -8.9590              -0.4930               0.4800
340  O                3.0900               5.2190               5.2820
341  H                2.5940               5.4000               6.1060
342  H                4.0490               5.3300               5.4480
343  O                0.0470              -3.2670               7.0350
344  H                0.3780              -2.4050               6.7090
345  H               -0.1690              -3.1950               7.9860
346  O                4.2590               9.3720               0.7440
347  H                3.6360               8.6470               0.5360
348  H                5.1650               9.0100               0.8270
349  O               -1.5237              -1.6149              -5.0465
350  H               -0.9005              -1.0550              -4.5395
351  H               -0.9543              -2.1142              -5.6667
352  O                7.8620              -1.2310               3.9200
353  H                8.6110              -1.2250               3.2910
354  H                7.5530              -0.3140               4.0680
355  O               -8.8890              -3.2870              -0.5910
356  H               -9.3680              -3.5180               0.2300
357  H               -8.7270              -2.3220              -0.6160
358  O                0.9840               9.7360              -0.6030
359  H                1.7130              10.3410              -0.3590
360  H                1.2160               8.8220              -0.3410
361  O               -7.6880              -3.4170               2.8070
362  H               -6.7420              -3.6520               2.7110
363  H               -8.2410              -4.1960               2.5930
364  O                5.4664              -1.7521              -0.9036
365  H                5.7389              -1.5749               0.0108
366  H                6.2169              -2.1527              -1.3726
367  O                2.2470               4.9460               7.8180
368  H                1.3430               5.2440               8.0470
369  H                2.6470               4.4920               8.5870
370  O               -4.5308               3.0383               3.7030
371  H               -5.2245               3.5511               3.2708
372  H               -3.7779               3.6233               3.8823
373  O               -0.3537               2.7722              -2.8846
374  H               -0.9689               3.2255              -3.4738
375  H               -0.1440               3.3476              -2.1339
376  O               -1.3650              -8.3390               4.7520
377  H               -1.0870              -7.5140               5.2010
378  H               -1.1210              -8.2930               3.8040
379  O               -4.6909               0.2486               1.3412
380  H               -4.4584              -0.6100               0.9209
381  H               -3.9417               0.3847               1.9411
382  O               -5.4139              -3.0219              -3.1499
383  H               -5.0286              -3.4850              -3.9121
384  H               -5.2503              -2.0638              -3.2635
385  O                8.1530              -2.1530               6.8230
386  H                8.6750              -1.3540               7.0440
387  H                7.4320              -1.9120               6.2080
388  O               -3.0930               7.2570              -6.2990
389  H               -3.9790               6.8950              -6.0950
390  H               -3.0730               8.2120              -6.0820
391  O               -6.8920               4.0630               2.9640
392  H               -7.2780               4.2210               3.8490
393  H               -7.5520               4.2820               2.2760
394  O               -3.7290              -1.9200              -9.3900
395  H               -4.5000              -2.5030              -9.5440
396  H               -3.8960              -1.3590              -8.6060
397  O               -8.4980              -0.8530               2.1950
398  H               -8.3840              -1.8160               2.3310
399  H               -7.7480              -0.3750               2.6050
400  O               -2.5568               4.5853               0.1624
401  H               -2.2660               3.6643               0.2333
402  H               -3.5277               4.5905               0.4017
403  O               -2.4097               3.1235              -4.2575
404  H               -3.0028               3.7012              -3.7468
405  H               -2.4092               3.3816              -5.1910
406  O                6.5119               1.6908               1.7094
407  H                6.6576               1.8676               2.6472
408  H                6.1720               0.7737               1.6916
409  O                1.2023              -5.3820              -3.1227
410  H                2.1462              -5.1808              -2.9017
411  H                1.0568              -5.4576              -4.0777
412  O               -1.3610              -2.9310              -8.8440
413  H               -1.4180              -3.8970              -8.6990
414  H               -2.2530              -2.5780              -9.0400
415  O                3.2700              -7.1010              -0.9270
416  H                3.2410              -7.3860              -1.8630
417  H                3.7610              -7.7630              -0.3990
418  O                8.0680              -3.1330               1.3610
419  H                7.3240              -3.7590               1.4770
420  H                7.7180              -2.2230               1.2750
421  O                2.0684               7.5433               1.0251
422  H                2.6086               6.9866               1.6086
423  H                1.1515               7.2696               1.1312
424  O                6.1030               0.8790              -6.8580
425  H                5.6980               0.6640              -7.7230
426  H                6.6100               1.7130              -6.9340
427  O               -0.5420               7.5090               1.5260
428  H               -1.2980               7.2600               0.9560
429  H               -0.6710               8.4190               1.8620
430  O                3.0924              -2.9549              -4.8969
431  H                3.5590              -2.1057              -5.0648
432  H                3.3393              -3.2522              -4.0115
433  O               -4.1690              -7.8160               1.1140
434  H               -3.2700              -7.5280               1.3740
435  H               -4.4150              -7.3920               0.2680
436  O               -4.8740              -2.5788               0.0026
437  H               -5.4036              -3.3835              -0.2314
438  H               -4.3556              -2.4349              -0.8006
439  O               -0.4819              -6.4975              -1.7061
440  H                0.2760              -6.2154              -2.2719
441  H               -0.3201              -7.3871              -1.3762
442  O               -0.9900              -5.7690               6.2680
443  H               -0.5980              -4.9820               6.6980
444  H               -1.5610              -6.2400               6.9080
445  O               -2.2072              -4.4880              -4.5629
446  H               -1.8789              -3.6132              -4.2897
447  H               -2.9945              -4.2948              -5.1064
448  O               -2.2833              -0.7550               5.2370
449  H               -3.0258              -1.1007               5.7673
450  H               -1.4623              -0.9239               5.7234
451  O               -6.8890              -1.2280               5.2890
452  H               -6.4720              -1.1090               4.4130
453  H               -7.6190              -1.8760               5.2180
454  O                6.9950               1.4920               4.4780
455  H                7.6650               1.9060               5.0600
456  H                6.1520               1.4000               4.9670
457  O                0.0130               1.3370             -10.2250
458  H               -0.7300               1.1410              -9.6180
459  H               -0.3130               1.8750             -10.9760
460  O                0.9840              -9.0140              -0.6030
461  H                1.7130              -8.4090              -0.3590
462  H                1.2160              -9.9280              -0.3410
463  O               -9.4340               3.8400              -2.7930
464  H               -9.7250               3.2070              -3.4810
465  H               -8.8280               3.3900              -2.1710


Energy:                -11700.375655 Convergence criteria  Is converged 
Maximum Force:             0.140032     0.002850                No
RMS Force:                 0.015729     0.001900                No
Maximum Displacement:      0.074306     0.003150                No
RMS Displacement:          0.010568     0.002100                No

----------------------------------------------------------------------
                            Iteration: 14                             


                             Coordinates                              
----------------------------------------------------------------------
0    C               -1.1954              -0.3497               0.4280
1    C                1.0413               0.3462               0.1112
2    C               -1.6021               1.1722               0.8001
3    C                1.6877              -0.2182               1.3298
4    C                2.0287               0.6687              -0.9331
5    N               -0.0048              -0.4932              -0.4093
6    N               -2.2599              -1.0953              -0.2436
7    O               -2.3631               1.8294              -0.2164
8    H               -2.7649               1.1565              -0.7669
9    H               -0.1516              -0.2617              -1.3950
10   H               -0.8938              -0.8546               1.3541
11   H                0.6201               1.2968               0.3672
12   H               -2.5605              -1.9437               0.2209
13   H               -2.0151              -1.4064              -1.1880
14   H               -0.7557               1.8386               0.9497
15   H               -2.1230               1.3094               1.7578
16   H                2.4922               0.4238               1.6574
17   H                1.5281               0.9886              -1.8195
18   H                2.0720              -1.1964               1.1034
19   H                1.0036              -0.3218               2.1493
20   H                2.6690               1.4824              -0.6574
21   H                2.6407              -0.1683              -1.1826
22   O                9.9320               4.3700               1.0660
23   H                9.8250               5.2520               0.6530
24   H                9.0550               4.0280               1.3360
25   O                9.5460              -0.3050              -0.4640
26   H                9.8960               0.5800              -0.6930
27   H                9.7240              -0.4930               0.4800
28   O                1.3300              -2.4830               9.7330
29   H                1.7780              -1.6230               9.5990
30   H                0.3900              -2.3290               9.9570
31   O                1.7390               0.3670              10.1400
32   H                1.6820               1.0200              10.8670
33   H                1.2800               0.7180               9.3500
34   O                0.6940               5.8610              -7.0250
35   H                1.4000               5.2620              -7.3430
36   H               -0.0450               5.8630              -7.6670
37   O               -4.6910              -4.1640              -5.9210
38   H               -5.2680              -3.4380              -6.2340
39   H               -5.0970              -5.0250              -6.1500
40   O                3.8990               8.1850              -2.6140
41   H                2.9870               7.8280              -2.6370
42   H                4.5030               7.5110              -2.2410
43   O               -0.0281              -3.2362              -2.0620
44   H                0.6067              -3.7704              -2.5740
45   H                0.4520              -2.4645              -1.7162
46   O               -0.4820               8.8170              -3.0250
47   H                0.0230               8.6790              -2.1980
48   H               -0.8290               7.9580              -3.3420
49   O                3.0010               4.5500              -7.9590
50   H                3.8390               4.8940              -8.3310
51   H                3.1410               4.2950              -7.0240
52   O               -1.6510               6.3720              -3.8680
53   H               -2.0960               6.4270              -4.7380
54   H               -2.0930               5.6930              -3.3180
55   O               -0.1174               4.5995              -0.8695
56   H                0.4674               4.3422              -0.1319
57   H               -0.9564               4.8258              -0.4435
58   O               -2.9840              -5.3840              -8.0500
59   H               -3.8830              -5.0990              -7.7870
60   H               -2.5920              -5.9290              -7.3370
61   O               -1.5390              -6.0045               1.8362
62   H               -1.5843              -5.2643               1.2144
63   H               -2.1145              -5.8034               2.5856
64   O               -1.2894               6.2255               3.6208
65   H               -0.9157               6.6501               4.4185
66   H               -0.6269               6.3705               2.9260
67   O               -8.7510               4.3700               1.0660
68   H               -8.8580               5.2520               0.6530
69   H               -9.6280               4.0280               1.3360
70   O               -4.5190              -0.8900               6.7620
71   H               -5.4180              -1.2220               6.5630
72   H               -4.1970              -1.2960               7.5910
73   O                5.7900               3.3930              -4.1560
74   H                5.8410               2.7790              -3.3960
75   H                5.8340               4.3170              -3.8340
76   O               -3.3547               0.5923              -5.0074
77   H               -2.9030               1.3569              -4.6013
78   H               -2.6874              -0.1209              -5.1022
79   O                4.6770               0.8830               5.9830
80   H                4.7460               1.6330               6.6090
81   H                4.6300               0.0440               6.4840
82   O                8.1530               4.3360               3.6220
83   H                9.0970               4.5810               3.5380
84   H                8.0700               3.5560               4.2070
85   O               -7.6570              -0.6450              -4.8860
86   H               -6.9570              -0.4550              -4.2300
87   H               -8.4970              -0.8380              -4.4210
88   O               -6.4830               6.8240               1.6640
89   H               -5.5980               7.2400               1.6300
90   H               -6.5880               6.3470               2.5120
91   O                4.0724               4.6860              -1.7784
92   H                4.8255               5.2926              -1.7876
93   H                3.3213               5.2775              -1.6171
94   O                7.3960               3.6770               0.0630
95   H                7.6970               3.3440              -0.8080
96   H                6.9180               2.9670               0.5360
97   O                2.8442               0.4404              -3.9463
98   H                3.0791               0.6691              -3.0539
99   H                3.7163               0.2116              -4.3449
100  O                0.9440              -8.1150              -4.4250
101  H                0.4430              -8.8180              -3.9630
102  H                0.3190              -7.5180              -4.8850
103  O                3.1517               3.7260              -5.2649
104  H                2.6799               4.3193              -4.6599
105  H                4.0078               3.5442              -4.8299
106  O               -1.0960              -8.4370               0.8960
107  H               -1.2710              -7.5200               1.1900
108  H               -0.2060              -8.4860               0.4920
109  O               -2.1093               3.9569               4.3241
110  H               -1.5234               4.6891               4.0460
111  H               -1.7072               3.1682               3.9235
112  O               -6.3732               0.8988               2.7816
113  H               -6.5320               1.7582               3.1743
114  H               -5.4791               0.6621               3.0667
115  O                5.0400              -3.7010               5.5380
116  H                5.9780              -3.8170               5.2850
117  H                4.4870              -3.6630               4.7310
118  O                3.8950              -1.4120               7.2920
119  H                2.9250              -1.2740               7.2910
120  H                4.1040              -2.2570               6.8430
121  O                0.1026               0.4665              -3.9757
122  H               -0.0905               1.2272              -3.3802
123  H                0.9789               0.1370              -3.7140
124  O                0.0130               1.3370               8.3160
125  H               -0.7300               1.1410               8.9240
126  H               -0.3130               1.8750               7.5650
127  O                0.9858              -0.7210               6.5630
128  H                0.5581              -0.1545               7.2196
129  H                1.4249              -0.1123               5.9120
130  O               -0.4700              -6.3650              -5.9640
131  H               -0.9470              -5.6350              -5.5210
132  H                0.3640              -6.0250              -6.3490
133  O                5.1830               2.2470               8.2420
134  H                4.7110               1.6030               8.8070
135  H                6.1480               2.1100               8.3260
136  O               -0.8890               7.7400               5.8660
137  H               -0.7750               8.5750               5.3680
138  H               -1.8230               7.6510               6.1440
139  O                3.9416              -0.4410              -5.8741
140  H                4.7156               0.1155              -6.0630
141  H                3.1473               0.1517              -5.9780
142  O               -6.4130              -2.4200              -6.8710
143  H               -6.9220              -2.5810              -7.6920
144  H               -6.9370              -1.8520              -6.2700
145  O               -2.6770               3.1000              -7.3070
146  H               -2.2840               2.3360              -7.7760
147  H               -3.6220               2.9190              -7.1250
148  O               -5.5790               6.2570              -1.7830
149  H               -5.2490               7.1780              -1.7660
150  H               -5.8550               6.0270              -2.6940
151  O                1.7160              -5.0560               5.2610
152  H                2.1670              -5.6810               5.8630
153  H                1.0790              -4.5140               5.7680
154  O                1.3300              -2.4830              -8.8090
155  H                1.7780              -1.6230              -8.9430
156  H                0.3900              -2.3290              -8.5850
157  O                3.6050              -8.2400              -3.7140
158  H                3.6990              -9.2110              -3.6310
159  H                2.6580              -8.0090              -3.7930
160  O                1.1893              -6.6324               2.9536
161  H                1.0576              -6.0957               3.7478
162  H                0.4320              -6.4319               2.3837
163  O                5.8430              -5.4830              -3.7520
164  H                6.6950              -5.7250              -3.3360
165  H                5.9250              -5.5500              -4.7250
166  O               -2.0340               5.7110              -8.1540
167  H               -2.0320               4.8170              -7.7550
168  H               -2.4380               6.3460              -7.5280
169  O                1.7124               4.0282               1.2543
170  H                2.0886               3.1328               1.2789
171  H                2.4738               4.5743               1.5244
172  O               -3.5740               7.0060               6.8290
173  H               -4.0120               6.7070               7.6520
174  H               -4.1800               6.8760               6.0710
175  O               -4.4560              -0.2320              -7.6370
176  H               -4.1480               0.2960              -6.8720
177  H               -5.1810              -0.8260              -7.3520
178  O                1.9283               1.3095              -5.9212
179  H                2.2137               2.2124              -5.6586
180  H                1.1030               1.1733              -5.4156
181  O                8.7740              -0.8320              -3.2190
182  H                8.9160              -0.4590              -2.3250
183  H                8.5580              -1.7840              -3.1450
184  O                0.8900               6.0620              -4.3660
185  H               -0.0540               5.9700              -4.1240
186  H                0.9690               6.1850              -5.3340
187  O                5.8990               6.0660              -3.7200
188  H                5.4890               6.8250              -4.1820
189  H                6.8090               6.3030              -3.4470
190  O                3.5140              -8.2400               3.1370
191  H                3.5440              -8.7330               2.2910
192  H                2.7050              -7.6900               3.1650
193  O               -4.9043               4.7492               0.3208
194  H               -5.4860               4.8732               1.0716
195  H               -5.3571               5.1733              -0.4124
196  O                3.5263              -4.5444              -2.6120
197  H                3.7048              -3.9050              -1.9104
198  H                4.3803              -4.9236              -2.8890
199  O                1.1669               3.0962               4.7904
200  H                0.4610               3.3711               5.3972
201  H                1.8551               3.7778               4.8890
202  O                4.3850               0.0540              -8.8480
203  H                3.4640               0.1470              -8.5300
204  H                4.4550              -0.7400              -9.4160
205  O                6.4270               6.2700               2.5760
206  H                6.9260               5.5780               3.0550
207  H                6.8200               7.1460               2.7660
208  O               -7.4870               1.0680               6.3810
209  H               -6.7120               1.6580               6.4800
210  H               -7.2220               0.2600               5.8970
211  O                3.3035              -3.6651               3.5235
212  H                2.6665              -4.1571               4.0770
213  H                3.2501              -4.1299               2.6733
214  O                2.3158               0.6579               5.0916
215  H                3.2142               0.8653               5.3903
216  H                1.8947               1.5020               4.8502
217  O               -2.6960               7.9570              -0.0140
218  H               -2.4950               8.9020               0.1440
219  H               -3.3190               7.8760              -0.7640
220  O                3.2061              -4.8617               0.8964
221  H                2.6698              -4.2040               0.4361
222  H                2.8729              -5.6990               0.5310
223  O               -6.3230              -4.3380              -1.1030
224  H               -7.1480              -3.8950              -0.8180
225  H               -5.9300              -3.8450              -1.8510
226  O               -5.1230               7.0030               4.5650
227  H               -5.3730               7.9380               4.4190
228  H               -4.4830               6.7250               3.8790
229  O               -2.8982              -6.3264              -2.6844
230  H               -2.5878              -5.5607              -3.1874
231  H               -2.0842              -6.6476              -2.2772
232  O                5.3370              -6.1560               6.8700
233  H                4.9710              -5.3760               6.4040
234  H                4.6250              -6.5960               7.3790
235  O                0.5878              -3.3087              -5.9578
236  H                0.8203              -3.1756              -6.8924
237  H                1.3715              -2.9614              -5.4889
238  O               -5.1940               5.7680              -5.8600
239  H               -6.0340               6.1790              -5.5690
240  H               -5.3680               4.8610              -6.1840
241  O               -5.3601               1.4256              -0.8079
242  H               -4.8751               2.2581              -0.8703
243  H               -4.9943               1.0075               0.0271
244  O               -4.8530               2.3620               7.0540
245  H               -4.5230               2.6560               6.1820
246  H               -4.4560               1.4960               7.2780
247  O               -8.4720              -3.3300              -3.2590
248  H               -7.5310              -3.0700              -3.3410
249  H               -8.6720              -3.5430              -2.3250
250  O                5.7680              -4.7100               1.7520
251  H                4.8880              -4.8170               1.3360
252  H                6.1950              -5.5860               1.8430
253  O                1.3072               6.7881              -1.8187
254  H                1.2506               6.5708              -2.7720
255  H                0.9606               6.0059              -1.3707
256  O                8.5400               1.5770              -4.5460
257  H                8.6340               0.7240              -4.0760
258  H                7.5980               1.8450              -4.5500
259  O               -4.0572               0.6981               3.5579
260  H               -4.0612               1.6779               3.7058
261  H               -3.4193               0.1633               4.0790
262  O                7.3170              -4.0800               4.0790
263  H                7.6990              -3.1790               4.0780
264  H                6.7980              -4.2140               3.2590
265  O               -5.3770              -4.7710               5.6630
266  H               -4.8560              -5.6000               5.6310
267  H               -5.3990              -4.3650               4.7720
268  O               -2.3861              -4.6511               4.0262
269  H               -2.1259              -5.0760               4.8695
270  H               -1.9223              -3.8049               4.0678
271  O                3.7542              -1.0862               3.7240
272  H                3.3852              -1.9646               3.4852
273  H                3.0673              -0.4150               3.6663
274  O                6.8160              -2.9330              -3.2960
275  H                6.3570              -3.7460              -3.5880
276  H                6.7300              -2.2440              -3.9860
277  O               -3.3351               6.4229               2.4223
278  H               -2.4738               6.4850               2.8402
279  H               -3.2913               6.9377               1.6080
280  O                7.1270               3.8020              -6.6310
281  H                6.7130               3.6430              -5.7590
282  H                7.8480               4.4560              -6.5360
283  O               -0.9002              -4.8195              -0.0064
284  H               -0.7186              -4.0025              -0.4976
285  H               -0.8348              -5.4578              -0.7265
286  O               -2.9328               4.6077              -2.3059
287  H               -3.7240               5.1158              -2.0726
288  H               -2.7089               4.2742              -1.4010
289  O               -5.2680              -6.8240              -1.1250
290  H               -4.5450              -6.6990              -1.7720
291  H               -5.7970              -6.0030              -1.0630
292  O               -1.7010               0.5610              -8.1790
293  H               -2.5540               0.2690              -8.5610
294  H               -1.2970              -0.1790              -7.6810
295  O                6.3220               6.9670              -0.5040
296  H                7.1460               6.6640              -0.9350
297  H                6.2660               6.5890               0.3970
298  O               -5.5360               3.2760              -7.1090
299  H               -5.8470               3.5480              -7.9960
300  H               -6.2450               2.7800              -6.6520
301  O               -0.3000               5.8710               8.2390
302  H               -0.9910               5.9480               8.9280
303  H               -0.5750               6.3720               7.4440
304  O                5.7884              -0.8968               1.9553
305  H                4.8853              -0.8763               2.3450
306  H                6.2921              -1.3342               2.6568
307  O                1.7390               0.3670              -8.4020
308  H                1.6820               1.0200              -7.6750
309  H                1.2800               0.7180              -9.1920
310  O                3.5069               5.8329               2.5715
311  H                4.4732               5.9602               2.5470
312  H                3.2786               5.7582               3.5144
313  O               -3.9960              -8.2490              -4.3940
314  H               -3.3550              -8.3530              -5.1270
315  H               -3.7430              -7.4790              -3.8460
316  O                6.2281               1.5776              -2.1554
317  H                6.5374               0.6606              -2.2163
318  H                5.6024               1.5587              -1.4188
319  O               -4.9194              -3.1487               2.7966
320  H               -4.6955              -3.0155               1.8555
321  H               -4.1871              -3.6968               3.1248
322  O                2.1780              -5.5980              -6.4430
323  H                2.6580              -6.4230              -6.2250
324  H                2.7410              -4.8270              -6.2260
325  O               -5.3141              -0.2713              -3.2831
326  H               -5.3772               0.2649              -2.4665
327  H               -4.5969               0.1373              -3.8158
328  O               -8.0800               2.1510              -0.6340
329  H               -8.2720               2.8780              -0.0070
330  H               -7.1420               1.8850              -0.5480
331  O                6.6620              -1.7900              -5.9060
332  H                6.6090              -0.8260              -6.0630
333  H                6.1870              -2.2640              -6.6190
334  O               -0.9850               3.6420               7.1090
335  H               -1.5620               3.8600               6.3500
336  H               -0.7210               4.4660               7.5660
337  O               -9.1370              -0.3050              -0.4640
338  H               -8.7870               0.5800              -0.6930
339  H               -8.9590              -0.4930               0.4800
340  O                3.0900               5.2190               5.2820
341  H                2.5940               5.4000               6.1060
342  H                4.0490               5.3300               5.4480
343  O                0.0470              -3.2670               7.0350
344  H                0.3780              -2.4050               6.7090
345  H               -0.1690              -3.1950               7.9860
346  O                4.2590               9.3720               0.7440
347  H                3.6360               8.6470               0.5360
348  H                5.1650               9.0100               0.8270
349  O               -1.5316              -1.6023              -5.0543
350  H               -0.8981              -1.0589              -4.5444
351  H               -0.9492              -2.1192              -5.6496
352  O                7.8620              -1.2310               3.9200
353  H                8.6110              -1.2250               3.2910
354  H                7.5530              -0.3140               4.0680
355  O               -8.8890              -3.2870              -0.5910
356  H               -9.3680              -3.5180               0.2300
357  H               -8.7270              -2.3220              -0.6160
358  O                0.9840               9.7360              -0.6030
359  H                1.7130              10.3410              -0.3590
360  H                1.2160               8.8220              -0.3410
361  O               -7.6880              -3.4170               2.8070
362  H               -6.7420              -3.6520               2.7110
363  H               -8.2410              -4.1960               2.5930
364  O                5.4640              -1.7507              -0.9047
365  H                5.7415              -1.5764               0.0091
366  H                6.2145              -2.1536              -1.3704
367  O                2.2470               4.9460               7.8180
368  H                1.3430               5.2440               8.0470
369  H                2.6470               4.4920               8.5870
370  O               -4.5273               3.0480               3.7011
371  H               -5.2340               3.5448               3.2668
372  H               -3.7775               3.6351               3.8807
373  O               -0.3642               2.7722              -2.8774
374  H               -0.9726               3.2250              -3.4688
375  H               -0.1503               3.3546              -2.1373
376  O               -1.3650              -8.3390               4.7520
377  H               -1.0870              -7.5140               5.2010
378  H               -1.1210              -8.2930               3.8040
379  O               -4.6827               0.2392               1.3035
380  H               -4.4533              -0.6194               0.9192
381  H               -3.9669               0.3774               1.9175
382  O               -5.4194              -3.0234              -3.1465
383  H               -5.0312              -3.4786              -3.9110
384  H               -5.2450              -2.0676              -3.2601
385  O                8.1530              -2.1530               6.8230
386  H                8.6750              -1.3540               7.0440
387  H                7.4320              -1.9120               6.2080
388  O               -3.0930               7.2570              -6.2990
389  H               -3.9790               6.8950              -6.0950
390  H               -3.0730               8.2120              -6.0820
391  O               -6.8920               4.0630               2.9640
392  H               -7.2780               4.2210               3.8490
393  H               -7.5520               4.2820               2.2760
394  O               -3.7290              -1.9200              -9.3900
395  H               -4.5000              -2.5030              -9.5440
396  H               -3.8960              -1.3590              -8.6060
397  O               -8.4980              -0.8530               2.1950
398  H               -8.3840              -1.8160               2.3310
399  H               -7.7480              -0.3750               2.6050
400  O               -2.5436               4.5845               0.1635
401  H               -2.2788               3.6567               0.2585
402  H               -3.5115               4.5906               0.4095
403  O               -2.4052               3.1303              -4.2448
404  H               -2.9927               3.7033              -3.7454
405  H               -2.4162               3.3765              -5.1896
406  O                6.5067               1.6936               1.7067
407  H                6.6577               1.8626               2.6451
408  H                6.1827               0.7711               1.6989
409  O                1.2005              -5.3654              -3.1282
410  H                2.1527              -5.1839              -2.9132
411  H                1.0693              -5.4587              -4.0898
412  O               -1.3610              -2.9310              -8.8440
413  H               -1.4180              -3.8970              -8.6990
414  H               -2.2530              -2.5780              -9.0400
415  O                3.2700              -7.1010              -0.9270
416  H                3.2410              -7.3860              -1.8630
417  H                3.7610              -7.7630              -0.3990
418  O                8.0680              -3.1330               1.3610
419  H                7.3240              -3.7590               1.4770
420  H                7.7180              -2.2230               1.2750
421  O                2.0691               7.5420               1.0206
422  H                2.6013               6.9851               1.6093
423  H                1.1528               7.2675               1.1327
424  O                6.1030               0.8790              -6.8580
425  H                5.6980               0.6640              -7.7230
426  H                6.6100               1.7130              -6.9340
427  O               -0.5420               7.5090               1.5260
428  H               -1.2980               7.2600               0.9560
429  H               -0.6710               8.4190               1.8620
430  O                3.0863              -2.9618              -4.9045
431  H                3.5517              -2.1108              -5.0540
432  H                3.3423              -3.2437              -4.0167
433  O               -4.1690              -7.8160               1.1140
434  H               -3.2700              -7.5280               1.3740
435  H               -4.4150              -7.3920               0.2680
436  O               -4.8720              -2.5727               0.0150
437  H               -5.3935              -3.3784              -0.2343
438  H               -4.3566              -2.4355              -0.7920
439  O               -0.4877              -6.5075              -1.6999
440  H                0.2581              -6.2255              -2.2597
441  H               -0.3112              -7.3961              -1.3708
442  O               -0.9900              -5.7690               6.2680
443  H               -0.5980              -4.9820               6.6980
444  H               -1.5610              -6.2400               6.9080
445  O               -2.2036              -4.4922              -4.5586
446  H               -1.8812              -3.6115              -4.3009
447  H               -2.9869              -4.2892              -5.1029
448  O               -2.2823              -0.7600               5.2353
449  H               -3.0280              -1.0932               5.7731
450  H               -1.4598              -0.9251               5.7199
451  O               -6.8890              -1.2280               5.2890
452  H               -6.4720              -1.1090               4.4130
453  H               -7.6190              -1.8760               5.2180
454  O                6.9950               1.4920               4.4780
455  H                7.6650               1.9060               5.0600
456  H                6.1520               1.4000               4.9670
457  O                0.0130               1.3370             -10.2250
458  H               -0.7300               1.1410              -9.6180
459  H               -0.3130               1.8750             -10.9760
460  O                0.9840              -9.0140              -0.6030
461  H                1.7130              -8.4090              -0.3590
462  H                1.2160              -9.9280              -0.3410
463  O               -9.4340               3.8400              -2.7930
464  H               -9.7250               3.2070              -3.4810
465  H               -8.8280               3.3900              -2.1710


Energy:                -11700.405436 Convergence criteria  Is converged 
Maximum Force:             0.091873     0.002850                No
RMS Force:                 0.012085     0.001900                No
Maximum Displacement:      0.049933     0.003150                No
RMS Displacement:          0.010683     0.002100                No

----------------------------------------------------------------------
                            Iteration: 15                             


                             Coordinates                              
----------------------------------------------------------------------
0    C               -1.2418              -0.2916               0.4483
1    C                1.0503               0.3646               0.1113
2    C               -1.6241               1.1052               0.7765
3    C                1.7082              -0.2213               1.3374
4    C                2.0571               0.6661              -0.9538
5    N               -0.0465              -0.4536              -0.3833
6    N               -2.3591              -1.0090              -0.2387
7    O               -2.3452               1.7851              -0.2443
8    H               -2.8089               1.1363              -0.7928
9    H               -0.1715              -0.2301              -1.3705
10   H               -0.9307              -0.8156               1.3612
11   H                0.6651               1.3402               0.3779
12   H               -2.5282              -1.9108               0.2210
13   H               -1.9831              -1.3993              -1.1319
14   H               -0.7857               1.7611               0.9295
15   H               -2.1107               1.1780               1.7428
16   H                2.5140               0.4209               1.6921
17   H                1.5699               1.0104              -1.8480
18   H                2.0900              -1.2113               1.1128
19   H                1.0046              -0.3156               2.1556
20   H                2.7099               1.4824              -0.6720
21   H                2.6865              -0.1672              -1.2198
22   O                9.9320               4.3700               1.0660
23   H                9.8250               5.2520               0.6530
24   H                9.0550               4.0280               1.3360
25   O                9.5460              -0.3050              -0.4640
26   H                9.8960               0.5800              -0.6930
27   H                9.7240              -0.4930               0.4800
28   O                1.3300              -2.4830               9.7330
29   H                1.7780              -1.6230               9.5990
30   H                0.3900              -2.3290               9.9570
31   O                1.7390               0.3670              10.1400
32   H                1.6820               1.0200              10.8670
33   H                1.2800               0.7180               9.3500
34   O                0.6940               5.8610              -7.0250
35   H                1.4000               5.2620              -7.3430
36   H               -0.0450               5.8630              -7.6670
37   O               -4.6910              -4.1640              -5.9210
38   H               -5.2680              -3.4380              -6.2340
39   H               -5.0970              -5.0250              -6.1500
40   O                3.8990               8.1850              -2.6140
41   H                2.9870               7.8280              -2.6370
42   H                4.5030               7.5110              -2.2410
43   O               -0.0263              -3.2783              -2.0500
44   H                0.5949              -3.7829              -2.5714
45   H                0.4389              -2.4698              -1.7240
46   O               -0.4820               8.8170              -3.0250
47   H                0.0230               8.6790              -2.1980
48   H               -0.8290               7.9580              -3.3420
49   O                3.0010               4.5500              -7.9590
50   H                3.8390               4.8940              -8.3310
51   H                3.1410               4.2950              -7.0240
52   O               -1.6510               6.3720              -3.8680
53   H               -2.0960               6.4270              -4.7380
54   H               -2.0930               5.6930              -3.3180
55   O               -0.1160               4.5920              -0.8941
56   H                0.4703               4.3498              -0.1430
57   H               -0.9389               4.8516              -0.4586
58   O               -2.9840              -5.3840              -8.0500
59   H               -3.8830              -5.0990              -7.7870
60   H               -2.5920              -5.9290              -7.3370
61   O               -1.4959              -6.0112               1.8030
62   H               -1.5590              -5.2706               1.1895
63   H               -2.0704              -5.8095               2.5551
64   O               -1.3163               6.2128               3.5927
65   H               -0.9651               6.6595               4.3914
66   H               -0.6442               6.3891               2.9159
67   O               -8.7510               4.3700               1.0660
68   H               -8.8580               5.2520               0.6530
69   H               -9.6280               4.0280               1.3360
70   O               -4.5190              -0.8900               6.7620
71   H               -5.4180              -1.2220               6.5630
72   H               -4.1970              -1.2960               7.5910
73   O                5.7900               3.3930              -4.1560
74   H                5.8410               2.7790              -3.3960
75   H                5.8340               4.3170              -3.8340
76   O               -3.3539               0.5967              -5.0143
77   H               -2.8930               1.3636              -4.6288
78   H               -2.6886              -0.1226              -5.0905
79   O                4.6770               0.8830               5.9830
80   H                4.7460               1.6330               6.6090
81   H                4.6300               0.0440               6.4840
82   O                8.1530               4.3360               3.6220
83   H                9.0970               4.5810               3.5380
84   H                8.0700               3.5560               4.2070
85   O               -7.6570              -0.6450              -4.8860
86   H               -6.9570              -0.4550              -4.2300
87   H               -8.4970              -0.8380              -4.4210
88   O               -6.4830               6.8240               1.6640
89   H               -5.5980               7.2400               1.6300
90   H               -6.5880               6.3470               2.5120
91   O                4.0644               4.6865              -1.7905
92   H                4.8164               5.2945              -1.7778
93   H                3.3206               5.2846              -1.6228
94   O                7.3960               3.6770               0.0630
95   H                7.6970               3.3440              -0.8080
96   H                6.9180               2.9670               0.5360
97   O                2.7848               0.5048              -3.8952
98   H                3.0730               0.6773              -3.0167
99   H                3.6142               0.1814              -4.3028
100  O                0.9440              -8.1150              -4.4250
101  H                0.4430              -8.8180              -3.9630
102  H                0.3190              -7.5180              -4.8850
103  O                3.1378               3.6911              -5.2479
104  H                2.6772               4.3154              -4.6667
105  H                4.0052               3.5500              -4.8259
106  O               -1.0960              -8.4370               0.8960
107  H               -1.2710              -7.5200               1.1900
108  H               -0.2060              -8.4860               0.4920
109  O               -2.1259               3.9890               4.3129
110  H               -1.5528               4.7046               3.9982
111  H               -1.7080               3.1915               3.9381
112  O               -6.4315               0.9125               2.7582
113  H               -6.5407               1.7428               3.2072
114  H               -5.5225               0.6720               3.0741
115  O                5.0400              -3.7010               5.5380
116  H                5.9780              -3.8170               5.2850
117  H                4.4870              -3.6630               4.7310
118  O                3.8950              -1.4120               7.2920
119  H                2.9250              -1.2740               7.2910
120  H                4.1040              -2.2570               6.8430
121  O                0.1175               0.4721              -3.9902
122  H               -0.0568               1.2454              -3.4094
123  H                1.0012               0.1625              -3.7309
124  O                0.0130               1.3370               8.3160
125  H               -0.7300               1.1410               8.9240
126  H               -0.3130               1.8750               7.5650
127  O                1.0051              -0.7252               6.5547
128  H                0.5743              -0.1501               7.2032
129  H                1.4667              -0.1121               5.9233
130  O               -0.4700              -6.3650              -5.9640
131  H               -0.9470              -5.6350              -5.5210
132  H                0.3640              -6.0250              -6.3490
133  O                5.1830               2.2470               8.2420
134  H                4.7110               1.6030               8.8070
135  H                6.1480               2.1100               8.3260
136  O               -0.8890               7.7400               5.8660
137  H               -0.7750               8.5750               5.3680
138  H               -1.8230               7.6510               6.1440
139  O                3.9543              -0.4668              -5.9222
140  H                4.7124               0.1242              -6.1392
141  H                3.1650               0.1601              -5.9981
142  O               -6.4130              -2.4200              -6.8710
143  H               -6.9220              -2.5810              -7.6920
144  H               -6.9370              -1.8520              -6.2700
145  O               -2.6770               3.1000              -7.3070
146  H               -2.2840               2.3360              -7.7760
147  H               -3.6220               2.9190              -7.1250
148  O               -5.5790               6.2570              -1.7830
149  H               -5.2490               7.1780              -1.7660
150  H               -5.8550               6.0270              -2.6940
151  O                1.7160              -5.0560               5.2610
152  H                2.1670              -5.6810               5.8630
153  H                1.0790              -4.5140               5.7680
154  O                1.3300              -2.4830              -8.8090
155  H                1.7780              -1.6230              -8.9430
156  H                0.3900              -2.3290              -8.5850
157  O                3.6050              -8.2400              -3.7140
158  H                3.6990              -9.2110              -3.6310
159  H                2.6580              -8.0090              -3.7930
160  O                1.1796              -6.6033               2.9338
161  H                1.0464              -6.0886               3.7428
162  H                0.3885              -6.4265               2.3980
163  O                5.8430              -5.4830              -3.7520
164  H                6.6950              -5.7250              -3.3360
165  H                5.9250              -5.5500              -4.7250
166  O               -2.0340               5.7110              -8.1540
167  H               -2.0320               4.8170              -7.7550
168  H               -2.4380               6.3460              -7.5280
169  O                1.6991               4.0485               1.2367
170  H                2.0720               3.1533               1.2722
171  H                2.4693               4.5730               1.5217
172  O               -3.5740               7.0060               6.8290
173  H               -4.0120               6.7070               7.6520
174  H               -4.1800               6.8760               6.0710
175  O               -4.4560              -0.2320              -7.6370
176  H               -4.1480               0.2960              -6.8720
177  H               -5.1810              -0.8260              -7.3520
178  O                1.9144               1.3142              -5.9593
179  H                2.2429               2.1934              -5.6449
180  H                1.1245               1.1506              -5.3938
181  O                8.7740              -0.8320              -3.2190
182  H                8.9160              -0.4590              -2.3250
183  H                8.5580              -1.7840              -3.1450
184  O                0.8900               6.0620              -4.3660
185  H               -0.0540               5.9700              -4.1240
186  H                0.9690               6.1850              -5.3340
187  O                5.8990               6.0660              -3.7200
188  H                5.4890               6.8250              -4.1820
189  H                6.8090               6.3030              -3.4470
190  O                3.5140              -8.2400               3.1370
191  H                3.5440              -8.7330               2.2910
192  H                2.7050              -7.6900               3.1650
193  O               -4.8949               4.7790               0.3266
194  H               -5.4946               4.8928               1.0633
195  H               -5.3750               5.1961              -0.3881
196  O                3.4958              -4.5338              -2.6463
197  H                3.7306              -3.9202              -1.9124
198  H                4.3779              -4.9320              -2.8755
199  O                1.1725               3.0650               4.8043
200  H                0.4807               3.3616               5.4193
201  H                1.8526               3.7589               4.8826
202  O                4.3850               0.0540              -8.8480
203  H                3.4640               0.1470              -8.5300
204  H                4.4550              -0.7400              -9.4160
205  O                6.4270               6.2700               2.5760
206  H                6.9260               5.5780               3.0550
207  H                6.8200               7.1460               2.7660
208  O               -7.4870               1.0680               6.3810
209  H               -6.7120               1.6580               6.4800
210  H               -7.2220               0.2600               5.8970
211  O                3.2941              -3.6500               3.5231
212  H                2.6733              -4.1607               4.0776
213  H                3.2548              -4.1471               2.6908
214  O                2.3341               0.6368               5.1049
215  H                3.2292               0.8548               5.3941
216  H                1.9183               1.4874               4.8760
217  O               -2.6960               7.9570              -0.0140
218  H               -2.4950               8.9020               0.1440
219  H               -3.3190               7.8760              -0.7640
220  O                3.2025              -4.8503               0.9112
221  H                2.6646              -4.2009               0.4421
222  H                2.8837              -5.6852               0.5307
223  O               -6.3230              -4.3380              -1.1030
224  H               -7.1480              -3.8950              -0.8180
225  H               -5.9300              -3.8450              -1.8510
226  O               -5.1230               7.0030               4.5650
227  H               -5.3730               7.9380               4.4190
228  H               -4.4830               6.7250               3.8790
229  O               -2.9157              -6.3154              -2.6955
230  H               -2.5919              -5.5575              -3.1967
231  H               -2.0879              -6.6261              -2.2862
232  O                5.3370              -6.1560               6.8700
233  H                4.9710              -5.3760               6.4040
234  H                4.6250              -6.5960               7.3790
235  O                0.5738              -3.2854              -5.9528
236  H                0.8336              -3.1838              -6.8913
237  H                1.3702              -2.9799              -5.4790
238  O               -5.1940               5.7680              -5.8600
239  H               -6.0340               6.1790              -5.5690
240  H               -5.3680               4.8610              -6.1840
241  O               -5.3651               1.4300              -0.8055
242  H               -4.8736               2.2457              -0.8595
243  H               -5.0047               1.0276               0.0615
244  O               -4.8530               2.3620               7.0540
245  H               -4.5230               2.6560               6.1820
246  H               -4.4560               1.4960               7.2780
247  O               -8.4720              -3.3300              -3.2590
248  H               -7.5310              -3.0700              -3.3410
249  H               -8.6720              -3.5430              -2.3250
250  O                5.7680              -4.7100               1.7520
251  H                4.8880              -4.8170               1.3360
252  H                6.1950              -5.5860               1.8430
253  O                1.3137               6.7781              -1.8261
254  H                1.2327               6.5692              -2.7793
255  H                0.9343               6.0047              -1.3877
256  O                8.5400               1.5770              -4.5460
257  H                8.6340               0.7240              -4.0760
258  H                7.5980               1.8450              -4.5500
259  O               -3.9620               0.7023               3.5956
260  H               -4.0768               1.6998               3.7249
261  H               -3.3881               0.1648               4.1242
262  O                7.3170              -4.0800               4.0790
263  H                7.6990              -3.1790               4.0780
264  H                6.7980              -4.2140               3.2590
265  O               -5.3770              -4.7710               5.6630
266  H               -4.8560              -5.6000               5.6310
267  H               -5.3990              -4.3650               4.7720
268  O               -2.3959              -4.6530               4.0166
269  H               -2.1141              -5.0749               4.8532
270  H               -1.9238              -3.8099               4.0583
271  O                3.7495              -1.0739               3.7384
272  H                3.4083              -1.9746               3.5120
273  H                3.0574              -0.4033               3.7003
274  O                6.8160              -2.9330              -3.2960
275  H                6.3570              -3.7460              -3.5880
276  H                6.7300              -2.2440              -3.9860
277  O               -3.3112               6.3881               2.4310
278  H               -2.4690               6.4929               2.8591
279  H               -3.2808               6.9117               1.6248
280  O                7.1270               3.8020              -6.6310
281  H                6.7130               3.6430              -5.7590
282  H                7.8480               4.4560              -6.5360
283  O               -0.9090              -4.8393               0.0240
284  H               -0.7297              -4.0488              -0.4929
285  H               -0.8228              -5.4699              -0.7040
286  O               -2.9315               4.5643              -2.3315
287  H               -3.6889               5.1225              -2.1156
288  H               -2.6587               4.3214              -1.4614
289  O               -5.2680              -6.8240              -1.1250
290  H               -4.5450              -6.6990              -1.7720
291  H               -5.7970              -6.0030              -1.0630
292  O               -1.7010               0.5610              -8.1790
293  H               -2.5540               0.2690              -8.5610
294  H               -1.2970              -0.1790              -7.6810
295  O                6.3220               6.9670              -0.5040
296  H                7.1460               6.6640              -0.9350
297  H                6.2660               6.5890               0.3970
298  O               -5.5360               3.2760              -7.1090
299  H               -5.8470               3.5480              -7.9960
300  H               -6.2450               2.7800              -6.6520
301  O               -0.3000               5.8710               8.2390
302  H               -0.9910               5.9480               8.9280
303  H               -0.5750               6.3720               7.4440
304  O                5.7765              -0.9059               1.9673
305  H                4.8795              -0.8974               2.3788
306  H                6.2998              -1.3276               2.6634
307  O                1.7390               0.3670              -8.4020
308  H                1.6820               1.0200              -7.6750
309  H                1.2800               0.7180              -9.1920
310  O                3.5040               5.8320               2.5589
311  H                4.4703               5.9594               2.5474
312  H                3.2772               5.7589               3.5020
313  O               -3.9960              -8.2490              -4.3940
314  H               -3.3550              -8.3530              -5.1270
315  H               -3.7430              -7.4790              -3.8460
316  O                6.2252               1.5832              -2.1592
317  H                6.5275               0.6647              -2.2233
318  H                5.6019               1.5594              -1.4206
319  O               -4.9241              -3.1481               2.7980
320  H               -4.6875              -3.0133               1.8600
321  H               -4.1867              -3.6970               3.1034
322  O                2.1780              -5.5980              -6.4430
323  H                2.6580              -6.4230              -6.2250
324  H                2.7410              -4.8270              -6.2260
325  O               -5.3265              -0.2712              -3.2928
326  H               -5.3563               0.2561              -2.4674
327  H               -4.5920               0.1266              -3.8084
328  O               -8.0800               2.1510              -0.6340
329  H               -8.2720               2.8780              -0.0070
330  H               -7.1420               1.8850              -0.5480
331  O                6.6620              -1.7900              -5.9060
332  H                6.6090              -0.8260              -6.0630
333  H                6.1870              -2.2640              -6.6190
334  O               -0.9850               3.6420               7.1090
335  H               -1.5620               3.8600               6.3500
336  H               -0.7210               4.4660               7.5660
337  O               -9.1370              -0.3050              -0.4640
338  H               -8.7870               0.5800              -0.6930
339  H               -8.9590              -0.4930               0.4800
340  O                3.0900               5.2190               5.2820
341  H                2.5940               5.4000               6.1060
342  H                4.0490               5.3300               5.4480
343  O                0.0470              -3.2670               7.0350
344  H                0.3780              -2.4050               6.7090
345  H               -0.1690              -3.1950               7.9860
346  O                4.2590               9.3720               0.7440
347  H                3.6360               8.6470               0.5360
348  H                5.1650               9.0100               0.8270
349  O               -1.5278              -1.5782              -5.0668
350  H               -0.8866              -1.0591              -4.5433
351  H               -0.9332              -2.1301              -5.6199
352  O                7.8620              -1.2310               3.9200
353  H                8.6110              -1.2250               3.2910
354  H                7.5530              -0.3140               4.0680
355  O               -8.8890              -3.2870              -0.5910
356  H               -9.3680              -3.5180               0.2300
357  H               -8.7270              -2.3220              -0.6160
358  O                0.9840               9.7360              -0.6030
359  H                1.7130              10.3410              -0.3590
360  H                1.2160               8.8220              -0.3410
361  O               -7.6880              -3.4170               2.8070
362  H               -6.7420              -3.6520               2.7110
363  H               -8.2410              -4.1960               2.5930
364  O                5.4596              -1.7449              -0.9063
365  H                5.7436              -1.5902               0.0096
366  H                6.2052              -2.1558              -1.3738
367  O                2.2470               4.9460               7.8180
368  H                1.3430               5.2440               8.0470
369  H                2.6470               4.4920               8.5870
370  O               -4.5163               3.0704               3.6991
371  H               -5.2532               3.5221               3.2573
372  H               -3.7653               3.6547               3.8650
373  O               -0.4115               2.7717              -2.8613
374  H               -0.9923               3.2259              -3.4669
375  H               -0.1653               3.3678              -2.1448
376  O               -1.3650              -8.3390               4.7520
377  H               -1.0870              -7.5140               5.2010
378  H               -1.1210              -8.2930               3.8040
379  O               -4.6959               0.2068               1.2062
380  H               -4.4643              -0.6540               0.8997
381  H               -4.0127               0.3911               1.8916
382  O               -5.4354              -3.0203              -3.1369
383  H               -5.0368              -3.4729              -3.8972
384  H               -5.2455              -2.0675              -3.2554
385  O                8.1530              -2.1530               6.8230
386  H                8.6750              -1.3540               7.0440
387  H                7.4320              -1.9120               6.2080
388  O               -3.0930               7.2570              -6.2990
389  H               -3.9790               6.8950              -6.0950
390  H               -3.0730               8.2120              -6.0820
391  O               -6.8920               4.0630               2.9640
392  H               -7.2780               4.2210               3.8490
393  H               -7.5520               4.2820               2.2760
394  O               -3.7290              -1.9200              -9.3900
395  H               -4.5000              -2.5030              -9.5440
396  H               -3.8960              -1.3590              -8.6060
397  O               -8.4980              -0.8530               2.1950
398  H               -8.3840              -1.8160               2.3310
399  H               -7.7480              -0.3750               2.6050
400  O               -2.5094               4.5875               0.1730
401  H               -2.3156               3.6276               0.2801
402  H               -3.4911               4.6156               0.4203
403  O               -2.3884               3.1551              -4.2131
404  H               -2.9753               3.7192              -3.7299
405  H               -2.4231               3.3723              -5.1688
406  O                6.5001               1.6921               1.7013
407  H                6.6561               1.8606               2.6395
408  H                6.1986               0.7618               1.7037
409  O                1.2101              -5.3262              -3.1403
410  H                2.1422              -5.1951              -2.9431
411  H                1.0945              -5.4491              -4.0900
412  O               -1.3610              -2.9310              -8.8440
413  H               -1.4180              -3.8970              -8.6990
414  H               -2.2530              -2.5780              -9.0400
415  O                3.2700              -7.1010              -0.9270
416  H                3.2410              -7.3860              -1.8630
417  H                3.7610              -7.7630              -0.3990
418  O                8.0680              -3.1330               1.3610
419  H                7.3240              -3.7590               1.4770
420  H                7.7180              -2.2230               1.2750
421  O                2.0601               7.5329               1.0020
422  H                2.5863               6.9874               1.6070
423  H                1.1466               7.2587               1.1254
424  O                6.1030               0.8790              -6.8580
425  H                5.6980               0.6640              -7.7230
426  H                6.6100               1.7130              -6.9340
427  O               -0.5420               7.5090               1.5260
428  H               -1.2980               7.2600               0.9560
429  H               -0.6710               8.4190               1.8620
430  O                3.0686              -2.9761              -4.9109
431  H                3.5392              -2.1213              -5.0580
432  H                3.3368              -3.2274              -4.0194
433  O               -4.1690              -7.8160               1.1140
434  H               -3.2700              -7.5280               1.3740
435  H               -4.4150              -7.3920               0.2680
436  O               -4.8778              -2.5764               0.0277
437  H               -5.3917              -3.3780              -0.2324
438  H               -4.3622              -2.4347              -0.7790
439  O               -0.4769              -6.5127              -1.7030
440  H                0.2497              -6.2357              -2.2544
441  H               -0.3129              -7.4132              -1.3526
442  O               -0.9900              -5.7690               6.2680
443  H               -0.5980              -4.9820               6.6980
444  H               -1.5610              -6.2400               6.9080
445  O               -2.1919              -4.4968              -4.5543
446  H               -1.8697              -3.6104              -4.3244
447  H               -2.9736              -4.2882              -5.1005
448  O               -2.2797              -0.7585               5.2268
449  H               -3.0338              -1.0757               5.7687
450  H               -1.4548              -0.9262               5.7048
451  O               -6.8890              -1.2280               5.2890
452  H               -6.4720              -1.1090               4.4130
453  H               -7.6190              -1.8760               5.2180
454  O                6.9950               1.4920               4.4780
455  H                7.6650               1.9060               5.0600
456  H                6.1520               1.4000               4.9670
457  O                0.0130               1.3370             -10.2250
458  H               -0.7300               1.1410              -9.6180
459  H               -0.3130               1.8750             -10.9760
460  O                0.9840              -9.0140              -0.6030
461  H                1.7130              -8.4090              -0.3590
462  H                1.2160              -9.9280              -0.3410
463  O               -9.4340               3.8400              -2.7930
464  H               -9.7250               3.2070              -3.4810
465  H               -8.8280               3.3900              -2.1710


Energy:                -11700.411526 Convergence criteria  Is converged 
Maximum Force:             0.150589     0.002850                No
RMS Force:                 0.021990     0.001900                No
Maximum Displacement:      0.131338     0.003150                No
RMS Displacement:          0.024670     0.002100                No
