
**********************************************************************
*                                                                    *
*                        M   A   P   L   E                           *
*                                                                    *
*      MAchine-learning Potential for Landscape Exploration          *
*                                                                    *
*                                                                    *
*      © 2025 University of Pittsburgh. All rights reserved.         *
*      Licensed under CC BY 4.0 for academic use.                    *
*                                                                    *
*      Principal Developer:  Xujian Wang                             *
*                                                                    *
**********************************************************************


Parsing # commands...
Global parameter: model = uma
Task set to 'opt'
Global parameter: device = gpu
Parsed configuration:
----------------------------------------
Task: opt
model          : uma
device         : gpu

                             Coordinates                              
**********************************************************************

Group 1 (inline)
Charge: 3, Multiplicity: 1
--------------------
1    Al            -1.800310             1.736750            -0.027990
2    O             -0.362960             1.253300            -1.125180
3    H             -0.095160             2.042980            -1.661070
4    O             -2.073780             3.255580            -1.086030
5    H             -1.869420             4.069500            -0.559360
6    O             -2.943530             0.788190            -1.177120
7    H             -2.483690            -0.036670            -1.477880
8    O             -1.543590             0.205300             1.033390
9    H             -0.586200            -0.047900             1.051350
10   O             -3.221360             2.213610             1.096690
11   H             -3.736480             2.981240             0.744680
12   O             -0.667210             2.708480             1.095210
13   H             -0.138470             2.097490             1.664460
14   H             -3.035290             3.329890            -1.309210
15   H             -3.870960             1.473820             1.183170
16   H             -3.755840             0.470160            -0.714570
17   H             -1.996390            -0.578430             0.638260
18   H              0.431440             1.069330            -0.564130
19   H              0.006380             3.173800             0.535710
20   N              1.591940             2.745940            -0.875520
21   H              2.636010             2.728510            -0.852090
22   H              1.256550             3.120600             0.039870
23   H              1.256280             1.760670            -0.961390

======================================================================
LBFGS Parameters
======================================================================
memory:     5
curvature:  70.0
max_step:   0.2
max_iter:   256
write_traj: False
traj_every: 1
verbose:    1
======================================================================


----------------------------------------------------------------------
                             Iteration: 1                             


                             Coordinates                              
----------------------------------------------------------------------
0    Al              -1.8002               1.7366              -0.0280
1    O               -0.3622               1.2537              -1.1253
2    H               -0.0952               2.0431              -1.6608
3    O               -2.0733               3.2551              -1.0866
4    H               -1.8694               4.0695              -0.5589
5    O               -2.9434               0.7890              -1.1775
6    H               -2.4834              -0.0369              -1.4775
7    O               -1.5440               0.2058               1.0338
8    H               -0.5858              -0.0476               1.0510
9    O               -3.2206               2.2138               1.0972
10   H               -3.7365               2.9814               0.7441
11   O               -0.6677               2.7087               1.0953
12   H               -0.1383               2.0970               1.6642
13   H               -3.0357               3.3297              -1.3088
14   H               -3.8710               1.4734               1.1827
15   H               -3.7558               0.4701              -0.7140
16   H               -1.9966              -0.5784               0.6378
17   H                0.4320               1.0698              -0.5639
18   H                0.0067               3.1737               0.5352
19   N                1.5918               2.7464              -0.8759
20   H                2.6365               2.7283              -0.8520
21   H                1.2556               3.1208               0.0404
22   H                1.2544               1.7593              -0.9614


Energy:                 -756.535309 Convergence criteria  Is converged 
Maximum Force:             0.134300     0.002850  No
RMS Force:                 0.058269     0.001900  No
Maximum Displacement:      0.001891     0.003150  Yes
RMS Displacement:          0.000816     0.002100  Yes

----------------------------------------------------------------------
                             Iteration: 2                             


                             Coordinates                              
----------------------------------------------------------------------
0    Al              -1.8146               1.7455              -0.0261
1    O               -0.4138               1.2407              -1.1261
2    H               -0.0934               2.0151              -1.6772
3    O               -2.1028               3.2760              -1.0455
4    H               -1.8720               4.0944              -0.5935
5    O               -2.9435               0.7458              -1.1430
6    H               -2.5049              -0.0293              -1.5198
7    O               -1.5208               0.1837               1.0026
8    H               -0.6010              -0.0798               1.0835
9    O               -3.2556               2.1995               1.0573
10   H               -3.7525               2.9795               0.7881
11   O               -0.6456               2.6885               1.0877
12   H               -0.1396               2.1367               1.6983
13   H               -3.0178               3.3512              -1.3510
14   H               -3.8877               1.4967               1.2283
15   H               -3.7767               0.4623              -0.7578
16   H               -1.9855              -0.5963               0.6765
17   H                0.3766               1.0281              -0.5922
18   H               -0.0086               3.1884               0.5714
19   N                1.6176               2.7480              -0.8544
20   H                2.6058               2.7489              -0.8608
21   H                1.3344               3.1104               0.0069
22   H                1.3998               1.8281              -0.9620


Energy:                 -756.578953 Convergence criteria  Is converged 
Maximum Force:             0.088654     0.002850  No
RMS Force:                 0.042078     0.001900  No
Maximum Displacement:      0.145421     0.003150  No
RMS Displacement:          0.059231     0.002100  No

----------------------------------------------------------------------
                             Iteration: 3                             


                             Coordinates                              
----------------------------------------------------------------------
0    Al              -1.8260               1.7476              -0.0236
1    O               -0.4483               1.2355              -1.1343
2    H               -0.0926               1.9933              -1.6916
3    O               -2.1223               3.2868              -1.0167
4    H               -1.8725               4.1229              -0.6184
5    O               -2.9421               0.7191              -1.1181
6    H               -2.5201              -0.0284              -1.5567
7    O               -1.5073               0.1728               0.9817
8    H               -0.6030              -0.1078               1.1123
9    O               -3.2785               2.1874               1.0297
10   H               -3.7694               2.9856               0.8217
11   O               -0.6391               2.6704               1.0853
12   H               -0.1377               2.1655               1.7310
13   H               -3.0092               3.3701              -1.3878
14   H               -3.9064               1.5089               1.2684
15   H               -3.8007               0.4530              -0.7914
16   H               -1.9815              -0.6165               0.7053
17   H                0.3417               0.9945              -0.6137
18   H               -0.0112               3.2079               0.5940
19   N                1.6299               2.7828              -0.8693
20   H                2.6219               2.7737              -0.8710
21   H                1.3830               3.1165               0.0196
22   H                1.4892               1.8206              -0.9652


Energy:                 -756.602096 Convergence criteria  Is converged 
Maximum Force:             0.054959     0.002850  No
RMS Force:                 0.037015     0.001900  No
Maximum Displacement:      0.089424     0.003150  No
RMS Displacement:          0.041257     0.002100  No

----------------------------------------------------------------------
                             Iteration: 4                             


                             Coordinates                              
----------------------------------------------------------------------
0    Al              -1.8528               1.7407              -0.0155
1    O               -0.4953               1.2386              -1.1705
2    H               -0.0974               1.9374              -1.7203
3    O               -2.1637               3.3051              -0.9580
4    H               -1.8714               4.2016              -0.6741
5    O               -2.9379               0.6678              -1.0681
6    H               -2.5536              -0.0323              -1.6474
7    O               -1.4826               0.1531               0.9421
8    H               -0.5919              -0.1743               1.1860
9    O               -3.3260               2.1638               0.9732
10   H               -3.8125               3.0107               0.8988
11   O               -0.6298               2.6404               1.0724
12   H               -0.1282               2.2248               1.8200
13   H               -2.9947               3.4165              -1.4777
14   H               -3.9607               1.5223               1.3709
15   H               -3.8696               0.4268              -0.8685
16   H               -1.9817              -0.6707               0.7688
17   H                0.2634               0.9173              -0.6683
18   H               -0.0164               3.2551               0.6465
19   N                1.6418               2.8031              -0.9233
20   H                2.6740               2.8541              -0.9028
21   H                1.4957               3.1235               0.0616
22   H                1.6892               1.8366              -0.9548


Energy:                 -756.634903 Convergence criteria  Is converged 
Maximum Force:             0.100211     0.002850  No
RMS Force:                 0.045798     0.001900  No
Maximum Displacement:      0.200000     0.003150  No
RMS Displacement:          0.095175     0.002100  No

----------------------------------------------------------------------
                             Iteration: 5                             


                             Coordinates                              
----------------------------------------------------------------------
0    Al              -1.8761               1.7257              -0.0094
1    O               -0.5419               1.2380              -1.2121
2    H               -0.0962               1.8897              -1.7628
3    O               -2.2175               3.3518              -0.9076
4    H               -1.8740               4.2736              -0.7405
5    O               -2.9568               0.5911              -1.0331
6    H               -2.5960              -0.0243              -1.7382
7    O               -1.4441               0.1066               0.9134
8    H               -0.5892              -0.2384               1.2680
9    O               -3.4156               2.1355               0.9369
10   H               -3.8514               3.0313               0.9834
11   O               -0.6071               2.6019               1.0843
12   H               -0.1333               2.2991               1.9036
13   H               -2.9655               3.4654              -1.5695
14   H               -4.0051               1.5470               1.4784
15   H               -3.9302               0.4033              -0.9581
16   H               -1.9821              -0.7206               0.8386
17   H                0.1882               0.8287              -0.7305
18   H               -0.0204               3.3093               0.7009
19   N                1.6829               2.8705              -0.9418
20   H                2.7173               2.9646              -0.9542
21   H                1.6228               3.1119               0.0747
22   H                1.8892               1.8006              -0.9330


Energy:                 -756.652439 Convergence criteria  Is converged 
Maximum Force:             0.092780     0.002850  No
RMS Force:                 0.054208     0.001900  No
Maximum Displacement:      0.200000     0.003150  No
RMS Displacement:          0.102789     0.002100  No

----------------------------------------------------------------------
                             Iteration: 6                             


                             Coordinates                              
----------------------------------------------------------------------
0    Al              -1.8814               1.7170              -0.0078
1    O               -0.5451               1.2375              -1.2211
2    H               -0.0883               1.8916              -1.7826
3    O               -2.2355               3.3809              -0.9221
4    H               -1.8785               4.2775              -0.7531
5    O               -2.9796               0.5634              -1.0559
6    H               -2.6096              -0.0136              -1.7434
7    O               -1.4355               0.0773               0.9261
8    H               -0.5886              -0.2446               1.2854
9    O               -3.4555               2.1376               0.9578
10   H               -3.8524               3.0254               0.9963
11   O               -0.5912               2.6091               1.0990
12   H               -0.1443               2.3148               1.9153
13   H               -2.9472               3.4729              -1.5755
14   H               -4.0079               1.5526               1.4951
15   H               -3.9327               0.4003              -0.9756
16   H               -1.9824              -0.7234               0.8497
17   H                0.1813               0.8050              -0.7496
18   H               -0.0269               3.3114               0.7133
19   N                1.7298               2.8517              -0.9313
20   H                2.7364               3.0142              -0.9847
21   H                1.6413               3.1089               0.0808
22   H                1.8916               1.7944              -0.9248


Energy:                 -756.668873 Convergence criteria  Is converged 
Maximum Force:             0.071689     0.002850  No
RMS Force:                 0.027952     0.001900  No
Maximum Displacement:      0.049667     0.003150  No
RMS Displacement:          0.028241     0.002100  No

----------------------------------------------------------------------
                             Iteration: 7                             


                             Coordinates                              
----------------------------------------------------------------------
0    Al              -1.9025               1.7031              -0.0029
1    O               -0.5672               1.2380              -1.2467
2    H               -0.0768               1.8779              -1.8242
3    O               -2.2679               3.4239              -0.9084
4    H               -1.8848               4.3115              -0.7953
5    O               -3.0093               0.5143              -1.0593
6    H               -2.6408              -0.0051              -1.7948
7    O               -1.4105               0.0306               0.9301
8    H               -0.5856              -0.2772               1.3421
9    O               -3.5212               2.1261               0.9601
10   H               -3.8724               3.0314               1.0468
11   O               -0.5694               2.6049               1.1133
12   H               -0.1602               2.3624               1.9679
13   H               -2.9226               3.5037              -1.6283
14   H               -4.0362               1.5634               1.5658
15   H               -3.9681               0.3853              -1.0339
16   H               -1.9857              -0.7512               0.8906
17   H                0.1435               0.7384              -0.8021
18   H               -0.0377               3.3334               0.7514
19   N                1.8046               2.8212              -0.9055
20   H                2.7787               3.1258              -1.0509
21   H                1.7179               3.0955               0.0795
22   H                1.9721               1.8048              -0.9040


Energy:                 -756.681640 Convergence criteria  Is converged 
Maximum Force:             0.024371     0.002850  No
RMS Force:                 0.014952     0.001900  No
Maximum Displacement:      0.111597     0.003150  No
RMS Displacement:          0.067449     0.002100  No

----------------------------------------------------------------------
                             Iteration: 8                             


                             Coordinates                              
----------------------------------------------------------------------
0    Al              -1.9231               1.6950               0.0021
1    O               -0.5570               1.2496              -1.2688
2    H               -0.0748               1.8643              -1.8420
3    O               -2.3044               3.4355              -0.9094
4    H               -1.8836               4.3390              -0.8250
5    O               -3.0246               0.4893              -1.0648
6    H               -2.6696               0.0050              -1.8336
7    O               -1.4010               0.0058               0.9347
8    H               -0.5831              -0.2970               1.3961
9    O               -3.5638               2.1068               0.9741
10   H               -3.8841               3.0301               1.0856
11   O               -0.5698               2.5902               1.1305
12   H               -0.1911               2.4039               2.0042
13   H               -2.8931               3.5250              -1.6624
14   H               -4.0506               1.5765               1.6196
15   H               -4.0057               0.3746              -1.0828
16   H               -1.9901              -0.7763               0.9227
17   H                0.1048               0.6847              -0.8675
18   H               -0.0431               3.3543               0.7766
19   N                1.8937               2.7996              -0.8781
20   H                2.7824               3.2215              -1.1294
21   H                1.7857               3.0745               0.0852
22   H                2.0440               1.8102              -0.8761


Energy:                 -756.684550 Convergence criteria  Is converged 
Maximum Force:             0.039347     0.002850  No
RMS Force:                 0.027154     0.001900  No
Maximum Displacement:      0.095685     0.003150  No
RMS Displacement:          0.058011     0.002100  No

----------------------------------------------------------------------
                             Iteration: 9                             


                             Coordinates                              
----------------------------------------------------------------------
0    Al              -1.9262               1.6926               0.0020
1    O               -0.5681               1.2533              -1.2674
2    H               -0.0682               1.8700              -1.8487
3    O               -2.2978               3.4441              -0.9000
4    H               -1.8878               4.3296              -0.8303
5    O               -3.0368               0.4886              -1.0667
6    H               -2.6752               0.0078              -1.8414
7    O               -1.3984              -0.0003               0.9390
8    H               -0.5899              -0.2957               1.4059
9    O               -3.5640               2.1087               0.9754
10   H               -3.8843               3.0244               1.0922
11   O               -0.5712               2.5972               1.1234
12   H               -0.2018               2.4109               2.0162
13   H               -2.8944               3.5279              -1.6783
14   H               -4.0550               1.5751               1.6350
15   H               -4.0054               0.3749              -1.0923
16   H               -1.9892              -0.7791               0.9289
17   H                0.1040               0.6668              -0.8839
18   H               -0.0507               3.3486               0.7843
19   N                1.9016               2.8007              -0.8743
20   H                2.7821               3.2421              -1.1526
21   H                1.8051               3.0694               0.0931
22   H                2.0694               1.8046              -0.8682


Energy:                 -756.687770 Convergence criteria  Is converged 
Maximum Force:             0.022590     0.002850  No
RMS Force:                 0.013641     0.001900  No
Maximum Displacement:      0.025369     0.003150  No
RMS Displacement:          0.015042     0.002100  No

----------------------------------------------------------------------
                            Iteration: 10                             


                             Coordinates                              
----------------------------------------------------------------------
0    Al              -1.9224               1.6947              -0.0000
1    O               -0.5654               1.2579              -1.2568
2    H               -0.0651               1.8836              -1.8394
3    O               -2.2856               3.4322              -0.9058
4    H               -1.8873               4.3089              -0.8189
5    O               -3.0372               0.5084              -1.0731
6    H               -2.6714               0.0092              -1.8286
7    O               -1.4074               0.0102               0.9452
8    H               -0.5979              -0.2798               1.3983
9    O               -3.5401               2.1099               0.9843
10   H               -3.8765               3.0172               1.0801
11   O               -0.5834               2.6033               1.1191
12   H               -0.2149               2.4024               2.0048
13   H               -2.8992               3.5181              -1.6690
14   H               -4.0462               1.5706               1.6236
15   H               -3.9958               0.3809              -1.0816
16   H               -1.9877              -0.7717               0.9201
17   H                0.1162               0.6711              -0.8889
18   H               -0.0535               3.3363               0.7761
19   N                1.8900               2.8023              -0.8719
20   H                2.7647               3.2300              -1.1617
21   H                1.8006               3.0668               0.1005
22   H                2.0634               1.7996              -0.8650


Energy:                 -756.690221 Convergence criteria  Is converged 
Maximum Force:             0.026261     0.002850  No
RMS Force:                 0.015807     0.001900  No
Maximum Displacement:      0.023911     0.003150  No
RMS Displacement:          0.016269     0.002100  No

----------------------------------------------------------------------
                            Iteration: 11                             


                             Coordinates                              
----------------------------------------------------------------------
0    Al              -1.9190               1.6949              -0.0040
1    O               -0.5623               1.2800              -1.2394
2    H               -0.0522               1.9209              -1.8200
3    O               -2.2713               3.3965              -0.9203
4    H               -1.8815               4.2653              -0.8003
5    O               -3.0446               0.5543              -1.0945
6    H               -2.6759               0.0211              -1.8142
7    O               -1.4336               0.0293               0.9623
8    H               -0.6212              -0.2415               1.4093
9    O               -3.4902               2.1026               1.0169
10   H               -3.8591               2.9958               1.0664
11   O               -0.6248               2.6126               1.1118
12   H               -0.2756               2.4008               1.9969
13   H               -2.8988               3.4990              -1.6654
14   H               -4.0273               1.5616               1.6243
15   H               -3.9914               0.3950              -1.0772
16   H               -1.9847              -0.7632               0.9134
17   H                0.1354               0.6468              -0.9417
18   H               -0.0646               3.3118               0.7641
19   N                1.8786               2.7871              -0.8498
20   H                2.7232               3.2520              -1.2374
21   H                1.8369               3.0496               0.1302
22   H                2.1019               1.7896              -0.8401


Energy:                 -756.696472 Convergence criteria  Is converged 
Maximum Force:             0.039306     0.002850  No
RMS Force:                 0.023001     0.001900  No
Maximum Displacement:      0.075691     0.003150  No
RMS Displacement:          0.043051     0.002100  No

----------------------------------------------------------------------
                            Iteration: 12                             


                             Coordinates                              
----------------------------------------------------------------------
0    Al              -1.9094               1.6909              -0.0114
1    O               -0.5221               1.3049              -1.2166
2    H               -0.0343               1.9905              -1.7667
3    O               -2.2374               3.3223              -0.9418
4    H               -1.8671               4.1861              -0.7596
5    O               -3.0531               0.6529              -1.1251
6    H               -2.6744               0.0361              -1.7975
7    O               -1.4839               0.0808               0.9900
8    H               -0.6605              -0.1659               1.4307
9    O               -3.3909               2.0907               1.0758
10   H               -3.8264               2.9631               1.0362
11   O               -0.7111               2.6320               1.0956
12   H               -0.3902               2.3933               1.9890
13   H               -2.9080               3.4585              -1.6653
14   H               -3.9894               1.5353               1.6272
15   H               -3.9916               0.4237              -1.0621
16   H               -1.9881              -0.7555               0.8972
17   H                0.1537               0.6235              -1.0430
18   H               -0.0772               3.2664               0.7322
19   N                1.8665               2.7613              -0.8199
20   H                2.6088               3.2694              -1.3543
21   H                1.9128               3.0231               0.1771
22   H                2.1714               1.7789              -0.7965


Energy:                 -756.702252 Convergence criteria  Is converged 
Maximum Force:             0.040534     0.002850  No
RMS Force:                 0.028120     0.001900  No
Maximum Displacement:      0.116855     0.003150  No
RMS Displacement:          0.081523     0.002100  No

----------------------------------------------------------------------
                            Iteration: 13                             


                             Coordinates                              
----------------------------------------------------------------------
0    Al              -1.9086               1.6711              -0.0165
1    O               -0.5118               1.3195              -1.2379
2    H               -0.0182               2.0150              -1.7403
3    O               -2.2580               3.3092              -0.9651
4    H               -1.8587               4.1695              -0.7569
5    O               -3.0726               0.6539              -1.1636
6    H               -2.6968               0.0677              -1.8077
7    O               -1.5097               0.0663               0.9993
8    H               -0.6800              -0.1393               1.4788
9    O               -3.4025               2.0842               1.1210
10   H               -3.8128               2.9400               1.0490
11   O               -0.7374               2.6492               1.1055
12   H               -0.4715               2.4219               2.0145
13   H               -2.8850               3.4453              -1.6852
14   H               -3.9679               1.5300               1.6649
15   H               -4.0090               0.4387              -1.0824
16   H               -1.9850              -0.7541               0.9146
17   H                0.1401               0.5733              -1.1295
18   H               -0.0859               3.2469               0.7331
19   N                1.8989               2.7424              -0.7938
20   H                2.5368               3.3208              -1.4267
21   H                2.0189               3.0103               0.1832
22   H                2.2747               1.7803              -0.7671


Energy:                 -756.705705 Convergence criteria  Is converged 
Maximum Force:             0.051960     0.002850  No
RMS Force:                 0.035295     0.001900  No
Maximum Displacement:      0.106099     0.003150  No
RMS Displacement:          0.058020     0.002100  No

----------------------------------------------------------------------
                            Iteration: 14                             


                             Coordinates                              
----------------------------------------------------------------------
0    Al              -1.9084               1.6678              -0.0170
1    O               -0.5111               1.2999              -1.2500
2    H               -0.0204               2.0004              -1.7402
3    O               -2.2645               3.3235              -0.9602
4    H               -1.8608               4.1896              -0.7631
5    O               -3.0681               0.6371              -1.1511
6    H               -2.6910               0.0601              -1.8194
7    O               -1.4943               0.0627               0.9917
8    H               -0.6736              -0.1523               1.4722
9    O               -3.4206               2.0834               1.1054
10   H               -3.8231               2.9567               1.0540
11   O               -0.7221               2.6444               1.1151
12   H               -0.4490               2.4249               2.0161
13   H               -2.8858               3.4504              -1.6867
14   H               -3.9739               1.5299               1.6659
15   H               -4.0130               0.4354              -1.0806
16   H               -1.9897              -0.7620               0.9163
17   H                0.1287               0.5925              -1.1065
18   H               -0.0729               3.2571               0.7335
19   N                1.9002               2.7462              -0.8075
20   H                2.5410               3.2959              -1.3734
21   H                2.0109               3.0257               0.1608
22   H                2.2595               1.7928              -0.7842


Energy:                 -756.710785 Convergence criteria  Is converged 
Maximum Force:             0.026947     0.002850  No
RMS Force:                 0.019341     0.001900  No
Maximum Displacement:      0.053270     0.003150  No
RMS Displacement:          0.022095     0.002100  No

----------------------------------------------------------------------
                            Iteration: 15                             


                             Coordinates                              
----------------------------------------------------------------------
0    Al              -1.9088               1.6563              -0.0213
1    O               -0.5118               1.2970              -1.2644
2    H               -0.0055               2.0155              -1.7182
3    O               -2.2652               3.3182              -0.9598
4    H               -1.8599               4.1801              -0.7636
5    O               -3.0767               0.6471              -1.1554
6    H               -2.6958               0.0662              -1.8424
7    O               -1.4965               0.0654               0.9953
8    H               -0.6884              -0.1368               1.4957
9    O               -3.4136               2.0741               1.1160
10   H               -3.8241               2.9584               1.0626
11   O               -0.7411               2.6510               1.1184
12   H               -0.4914               2.4439               2.0353
13   H               -2.8815               3.4435              -1.7072
14   H               -3.9672               1.5194               1.6943
15   H               -4.0273               0.4451              -1.0892
16   H               -1.9961              -0.7733               0.9250
17   H                0.1200               0.5716              -1.1510
18   H               -0.0659               3.2472               0.7309
19   N                1.9062               2.7271              -0.7950
20   H                2.4948               3.3116              -1.3935
21   H                2.0762               3.0319               0.1576
22   H                2.3175               1.8018              -0.7788


Energy:                 -756.715030 Convergence criteria  Is converged 
Maximum Force:             0.019224     0.002850  No
RMS Force:                 0.011689     0.001900  No
Maximum Displacement:      0.065334     0.003150  No
RMS Displacement:          0.031182     0.002100  No

----------------------------------------------------------------------
                            Iteration: 16                             


                             Coordinates                              
----------------------------------------------------------------------
0    Al              -1.9128               1.6352              -0.0282
1    O               -0.5177               1.2856              -1.2979
2    H                0.0262               2.0367              -1.6766
3    O               -2.2789               3.3148              -0.9617
4    H               -1.8603               4.1724              -0.7723
5    O               -3.0936               0.6448              -1.1700
6    H               -2.7150               0.0867              -1.8885
7    O               -1.5030               0.0527               0.9969
8    H               -0.7139              -0.1147               1.5494
9    O               -3.4218               2.0599               1.1343
10   H               -3.8270               2.9539               1.0900
11   O               -0.7651               2.6655               1.1255
12   H               -0.5725               2.4921               2.0765
13   H               -2.8631               3.4342              -1.7482
14   H               -3.9537               1.5067               1.7550
15   H               -4.0560               0.4629              -1.1140
16   H               -2.0031              -0.7909               0.9496
17   H                0.0923               0.5289              -1.2411
18   H               -0.0547               3.2251               0.7366
19   N                1.9276               2.7021              -0.7738
20   H                2.4062               3.3445              -1.4266
21   H                2.2125               3.0484               0.1496
22   H                2.4455               1.8147              -0.7731


Energy:                 -756.718873 Convergence criteria  Is converged 
Maximum Force:             0.020566     0.002850  No
RMS Force:                 0.017592     0.001900  No
Maximum Displacement:      0.136278     0.003150  No
RMS Displacement:          0.063595     0.002100  No

----------------------------------------------------------------------
                            Iteration: 17                             


                             Coordinates                              
----------------------------------------------------------------------
0    Al              -1.9188               1.6372              -0.0300
1    O               -0.5342               1.2908              -1.3174
2    H                0.0462               2.0267              -1.6334
3    O               -2.2841               3.3085              -0.9598
4    H               -1.8694               4.1704              -0.7819
5    O               -3.0952               0.6369              -1.1702
6    H               -2.7327               0.0992              -1.9168
7    O               -1.4983               0.0435               0.9950
8    H               -0.7367              -0.1049               1.5691
9    O               -3.4253               2.0463               1.1304
10   H               -3.8335               2.9454               1.1126
11   O               -0.7739               2.6644               1.1273
12   H               -0.6117               2.5325               2.0806
13   H               -2.8485               3.4289              -1.7622
14   H               -3.9388               1.5118               1.7777
15   H               -4.0610               0.4758              -1.1267
16   H               -2.0053              -0.7999               0.9636
17   H                0.0785               0.5126              -1.2830
18   H               -0.0398               3.2010               0.7501
19   N                1.9376               2.6865              -0.7433
20   H                2.3609               3.3366              -1.4262
21   H                2.2763               3.0724               0.1328
22   H                2.5055               1.8397              -0.7972


Energy:                 -756.722361 Convergence criteria  Is converged 
Maximum Force:             0.024738     0.002850  No
RMS Force:                 0.019431     0.001900  No
Maximum Displacement:      0.063831     0.003150  No
RMS Displacement:          0.034920     0.002100  No

----------------------------------------------------------------------
                            Iteration: 18                             


                             Coordinates                              
----------------------------------------------------------------------
0    Al              -1.9262               1.6406              -0.0310
1    O               -0.5492               1.2768              -1.3326
2    H                0.0772               2.0181              -1.5782
3    O               -2.2905               3.3036              -0.9617
4    H               -1.8834               4.1664              -0.7929
5    O               -3.0935               0.6237              -1.1729
6    H               -2.7580               0.1177              -1.9457
7    O               -1.5071               0.0338               0.9812
8    H               -0.7543              -0.0961               1.5979
9    O               -3.4326               2.0382               1.1226
10   H               -3.8385               2.9260               1.1400
11   O               -0.7827               2.6623               1.1167
12   H               -0.6563               2.5832               2.0882
13   H               -2.8287               3.4194              -1.7722
14   H               -3.9172               1.5185               1.8002
15   H               -4.0615               0.4925              -1.1404
16   H               -2.0046              -0.8065               0.9796
17   H                0.0477               0.5098              -1.3292
18   H               -0.0187               3.1657               0.7690
19   N                1.9495               2.6729              -0.7146
20   H                2.3073               3.3196              -1.4244
21   H                2.3482               3.1062               0.1239
22   H                2.5709               1.8697              -0.8321


Energy:                 -756.725604 Convergence criteria  Is converged 
Maximum Force:             0.020601     0.002850  No
RMS Force:                 0.013493     0.001900  No
Maximum Displacement:      0.071939     0.003150  No
RMS Displacement:          0.041466     0.002100  No

----------------------------------------------------------------------
                            Iteration: 19                             


                             Coordinates                              
----------------------------------------------------------------------
0    Al              -1.9292               1.6391              -0.0340
1    O               -0.5505               1.2855              -1.3327
2    H                0.0927               2.0138              -1.5399
3    O               -2.2927               3.2924              -0.9682
4    H               -1.8890               4.1612              -0.7922
5    O               -3.0919               0.6234              -1.1797
6    H               -2.7734               0.1318              -1.9540
7    O               -1.5103               0.0344               0.9820
8    H               -0.7727              -0.0846               1.6066
9    O               -3.4313               2.0327               1.1260
10   H               -3.8379               2.9131               1.1495
11   O               -0.7899               2.6605               1.1145
12   H               -0.6911               2.6106               2.0820
13   H               -2.8191               3.4078              -1.7744
14   H               -3.8976               1.5198               1.8053
15   H               -4.0577               0.5043              -1.1445
16   H               -2.0045              -0.8084               0.9838
17   H                0.0311               0.5011              -1.3569
18   H               -0.0043               3.1390               0.7745
19   N                1.9629               2.6737              -0.6985
20   H                2.2708               3.3137              -1.4409
21   H                2.3816               3.1177               0.1292
22   H                2.6021               1.8796              -0.8462


Energy:                 -756.727350 Convergence criteria  Is converged 
Maximum Force:             0.022191     0.002850  No
RMS Force:                 0.010503     0.001900  No
Maximum Displacement:      0.038350     0.003150  No
RMS Displacement:          0.023826     0.002100  No

----------------------------------------------------------------------
                            Iteration: 20                             


                             Coordinates                              
----------------------------------------------------------------------
0    Al              -1.9314               1.6347              -0.0384
1    O               -0.5484               1.2950              -1.3287
2    H                0.1120               2.0093              -1.4945
3    O               -2.2911               3.2834              -0.9711
4    H               -1.8968               4.1537              -0.7897
5    O               -3.0908               0.6256              -1.1827
6    H               -2.7880               0.1457              -1.9667
7    O               -1.5187               0.0332               0.9816
8    H               -0.7904              -0.0720               1.6154
9    O               -3.4275               2.0280               1.1256
10   H               -3.8385               2.9031               1.1578
11   O               -0.7916               2.6604               1.1078
12   H               -0.7306               2.6410               2.0761
13   H               -2.8126               3.3932              -1.7812
14   H               -3.8759               1.5156               1.8126
15   H               -4.0538               0.5178              -1.1468
16   H               -2.0029              -0.8068               0.9864
17   H                0.0082               0.4926              -1.3836
18   H                0.0128               3.1044               0.7797
19   N                1.9880               2.6789              -0.6843
20   H                2.2289               3.3052              -1.4558
21   H                2.4109               3.1275               0.1314
22   H                2.6260               1.8926              -0.8596


Energy:                 -756.729018 Convergence criteria  Is converged 
Maximum Force:             0.014309     0.002850  No
RMS Force:                 0.010641     0.001900  No
Maximum Displacement:      0.045414     0.003150  No
RMS Displacement:          0.025939     0.002100  No

----------------------------------------------------------------------
                            Iteration: 21                             


                             Coordinates                              
----------------------------------------------------------------------
0    Al              -1.9356               1.6167              -0.0510
1    O               -0.5461               1.3075              -1.3257
2    H                0.1818               2.0078              -1.3609
3    O               -2.2977               3.2602              -0.9832
4    H               -1.9162               4.1375              -0.7844
5    O               -3.0906               0.6291              -1.1930
6    H               -2.8289               0.1865              -2.0198
7    O               -1.5349               0.0379               0.9807
8    H               -0.8422              -0.0331               1.6555
9    O               -3.4218               2.0088               1.1278
10   H               -3.8443               2.8837               1.1864
11   O               -0.8072               2.6567               1.0952
12   H               -0.8592               2.7394               2.0743
13   H               -2.7877               3.3514              -1.8112
14   H               -3.8149               1.4956               1.8534
15   H               -4.0607               0.5584              -1.1579
16   H               -2.0094              -0.8214               0.9992
17   H               -0.0662               0.4594              -1.4789
18   H                0.0739               3.0092               0.7911
19   N                2.0555               2.6759              -0.6479
20   H                2.0960               3.2989              -1.4976
21   H                2.5311               3.1626               0.1295
22   H                2.7232               1.9335              -0.8903


Energy:                 -756.729268 Convergence criteria  Is converged 
Maximum Force:             0.048664     0.002850  No
RMS Force:                 0.021587     0.001900  No
Maximum Displacement:      0.133579     0.003150  No
RMS Displacement:          0.083004     0.002100  No

----------------------------------------------------------------------
                            Iteration: 22                             


                             Coordinates                              
----------------------------------------------------------------------
0    Al              -1.9278               1.6166              -0.0494
1    O               -0.5274               1.3095              -1.3108
2    H                0.1711               2.0025              -1.3834
3    O               -2.2976               3.2690              -0.9824
4    H               -1.9117               4.1422              -0.7771
5    O               -3.0914               0.6287              -1.1951
6    H               -2.8134               0.1788              -2.0047
7    O               -1.5357               0.0396               0.9851
8    H               -0.8256              -0.0395               1.6399
9    O               -3.4250               2.0172               1.1296
10   H               -3.8429               2.8964               1.1683
11   O               -0.7885               2.6565               1.1021
12   H               -0.8326               2.7175               2.0596
13   H               -2.7981               3.3546              -1.8064
14   H               -3.8224               1.4867               1.8393
15   H               -4.0632               0.5506              -1.1449
16   H               -2.0100              -0.8159               0.9866
17   H               -0.0613               0.4734              -1.4455
18   H                0.0659               3.0181               0.7843
19   N                2.0466               2.6922              -0.6843
20   H                2.1327               3.2993              -1.4699
21   H                2.4823               3.1488               0.1218
22   H                2.6739               1.9193              -0.8715


Energy:                 -756.731728 Convergence criteria  Is converged 
Maximum Force:             0.033050     0.002850  No
RMS Force:                 0.018767     0.001900  No
Maximum Displacement:      0.049295     0.003150  No
RMS Displacement:          0.027009     0.002100  No

----------------------------------------------------------------------
                            Iteration: 23                             


                             Coordinates                              
----------------------------------------------------------------------
0    Al              -1.9283               1.6186              -0.0494
1    O               -0.5311               1.3130              -1.3083
2    H                0.1822               1.9981              -1.3691
3    O               -2.2964               3.2692              -0.9786
4    H               -1.9164               4.1398              -0.7786
5    O               -3.0949               0.6275              -1.1944
6    H               -2.8165               0.1816              -2.0126
7    O               -1.5406               0.0340               0.9837
8    H               -0.8280              -0.0370               1.6445
9    O               -3.4258               2.0171               1.1277
10   H               -3.8443               2.8927               1.1714
11   O               -0.7861               2.6546               1.0928
12   H               -0.8419               2.7300               2.0625
13   H               -2.7966               3.3523              -1.8120
14   H               -3.8166               1.4855               1.8428
15   H               -4.0618               0.5545              -1.1452
16   H               -2.0086              -0.8137               0.9871
17   H               -0.0666               0.4696              -1.4532
18   H                0.0716               3.0064               0.7893
19   N                2.0422               2.6887              -0.6728
20   H                2.1272               3.3031              -1.4722
21   H                2.4914               3.1555               0.1142
22   H                2.6840               1.9211              -0.8783


Energy:                 -756.733116 Convergence criteria  Is converged 
Maximum Force:             0.017607     0.002850  No
RMS Force:                 0.010012     0.001900  No
Maximum Displacement:      0.014301     0.003150  No
RMS Displacement:          0.009196     0.002100  No

----------------------------------------------------------------------
                            Iteration: 24                             


                             Coordinates                              
----------------------------------------------------------------------
0    Al              -1.9277               1.6183              -0.0507
1    O               -0.5286               1.3173              -1.3004
2    H                0.2039               1.9921              -1.3398
3    O               -2.2990               3.2670              -0.9789
4    H               -1.9226               4.1377              -0.7771
5    O               -3.0970               0.6270              -1.1969
6    H               -2.8219               0.1889              -2.0243
7    O               -1.5456               0.0331               0.9850
8    H               -0.8347              -0.0305               1.6501
9    O               -3.4255               2.0151               1.1270
10   H               -3.8472               2.8905               1.1736
11   O               -0.7835               2.6505               1.0873
12   H               -0.8631               2.7523               2.0580
13   H               -2.7928               3.3448              -1.8194
14   H               -3.8035               1.4786               1.8487
15   H               -4.0646               0.5621              -1.1434
16   H               -2.0102              -0.8155               0.9856
17   H               -0.0827               0.4651              -1.4667
18   H                0.0878               2.9825               0.7936
19   N                2.0433               2.6864              -0.6681
20   H                2.1130               3.3079              -1.4724
21   H                2.5060               3.1650               0.1039
22   H                2.6942               1.9259              -0.8835


Energy:                 -756.734186 Convergence criteria  Is converged 
Maximum Force:             0.013581     0.002850  No
RMS Force:                 0.009843     0.001900  No
Maximum Displacement:      0.029303     0.003150  No
RMS Displacement:          0.015487     0.002100  No

----------------------------------------------------------------------
                            Iteration: 25                             


                             Coordinates                              
----------------------------------------------------------------------
0    Al              -1.9249               1.6201              -0.0546
1    O               -0.5105               1.3360              -1.2595
2    H                0.2883               1.9635              -1.2335
3    O               -2.3123               3.2592              -0.9827
4    H               -1.9459               4.1330              -0.7687
5    O               -3.1031               0.6270              -1.2082
6    H               -2.8391               0.2146              -2.0578
7    O               -1.5647               0.0349               0.9924
8    H               -0.8545              -0.0100               1.6615
9    O               -3.4230               2.0105               1.1263
10   H               -3.8582               2.8816               1.1738
11   O               -0.7669               2.6333               1.0681
12   H               -0.9288               2.8300               2.0301
13   H               -2.7802               3.3186              -1.8398
14   H               -3.7550               1.4535               1.8589
15   H               -4.0726               0.5868              -1.1309
16   H               -2.0165              -0.8221               0.9732
17   H               -0.1409               0.4542              -1.5021
18   H                0.1498               2.8915               0.8094
19   N                2.0350               2.6823              -0.6617
20   H                2.0803               3.3302              -1.4679
21   H                2.5353               3.1970               0.0628
22   H                2.7063               1.9365              -0.8980


Energy:                 -756.736883 Convergence criteria  Is converged 
Maximum Force:             0.037218     0.002850  No
RMS Force:                 0.017912     0.001900  No
Maximum Displacement:      0.106278     0.003150  No
RMS Displacement:          0.053857     0.002100  No

----------------------------------------------------------------------
                            Iteration: 26                             


                             Coordinates                              
----------------------------------------------------------------------
0    Al              -1.9231               1.6309              -0.0516
1    O               -0.4958               1.3295              -1.2291
2    H                0.3226               1.9489              -1.2243
3    O               -2.3190               3.2654              -0.9767
4    H               -1.9546               4.1370              -0.7664
5    O               -3.1036               0.6333              -1.2038
6    H               -2.8323               0.2092              -2.0550
7    O               -1.5707               0.0426               0.9977
8    H               -0.8416              -0.0186               1.6465
9    O               -3.4139               2.0154               1.1195
10   H               -3.8667               2.8852               1.1584
11   O               -0.7536               2.6227               1.0670
12   H               -0.9008               2.8322               2.0039
13   H               -2.7850               3.3236              -1.8387
14   H               -3.7545               1.4467               1.8445
15   H               -4.0739               0.5808              -1.1171
16   H               -2.0182              -0.8228               0.9559
17   H               -0.1447               0.4703              -1.4727
18   H                0.1679               2.8749               0.8134
19   N                1.9885               2.6760              -0.6734
20   H                2.1298               3.3580              -1.4601
21   H                2.4874               3.1998               0.0435
22   H                2.6538               1.9210              -0.8903


Energy:                 -756.738354 Convergence criteria  Is converged 
Maximum Force:             0.046032     0.002850  No
RMS Force:                 0.020939     0.001900  No
Maximum Displacement:      0.052473     0.003150  No
RMS Displacement:          0.029424     0.002100  No

----------------------------------------------------------------------
                            Iteration: 27                             


                             Coordinates                              
----------------------------------------------------------------------
0    Al              -1.9228               1.6328              -0.0528
1    O               -0.4838               1.3429              -1.2083
2    H                0.3523               1.9376              -1.1928
3    O               -2.3273               3.2635              -0.9790
4    H               -1.9625               4.1389              -0.7638
5    O               -3.1017               0.6356              -1.2090
6    H               -2.8387               0.2165              -2.0553
7    O               -1.5787               0.0444               1.0015
8    H               -0.8446              -0.0177               1.6431
9    O               -3.4108               2.0170               1.1197
10   H               -3.8713               2.8787               1.1538
11   O               -0.7414               2.6167               1.0583
12   H               -0.9080               2.8527               1.9951
13   H               -2.7820               3.3197              -1.8401
14   H               -3.7424               1.4424               1.8399
15   H               -4.0741               0.5837              -1.1116
16   H               -2.0178              -0.8221               0.9479
17   H               -0.1561               0.4614              -1.4750
18   H                0.1860               2.8463               0.8175
19   N                1.9768               2.6847              -0.6889
20   H                2.1319               3.3626              -1.4562
21   H                2.4777               3.2047               0.0372
22   H                2.6371               1.9192              -0.8898


Energy:                 -756.740351 Convergence criteria  Is converged 
Maximum Force:             0.022362     0.002850  No
RMS Force:                 0.014588     0.001900  No
Maximum Displacement:      0.031525     0.003150  No
RMS Displacement:          0.017035     0.002100  No

----------------------------------------------------------------------
                            Iteration: 28                             


                             Coordinates                              
----------------------------------------------------------------------
0    Al              -1.9225               1.6347              -0.0543
1    O               -0.4673               1.3476              -1.1927
2    H                0.3752               1.9315              -1.1722
3    O               -2.3349               3.2648              -0.9788
4    H               -1.9687               4.1413              -0.7633
5    O               -3.0998               0.6406              -1.2107
6    H               -2.8440               0.2194              -2.0493
7    O               -1.5849               0.0479               1.0051
8    H               -0.8448              -0.0223               1.6351
9    O               -3.4058               2.0198               1.1199
10   H               -3.8759               2.8715               1.1476
11   O               -0.7301               2.6134               1.0561
12   H               -0.9010               2.8625               1.9876
13   H               -2.7819               3.3212              -1.8390
14   H               -3.7378               1.4435               1.8310
15   H               -4.0695               0.5810              -1.1080
16   H               -2.0156              -0.8204               0.9398
17   H               -0.1605               0.4576              -1.4681
18   H                0.1979               2.8284               0.8176
19   N                1.9664               2.6990              -0.7092
20   H                2.1409               3.3634              -1.4576
21   H                2.4537               3.2003               0.0403
22   H                2.6088               1.9154              -0.8857


Energy:                 -756.742009 Convergence criteria  Is converged 
Maximum Force:             0.022363     0.002850  No
RMS Force:                 0.012337     0.001900  No
Maximum Displacement:      0.028362     0.003150  No
RMS Displacement:          0.015317     0.002100  No

----------------------------------------------------------------------
                            Iteration: 29                             


                             Coordinates                              
----------------------------------------------------------------------
0    Al              -1.9199               1.6387              -0.0580
1    O               -0.4380               1.3517              -1.1654
2    H                0.4267               1.9174              -1.1187
3    O               -2.3481               3.2662              -0.9765
4    H               -1.9831               4.1439              -0.7625
5    O               -3.0968               0.6500              -1.2115
6    H               -2.8560               0.2271              -2.0496
7    O               -1.5979               0.0545               1.0104
8    H               -0.8492              -0.0266               1.6260
9    O               -3.3947               2.0218               1.1175
10   H               -3.8873               2.8597               1.1393
11   O               -0.7122               2.6064               1.0552
12   H               -0.9008               2.8929               1.9688
13   H               -2.7799               3.3200              -1.8432
14   H               -3.7235               1.4409               1.8224
15   H               -4.0644               0.5810              -1.1016
16   H               -2.0136              -0.8208               0.9261
17   H               -0.1780               0.4543              -1.4644
18   H                0.2274               2.7849               0.8206
19   N                1.9491               2.7140              -0.7303
20   H                2.1483               3.3714              -1.4689
21   H                2.4212               3.1980               0.0402
22   H                2.5687               1.9147              -0.8847


Energy:                 -756.743719 Convergence criteria  Is converged 
Maximum Force:             0.028536     0.002850  No
RMS Force:                 0.013024     0.001900  No
Maximum Displacement:      0.053463     0.003150  No
RMS Displacement:          0.028043     0.002100  No

----------------------------------------------------------------------
                            Iteration: 30                             


                             Coordinates                              
----------------------------------------------------------------------
0    Al              -1.9032               1.6471              -0.0637
1    O               -0.4067               1.3446              -1.1410
2    H                0.4782               1.9119              -1.0712
3    O               -2.3672               3.2713              -0.9743
4    H               -1.9958               4.1529              -0.7669
5    O               -3.0889               0.6647              -1.2093
6    H               -2.8695               0.2284              -2.0404
7    O               -1.6136               0.0577               1.0128
8    H               -0.8506              -0.0425               1.6094
9    O               -3.3791               2.0296               1.1154
10   H               -3.9028               2.8401               1.1267
11   O               -0.6861               2.6022               1.0550
12   H               -0.8697               2.9180               1.9601
13   H               -2.7798               3.3304              -1.8401
14   H               -3.7211               1.4485               1.8100
15   H               -4.0523               0.5714              -1.0977
16   H               -2.0065              -0.8167               0.9112
17   H               -0.1733               0.4555              -1.4502
18   H                0.2353               2.7530               0.8242
19   N                1.9169               2.7345              -0.7516
20   H                2.1657               3.3730              -1.5088
21   H                2.3546               3.1782               0.0676
22   H                2.5134               1.9084              -0.8860


Energy:                 -756.745002 Convergence criteria  Is converged 
Maximum Force:             0.039105     0.002850  No
RMS Force:                 0.017744     0.001900  No
Maximum Displacement:      0.066641     0.003150  No
RMS Displacement:          0.034341     0.002100  No

----------------------------------------------------------------------
                            Iteration: 31                             


                             Coordinates                              
----------------------------------------------------------------------
0    Al              -1.8939               1.6477              -0.0674
1    O               -0.3987               1.3430              -1.1398
2    H                0.4913               1.9149              -1.0502
3    O               -2.3664               3.2768              -0.9660
4    H               -2.0009               4.1512              -0.7713
5    O               -3.0875               0.6691              -1.2074
6    H               -2.8749               0.2289              -2.0459
7    O               -1.6128               0.0619               1.0134
8    H               -0.8579              -0.0453               1.6085
9    O               -3.3718               2.0267               1.1159
10   H               -3.9112               2.8366               1.1260
11   O               -0.6987               2.6027               1.0679
12   H               -0.8650               2.9314               1.9579
13   H               -2.7817               3.3327              -1.8487
14   H               -3.7187               1.4512               1.8139
15   H               -4.0484               0.5716              -1.0986
16   H               -2.0080              -0.8230               0.9095
17   H               -0.1694               0.4527              -1.4582
18   H                0.2478               2.7462               0.8230
19   N                1.9202               2.7364              -0.7547
20   H                2.1524               3.3610              -1.5235
21   H                2.3413               3.1706               0.0791
22   H                2.5108               1.9170              -0.8923


Energy:                 -756.745990 Convergence criteria  Is converged 
Maximum Force:             0.018523     0.002850  No
RMS Force:                 0.011437     0.001900  No
Maximum Displacement:      0.020999     0.003150  No
RMS Displacement:          0.011958     0.002100  No

----------------------------------------------------------------------
                            Iteration: 32                             


                             Coordinates                              
----------------------------------------------------------------------
0    Al              -1.8948               1.6468              -0.0661
1    O               -0.4052               1.3414              -1.1458
2    H                0.4811               1.9183              -1.0602
3    O               -2.3640               3.2754              -0.9689
4    H               -1.9972               4.1519              -0.7708
5    O               -3.0883               0.6659              -1.2086
6    H               -2.8713               0.2277              -2.0488
7    O               -1.6109               0.0589               1.0110
8    H               -0.8564              -0.0430               1.6134
9    O               -3.3751               2.0263               1.1164
10   H               -3.9087               2.8401               1.1278
11   O               -0.7010               2.6036               1.0663
12   H               -0.8685               2.9283               1.9637
13   H               -2.7812               3.3315              -1.8474
14   H               -3.7202               1.4497               1.8184
15   H               -4.0513               0.5734              -1.0988
16   H               -2.0095              -0.8233               0.9126
17   H               -0.1667               0.4553              -1.4616
18   H                0.2404               2.7546               0.8237
19   N                1.9238               2.7279              -0.7458
20   H                2.1476               3.3601              -1.5193
21   H                2.3509               3.1730               0.0740
22   H                2.5244               1.9184              -0.8942


Energy:                 -756.746513 Convergence criteria  Is converged 
Maximum Force:             0.009549     0.002850  No
RMS Force:                 0.005883     0.001900  No
Maximum Displacement:      0.013613     0.003150  No
RMS Displacement:          0.007328     0.002100  No

----------------------------------------------------------------------
                            Iteration: 33                             


                             Coordinates                              
----------------------------------------------------------------------
0    Al              -1.8918               1.6471              -0.0663
1    O               -0.4019               1.3407              -1.1436
2    H                0.4879               1.9206              -1.0521
3    O               -2.3648               3.2765              -0.9707
4    H               -1.9978               4.1545              -0.7716
5    O               -3.0880               0.6651              -1.2112
6    H               -2.8704               0.2280              -2.0537
7    O               -1.6120               0.0560               1.0091
8    H               -0.8574              -0.0431               1.6166
9    O               -3.3750               2.0264               1.1178
10   H               -3.9113               2.8395               1.1257
11   O               -0.6988               2.6038               1.0679
12   H               -0.8681               2.9373               1.9667
13   H               -2.7809               3.3313              -1.8480
14   H               -3.7174               1.4485               1.8226
15   H               -4.0520               0.5756              -1.0962
16   H               -2.0115              -0.8247               0.9114
17   H               -0.1632               0.4578              -1.4671
18   H                0.2384               2.7525               0.8259
19   N                1.9186               2.7199              -0.7435
20   H                2.1394               3.3568              -1.5211
21   H                2.3451               3.1725               0.0715
22   H                2.5308               1.9197              -0.8988


Energy:                 -756.747032 Convergence criteria  Is converged 
Maximum Force:             0.008572     0.002850  No
RMS Force:                 0.005560     0.001900  No
Maximum Displacement:      0.008985     0.003150  No
RMS Displacement:          0.005584     0.002100  No

----------------------------------------------------------------------
                            Iteration: 34                             


                             Coordinates                              
----------------------------------------------------------------------
0    Al              -1.8798               1.6477              -0.0687
1    O               -0.3851               1.3384              -1.1320
2    H                0.5200               1.9286              -1.0155
3    O               -2.3682               3.2820              -0.9751
4    H               -2.0021               4.1640              -0.7757
5    O               -3.0861               0.6639              -1.2216
6    H               -2.8701               0.2306              -2.0690
7    O               -1.6148               0.0468               1.0049
8    H               -0.8645              -0.0454               1.6248
9    O               -3.3738               2.0275               1.1236
10   H               -3.9222               2.8332               1.1167
11   O               -0.6937               2.6053               1.0796
12   H               -0.8629               2.9725               1.9725
13   H               -2.7801               3.3314              -1.8518
14   H               -3.7056               1.4463               1.8357
15   H               -4.0512               0.5825              -1.0871
16   H               -2.0183              -0.8303               0.9051
17   H               -0.1500               0.4672              -1.4867
18   H                0.2369               2.7414               0.8338
19   N                1.8992               2.6958              -0.7439
20   H                2.1067               3.3412              -1.5283
21   H                2.3155               3.1674               0.0654
22   H                2.5480               1.9241              -0.9153


Energy:                 -756.748318 Convergence criteria  Is converged 
Maximum Force:             0.022366     0.002850  No
RMS Force:                 0.010856     0.001900  No
Maximum Displacement:      0.036519     0.003150  No
RMS Displacement:          0.021634     0.002100  No

----------------------------------------------------------------------
                            Iteration: 35                             


                             Coordinates                              
----------------------------------------------------------------------
0    Al              -1.8633               1.6466              -0.0740
1    O               -0.3559               1.3377              -1.1056
2    H                0.5814               1.9401              -0.9547
3    O               -2.3731               3.2912              -0.9783
4    H               -2.0123               4.1777              -0.7833
5    O               -3.0817               0.6669              -1.2346
6    H               -2.8742               0.2358              -2.0884
7    O               -1.6205               0.0360               1.0001
8    H               -0.8779              -0.0529               1.6332
9    O               -3.3679               2.0278               1.1315
10   H               -3.9408               2.8188               1.1011
11   O               -0.6859               2.6076               1.0985
12   H               -0.8502               3.0283               1.9765
13   H               -2.7796               3.3330              -1.8581
14   H               -3.6857               1.4473               1.8508
15   H               -4.0437               0.5907              -1.0753
16   H               -2.0269              -0.8381               0.8930
17   H               -0.1292               0.4838              -1.5134
18   H                0.2395               2.7207               0.8482
19   N                1.8708               2.6622              -0.7560
20   H                2.0554               3.3168              -1.5401
21   H                2.2574               3.1545               0.0567
22   H                2.5622               1.9298              -0.9368


Energy:                 -756.749861 Convergence criteria  Is converged 
Maximum Force:             0.025278     0.002850  No
RMS Force:                 0.015097     0.001900  No
Maximum Displacement:      0.061423     0.003150  No
RMS Displacement:          0.035302     0.002100  No

----------------------------------------------------------------------
                            Iteration: 36                             


                             Coordinates                              
----------------------------------------------------------------------
0    Al              -1.8378               1.6380              -0.0840
1    O               -0.3156               1.3246              -1.0510
2    H                0.7127               1.9708              -0.8560
3    O               -2.3791               3.3042              -0.9890
4    H               -2.0307               4.2039              -0.7972
5    O               -3.0670               0.6733              -1.2607
6    H               -2.8836               0.2496              -2.1153
7    O               -1.6282               0.0174               0.9944
8    H               -0.9075              -0.0704               1.6469
9    O               -3.3593               2.0364               1.1379
10   H               -3.9674               2.7817               1.0719
11   O               -0.6809               2.6216               1.1445
12   H               -0.8251               3.1203               1.9706
13   H               -2.7763               3.3351              -1.8622
14   H               -3.6482               1.4504               1.8807
15   H               -4.0286               0.6042              -1.0572
16   H               -2.0426              -0.8514               0.8701
17   H               -0.0918               0.5370              -1.5550
18   H                0.2442               2.6894               0.8831
19   N                1.8220               2.5971              -0.7819
20   H                1.9483               3.2738              -1.5566
21   H                2.1440               3.1262               0.0296
22   H                2.5963               1.9289              -0.9724


Energy:                 -756.752721 Convergence criteria  Is converged 
Maximum Force:             0.040839     0.002850  No
RMS Force:                 0.025305     0.001900  No
Maximum Displacement:      0.131302     0.003150  No
RMS Displacement:          0.067034     0.002100  No

----------------------------------------------------------------------
                            Iteration: 37                             


                             Coordinates                              
----------------------------------------------------------------------
0    Al              -1.8007               1.6261              -0.0997
1    O               -0.2587               1.3094              -0.9656
2    H                0.9127               2.0148              -0.7093
3    O               -2.3871               3.3248              -0.9979
4    H               -2.0605               4.2387              -0.8177
5    O               -3.0481               0.6873              -1.2925
6    H               -2.8996               0.2688              -2.1530
7    O               -1.6429              -0.0060               0.9873
8    H               -0.9496              -0.0980               1.6630
9    O               -3.3416               2.0426               1.1484
10   H               -4.0099               2.7295               1.0288
11   O               -0.6696               2.6382               1.2043
12   H               -0.7872               3.2549               1.9619
13   H               -2.7734               3.3392              -1.8717
14   H               -3.5932               1.4589               1.9166
15   H               -4.0019               0.6215              -1.0330
16   H               -2.0629              -0.8694               0.8353
17   H               -0.0404               0.6078              -1.6122
18   H                0.2547               2.6385               0.9341
19   N                1.7540               2.5088              -0.8270
20   H                1.7999               3.2137              -1.5847
21   H                1.9745               3.0834              -0.0044
22   H                2.6294               1.9287              -1.0199


Energy:                 -756.735047 Convergence criteria  Is converged 
Maximum Force:             0.245635     0.002850  No
RMS Force:                 0.070315     0.001900  No
Maximum Displacement:      0.200000     0.003150  No
RMS Displacement:          0.097108     0.002100  No

----------------------------------------------------------------------
                            Iteration: 38                             


                             Coordinates                              
----------------------------------------------------------------------
0    Al              -1.8364               1.6316              -0.0872
1    O               -0.3206               1.3190              -1.0308
2    H                0.7517               1.9798              -0.8431
3    O               -2.3740               3.3083              -0.9858
4    H               -2.0369               4.2059              -0.8010
5    O               -3.0652               0.6786              -1.2613
6    H               -2.8867               0.2533              -2.1172
7    O               -1.6298               0.0160               0.9956
8    H               -0.9163              -0.0781               1.6472
9    O               -3.3550               2.0330               1.1390
10   H               -3.9727               2.7715               1.0641
11   O               -0.6823               2.6277               1.1556
12   H               -0.8176               3.1347               1.9632
13   H               -2.7774               3.3357              -1.8643
14   H               -3.6379               1.4573               1.8809
15   H               -4.0184               0.6051              -1.0574
16   H               -2.0449              -0.8530               0.8640
17   H               -0.0842               0.5569              -1.5588
18   H                0.2448               2.6856               0.8972
19   N                1.8289               2.5884              -0.7987
20   H                1.9186               3.2640              -1.5553
21   H                2.1134               3.1167               0.0194
22   H                2.5970               1.9240              -0.9740


Energy:                 -756.756148 Convergence criteria  Is converged 
Maximum Force:             0.042790     0.002850  No
RMS Force:                 0.020273     0.001900  No
Maximum Displacement:      0.161003     0.003150  No
RMS Displacement:          0.082546     0.002100  No

----------------------------------------------------------------------
                            Iteration: 39                             


                             Coordinates                              
----------------------------------------------------------------------
0    Al              -1.8376               1.6282              -0.0876
1    O               -0.3280               1.3212              -1.0200
2    H                0.7710               1.9860              -0.8424
3    O               -2.3723               3.3065              -0.9859
4    H               -2.0389               4.2072              -0.8017
5    O               -3.0616               0.6819              -1.2605
6    H               -2.8890               0.2556              -2.1150
7    O               -1.6321               0.0173               0.9966
8    H               -0.9196              -0.0823               1.6475
9    O               -3.3511               2.0318               1.1353
10   H               -3.9741               2.7666               1.0618
11   O               -0.6867               2.6255               1.1538
12   H               -0.8170               3.1417               1.9643
13   H               -2.7770               3.3357              -1.8627
14   H               -3.6348               1.4603               1.8813
15   H               -4.0162               0.6041              -1.0593
16   H               -2.0449              -0.8534               0.8621
17   H               -0.0830               0.5609              -1.5613
18   H                0.2475               2.6855               0.9046
19   N                1.8317               2.5833              -0.8049
20   H                1.9074               3.2642              -1.5611
21   H                2.1055               3.1140               0.0201
22   H                2.5988               1.9201              -0.9737


Energy:                 -756.758059 Convergence criteria  Is converged 
Maximum Force:             0.040021     0.002850  No
RMS Force:                 0.016529     0.001900  No
Maximum Displacement:      0.019269     0.003150  No
RMS Displacement:          0.007435     0.002100  No

----------------------------------------------------------------------
                            Iteration: 40                             


                             Coordinates                              
----------------------------------------------------------------------
0    Al              -1.8444               1.6093              -0.0895
1    O               -0.3617               1.3143              -0.9702
2    H                0.8933               2.0286              -0.8353
3    O               -2.3590               3.3030              -0.9830
4    H               -2.0524               4.2104              -0.8067
5    O               -3.0505               0.7009              -1.2536
6    H               -2.8988               0.2678              -2.1077
7    O               -1.6483               0.0188               1.0029
8    H               -0.9388              -0.1071               1.6502
9    O               -3.3326               2.0222               1.1195
10   H               -3.9820               2.7384               1.0461
11   O               -0.6988               2.6277               1.1589
12   H               -0.8139               3.1751               1.9571
13   H               -2.7763               3.3351              -1.8570
14   H               -3.6123               1.4796               1.8809
15   H               -3.9979               0.5998              -1.0696
16   H               -2.0446              -0.8534               0.8501
17   H               -0.0821               0.6042              -1.5646
18   H                0.2488               2.6815               0.9519
19   N                1.8442               2.5579              -0.8384
20   H                1.8390               3.2591              -1.5906
21   H                2.0530               3.0928               0.0144
22   H                2.6142               1.8961              -0.9748


Energy:                 -756.762704 Convergence criteria  Is converged 
Maximum Force:             0.029175     0.002850  No
RMS Force:                 0.014347     0.001900  No
Maximum Displacement:      0.122305     0.003150  No
RMS Displacement:          0.043636     0.002100  No

----------------------------------------------------------------------
                            Iteration: 41                             


                             Coordinates                              
----------------------------------------------------------------------
0    Al              -1.8515               1.6138              -0.0806
1    O               -0.3721               1.3228              -0.9831
2    H                0.8997               2.0430              -0.8611
3    O               -2.3551               3.2993              -0.9830
4    H               -2.0485               4.2038              -0.8002
5    O               -3.0600               0.6966              -1.2529
6    H               -2.8881               0.2676              -2.1035
7    O               -1.6537               0.0184               1.0145
8    H               -0.9344              -0.1067               1.6515
9    O               -3.3389               2.0164               1.1163
10   H               -3.9755               2.7470               1.0455
11   O               -0.6949               2.6310               1.1521
12   H               -0.8353               3.1607               1.9638
13   H               -2.7772               3.3307              -1.8541
14   H               -3.6117               1.4782               1.8779
15   H               -4.0105               0.5971              -1.0715
16   H               -2.0451              -0.8551               0.8519
17   H               -0.1011               0.5922              -1.5599
18   H                0.2366               2.6851               0.9575
19   N                1.8539               2.5773              -0.8326
20   H                1.8559               3.2578              -1.5955
21   H                2.0786               3.0901               0.0141
22   H                2.6267               1.8950              -0.9759


Energy:                 -756.764853 Convergence criteria  Is converged 
Maximum Force:             0.031516     0.002850  No
RMS Force:                 0.015590     0.001900  No
Maximum Displacement:      0.025784     0.003150  No
RMS Displacement:          0.015490     0.002100  No

----------------------------------------------------------------------
                            Iteration: 42                             


                             Coordinates                              
----------------------------------------------------------------------
0    Al              -1.8598               1.6177              -0.0704
1    O               -0.3884               1.3307              -1.0012
2    H                0.9201               2.0686              -0.8944
3    O               -2.3484               3.2942              -0.9803
4    H               -2.0443               4.1939              -0.7911
5    O               -3.0764               0.6935              -1.2472
6    H               -2.8730               0.2670              -2.0987
7    O               -1.6645               0.0177               1.0326
8    H               -0.9291              -0.1086               1.6535
9    O               -3.3473               2.0093               1.1093
10   H               -3.9662               2.7566               1.0429
11   O               -0.7051               2.6397               1.1518
12   H               -0.8659               3.1387               1.9680
13   H               -2.7790               3.3242              -1.8512
14   H               -3.6094               1.4766               1.8747
15   H               -4.0253               0.5923              -1.0765
16   H               -2.0454              -0.8572               0.8535
17   H               -0.1322               0.5814              -1.5496
18   H                0.2314               2.6896               0.9676
19   N                1.8797               2.5904              -0.8369
20   H                1.8778               3.2580              -1.6064
21   H                2.1113               3.0883               0.0182
22   H                2.6373               1.8994              -0.9770


Energy:                 -756.767514 Convergence criteria  Is converged 
Maximum Force:             0.020798     0.002850  No
RMS Force:                 0.011843     0.001900  No
Maximum Displacement:      0.033307     0.003150  No
RMS Displacement:          0.021545     0.002100  No

----------------------------------------------------------------------
                            Iteration: 43                             


                             Coordinates                              
----------------------------------------------------------------------
0    Al              -1.8653               1.6153              -0.0640
1    O               -0.4197               1.3451              -1.0191
2    H                0.9920               2.1235              -0.9297
3    O               -2.3428               3.2824              -0.9799
4    H               -2.0394               4.1845              -0.7751
5    O               -3.0944               0.6899              -1.2439
6    H               -2.8518               0.2740              -2.0821
7    O               -1.6888               0.0157               1.0706
8    H               -0.9288              -0.1204               1.6572
9    O               -3.3621               2.0033               1.0925
10   H               -3.9525               2.7629               1.0318
11   O               -0.7243               2.6553               1.1522
12   H               -0.9237               3.1191               1.9827
13   H               -2.7793               3.3116              -1.8408
14   H               -3.5990               1.4737               1.8766
15   H               -4.0551               0.5810              -1.0879
16   H               -2.0475              -0.8634               0.8518
17   H               -0.1916               0.5715              -1.5340
18   H                0.2172               2.6901               1.0034
19   N                1.9340               2.6030              -0.8603
20   H                1.9090               3.2592              -1.6376
21   H                2.1472               3.0796               0.0167
22   H                2.6644               1.9055              -0.9900


Energy:                 -756.770088 Convergence criteria  Is converged 
Maximum Force:             0.028028     0.002850  No
RMS Force:                 0.014844     0.001900  No
Maximum Displacement:      0.071944     0.003150  No
RMS Displacement:          0.039102     0.002100  No

----------------------------------------------------------------------
                            Iteration: 44                             


                             Coordinates                              
----------------------------------------------------------------------
0    Al              -1.8656               1.6115              -0.0690
1    O               -0.4403               1.3673              -1.0430
2    H                1.0304               2.1592              -0.9486
3    O               -2.3392               3.2812              -0.9659
4    H               -2.0349               4.1679              -0.7612
5    O               -3.1258               0.6870              -1.2258
6    H               -2.8323               0.2739              -2.0745
7    O               -1.7137               0.0126               1.1034
8    H               -0.9248              -0.1293               1.6615
9    O               -3.3738               1.9855               1.0898
10   H               -3.9485               2.7850               1.0251
11   O               -0.7588               2.6706               1.1565
12   H               -0.9819               3.0931               2.0004
13   H               -2.7831               3.3002              -1.8411
14   H               -3.5950               1.4721               1.8730
15   H               -4.0751               0.5689              -1.1048
16   H               -2.0473              -0.8658               0.8555
17   H               -0.2521               0.5425              -1.5213
18   H                0.2102               2.6896               1.0330
19   N                1.9792               2.6218              -0.8811
20   H                1.9772               3.2738              -1.6655
21   H                2.1926               3.0816               0.0087
22   H                2.7008               1.9118              -1.0141


Energy:                 -756.771389 Convergence criteria  Is converged 
Maximum Force:             0.035089     0.002850  No
RMS Force:                 0.022137     0.001900  No
Maximum Displacement:      0.068183     0.003150  No
RMS Displacement:          0.038969     0.002100  No

----------------------------------------------------------------------
                            Iteration: 45                             


                             Coordinates                              
----------------------------------------------------------------------
0    Al              -1.8643               1.6101              -0.0734
1    O               -0.4310               1.3597              -1.0428
2    H                1.0203               2.1482              -0.9328
3    O               -2.3465               3.2811              -0.9679
4    H               -2.0352               4.1733              -0.7635
5    O               -3.1168               0.6863              -1.2297
6    H               -2.8402               0.2752              -2.0726
7    O               -1.7092               0.0131               1.0983
8    H               -0.9281              -0.1288               1.6602
9    O               -3.3735               1.9938               1.0902
10   H               -3.9499               2.7791               1.0274
11   O               -0.7560               2.6691               1.1590
12   H               -0.9744               3.0981               1.9996
13   H               -2.7812               3.3026              -1.8403
14   H               -3.5982               1.4711               1.8767
15   H               -4.0728               0.5689              -1.1049
16   H               -2.0473              -0.8653               0.8562
17   H               -0.2459               0.5467              -1.5215
18   H                0.2075               2.6873               1.0323
19   N                1.9743               2.6164              -0.8831
20   H                1.9820               3.2780              -1.6625
21   H                2.1850               3.0857               0.0045
22   H                2.6994               1.9127              -1.0181


Energy:                 -756.773227 Convergence criteria  Is converged 
Maximum Force:             0.018850     0.002850  No
RMS Force:                 0.010837     0.001900  No
Maximum Displacement:      0.015804     0.003150  No
RMS Displacement:          0.008075     0.002100  No

----------------------------------------------------------------------
                            Iteration: 46                             


                             Coordinates                              
----------------------------------------------------------------------
0    Al              -1.8657               1.6068              -0.0795
1    O               -0.4288               1.3598              -1.0492
2    H                1.0312               2.1508              -0.9202
3    O               -2.3566               3.2801              -0.9657
4    H               -2.0343               4.1738              -0.7612
5    O               -3.1159               0.6836              -1.2286
6    H               -2.8445               0.2775              -2.0654
7    O               -1.7138               0.0142               1.1043
8    H               -0.9320              -0.1335               1.6609
9    O               -3.3775               1.9980               1.0892
10   H               -3.9498               2.7774               1.0282
11   O               -0.7641               2.6724               1.1622
12   H               -0.9903               3.0952               2.0078
13   H               -2.7791               3.3017              -1.8376
14   H               -3.6012               1.4709               1.8794
15   H               -4.0780               0.5632              -1.1130
16   H               -2.0479              -0.8666               0.8586
17   H               -0.2630               0.5392              -1.5176
18   H                0.1950               2.6838               1.0492
19   N                1.9864               2.6171              -0.8962
20   H                2.0182               3.2898              -1.6704
21   H                2.1940               3.0917              -0.0084
22   H                2.7154               1.9153              -1.0355


Energy:                 -756.774672 Convergence criteria  Is converged 
Maximum Force:             0.014170     0.002850  No
RMS Force:                 0.008385     0.001900  No
Maximum Displacement:      0.036195     0.003150  No
RMS Displacement:          0.014413     0.002100  No

----------------------------------------------------------------------
                            Iteration: 47                             


                             Coordinates                              
----------------------------------------------------------------------
0    Al              -1.8716               1.6046              -0.0824
1    O               -0.4325               1.3602              -1.0561
2    H                1.0564               2.1611              -0.9149
3    O               -2.3677               3.2792              -0.9587
4    H               -2.0337               4.1705              -0.7577
5    O               -3.1201               0.6801              -1.2235
6    H               -2.8471               0.2789              -2.0586
7    O               -1.7220               0.0147               1.1133
8    H               -0.9370              -0.1405               1.6628
9    O               -3.3807               1.9974               1.0877
10   H               -3.9509               2.7780               1.0292
11   O               -0.7808               2.6779               1.1676
12   H               -1.0172               3.0868               2.0178
13   H               -2.7775               3.3002              -1.8355
14   H               -3.6051               1.4737               1.8799
15   H               -4.0850               0.5549              -1.1248
16   H               -2.0490              -0.8673               0.8627
17   H               -0.2897               0.5277              -1.5111
18   H                0.1773               2.6804               1.0779
19   N                2.0104               2.6236              -0.9139
20   H                2.0687               3.3036              -1.6817
21   H                2.2134               3.0978              -0.0298
22   H                2.7396               1.9184              -1.0590


Energy:                 -756.775903 Convergence criteria  Is converged 
Maximum Force:             0.013949     0.002850  No
RMS Force:                 0.009001     0.001900  No
Maximum Displacement:      0.050544     0.003150  No
RMS Displacement:          0.021720     0.002100  No

----------------------------------------------------------------------
                            Iteration: 48                             


                             Coordinates                              
----------------------------------------------------------------------
0    Al              -1.8870               1.6070              -0.0763
1    O               -0.4507               1.3540              -1.0454
2    H                1.1136               2.1790              -0.9265
3    O               -2.3952               3.2810              -0.9451
4    H               -2.0362               4.1638              -0.7557
5    O               -3.1304               0.6698              -1.2170
6    H               -2.8558               0.2770              -2.0560
7    O               -1.7288               0.0161               1.1159
8    H               -0.9500              -0.1519               1.6686
9    O               -3.3862               2.0029               1.0876
10   H               -3.9551               2.7679               1.0348
11   O               -0.8196               2.6816               1.1772
12   H               -1.0647               3.0740               2.0359
13   H               -2.7728               3.3036              -1.8318
14   H               -3.6183               1.4835               1.8797
15   H               -4.0872               0.5425              -1.1420
16   H               -2.0566              -0.8680               0.8709
17   H               -0.3229               0.5097              -1.5029
18   H                0.1449               2.6743               1.1430
19   N                2.0637               2.6267              -0.9563
20   H                2.1517               3.3271              -1.7001
21   H                2.2604               3.1171              -0.0675
22   H                2.7813               1.9235              -1.0997


Energy:                 -756.777691 Convergence criteria  Is converged 
Maximum Force:             0.027793     0.002850  No
RMS Force:                 0.015889     0.001900  No
Maximum Displacement:      0.082950     0.003150  No
RMS Displacement:          0.040825     0.002100  No

----------------------------------------------------------------------
                            Iteration: 49                             


                             Coordinates                              
----------------------------------------------------------------------
0    Al              -1.9057               1.6100              -0.0666
1    O               -0.4721               1.3387              -1.0337
2    H                1.1773               2.2002              -0.9541
3    O               -2.4236               3.2835              -0.9270
4    H               -2.0391               4.1563              -0.7532
5    O               -3.1339               0.6577              -1.2133
6    H               -2.8635               0.2739              -2.0552
7    O               -1.7364               0.0143               1.1165
8    H               -0.9630              -0.1622               1.6765
9    O               -3.3858               1.9947               1.0927
10   H               -3.9699               2.7704               1.0391
11   O               -0.8561               2.6878               1.1936
12   H               -1.1205               3.0576               2.0528
13   H               -2.7700               3.3077              -1.8326
14   H               -3.6333               1.4943               1.8778
15   H               -4.0991               0.5289              -1.1569
16   H               -2.0674              -0.8672               0.8797
17   H               -0.3570               0.4996              -1.4893
18   H                0.1062               2.6669               1.2142
19   N                2.1222               2.6466              -0.9868
20   H                2.2360               3.3500              -1.7249
21   H                2.3178               3.1316              -0.1152
22   H                2.8347               1.9207              -1.1430


Energy:                 -756.779578 Convergence criteria  Is converged 
Maximum Force:             0.018025     0.002850  No
RMS Force:                 0.011022     0.001900  No
Maximum Displacement:      0.084298     0.003150  No
RMS Displacement:          0.045072     0.002100  No

----------------------------------------------------------------------
                            Iteration: 50                             


                             Coordinates                              
----------------------------------------------------------------------
0    Al              -1.9121               1.6110              -0.0597
1    O               -0.4837               1.3336              -1.0200
2    H                1.2028               2.2105              -0.9804
3    O               -2.4345               3.2861              -0.9224
4    H               -2.0408               4.1537              -0.7524
5    O               -3.1395               0.6524              -1.2125
6    H               -2.8634               0.2699              -2.0616
7    O               -1.7361               0.0119               1.1135
8    H               -0.9676              -0.1632               1.6803
9    O               -3.3900               1.9974               1.0947
10   H               -3.9754               2.7692               1.0395
11   O               -0.8657               2.6896               1.2031
12   H               -1.1434               3.0521               2.0578
13   H               -2.7695               3.3102              -1.8334
14   H               -3.6408               1.4944               1.8811
15   H               -4.1008               0.5262              -1.1576
16   H               -2.0753              -0.8672               0.8817
17   H               -0.3615               0.4982              -1.4854
18   H                0.0935               2.6637               1.2400
19   N                2.1484               2.6533              -0.9978
20   H                2.2547               3.3537              -1.7365
21   H                2.3458               3.1360              -0.1271
22   H                2.8531               1.9194              -1.1537


Energy:                 -756.780821 Convergence criteria  Is converged 
Maximum Force:             0.012525     0.002850  No
RMS Force:                 0.009104     0.001900  No
Maximum Displacement:      0.028042     0.003150  No
RMS Displacement:          0.017216     0.002100  No

----------------------------------------------------------------------
                            Iteration: 51                             


                             Coordinates                              
----------------------------------------------------------------------
0    Al              -1.9339               1.6102              -0.0406
1    O               -0.5145               1.3160              -0.9811
2    H                1.2938               2.2506              -1.0670
3    O               -2.4749               3.2938              -0.9086
4    H               -2.0450               4.1472              -0.7466
5    O               -3.1511               0.6301              -1.2199
6    H               -2.8663               0.2610              -2.0718
7    O               -1.7390               0.0027               1.1079
8    H               -0.9840              -0.1667               1.6940
9    O               -3.4113               2.0013               1.1116
10   H               -3.9984               2.7710               1.0381
11   O               -0.9088               2.6961               1.2371
12   H               -1.2331               3.0346               2.0829
13   H               -2.7689               3.3167              -1.8356
14   H               -3.6662               1.4942               1.8900
15   H               -4.1151               0.5148              -1.1608
16   H               -2.1045              -0.8684               0.8882
17   H               -0.3829               0.4955              -1.4669
18   H                0.0584               2.6495               1.3313
19   N                2.2433               2.6682              -1.0467
20   H                2.3309               3.3701              -1.7849
21   H                2.4482               3.1525              -0.1644
22   H                2.9214               1.9211              -1.1949


Energy:                 -756.783116 Convergence criteria  Is converged 
Maximum Force:             0.020914     0.002850  No
RMS Force:                 0.010057     0.001900  No
Maximum Displacement:      0.102399     0.003150  No
RMS Displacement:          0.062170     0.002100  No

----------------------------------------------------------------------
                            Iteration: 52                             


                             Coordinates                              
----------------------------------------------------------------------
0    Al              -1.9554               1.6024              -0.0308
1    O               -0.5256               1.3102              -0.9586
2    H                1.3830               2.2929              -1.1336
3    O               -2.5136               3.3018              -0.8983
4    H               -2.0495               4.1396              -0.7369
5    O               -3.1688               0.6126              -1.2186
6    H               -2.8707               0.2531              -2.0777
7    O               -1.7522              -0.0063               1.1131
8    H               -1.0018              -0.1725               1.7058
9    O               -3.4410               2.0111               1.1237
10   H               -4.0222               2.7729               1.0354
11   O               -0.9352               2.7003               1.2733
12   H               -1.3336               3.0204               2.1173
13   H               -2.7700               3.3191              -1.8340
14   H               -3.6963               1.4864               1.9083
15   H               -4.1276               0.5005              -1.1693
16   H               -2.1334              -0.8722               0.8956
17   H               -0.4125               0.4888              -1.4440
18   H                0.0063               2.6334               1.4203
19   N                2.3329               2.6947              -1.0968
20   H                2.4307               3.3894              -1.8433
21   H                2.5477               3.1598              -0.2126
22   H                3.0067               1.9238              -1.2469


Energy:                 -756.784261 Convergence criteria  Is converged 
Maximum Force:             0.035563     0.002850  No
RMS Force:                 0.016126     0.001900  No
Maximum Displacement:      0.100537     0.003150  No
RMS Displacement:          0.064693     0.002100  No

----------------------------------------------------------------------
                            Iteration: 53                             


                             Coordinates                              
----------------------------------------------------------------------
0    Al              -1.9616               1.5992              -0.0298
1    O               -0.5265               1.3121              -0.9539
2    H                1.4117               2.3067              -1.1487
3    O               -2.5251               3.3039              -0.8938
4    H               -2.0518               4.1366              -0.7330
5    O               -3.1717               0.6078              -1.2179
6    H               -2.8742               0.2517              -2.0762
7    O               -1.7598              -0.0088               1.1169
8    H               -1.0086              -0.1756               1.7090
9    O               -3.4503               2.0089               1.1307
10   H               -4.0330               2.7755               1.0347
11   O               -0.9558               2.7039               1.2917
12   H               -1.3641               3.0135               2.1224
13   H               -2.7709               3.3193              -1.8337
14   H               -3.7067               1.4863               1.9116
15   H               -4.1338               0.4945              -1.1738
16   H               -2.1423              -0.8738               0.8989
17   H               -0.4238               0.4844              -1.4361
18   H               -0.0068               2.6272               1.4521
19   N                2.3668               2.7001              -1.1189
20   H                2.4714               3.3970              -1.8635
21   H                2.5795               3.1623              -0.2306
22   H                3.0353               1.9295              -1.2669


Energy:                 -756.785349 Convergence criteria  Is converged 
Maximum Force:             0.011378     0.002850  No
RMS Force:                 0.007988     0.001900  No
Maximum Displacement:      0.040661     0.003150  No
RMS Displacement:          0.022710     0.002100  No

----------------------------------------------------------------------
                            Iteration: 54                             


                             Coordinates                              
----------------------------------------------------------------------
0    Al              -1.9697               1.5937              -0.0288
1    O               -0.5235               1.3182              -0.9495
2    H                1.4583               2.3305              -1.1715
3    O               -2.5407               3.3061              -0.8881
4    H               -2.0563               4.1315              -0.7253
5    O               -3.1776               0.6013              -1.2161
6    H               -2.8801               0.2496              -2.0723
7    O               -1.7757              -0.0129               1.1253
8    H               -1.0205              -0.1804               1.7133
9    O               -3.4690               2.0057               1.1417
10   H               -4.0517               2.7783               1.0336
11   O               -0.9826               2.7055               1.3203
12   H               -1.4151               3.0047               2.1339
13   H               -2.7741               3.3187              -1.8322
14   H               -3.7262               1.4850               1.9184
15   H               -4.1433               0.4849              -1.1802
16   H               -2.1574              -0.8774               0.9044
17   H               -0.4398               0.4799              -1.4210
18   H               -0.0337               2.6174               1.5018
19   N                2.4215               2.7094              -1.1562
20   H                2.5396               3.4078              -1.8992
21   H                2.6314               3.1633              -0.2604
22   H                3.0841               1.9411              -1.3005


Energy:                 -756.786232 Convergence criteria  Is converged 
Maximum Force:             0.011997     0.002850  No
RMS Force:                 0.006742     0.001900  No
Maximum Displacement:      0.068168     0.003150  No
RMS Displacement:          0.037376     0.002100  No

----------------------------------------------------------------------
                            Iteration: 55                             


                             Coordinates                              
----------------------------------------------------------------------
0    Al              -1.9753               1.5920              -0.0243
1    O               -0.5245               1.3240              -0.9436
2    H                1.5053               2.3535              -1.1967
3    O               -2.5519               3.3043              -0.8831
4    H               -2.0617               4.1275              -0.7178
5    O               -3.1838               0.5964              -1.2143
6    H               -2.8853               0.2472              -2.0695
7    O               -1.7919              -0.0158               1.1327
8    H               -1.0331              -0.1846               1.7160
9    O               -3.4864               2.0039               1.1479
10   H               -4.0699               2.7763               1.0347
11   O               -1.0090               2.7009               1.3417
12   H               -1.4608               2.9984               2.1462
13   H               -2.7782               3.3185              -1.8301
14   H               -3.7478               1.4848               1.9249
15   H               -4.1507               0.4769              -1.1839
16   H               -2.1723              -0.8814               0.9102
17   H               -0.4491               0.4801              -1.4053
18   H               -0.0593               2.6096               1.5488
19   N                2.4705               2.7203              -1.1889
20   H                2.6008               3.4156              -1.9325
21   H                2.6815               3.1636              -0.2899
22   H                3.1310               1.9503              -1.3321


Energy:                 -756.786930 Convergence criteria  Is converged 
Maximum Force:             0.016187     0.002850  No
RMS Force:                 0.007970     0.001900  No
Maximum Displacement:      0.061219     0.003150  No
RMS Displacement:          0.034819     0.002100  No

----------------------------------------------------------------------
                            Iteration: 56                             


                             Coordinates                              
----------------------------------------------------------------------
0    Al              -1.9899               1.5918              -0.0041
1    O               -0.5352               1.3515              -0.9203
2    H                1.6564               2.4257              -1.2823
3    O               -2.5727               3.2946              -0.8707
4    H               -2.0863               4.1105              -0.6917
5    O               -3.2046               0.5864              -1.2060
6    H               -2.9023               0.2392              -2.0601
7    O               -1.8527              -0.0263               1.1574
8    H               -1.0787              -0.1976               1.7205
9    O               -3.5461               1.9906               1.1656
10   H               -4.1348               2.7620               1.0419
11   O               -1.0829               2.6733               1.4191
12   H               -1.5977               2.9794               2.1764
13   H               -2.7950               3.3162              -1.8167
14   H               -3.8252               1.4894               1.9394
15   H               -4.1707               0.4540              -1.1888
16   H               -2.2213              -0.8935               0.9308
17   H               -0.4616               0.4881              -1.3519
18   H               -0.1622               2.5887               1.6932
19   N                2.6378               2.7497              -1.2975
20   H                2.7961               3.4385              -2.0419
21   H                2.8468               3.1675              -0.3845
22   H                3.2807               1.9826              -1.4365


Energy:                 -756.788569 Convergence criteria  Is converged 
Maximum Force:             0.021984     0.002850  No
RMS Force:                 0.013892     0.001900  No
Maximum Displacement:      0.195276     0.003150  No
RMS Displacement:          0.113346     0.002100  No

----------------------------------------------------------------------
                            Iteration: 57                             


                             Coordinates                              
----------------------------------------------------------------------
0    Al              -2.0053               1.5934               0.0164
1    O               -0.5499               1.3651              -0.9014
2    H                1.7649               2.4718              -1.3514
3    O               -2.5805               3.2784              -0.8605
4    H               -2.1031               4.1051              -0.6726
5    O               -3.2155               0.5825              -1.2025
6    H               -2.9128               0.2346              -2.0520
7    O               -1.8926              -0.0301               1.1731
8    H               -1.1125              -0.2048               1.7214
9    O               -3.5884               1.9871               1.1672
10   H               -4.1802               2.7450               1.0476
11   O               -1.1428               2.6467               1.4654
12   H               -1.6846               2.9695               2.1959
13   H               -2.8089               3.3133              -1.8068
14   H               -3.8829               1.4887               1.9516
15   H               -4.1830               0.4417              -1.1849
16   H               -2.2581              -0.9037               0.9438
17   H               -0.4558               0.5050              -1.3124
18   H               -0.2226               2.5763               1.7890
19   N                2.7416               2.7781              -1.3624
20   H                2.9205               3.4541              -2.1143
21   H                2.9634               3.1752              -0.4497
22   H                3.3870               1.9890              -1.5093


Energy:                 -756.790104 Convergence criteria  Is converged 
Maximum Force:             0.019833     0.002850  No
RMS Force:                 0.011893     0.001900  No
Maximum Displacement:      0.124443     0.003150  No
RMS Displacement:          0.076663     0.002100  No

----------------------------------------------------------------------
                            Iteration: 58                             


                             Coordinates                              
----------------------------------------------------------------------
0    Al              -2.0106               1.5965               0.0278
1    O               -0.5624               1.3747              -0.8900
2    H                1.7986               2.4823              -1.3792
3    O               -2.5705               3.2681              -0.8578
4    H               -2.1124               4.1042              -0.6654
5    O               -3.2198               0.5869              -1.1991
6    H               -2.9144               0.2332              -2.0497
7    O               -1.9101              -0.0313               1.1766
8    H               -1.1254              -0.2060               1.7192
9    O               -3.6043               1.9811               1.1646
10   H               -4.1996               2.7347               1.0503
11   O               -1.1576               2.6263               1.4763
12   H               -1.7026               2.9709               2.2001
13   H               -2.8162               3.3103              -1.7999
14   H               -3.9052               1.4902               1.9500
15   H               -4.1820               0.4418              -1.1760
16   H               -2.2710              -0.9058               0.9483
17   H               -0.4359               0.5169              -1.2991
18   H               -0.2453               2.5759               1.8102
19   N                2.7763               2.7834              -1.3806
20   H                2.9511               3.4574              -2.1342
21   H                3.0017               3.1821              -0.4691
22   H                3.4155               1.9884              -1.5321


Energy:                 -756.791399 Convergence criteria  Is converged 
Maximum Force:             0.014835     0.002850  No
RMS Force:                 0.008998     0.001900  No
Maximum Displacement:      0.038209     0.003150  No
RMS Displacement:          0.024706     0.002100  No

----------------------------------------------------------------------
                            Iteration: 59                             


                             Coordinates                              
----------------------------------------------------------------------
0    Al              -2.0270               1.5958               0.0468
1    O               -0.5870               1.3869              -0.8688
2    H                1.8425               2.4879              -1.4234
3    O               -2.5444               3.2554              -0.8558
4    H               -2.1296               4.1038              -0.6549
5    O               -3.2184               0.5999              -1.1961
6    H               -2.9151               0.2344              -2.0411
7    O               -1.9338              -0.0330               1.1802
8    H               -1.1463              -0.2050               1.7134
9    O               -3.6312               1.9711               1.1550
10   H               -4.2319               2.7174               1.0498
11   O               -1.1782               2.5917               1.4918
12   H               -1.7110               2.9770               2.2006
13   H               -2.8276               3.3003              -1.7817
14   H               -3.9368               1.4869               1.9428
15   H               -4.1796               0.4473              -1.1526
16   H               -2.2922              -0.9070               0.9524
17   H               -0.3838               0.5440              -1.2789
18   H               -0.2710               2.5784               1.8219
19   N                2.8245               2.7829              -1.4017
20   H                2.9793               3.4631              -2.1531
21   H                3.0538               3.2005              -0.4945
22   H                3.4427               1.9825              -1.5609


Energy:                 -756.793052 Convergence criteria  Is converged 
Maximum Force:             0.011589     0.002850  No
RMS Force:                 0.008565     0.001900  No
Maximum Displacement:      0.052151     0.003150  No
RMS Displacement:          0.035584     0.002100  No

----------------------------------------------------------------------
                            Iteration: 60                             


                             Coordinates                              
----------------------------------------------------------------------
0    Al              -2.0649               1.5793               0.0669
1    O               -0.6118               1.4049              -0.8328
2    H                1.9638               2.5235              -1.5082
3    O               -2.5392               3.2393              -0.8364
4    H               -2.1519               4.1075              -0.6303
5    O               -3.2393               0.6110              -1.1795
6    H               -2.9185               0.2312              -2.0325
7    O               -1.9884              -0.0420               1.1895
8    H               -1.1818              -0.2110               1.7181
9    O               -3.6928               1.9491               1.1621
10   H               -4.3023               2.7071               1.0401
11   O               -1.2345               2.5536               1.5473
12   H               -1.7938               2.9774               2.2247
13   H               -2.8467               3.2844              -1.7623
14   H               -3.9970               1.4763               1.9377
15   H               -4.1784               0.4446              -1.1297
16   H               -2.3413              -0.9112               0.9630
17   H               -0.3335               0.5739              -1.2326
18   H               -0.3292               2.5676               1.8930
19   N                2.9440               2.8059              -1.4747
20   H                3.1034               3.4854              -2.2205
21   H                3.1866               3.2243              -0.5708
22   H                3.5455               1.9799              -1.6409


Energy:                 -756.793725 Convergence criteria  Is converged 
Maximum Force:             0.035906     0.002850  No
RMS Force:                 0.020378     0.001900  No
Maximum Displacement:      0.132780     0.003150  No
RMS Displacement:          0.084146     0.002100  No

----------------------------------------------------------------------
                            Iteration: 61                             


                             Coordinates                              
----------------------------------------------------------------------
0    Al              -2.0754               1.5740               0.0726
1    O               -0.6165               1.4089              -0.8227
2    H                2.0091               2.5410              -1.5362
3    O               -2.5451               3.2399              -0.8314
4    H               -2.1596               4.1039              -0.6223
5    O               -3.2393               0.6099              -1.1801
6    H               -2.9232               0.2318              -2.0245
7    O               -2.0026              -0.0449               1.1975
8    H               -1.1984              -0.2138               1.7189
9    O               -3.7159               1.9505               1.1614
10   H               -4.3225               2.7007               1.0382
11   O               -1.2574               2.5463               1.5725
12   H               -1.8306               2.9732               2.2341
13   H               -2.8513               3.2803              -1.7543
14   H               -4.0203               1.4703               1.9433
15   H               -4.1878               0.4394              -1.1263
16   H               -2.3596              -0.9155               0.9671
17   H               -0.3277               0.5810              -1.2148
18   H               -0.3555               2.5617               1.9271
19   N                2.9953               2.8121              -1.5063
20   H                3.1588               3.4949              -2.2504
21   H                3.2369               3.2296              -0.6006
22   H                3.5864               1.9869              -1.6716


Energy:                 -756.795057 Convergence criteria  Is converged 
Maximum Force:             0.011503     0.002850  No
RMS Force:                 0.009361     0.001900  No
Maximum Displacement:      0.055396     0.003150  No
RMS Displacement:          0.033154     0.002100  No

----------------------------------------------------------------------
                            Iteration: 62                             


                             Coordinates                              
----------------------------------------------------------------------
0    Al              -2.0919               1.5634               0.0786
1    O               -0.6233               1.4119              -0.8062
2    H                2.0681               2.5601              -1.5719
3    O               -2.5547               3.2421              -0.8214
4    H               -2.1684               4.1026              -0.6117
5    O               -3.2441               0.6107              -1.1780
6    H               -2.9268               0.2333              -2.0145
7    O               -2.0216              -0.0504               1.2056
8    H               -1.2191              -0.2175               1.7221
9    O               -3.7483               1.9488               1.1619
10   H               -4.3522               2.6954               1.0309
11   O               -1.2868               2.5389               1.6063
12   H               -1.8734               2.9687               2.2473
13   H               -2.8570               3.2724              -1.7427
14   H               -4.0479               1.4597               1.9462
15   H               -4.1959               0.4350              -1.1190
16   H               -2.3848              -0.9193               0.9712
17   H               -0.3126               0.5915              -1.1913
18   H               -0.3864               2.5543               1.9618
19   N                3.0583               2.8208              -1.5462
20   H                3.2288               3.5086              -2.2863
21   H                3.3009               3.2383              -0.6408
22   H                3.6372               1.9929              -1.7107


Energy:                 -756.795778 Convergence criteria  Is converged 
Maximum Force:             0.010465     0.002850  No
RMS Force:                 0.005839     0.001900  No
Maximum Displacement:      0.070021     0.003150  No
RMS Displacement:          0.041912     0.002100  No

----------------------------------------------------------------------
                            Iteration: 63                             


                             Coordinates                              
----------------------------------------------------------------------
0    Al              -2.0954               1.5608               0.0811
1    O               -0.6264               1.4098              -0.7974
2    H                2.0863               2.5641              -1.5813
3    O               -2.5628               3.2441              -0.8137
4    H               -2.1692               4.1043              -0.6091
5    O               -3.2463               0.6118              -1.1766
6    H               -2.9264               0.2351              -2.0102
7    O               -2.0268              -0.0528               1.2066
8    H               -1.2263              -0.2196               1.7253
9    O               -3.7590               1.9478               1.1592
10   H               -4.3631               2.6935               1.0256
11   O               -1.2985               2.5376               1.6139
12   H               -1.8816               2.9680               2.2544
13   H               -2.8579               3.2688              -1.7376
14   H               -4.0558               1.4537               1.9449
15   H               -4.2001               0.4346              -1.1152
16   H               -2.3941              -0.9204               0.9717
17   H               -0.3025               0.5950              -1.1829
18   H               -0.3943               2.5529               1.9653
19   N                3.0741               2.8247              -1.5582
20   H                3.2514               3.5133              -2.2967
21   H                3.3202               3.2407              -0.6550
22   H                3.6524               1.9942              -1.7227


Energy:                 -756.796201 Convergence criteria  Is converged 
Maximum Force:             0.008777     0.002850  No
RMS Force:                 0.005732     0.001900  No
Maximum Displacement:      0.022550     0.003150  No
RMS Displacement:          0.013078     0.002100  No

----------------------------------------------------------------------
                            Iteration: 64                             


                             Coordinates                              
----------------------------------------------------------------------
0    Al              -2.0957               1.5597               0.0854
1    O               -0.6259               1.3920              -0.7757
2    H                2.1028               2.5628              -1.5828
3    O               -2.5988               3.2613              -0.7863
4    H               -2.1620               4.1091              -0.6098
5    O               -3.2554               0.6143              -1.1714
6    H               -2.9212               0.2427              -1.9999
7    O               -2.0274              -0.0595               1.2040
8    H               -1.2394              -0.2275               1.7387
9    O               -3.7763               1.9445               1.1488
10   H               -4.3808               2.6903               1.0056
11   O               -1.3147               2.5464               1.6159
12   H               -1.8771               2.9683               2.2786
13   H               -2.8534               3.2600              -1.7243
14   H               -4.0605               1.4367               1.9318
15   H               -4.2108               0.4368              -1.1088
16   H               -2.4111              -0.9219               0.9688
17   H               -0.2759               0.5986              -1.1669
18   H               -0.4025               2.5532               1.9380
19   N                3.0896               2.8292              -1.5774
20   H                3.2864               3.5219              -2.3084
21   H                3.3402               3.2414              -0.6771
22   H                3.6678               2.0018              -1.7358


Energy:                 -756.797343 Convergence criteria  Is converged 
Maximum Force:             0.012217     0.002850  No
RMS Force:                 0.007909     0.001900  No
Maximum Displacement:      0.036012     0.003150  No
RMS Displacement:          0.023576     0.002100  No

----------------------------------------------------------------------
                            Iteration: 65                             


                             Coordinates                              
----------------------------------------------------------------------
0    Al              -2.1217               1.5593               0.1084
1    O               -0.6365               1.3975              -0.7299
2    H                2.1595               2.5745              -1.6183
3    O               -2.6353               3.2756              -0.7513
4    H               -2.1619               4.1118              -0.6035
5    O               -3.2662               0.6275              -1.1567
6    H               -2.9200               0.2518              -1.9812
7    O               -2.0512              -0.0701               1.2018
8    H               -1.2711              -0.2437               1.7581
9    O               -3.8140               1.9308               1.1289
10   H               -4.4240               2.6690               0.9808
11   O               -1.3570               2.5408               1.6280
12   H               -1.8881               2.9709               2.3173
13   H               -2.8536               3.2441              -1.6910
14   H               -4.0931               1.4163               1.9072
15   H               -4.2228               0.4408              -1.0929
16   H               -2.4455              -0.9228               0.9703
17   H               -0.2084               0.6000              -1.1359
18   H               -0.4213               2.5537               1.9144
19   N                3.1455               2.8434              -1.6189
20   H                3.3563               3.5353              -2.3458
21   H                3.4068               3.2526              -0.7196
22   H                3.7213               2.0030              -1.7791


Energy:                 -756.796902 Convergence criteria  Is converged 
Maximum Force:             0.048427     0.002850  No
RMS Force:                 0.020741     0.001900  No
Maximum Displacement:      0.069913     0.003150  No
RMS Displacement:          0.049672     0.002100  No

----------------------------------------------------------------------
                            Iteration: 66                             


                             Coordinates                              
----------------------------------------------------------------------
0    Al              -2.1080               1.5644               0.0995
1    O               -0.6250               1.3877              -0.7525
2    H                2.1197               2.5645              -1.5930
3    O               -2.6239               3.2724              -0.7626
4    H               -2.1574               4.1109              -0.6099
5    O               -3.2625               0.6230              -1.1616
6    H               -2.9194               0.2493              -1.9895
7    O               -2.0352              -0.0648               1.2003
8    H               -1.2557              -0.2388               1.7520
9    O               -3.7895               1.9341               1.1338
10   H               -4.4000               2.6769               0.9896
11   O               -1.3319               2.5486               1.6122
12   H               -1.8659               2.9709               2.3021
13   H               -2.8509               3.2519              -1.7056
14   H               -4.0729               1.4260               1.9116
15   H               -4.2157               0.4416              -1.1016
16   H               -2.4260              -0.9217               0.9679
17   H               -0.2379               0.6010              -1.1496
18   H               -0.4047               2.5566               1.9028
19   N                3.1048               2.8349              -1.5909
20   H                3.3087               3.5259              -2.3218
21   H                3.3614               3.2451              -0.6912
22   H                3.6858               2.0019              -1.7511


Energy:                 -756.798275 Convergence criteria  Is converged 
Maximum Force:             0.008463     0.002850  No
RMS Force:                 0.005500     0.001900  No
Maximum Displacement:      0.047527     0.003150  No
RMS Displacement:          0.029932     0.002100  No

----------------------------------------------------------------------
                            Iteration: 67                             


                             Coordinates                              
----------------------------------------------------------------------
0    Al              -2.1043               1.5683               0.0990
1    O               -0.6218               1.3860              -0.7557
2    H                2.1050               2.5610              -1.5850
3    O               -2.6228               3.2728              -0.7629
4    H               -2.1545               4.1100              -0.6126
5    O               -3.2613               0.6239              -1.1615
6    H               -2.9195               0.2498              -1.9901
7    O               -2.0305              -0.0634               1.1991
8    H               -1.2535              -0.2399               1.7523
9    O               -3.7815               1.9331               1.1313
10   H               -4.3932               2.6750               0.9902
11   O               -1.3236               2.5521               1.6037
12   H               -1.8520               2.9718               2.3008
13   H               -2.8496               3.2537              -1.7069
14   H               -4.0681               1.4282               1.9084
15   H               -4.2136               0.4434              -1.1040
16   H               -2.4204              -0.9212               0.9668
17   H               -0.2404               0.6008              -1.1515
18   H               -0.3973               2.5593               1.8871
19   N                3.0912               2.8315              -1.5810
20   H                3.2902               3.5216              -2.3142
21   H                3.3458               3.2428              -0.6801
22   H                3.6735               2.0016              -1.7421


Energy:                 -756.798519 Convergence criteria  Is converged 
Maximum Force:             0.006927     0.002850  No
RMS Force:                 0.003864     0.001900  No
Maximum Displacement:      0.018512     0.003150  No
RMS Displacement:          0.010616     0.002100  No

----------------------------------------------------------------------
                            Iteration: 68                             


                             Coordinates                              
----------------------------------------------------------------------
0    Al              -2.1035               1.5746               0.1027
1    O               -0.6183               1.3868              -0.7506
2    H                2.0946               2.5603              -1.5821
3    O               -2.6259               3.2755              -0.7566
4    H               -2.1496               4.1077              -0.6146
5    O               -3.2607               0.6294              -1.1581
6    H               -2.9211               0.2526              -1.9860
7    O               -2.0294              -0.0633               1.1986
8    H               -1.2594              -0.2471               1.7575
9    O               -3.7765               1.9262               1.1220
10   H               -4.3920               2.6645               0.9852
11   O               -1.3190               2.5582               1.5942
12   H               -1.8288               2.9728               2.3065
13   H               -2.8491               3.2536              -1.7011
14   H               -4.0706               1.4270               1.8967
15   H               -4.2116               0.4480              -1.1052
16   H               -2.4190              -0.9208               0.9654
17   H               -0.2310               0.6042              -1.1431
18   H               -0.3875               2.5648               1.8510
19   N                3.0831               2.8281              -1.5728
20   H                3.2722               3.5158              -2.3110
21   H                3.3351               3.2415              -0.6700
22   H                3.6659               2.0018              -1.7375


Energy:                 -756.798958 Convergence criteria  Is converged 
Maximum Force:             0.009387     0.002850  No
RMS Force:                 0.004181     0.001900  No
Maximum Displacement:      0.036103     0.003150  No
RMS Displacement:          0.013385     0.002100  No

----------------------------------------------------------------------
                            Iteration: 69                             


                             Coordinates                              
----------------------------------------------------------------------
0    Al              -2.1018               1.5783               0.1063
1    O               -0.6159               1.3946              -0.7362
2    H                2.0948               2.5646              -1.5854
3    O               -2.6306               3.2766              -0.7449
4    H               -2.1403               4.1057              -0.6121
5    O               -3.2589               0.6394              -1.1536
6    H               -2.9240               0.2576              -1.9772
7    O               -2.0357              -0.0654               1.2016
8    H               -1.2743              -0.2613               1.7704
9    O               -3.7801               1.9150               1.1069
10   H               -4.3971               2.6462               0.9704
11   O               -1.3139               2.5660               1.5828
12   H               -1.8000               2.9756               2.3250
13   H               -2.8532               3.2516              -1.6906
14   H               -4.0842               1.4151               1.8816
15   H               -4.2123               0.4563              -1.1052
16   H               -2.4243              -0.9213               0.9628
17   H               -0.2145               0.6154              -1.1169
18   H               -0.3732               2.5743               1.7919
19   N                3.0798               2.8287              -1.5687
20   H                3.2582               3.5084              -2.3134
21   H                3.3321               3.2395              -0.6651
22   H                3.6674               2.0012              -1.7391


Energy:                 -756.799469 Convergence criteria  Is converged 
Maximum Force:             0.011051     0.002850  No
RMS Force:                 0.007629     0.001900  No
Maximum Displacement:      0.059124     0.003150  No
RMS Displacement:          0.020665     0.002100  No

----------------------------------------------------------------------
                            Iteration: 70                             


                             Coordinates                              
----------------------------------------------------------------------
0    Al              -2.1053               1.5788               0.1131
1    O               -0.6149               1.4095              -0.7137
2    H                2.1061               2.5726              -1.5967
3    O               -2.6354               3.2811              -0.7312
4    H               -2.1324               4.1002              -0.6056
5    O               -3.2627               0.6516              -1.1467
6    H               -2.9258               0.2623              -1.9680
7    O               -2.0476              -0.0705               1.2087
8    H               -1.2984              -0.2788               1.7872
9    O               -3.7938               1.8948               1.0958
10   H               -4.4136               2.6273               0.9478
11   O               -1.3210               2.5767               1.5824
12   H               -1.7704               2.9746               2.3453
13   H               -2.8607               3.2476              -1.6740
14   H               -4.1063               1.3978               1.8610
15   H               -4.2124               0.4670              -1.1023
16   H               -2.4384              -0.9228               0.9598
17   H               -0.1897               0.6292              -1.0787
18   H               -0.3594               2.5853               1.7282
19   N                3.0960               2.8278              -1.5758
20   H                3.2602               3.5053              -2.3255
21   H                3.3446               3.2400              -0.6700
22   H                3.6793               2.0047              -1.7497


Energy:                 -756.799969 Convergence criteria  Is converged 
Maximum Force:             0.011729     0.002850  No
RMS Force:                 0.006623     0.001900  No
Maximum Displacement:      0.063703     0.003150  No
RMS Displacement:          0.026320     0.002100  No

----------------------------------------------------------------------
                            Iteration: 71                             


                             Coordinates                              
----------------------------------------------------------------------
0    Al              -2.1102               1.5750               0.1163
1    O               -0.6146               1.4174              -0.7075
2    H                2.1185               2.5760              -1.6033
3    O               -2.6342               3.2806              -0.7306
4    H               -2.1318               4.0988              -0.6005
5    O               -3.2630               0.6527              -1.1482
6    H               -2.9255               0.2625              -1.9666
7    O               -2.0544              -0.0739               1.2129
8    H               -1.3063              -0.2822               1.7925
9    O               -3.8052               1.8921               1.0959
10   H               -4.4211               2.6239               0.9400
11   O               -1.3223               2.5774               1.5886
12   H               -1.7699               2.9729               2.3511
13   H               -2.8657               3.2467              -1.6699
14   H               -4.1169               1.3881               1.8611
15   H               -4.2150               0.4695              -1.0997
16   H               -2.4466              -0.9234               0.9590
17   H               -0.1854               0.6341              -1.0643
18   H               -0.3636               2.5882               1.7209
19   N                3.1078               2.8301              -1.5852
20   H                3.2746               3.5090              -2.3335
21   H                3.3580               3.2412              -0.6800
22   H                3.6906               2.0055              -1.7578


Energy:                 -756.800348 Convergence criteria  Is converged 
Maximum Force:             0.006407     0.002850  No
RMS Force:                 0.005107     0.001900  No
Maximum Displacement:      0.014463     0.003150  No
RMS Displacement:          0.010584     0.002100  No

----------------------------------------------------------------------
                            Iteration: 72                             


                             Coordinates                              
----------------------------------------------------------------------
0    Al              -2.1218               1.5687               0.1272
1    O               -0.6109               1.4358              -0.6916
2    H                2.1451               2.5829              -1.6173
3    O               -2.6314               3.2768              -0.7245
4    H               -2.1274               4.0957              -0.5881
5    O               -3.2661               0.6571              -1.1501
6    H               -2.9237               0.2624              -1.9655
7    O               -2.0717              -0.0813               1.2228
8    H               -1.3277              -0.2933               1.8091
9    O               -3.8301               1.8795               1.0959
10   H               -4.4408               2.6138               0.9185
11   O               -1.3282               2.5779               1.5939
12   H               -1.7596               2.9704               2.3710
13   H               -2.8797               3.2460              -1.6614
14   H               -4.1445               1.3640               1.8563
15   H               -4.2191               0.4785              -1.0938
16   H               -2.4672              -0.9260               0.9561
17   H               -0.1743               0.6502              -1.0226
18   H               -0.3647               2.5995               1.6917
19   N                3.1324               2.8361              -1.6060
20   H                3.3057               3.5172              -2.3519
21   H                3.3874               3.2436              -0.7024
22   H                3.7161               2.0068              -1.7761


Energy:                 -756.800876 Convergence criteria  Is converged 
Maximum Force:             0.006270     0.002850  No
RMS Force:                 0.004103     0.001900  No
Maximum Displacement:      0.041685     0.003150  No
RMS Displacement:          0.026263     0.002100  No

----------------------------------------------------------------------
                            Iteration: 73                             


                             Coordinates                              
----------------------------------------------------------------------
0    Al              -2.1268               1.5679               0.1374
1    O               -0.6147               1.4529              -0.6756
2    H                2.1632               2.5853              -1.6271
3    O               -2.6287               3.2714              -0.7205
4    H               -2.1257               4.0903              -0.5794
5    O               -3.2664               0.6577              -1.1543
6    H               -2.9228               0.2611              -1.9674
7    O               -2.0848              -0.0866               1.2298
8    H               -1.3466              -0.3009               1.8220
9    O               -3.8477               1.8706               1.0965
10   H               -4.4547               2.6016               0.9067
11   O               -1.3319               2.5751               1.5962
12   H               -1.7463               2.9669               2.3848
13   H               -2.8911               3.2500              -1.6550
14   H               -4.1697               1.3488               1.8513
15   H               -4.2216               0.4857              -1.0907
16   H               -2.4832              -0.9284               0.9546
17   H               -0.1665               0.6597              -0.9890
18   H               -0.3695               2.6119               1.6724
19   N                3.1558               2.8386              -1.6249
20   H                3.3334               3.5252              -2.3654
21   H                3.4111               3.2468              -0.7210
22   H                3.7331               2.0108              -1.7903


Energy:                 -756.801155 Convergence criteria  Is converged 
Maximum Force:             0.011007     0.002850  No
RMS Force:                 0.006252     0.001900  No
Maximum Displacement:      0.033555     0.003150  No
RMS Displacement:          0.020835     0.002100  No

----------------------------------------------------------------------
                            Iteration: 74                             


                             Coordinates                              
----------------------------------------------------------------------
0    Al              -2.1317               1.5694               0.1470
1    O               -0.6153               1.4619              -0.6631
2    H                2.1791               2.5873              -1.6354
3    O               -2.6278               3.2673              -0.7173
4    H               -2.1243               4.0837              -0.5732
5    O               -3.2666               0.6587              -1.1561
6    H               -2.9229               0.2596              -1.9701
7    O               -2.0960              -0.0909               1.2344
8    H               -1.3642              -0.3084               1.8338
9    O               -3.8581               1.8599               1.0961
10   H               -4.4670               2.5895               0.8985
11   O               -1.3361               2.5741               1.5992
12   H               -1.7290               2.9626               2.3947
13   H               -2.9003               3.2552              -1.6476
14   H               -4.1925               1.3385               1.8438
15   H               -4.2215               0.4923              -1.0902
16   H               -2.4955              -0.9298               0.9540
17   H               -0.1617               0.6721              -0.9571
18   H               -0.3712               2.6245               1.6510
19   N                3.1702               2.8422              -1.6375
20   H                3.3540               3.5308              -2.3761
21   H                3.4292               3.2494              -0.7353
22   H                3.7472               2.0124              -1.8023


Energy:                 -756.801446 Convergence criteria  Is converged 
Maximum Force:             0.005240     0.002850  No
RMS Force:                 0.003341     0.001900  No
Maximum Displacement:      0.031874     0.003150  No
RMS Displacement:          0.017702     0.002100  No

----------------------------------------------------------------------
                            Iteration: 75                             


                             Coordinates                              
----------------------------------------------------------------------
0    Al              -2.1356               1.5715               0.1530
1    O               -0.6179               1.4679              -0.6525
2    H                2.1894               2.5886              -1.6416
3    O               -2.6297               3.2644              -0.7134
4    H               -2.1233               4.0782              -0.5699
5    O               -3.2648               0.6592              -1.1562
6    H               -2.9247               0.2586              -1.9724
7    O               -2.1028              -0.0922               1.2359
8    H               -1.3783              -0.3142               1.8424
9    O               -3.8614               1.8520               1.0941
10   H               -4.4751               2.5784               0.8959
11   O               -1.3365               2.5730               1.5992
12   H               -1.7140               2.9603               2.4036
13   H               -2.9066               3.2609              -1.6425
14   H               -4.2097               1.3338               1.8363
15   H               -4.2194               0.4968              -1.0928
16   H               -2.5028              -0.9309               0.9542
17   H               -0.1568               0.6784              -0.9346
18   H               -0.3712               2.6351               1.6324
19   N                3.1785               2.8452              -1.6440
20   H                3.3651               3.5327              -2.3825
21   H                3.4399               3.2513              -0.7429
22   H                3.7556               2.0131              -1.8105


Energy:                 -756.801618 Convergence criteria  Is converged 
Maximum Force:             0.004177     0.002850  No
RMS Force:                 0.002734     0.001900  No
Maximum Displacement:      0.022549     0.003150  No
RMS Displacement:          0.012455     0.002100  No

----------------------------------------------------------------------
                            Iteration: 76                             


                             Coordinates                              
----------------------------------------------------------------------
0    Al              -2.1428               1.5718               0.1579
1    O               -0.6200               1.4705              -0.6416
2    H                2.2001               2.5910              -1.6505
3    O               -2.6363               3.2622              -0.7086
4    H               -2.1219               4.0724              -0.5660
5    O               -3.2598               0.6574              -1.1573
6    H               -2.9284               0.2580              -1.9747
7    O               -2.1097              -0.0935               1.2354
8    H               -1.3955              -0.3194               1.8523
9    O               -3.8657               1.8461               1.0929
10   H               -4.4825               2.5656               0.8963
11   O               -1.3366               2.5727               1.6032
12   H               -1.6978               2.9572               2.4136
13   H               -2.9142               3.2688              -1.6381
14   H               -4.2288               1.3294               1.8277
15   H               -4.2157               0.5005              -1.0992
16   H               -2.5100              -0.9313               0.9554
17   H               -0.1525               0.6844              -0.9084
18   H               -0.3692               2.6480               1.6121
19   N                3.1928               2.8458              -1.6515
20   H                3.3762               3.5339              -2.3900
21   H                3.4523               3.2547              -0.7488
22   H                3.7639               2.0161              -1.8205


Energy:                 -756.801728 Convergence criteria  Is converged 
Maximum Force:             0.009147     0.002850  No
RMS Force:                 0.004823     0.001900  No
Maximum Displacement:      0.026189     0.003150  No
RMS Displacement:          0.014103     0.002100  No

----------------------------------------------------------------------
                            Iteration: 77                             


                             Coordinates                              
----------------------------------------------------------------------
0    Al              -2.1459               1.5702               0.1588
1    O               -0.6224               1.4732              -0.6362
2    H                2.2071               2.5931              -1.6553
3    O               -2.6405               3.2634              -0.7071
4    H               -2.1217               4.0694              -0.5638
5    O               -3.2585               0.6561              -1.1571
6    H               -2.9291               0.2574              -1.9769
7    O               -2.1124              -0.0941               1.2351
8    H               -1.4033              -0.3208               1.8567
9    O               -3.8683               1.8435               1.0936
10   H               -4.4866               2.5627               0.8960
11   O               -1.3343               2.5728               1.6058
12   H               -1.6924               2.9563               2.4194
13   H               -2.9179               3.2719              -1.6359
14   H               -4.2364               1.3262               1.8248
15   H               -4.2137               0.5018              -1.1029
16   H               -2.5135              -0.9317               0.9558
17   H               -0.1491               0.6838              -0.8976
18   H               -0.3696               2.6534               1.6035
19   N                3.1973               2.8480              -1.6538
20   H                3.3813               3.5341              -2.3939
21   H                3.4583               3.2558              -0.7519
22   H                3.7696               2.0157              -1.8256


Energy:                 -756.801850 Convergence criteria  Is converged 
Maximum Force:             0.004100     0.002850  No
RMS Force:                 0.002310     0.001900  No
Maximum Displacement:      0.010769     0.003150  No
RMS Displacement:          0.006345     0.002100  No

----------------------------------------------------------------------
                            Iteration: 78                             


                             Coordinates                              
----------------------------------------------------------------------
0    Al              -2.1496               1.5672               0.1593
1    O               -0.6242               1.4744              -0.6316
2    H                2.2149               2.5960              -1.6611
3    O               -2.6464               3.2652              -0.7052
4    H               -2.1215               4.0670              -0.5608
5    O               -3.2568               0.6533              -1.1578
6    H               -2.9290               0.2570              -1.9796
7    O               -2.1151              -0.0950               1.2344
8    H               -1.4112              -0.3210               1.8617
9    O               -3.8728               1.8425               1.0953
10   H               -4.4908               2.5619               0.8958
11   O               -1.3328               2.5726               1.6093
12   H               -1.6888               2.9555               2.4262
13   H               -2.9224               3.2752              -1.6347
14   H               -4.2434               1.3213               1.8235
15   H               -4.2126               0.5025              -1.1074
16   H               -2.5176              -0.9324               0.9560
17   H               -0.1464               0.6829              -0.8863
18   H               -0.3697               2.6589               1.5967
19   N                3.2045               2.8497              -1.6573
20   H                3.3875               3.5345              -2.3985
21   H                3.4658               3.2570              -0.7553
22   H                3.7763               2.0160              -1.8314


Energy:                 -756.801953 Convergence criteria  Is converged 
Maximum Force:             0.005539     0.002850  No
RMS Force:                 0.002629     0.001900  No
Maximum Displacement:      0.011376     0.003150  No
RMS Displacement:          0.006829     0.002100  No

----------------------------------------------------------------------
                            Iteration: 79                             


                             Coordinates                              
----------------------------------------------------------------------
0    Al              -2.1572               1.5621               0.1616
1    O               -0.6277               1.4751              -0.6220
2    H                2.2325               2.6026              -1.6743
3    O               -2.6608               3.2687              -0.7005
4    H               -2.1215               4.0617              -0.5538
5    O               -3.2539               0.6458              -1.1602
6    H               -2.9272               0.2560              -1.9864
7    O               -2.1219              -0.0974               1.2328
8    H               -1.4288              -0.3205               1.8736
9    O               -3.8834               1.8402               1.0998
10   H               -4.5002               2.5612               0.8960
11   O               -1.3323               2.5715               1.6179
12   H               -1.6799               2.9533               2.4405
13   H               -2.9328               3.2830              -1.6318
14   H               -4.2587               1.3100               1.8203
15   H               -4.2108               0.5037              -1.1181
16   H               -2.5271              -0.9341               0.9565
17   H               -0.1411               0.6814              -0.8600
18   H               -0.3692               2.6719               1.5821
19   N                3.2223               2.8530              -1.6662
20   H                3.4024               3.5359              -2.4091
21   H                3.4834               3.2597              -0.7634
22   H                3.7918               2.0174              -1.8440


Energy:                 -756.802120 Convergence criteria  Is converged 
Maximum Force:             0.007973     0.002850  No
RMS Force:                 0.003568     0.001900  No
Maximum Displacement:      0.026258     0.003150  No
RMS Displacement:          0.015663     0.002100  No

----------------------------------------------------------------------
                            Iteration: 80                             


                             Coordinates                              
----------------------------------------------------------------------
0    Al              -2.1692               1.5587               0.1684
1    O               -0.6320               1.4701              -0.6100
2    H                2.2617               2.6131              -1.6946
3    O               -2.6835               3.2751              -0.6914
4    H               -2.1256               4.0505              -0.5433
5    O               -3.2497               0.6305              -1.1667
6    H               -2.9205               0.2556              -1.9973
7    O               -2.1317              -0.1023               1.2315
8    H               -1.4583              -0.3165               1.8925
9    O               -3.8998               1.8387               1.1054
10   H               -4.5129               2.5612               0.9005
11   O               -1.3276               2.5683               1.6292
12   H               -1.6641               2.9494               2.4615
13   H               -2.9495               3.2965              -1.6254
14   H               -4.2810               1.2932               1.8153
15   H               -4.2116               0.5039              -1.1371
16   H               -2.5421              -0.9382               0.9568
17   H               -0.1359               0.6807              -0.8176
18   H               -0.3779               2.6923               1.5623
19   N                3.2502               2.8587              -1.6818
20   H                3.4285               3.5397              -2.4261
21   H                3.5124               3.2628              -0.7783
22   H                3.8180               2.0199              -1.8629


Energy:                 -756.802182 Convergence criteria  Is converged 
Maximum Force:             0.025424     0.002850  No
RMS Force:                 0.008366     0.001900  No
Maximum Displacement:      0.042440     0.003150  No
RMS Displacement:          0.025222     0.002100  No

----------------------------------------------------------------------
                            Iteration: 81                             


                             Coordinates                              
----------------------------------------------------------------------
0    Al              -2.1705               1.5589               0.1699
1    O               -0.6349               1.4713              -0.6071
2    H                2.2660               2.6145              -1.6977
3    O               -2.6877               3.2738              -0.6896
4    H               -2.1257               4.0498              -0.5413
5    O               -3.2502               0.6282              -1.1671
6    H               -2.9188               0.2553              -1.9996
7    O               -2.1347              -0.1031               1.2307
8    H               -1.4633              -0.3162               1.8968
9    O               -3.9018               1.8371               1.1064
10   H               -4.5154               2.5609               0.9017
11   O               -1.3322               2.5673               1.6317
12   H               -1.6597               2.9480               2.4636
13   H               -2.9525               3.2991              -1.6238
14   H               -4.2849               1.2912               1.8132
15   H               -4.2112               0.5040              -1.1406
16   H               -2.5444              -0.9387               0.9570
17   H               -0.1340               0.6793              -0.8101
18   H               -0.3757               2.6967               1.5583
19   N                3.2563               2.8589              -1.6853
20   H                3.4337               3.5408              -2.4290
21   H                3.5176               3.2634              -0.7812
22   H                3.8221               2.0213              -1.8658


Energy:                 -756.802380 Convergence criteria  Is converged 
Maximum Force:             0.007106     0.002850  No
RMS Force:                 0.003320     0.001900  No
Maximum Displacement:      0.007478     0.003150  No
RMS Displacement:          0.004793     0.002100  No

----------------------------------------------------------------------
                            Iteration: 82                             


                             Coordinates                              
----------------------------------------------------------------------
0    Al              -2.1683               1.5623               0.1708
1    O               -0.6358               1.4699              -0.6101
2    H                2.2627               2.6129              -1.6947
3    O               -2.6853               3.2713              -0.6895
4    H               -2.1272               4.0512              -0.5424
5    O               -3.2525               0.6282              -1.1673
6    H               -2.9163               0.2560              -1.9987
7    O               -2.1344              -0.1029               1.2312
8    H               -1.4603              -0.3147               1.8956
9    O               -3.8991               1.8375               1.1052
10   H               -4.5128               2.5625               0.9043
11   O               -1.3359               2.5663               1.6294
12   H               -1.6601               2.9478               2.4591
13   H               -2.9509               3.2982              -1.6232
14   H               -4.2805               1.2945               1.8131
15   H               -4.2128               0.5027              -1.1404
16   H               -2.5423              -0.9390               0.9568
17   H               -0.1359               0.6787              -0.8149
18   H               -0.3767               2.6946               1.5630
19   N                3.2543               2.8579              -1.6854
20   H                3.4332               3.5420              -2.4272
21   H                3.5152               3.2623              -0.7810
22   H                3.8199               2.0221              -1.8626


Energy:                 -756.802493 Convergence criteria  Is converged 
Maximum Force:             0.003186     0.002850  No
RMS Force:                 0.002248     0.001900  No
Maximum Displacement:      0.004779     0.003150  No
RMS Displacement:          0.003549     0.002100  No

----------------------------------------------------------------------
                            Iteration: 83                             


                             Coordinates                              
----------------------------------------------------------------------
0    Al              -2.1728               1.5639               0.1750
1    O               -0.6416               1.4676              -0.6076
2    H                2.2749               2.6164              -1.7018
3    O               -2.6937               3.2701              -0.6843
4    H               -2.1318               4.0479              -0.5376
5    O               -3.2534               0.6206              -1.1700
6    H               -2.9088               0.2570              -2.0029
7    O               -2.1404              -0.1047               1.2311
8    H               -1.4728              -0.3105               1.9050
9    O               -3.9037               1.8370               1.1059
10   H               -4.5159               2.5648               0.9114
11   O               -1.3403               2.5629               1.6317
12   H               -1.6529               2.9454               2.4647
13   H               -2.9585               3.3038              -1.6180
14   H               -4.2864               1.2901               1.8100
15   H               -4.2155               0.5001              -1.1518
16   H               -2.5469              -0.9416               0.9568
17   H               -0.1351               0.6757              -0.7983
18   H               -0.3818               2.7026               1.5586
19   N                3.2667               2.8603              -1.6941
20   H                3.4482               3.5461              -2.4343
21   H                3.5284               3.2624              -0.7896
22   H                3.8322               2.0242              -1.8687


Energy:                 -756.802628 Convergence criteria  Is converged 
Maximum Force:             0.005624     0.002850  No
RMS Force:                 0.003190     0.001900  No
Maximum Displacement:      0.016526     0.003150  No
RMS Displacement:          0.011073     0.002100  No

----------------------------------------------------------------------
                            Iteration: 84                             


                             Coordinates                              
----------------------------------------------------------------------
0    Al              -2.1848               1.5619               0.1791
1    O               -0.6530               1.4617              -0.6057
2    H                2.2976               2.6223              -1.7154
3    O               -2.7059               3.2677              -0.6749
4    H               -2.1422               4.0433              -0.5270
5    O               -3.2570               0.6082              -1.1730
6    H               -2.8948               0.2605              -2.0070
7    O               -2.1521              -0.1066               1.2335
8    H               -1.4986              -0.3026               1.9216
9    O               -3.9108               1.8350               1.1071
10   H               -4.5205               2.5710               0.9270
11   O               -1.3469               2.5594               1.6376
12   H               -1.6438               2.9403               2.4740
13   H               -2.9741               3.3117              -1.6070
14   H               -4.2951               1.2837               1.8032
15   H               -4.2178               0.4932              -1.1769
16   H               -2.5533              -0.9465               0.9574
17   H               -0.1367               0.6723              -0.7674
18   H               -0.3921               2.7144               1.5503
19   N                3.2919               2.8649              -1.7113
20   H                3.4786               3.5541              -2.4476
21   H                3.5537               3.2636              -0.8054
22   H                3.8555               2.0288              -1.8808


Energy:                 -756.802878 Convergence criteria  Is converged 
Maximum Force:             0.008554     0.002850  No
RMS Force:                 0.005208     0.001900  No
Maximum Displacement:      0.030942     0.003150  No
RMS Displacement:          0.020941     0.002100  No

----------------------------------------------------------------------
                            Iteration: 85                             


                             Coordinates                              
----------------------------------------------------------------------
0    Al              -2.2099               1.5547               0.1848
1    O               -0.6803               1.4533              -0.6030
2    H                2.3452               2.6340              -1.7433
3    O               -2.7266               3.2611              -0.6570
4    H               -2.1635               4.0368              -0.5043
5    O               -3.2597               0.5859              -1.1793
6    H               -2.8677               0.2692              -2.0103
7    O               -2.1792              -0.1099               1.2374
8    H               -1.5491              -0.2878               1.9564
9    O               -3.9252               1.8349               1.1059
10   H               -4.5257               2.5815               0.9605
11   O               -1.3598               2.5525               1.6459
12   H               -1.6305               2.9309               2.4943
13   H               -3.0064               3.3250              -1.5842
14   H               -4.3117               1.2699               1.7917
15   H               -4.2252               0.4772              -1.2290
16   H               -2.5633              -0.9548               0.9593
17   H               -0.1400               0.6639              -0.7071
18   H               -0.4119               2.7351               1.5335
19   N                3.3406               2.8752              -1.7439
20   H                3.5408               3.5698              -2.4740
21   H                3.6043               3.2669              -0.8370
22   H                3.9029               2.0368              -1.9060


Energy:                 -756.803223 Convergence criteria  Is converged 
Maximum Force:             0.010175     0.002850  No
RMS Force:                 0.006151     0.001900  No
Maximum Displacement:      0.062149     0.003150  No
RMS Displacement:          0.041862     0.002100  No

----------------------------------------------------------------------
                            Iteration: 86                             


                             Coordinates                              
----------------------------------------------------------------------
0    Al              -2.2193               1.5483               0.1826
1    O               -0.6910               1.4481              -0.6072
2    H                2.3628               2.6377              -1.7532
3    O               -2.7265               3.2587              -0.6534
4    H               -2.1727               4.0383              -0.4947
5    O               -3.2653               0.5832              -1.1789
6    H               -2.8567               0.2739              -2.0064
7    O               -2.1879              -0.1077               1.2441
8    H               -1.5666              -0.2825               1.9652
9    O               -3.9288               1.8337               1.1057
10   H               -4.5235               2.5891               0.9742
11   O               -1.3647               2.5527               1.6464
12   H               -1.6352               2.9275               2.4985
13   H               -3.0182               3.3241              -1.5753
14   H               -4.3118               1.2671               1.7889
15   H               -4.2243               0.4685              -1.2488
16   H               -2.5625              -0.9590               0.9599
17   H               -0.1465               0.6648              -0.6918
18   H               -0.4181               2.7348               1.5299
19   N                3.3546               2.8807              -1.7517
20   H                3.5614               3.5733              -2.4813
21   H                3.6197               3.2693              -0.8458
22   H                3.9191               2.0376              -1.9156


Energy:                 -756.803554 Convergence criteria  Is converged 
Maximum Force:             0.008173     0.002850  No
RMS Force:                 0.004949     0.001900  No
Maximum Displacement:      0.020566     0.003150  No
RMS Displacement:          0.013948     0.002100  No

----------------------------------------------------------------------
                            Iteration: 87                             


                             Coordinates                              
----------------------------------------------------------------------
0    Al              -2.2286               1.5405               0.1786
1    O               -0.7028               1.4444              -0.6132
2    H                2.3776               2.6411              -1.7632
3    O               -2.7228               3.2565              -0.6507
4    H               -2.1816               4.0416              -0.4850
5    O               -3.2680               0.5834              -1.1789
6    H               -2.8472               0.2793              -1.9987
7    O               -2.1986              -0.1065               1.2498
8    H               -1.5811              -0.2785               1.9740
9    O               -3.9320               1.8335               1.1048
10   H               -4.5191               2.5970               0.9871
11   O               -1.3675               2.5553               1.6471
12   H               -1.6443               2.9238               2.5004
13   H               -3.0299               3.3207              -1.5678
14   H               -4.3106               1.2639               1.7884
15   H               -4.2246               0.4590              -1.2674
16   H               -2.5585              -0.9608               0.9612
17   H               -0.1532               0.6659              -0.6805
18   H               -0.4242               2.7306               1.5268
19   N                3.3712               2.8829              -1.7584
20   H                3.5790               3.5753              -2.4873
21   H                3.6329               3.2732              -0.8510
22   H                3.9318               2.0401              -1.9249


Energy:                 -756.803850 Convergence criteria  Is converged 
Maximum Force:             0.004249     0.002850  No
RMS Force:                 0.003710     0.001900  No
Maximum Displacement:      0.018633     0.003150  No
RMS Displacement:          0.013147     0.002100  No

----------------------------------------------------------------------
                            Iteration: 88                             


                             Coordinates                              
----------------------------------------------------------------------
0    Al              -2.2427               1.5340               0.1776
1    O               -0.7220               1.4405              -0.6200
2    H                2.4046               2.6487              -1.7817
3    O               -2.7245               3.2528              -0.6459
4    H               -2.1944               4.0459              -0.4701
5    O               -3.2734               0.5815              -1.1797
6    H               -2.8294               0.2855              -1.9931
7    O               -2.2154              -0.1057               1.2578
8    H               -1.6056              -0.2715               1.9913
9    O               -3.9400               1.8325               1.1061
10   H               -4.5149               2.6086               1.0058
11   O               -1.3770               2.5555               1.6496
12   H               -1.6535               2.9176               2.5047
13   H               -3.0487               3.3193              -1.5564
14   H               -4.3132               1.2562               1.7876
15   H               -4.2256               0.4459              -1.2952
16   H               -2.5562              -0.9656               0.9623
17   H               -0.1584               0.6637              -0.6587
18   H               -0.4303               2.7290               1.5198
19   N                3.3990               2.8871              -1.7697
20   H                3.6076               3.5784              -2.4991
21   H                3.6567               3.2788              -0.8606
22   H                3.9554               2.0434              -1.9414


Energy:                 -756.804031 Convergence criteria  Is converged 
Maximum Force:             0.007321     0.002850  No
RMS Force:                 0.004315     0.001900  No
Maximum Displacement:      0.028562     0.003150  No
RMS Displacement:          0.021157     0.002100  No

----------------------------------------------------------------------
                            Iteration: 89                             


                             Coordinates                              
----------------------------------------------------------------------
0    Al              -2.2487               1.5350               0.1797
1    O               -0.7291               1.4356              -0.6258
2    H                2.4182               2.6535              -1.7923
3    O               -2.7241               3.2524              -0.6443
4    H               -2.2018               4.0489              -0.4637
5    O               -3.2745               0.5829              -1.1837
6    H               -2.8203               0.2887              -1.9874
7    O               -2.2242              -0.1066               1.2627
8    H               -1.6155              -0.2686               2.0003
9    O               -3.9453               1.8328               1.1083
10   H               -4.5105               2.6141               1.0138
11   O               -1.3806               2.5546               1.6473
12   H               -1.6621               2.9150               2.5052
13   H               -3.0573               3.3176              -1.5525
14   H               -4.3147               1.2515               1.7902
15   H               -4.2272               0.4392              -1.3056
16   H               -2.5532              -0.9676               0.9626
17   H               -0.1619               0.6658              -0.6524
18   H               -0.4343               2.7243               1.5183
19   N                3.4132               2.8885              -1.7729
20   H                3.6184               3.5778              -2.5042
21   H                3.6669               3.2822              -0.8624
22   H                3.9666               2.0444              -1.9499


Energy:                 -756.804187 Convergence criteria  Is converged 
Maximum Force:             0.005261     0.002850  No
RMS Force:                 0.003209     0.001900  No
Maximum Displacement:      0.014240     0.003150  No
RMS Displacement:          0.010055     0.002100  No

----------------------------------------------------------------------
                            Iteration: 90                             


                             Coordinates                              
----------------------------------------------------------------------
0    Al              -2.2527               1.5381               0.1832
1    O               -0.7361               1.4324              -0.6281
2    H                2.4305               2.6578              -1.8016
3    O               -2.7277               3.2526              -0.6419
4    H               -2.2088               4.0497              -0.4594
5    O               -3.2764               0.5824              -1.1873
6    H               -2.8115               0.2903              -1.9861
7    O               -2.2306              -0.1079               1.2668
8    H               -1.6259              -0.2655               2.0086
9    O               -3.9498               1.8314               1.1113
10   H               -4.5094               2.6181               1.0207
11   O               -1.3841               2.5529               1.6471
12   H               -1.6649               2.9120               2.5050
13   H               -3.0643               3.3191              -1.5490
14   H               -4.3187               1.2478               1.7911
15   H               -4.2282               0.4347              -1.3139
16   H               -2.5528              -0.9702               0.9624
17   H               -0.1620               0.6655              -0.6447
18   H               -0.4394               2.7231               1.5169
19   N                3.4263               2.8900              -1.7777
20   H                3.6293               3.5785              -2.5097
21   H                3.6773               3.2839              -0.8658
22   H                3.9779               2.0455              -1.9568


Energy:                 -756.804300 Convergence criteria  Is converged 
Maximum Force:             0.004056     0.002850  No
RMS Force:                 0.002732     0.001900  No
Maximum Displacement:      0.013111     0.003150  No
RMS Displacement:          0.008939     0.002100  No

----------------------------------------------------------------------
                            Iteration: 91                             


                             Coordinates                              
----------------------------------------------------------------------
0    Al              -2.2594               1.5438               0.1901
1    O               -0.7493               1.4227              -0.6314
2    H                2.4569               2.6661              -1.8208
3    O               -2.7399               3.2523              -0.6373
4    H               -2.2247               4.0541              -0.4521
5    O               -3.2791               0.5848              -1.1941
6    H               -2.7936               0.2928              -1.9837
7    O               -2.2440              -0.1099               1.2756
8    H               -1.6481              -0.2602               2.0264
9    O               -3.9581               1.8299               1.1181
10   H               -4.5074               2.6231               1.0360
11   O               -1.3954               2.5474               1.6467
12   H               -1.6711               2.9055               2.5019
13   H               -3.0778               3.3237              -1.5417
14   H               -4.3309               1.2409               1.7949
15   H               -4.2284               0.4255              -1.3289
16   H               -2.5505              -0.9756               0.9621
17   H               -0.1629               0.6684              -0.6313
18   H               -0.4483               2.7197               1.5155
19   N                3.4531               2.8929              -1.7889
20   H                3.6538               3.5813              -2.5217
21   H                3.6996               3.2855              -0.8746
22   H                4.0034               2.0476              -1.9696


Energy:                 -756.804446 Convergence criteria  Is converged 
Maximum Force:             0.005404     0.002850  No
RMS Force:                 0.004433     0.001900  No
Maximum Displacement:      0.026738     0.003150  No
RMS Displacement:          0.018935     0.002100  No

----------------------------------------------------------------------
                            Iteration: 92                             


                             Coordinates                              
----------------------------------------------------------------------
0    Al              -2.2628               1.5454               0.1929
1    O               -0.7585               1.4192              -0.6318
2    H                2.4718               2.6698              -1.8312
3    O               -2.7474               3.2547              -0.6329
4    H               -2.2366               4.0561              -0.4499
5    O               -3.2793               0.5883              -1.1981
6    H               -2.7847               0.2940              -1.9813
7    O               -2.2510              -0.1104               1.2809
8    H               -1.6614              -0.2581               2.0363
9    O               -3.9618               1.8265               1.1246
10   H               -4.5080               2.6251               1.0453
11   O               -1.3999               2.5427               1.6432
12   H               -1.6763               2.9028               2.5015
13   H               -3.0853               3.3271              -1.5395
14   H               -4.3391               1.2396               1.7960
15   H               -4.2264               0.4203              -1.3359
16   H               -2.5482              -0.9786               0.9621
17   H               -0.1609               0.6689              -0.6260
18   H               -0.4552               2.7163               1.5164
19   N                3.4677               2.8952              -1.7964
20   H                3.6693               3.5838              -2.5284
21   H                3.7126               3.2849              -0.8810
22   H                4.0194               2.0485              -1.9757


Energy:                 -756.804581 Convergence criteria  Is converged 
Maximum Force:             0.006641     0.002850  No
RMS Force:                 0.003619     0.001900  No
Maximum Displacement:      0.015922     0.003150  No
RMS Displacement:          0.011059     0.002100  No

----------------------------------------------------------------------
                            Iteration: 93                             


                             Coordinates                              
----------------------------------------------------------------------
0    Al              -2.2626               1.5442               0.1926
1    O               -0.7591               1.4182              -0.6300
2    H                2.4740               2.6690              -1.8325
3    O               -2.7529               3.2571              -0.6321
4    H               -2.2419               4.0581              -0.4524
5    O               -3.2774               0.5931              -1.1988
6    H               -2.7847               0.2933              -1.9802
7    O               -2.2513              -0.1103               1.2819
8    H               -1.6642              -0.2592               2.0381
9    O               -3.9611               1.8258               1.1281
10   H               -4.5096               2.6221               1.0476
11   O               -1.4012               2.5405               1.6422
12   H               -1.6786               2.9023               2.4987
13   H               -3.0852               3.3292              -1.5406
14   H               -4.3446               1.2415               1.7974
15   H               -4.2230               0.4200              -1.3333
16   H               -2.5460              -0.9785               0.9624
17   H               -0.1587               0.6706              -0.6297
18   H               -0.4571               2.7134               1.5192
19   N                3.4703               2.8950              -1.7996
20   H                3.6740               3.5856              -2.5295
21   H                3.7151               3.2824              -0.8837
22   H                4.0238               2.0489              -1.9746


Energy:                 -756.804728 Convergence criteria  Is converged 
Maximum Force:             0.005584     0.002850  No
RMS Force:                 0.003354     0.001900  No
Maximum Displacement:      0.005515     0.003150  No
RMS Displacement:          0.004033     0.002100  No

----------------------------------------------------------------------
                            Iteration: 94                             


                             Coordinates                              
----------------------------------------------------------------------
0    Al              -2.2769               1.5345               0.1919
1    O               -0.7729               1.4142              -0.6317
2    H                2.5076               2.6699              -1.8559
3    O               -2.7800               3.2647              -0.6274
4    H               -2.2775               4.0782              -0.4511
5    O               -3.2704               0.6206              -1.2004
6    H               -2.7686               0.2942              -1.9703
7    O               -2.2660              -0.1082               1.2927
8    H               -1.6927              -0.2601               2.0628
9    O               -3.9655               1.8225               1.1486
10   H               -4.5138               2.6200               1.0689
11   O               -1.4159               2.5304               1.6383
12   H               -1.7079               2.8963               2.4889
13   H               -3.1007               3.3337              -1.5407
14   H               -4.3727               1.2402               1.8086
15   H               -4.2101               0.4076              -1.3374
16   H               -2.5314              -0.9840               0.9630
17   H               -0.1497               0.6768              -0.6391
18   H               -0.4648               2.6918               1.5278
19   N                3.5045               2.8963              -1.8188
20   H                3.7167               3.5928              -2.5426
21   H                3.7435               3.2776              -0.8998
22   H                4.0629               2.0523              -1.9850


Energy:                 -756.804921 Convergence criteria  Is converged 
Maximum Force:             0.013309     0.002850  No
RMS Force:                 0.007260     0.001900  No
Maximum Displacement:      0.042650     0.003150  No
RMS Displacement:          0.028539     0.002100  No

----------------------------------------------------------------------
                            Iteration: 95                             


                             Coordinates                              
----------------------------------------------------------------------
0    Al              -2.2789               1.5339               0.1923
1    O               -0.7688               1.4099              -0.6323
2    H                2.5142               2.6687              -1.8604
3    O               -2.7832               3.2694              -0.6266
4    H               -2.2866               4.0792              -0.4506
5    O               -3.2713               0.6217              -1.2053
6    H               -2.7669               0.2962              -1.9656
7    O               -2.2669              -0.1120               1.2951
8    H               -1.6992              -0.2591               2.0658
9    O               -3.9694               1.8234               1.1540
10   H               -4.5149               2.6191               1.0713
11   O               -1.4161               2.5296               1.6394
12   H               -1.7140               2.8954               2.4871
13   H               -3.1041               3.3333              -1.5411
14   H               -4.3768               1.2393               1.8099
15   H               -4.2056               0.4068              -1.3358
16   H               -2.5285              -0.9834               0.9633
17   H               -0.1523               0.6834              -0.6419
18   H               -0.4679               2.6872               1.5297
19   N                3.5107               2.8968              -1.8222
20   H                3.7256               3.5934              -2.5444
21   H                3.7487               3.2773              -0.9027
22   H                4.0701               2.0527              -1.9881


Energy:                 -756.805057 Convergence criteria  Is converged 
Maximum Force:             0.010671     0.002850  No
RMS Force:                 0.005030     0.001900  No
Maximum Displacement:      0.009101     0.003150  No
RMS Displacement:          0.006024     0.002100  No

----------------------------------------------------------------------
                            Iteration: 96                             


                             Coordinates                              
----------------------------------------------------------------------
0    Al              -2.2759               1.5350               0.1917
1    O               -0.7684               1.4134              -0.6319
2    H                2.5078               2.6680              -1.8561
3    O               -2.7788               3.2665              -0.6285
4    H               -2.2796               4.0773              -0.4503
5    O               -3.2721               0.6178              -1.2032
6    H               -2.7696               0.2958              -1.9680
7    O               -2.2643              -0.1115               1.2925
8    H               -1.6934              -0.2592               2.0617
9    O               -3.9680               1.8244               1.1498
10   H               -4.5145               2.6199               1.0672
11   O               -1.4144               2.5317               1.6409
12   H               -1.7095               2.8965               2.4884
13   H               -3.1012               3.3319              -1.5408
14   H               -4.3716               1.2392               1.8085
15   H               -4.2088               0.4088              -1.3348
16   H               -2.5309              -0.9830               0.9631
17   H               -0.1524               0.6805              -0.6412
18   H               -0.4653               2.6906               1.5284
19   N                3.5047               2.8960              -1.8185
20   H                3.7181               3.5920              -2.5418
21   H                3.7433               3.2785              -0.8995
22   H                4.0627               2.0524              -1.9863


Energy:                 -756.805133 Convergence criteria  Is converged 
Maximum Force:             0.002769     0.002850  Yes
RMS Force:                 0.001831     0.001900  Yes
Maximum Displacement:      0.007569     0.003150  No
RMS Displacement:          0.005278     0.002100  No

----------------------------------------------------------------------
                            Iteration: 97                             


                             Coordinates                              
----------------------------------------------------------------------
0    Al              -2.2750               1.5354               0.1916
1    O               -0.7683               1.4145              -0.6316
2    H                2.5082               2.6672              -1.8564
3    O               -2.7787               3.2660              -0.6289
4    H               -2.2805               4.0778              -0.4497
5    O               -3.2722               0.6175              -1.2027
6    H               -2.7692               0.2961              -1.9680
7    O               -2.2639              -0.1117               1.2920
8    H               -1.6936              -0.2589               2.0620
9    O               -3.9683               1.8249               1.1499
10   H               -4.5152               2.6203               1.0667
11   O               -1.4147               2.5318               1.6415
12   H               -1.7103               2.8967               2.4885
13   H               -3.1016               3.3311              -1.5407
14   H               -4.3714               1.2386               1.8086
15   H               -4.2096               0.4088              -1.3342
16   H               -2.5307              -0.9836               0.9628
17   H               -0.1524               0.6808              -0.6422
18   H               -0.4651               2.6900               1.5289
19   N                3.5051               2.8958              -1.8185
20   H                3.7191               3.5917              -2.5416
21   H                3.7434               3.2788              -0.8995
22   H                4.0629               2.0524              -1.9870


Energy:                 -756.805160 Convergence criteria  Is converged 
Maximum Force:             0.001949     0.002850  Yes
RMS Force:                 0.001586     0.001900  Yes
Maximum Displacement:      0.001156     0.003150  Yes
RMS Displacement:          0.000805     0.002100  Yes

----------------------------------------------------------------------
                            Iteration: 97                             


                             Coordinates                              
----------------------------------------------------------------------
0    Al              -2.2750               1.5354               0.1916
1    O               -0.7683               1.4145              -0.6316
2    H                2.5082               2.6672              -1.8564
3    O               -2.7787               3.2660              -0.6289
4    H               -2.2805               4.0778              -0.4497
5    O               -3.2722               0.6175              -1.2027
6    H               -2.7692               0.2961              -1.9680
7    O               -2.2639              -0.1117               1.2920
8    H               -1.6936              -0.2589               2.0620
9    O               -3.9683               1.8249               1.1499
10   H               -4.5152               2.6203               1.0667
11   O               -1.4147               2.5318               1.6415
12   H               -1.7103               2.8967               2.4885
13   H               -3.1016               3.3311              -1.5407
14   H               -4.3714               1.2386               1.8086
15   H               -4.2096               0.4088              -1.3342
16   H               -2.5307              -0.9836               0.9628
17   H               -0.1524               0.6808              -0.6422
18   H               -0.4651               2.6900               1.5289
19   N                3.5051               2.8958              -1.8185
20   H                3.7191               3.5917              -2.5416
21   H                3.7434               3.2788              -0.8995
22   H                4.0629               2.0524              -1.9870


Energy:                 -756.805160 Convergence criteria  Is converged 
Maximum Force:             0.001949     0.002850  Yes
RMS Force:                 0.001586     0.001900  Yes
Maximum Displacement:      0.001156     0.003150  Yes
RMS Displacement:          0.000805     0.002100  Yes

LBFGS converged at iteration 97. Final frame written to /home/axie/MAPLE/MAPLE-fork/example/md/nvt/pepti_opt.xyz
Complete trajectory written to /home/axie/MAPLE/MAPLE-fork/example/md/nvt/pepti_traj.xyz



Program started: 2026-03-13 21:17:06

======================================================================
                      TIMING SUMMARY
======================================================================
Input Reading.......................................   0.252 s  (   2.0 %)
  Settings Parsing....................................   0.251 s  (  99.6 %)
  Coordinate Section Parsing..........................   0.000 s  (   0.2 %)
  Post-Processing Expansion...........................   0.000 s  (   0.0 %)
MLP Initialization..................................   4.460 s  (  34.9 %)
Job Dispatching.....................................   8.083 s  (  63.2 %)
  Optimization........................................   8.083 s  ( 100.0 %)
======================================================================
Total wall time: 12.796 s
Total CPU time: 19.138 s
======================================================================

Program ended: 2026-03-13 21:17:19
TOTAL RUN TIME: 0 days 0 hours 0 minutes 12 seconds 795 msec
