Preprocessing the settings ...
Model: ANI-2x.
Job type: opt.
GPU ID is not set. Using CPU to calculate.

                             Coordinates                              
**********************************************************************
1    C               -0.7781              -1.0676               0.3211
2    C                1.3026               0.0521              -0.0283
3    C               -0.9720               1.4562               0.8237
4    C                1.9812              -0.4184               1.2502
5    C                2.2640               0.4352              -1.1331
6    N                0.2912              -0.8768              -0.5004
7    N               -2.0192              -1.3720              -0.2331
8    O               -1.6647               1.6302              -0.4018
9    H               -2.2586               0.8701              -0.4759
10   H                0.0278              -0.6783              -1.4585
11   H               -0.6098              -1.3679               1.3412
12   H                0.6813               0.9183               0.2869
13   H               -2.5733              -2.0574               0.2574
14   H               -2.0524              -1.5045              -1.2338
15   H               -0.3690               2.3514               0.9917
16   H               -1.6396               1.2942               1.6747
17   H                2.7644               0.2915               1.5228
18   H                1.7251               0.7307              -2.0378
19   H                2.4356              -1.4061               1.1342
20   H                1.2730              -0.4472               2.0806
21   H                2.8503               1.2987              -0.8143
22   H                2.9600              -0.3688              -1.3889

Performing the constraints and restraints ...
Fixing bond between atoms 2 and 11 with distance of 1.8195361911678583.

Loading the Machine Learning Potential Model...
Loading ANI model (ANI-2x) successfully.
Using CPU for calculation.
----------------------------------------------------------------------
                             Iteration: 1                             


                             Coordinates                              
----------------------------------------------------------------------
0    C               -0.7848              -1.0822               0.2918
1    C                1.3082               0.0717              -0.0114
2    C               -0.9812               1.4563               0.8003
3    C                1.9868              -0.4187               1.2499
4    C                2.2643               0.4370              -1.1332
5    N                0.2696              -0.9046              -0.4937
6    N               -2.0023              -1.3544              -0.2178
7    O               -1.6552               1.6267              -0.3902
8    H               -2.2513               0.8692              -0.4708
9    H                0.0210              -0.6743              -1.4692
10   H               -0.6104              -1.3541               1.3502
11   H                0.6843               0.9283               0.2922
12   H               -2.5799              -2.0637               0.2655
13   H               -2.0514              -1.5073              -1.2505
14   H               -0.3702               2.3519               0.9909
15   H               -1.6350               1.2843               1.6801
16   H                2.7666               0.2922               1.5238
17   H                1.7249               0.7306              -2.0393
18   H                2.4361              -1.4066               1.1333
19   H                1.2697              -0.4470               2.0786
20   H                2.8521               1.2993              -0.8142
21   H                2.9578              -0.3709              -1.3875


Energy:                 -383.480607 Convergence criteria  Is converged 
Maximum Force:             0.049878     0.000450                No
RMS Force:                 0.023177     0.000300                No
Maximum Displacement:      0.029307     0.001800                No
RMS Displacement:          0.016689     0.001200                No

----------------------------------------------------------------------
                             Iteration: 2                             


                             Coordinates                              
----------------------------------------------------------------------
0    C               -0.7857              -1.1068               0.2857
1    C                1.3038               0.0782              -0.0009
2    C               -0.9863               1.4606               0.7932
3    C                1.9907              -0.4173               1.2533
4    C                2.2630               0.4393              -1.1314
5    N                0.2704              -0.9183              -0.5033
6    N               -2.0130              -1.3521              -0.2207
7    O               -1.6509               1.6250              -0.3894
8    H               -2.2426               0.8677              -0.4651
9    H                0.0142              -0.6720              -1.4709
10   H               -0.6132              -1.3324               1.3487
11   H                0.6863               0.9418               0.2992
12   H               -2.5787              -2.0605               0.2706
13   H               -2.0483              -1.5070              -1.2516
14   H               -0.3731               2.3495               0.9879
15   H               -1.6259               1.2719               1.6814
16   H                2.7702               0.2932               1.5259
17   H                1.7245               0.7305              -2.0406
18   H                2.4371              -1.4078               1.1313
19   H                1.2676              -0.4468               2.0751
20   H                2.8551               1.3004              -0.8147
21   H                2.9544              -0.3734              -1.3851


Energy:                 -383.484753 Convergence criteria  Is converged 
Maximum Force:             0.040255     0.000450                No
RMS Force:                 0.018451     0.000300                No
Maximum Displacement:      0.024634     0.001800                No
RMS Displacement:          0.010962     0.001200                No

----------------------------------------------------------------------
                             Iteration: 3                             


                             Coordinates                              
----------------------------------------------------------------------
0    C               -0.7842              -1.1938               0.2501
1    C                1.2873               0.0904               0.0170
2    C               -0.9969               1.4732               0.7886
3    C                1.9990              -0.4139               1.2643
4    C                2.2550               0.4464              -1.1200
5    N                0.2774              -0.9550              -0.5177
6    N               -2.0456              -1.3404              -0.2294
7    O               -1.6409               1.6281              -0.4016
8    H               -2.2160               0.8541              -0.4461
9    H               -0.0121              -0.6618              -1.4780
10   H               -0.6242              -1.2533               1.3433
11   H                0.6932               0.9847               0.3242
12   H               -2.5766              -2.0503               0.2883
13   H               -2.0390              -1.5080              -1.2535
14   H               -0.3822               2.3451               0.9763
15   H               -1.5914               1.2242               1.6828
16   H                2.7852               0.2973               1.5354
17   H                1.7234               0.7299              -2.0427
18   H                2.4399              -1.4096               1.1238
19   H                1.2618              -0.4465               2.0659
20   H                2.8664               1.3044              -0.8178
21   H                2.9388              -0.3810              -1.3741


Energy:                 -383.492257 Convergence criteria  Is converged 
Maximum Force:             0.022360     0.000450                No
RMS Force:                 0.014236     0.000300                No
Maximum Displacement:      0.086971     0.001800                No
RMS Displacement:          0.036782     0.001200                No

----------------------------------------------------------------------
                             Iteration: 4                             


                             Coordinates                              
----------------------------------------------------------------------
0    C               -0.7821              -1.2209               0.2437
1    C                1.2836               0.0904               0.0164
2    C               -0.9962               1.4793               0.7893
3    C                2.0001              -0.4122               1.2635
4    C                2.2514               0.4476              -1.1169
5    N                0.2814              -0.9559              -0.5251
6    N               -2.0492              -1.3361              -0.2313
7    O               -1.6428               1.6287              -0.4088
8    H               -2.2062               0.8480              -0.4407
9    H               -0.0198              -0.6597              -1.4723
10   H               -0.6303              -1.2254               1.3328
11   H                0.6950               0.9890               0.3307
12   H               -2.5774              -2.0470               0.2922
13   H               -2.0393              -1.5112              -1.2529
14   H               -0.3834               2.3504               0.9741
15   H               -1.5797               1.2044               1.6832
16   H                2.7891               0.2974               1.5395
17   H                1.7237               0.7294              -2.0401
18   H                2.4401              -1.4076               1.1212
19   H                1.2604              -0.4469               2.0673
20   H                2.8697               1.3046              -0.8193
21   H                2.9296              -0.3818              -1.3676


Energy:                 -383.493938 Convergence criteria  Is converged 
Maximum Force:             0.018779     0.000450                No
RMS Force:                 0.011478     0.000300                No
Maximum Displacement:      0.027832     0.001800                No
RMS Displacement:          0.011793     0.001200                No

----------------------------------------------------------------------
                             Iteration: 5                             


                             Coordinates                              
----------------------------------------------------------------------
0    C               -0.7711              -1.2480               0.2341
1    C                1.2812               0.0882               0.0108
2    C               -0.9933               1.4898               0.7868
3    C                1.9977              -0.4094               1.2611
4    C                2.2468               0.4504              -1.1128
5    N                0.2846              -0.9511              -0.5267
6    N               -2.0495              -1.3355              -0.2326
7    O               -1.6466               1.6304              -0.4150
8    H               -2.1932               0.8356              -0.4351
9    H               -0.0309              -0.6552              -1.4630
10   H               -0.6404              -1.1883               1.3135
11   H                0.6953               0.9833               0.3366
12   H               -2.5786              -2.0399               0.2937
13   H               -2.0435              -1.5190              -1.2504
14   H               -0.3837               2.3662               0.9735
15   H               -1.5619               1.1735               1.6824
16   H                2.7920               0.2953               1.5452
17   H                1.7237               0.7291              -2.0344
18   H                2.4399              -1.4027               1.1174
19   H                1.2617              -0.4480               2.0717
20   H                2.8726               1.3028              -0.8216
21   H                2.9141              -0.3830              -1.3560


Energy:                 -383.495848 Convergence criteria  Is converged 
Maximum Force:             0.017821     0.000450                No
RMS Force:                 0.010052     0.000300                No
Maximum Displacement:      0.037153     0.001800                No
RMS Displacement:          0.016486     0.001200                No

----------------------------------------------------------------------
                             Iteration: 6                             


                             Coordinates                              
----------------------------------------------------------------------
0    C               -0.7650              -1.2546               0.2270
1    C                1.2819               0.0861               0.0077
2    C               -0.9896               1.5006               0.7847
3    C                1.9947              -0.4076               1.2590
4    C                2.2438               0.4524              -1.1103
5    N                0.2884              -0.9442              -0.5263
6    N               -2.0399              -1.3379              -0.2334
7    O               -1.6512               1.6300              -0.4150
8    H               -2.1835               0.8246              -0.4335
9    H               -0.0393              -0.6504              -1.4560
10   H               -0.6480              -1.1646               1.3002
11   H                0.6925               0.9702               0.3374
12   H               -2.5808              -2.0346               0.2930
13   H               -2.0507              -1.5282              -1.2480
14   H               -0.3843               2.3838               0.9753
15   H               -1.5454               1.1493               1.6773
16   H                2.7908               0.2918               1.5484
17   H                1.7224               0.7299              -2.0298
18   H                2.4390              -1.3976               1.1146
19   H                1.2652              -0.4492               2.0764
20   H                2.8737               1.3004              -0.8228
21   H                2.9019              -0.3853              -1.3464


Energy:                 -383.497128 Convergence criteria  Is converged 
Maximum Force:             0.022895     0.000450                No
RMS Force:                 0.009851     0.000300                No
Maximum Displacement:      0.024253     0.001800                No
RMS Displacement:          0.012760     0.001200                No

----------------------------------------------------------------------
                             Iteration: 7                             


                             Coordinates                              
----------------------------------------------------------------------
0    C               -0.7565              -1.2507               0.2177
1    C                1.2837               0.0847               0.0082
2    C               -0.9859               1.5155               0.7821
3    C                1.9918              -0.4066               1.2587
4    C                2.2404               0.4545              -1.1072
5    N                0.2929              -0.9411              -0.5266
6    N               -2.0294              -1.3460              -0.2359
7    O               -1.6563               1.6289              -0.4104
8    H               -2.1710               0.8096              -0.4331
9    H               -0.0498              -0.6416              -1.4507
10   H               -0.6562              -1.1383               1.2898
11   H                0.6866               0.9541               0.3368
12   H               -2.5832              -2.0267               0.2920
13   H               -2.0615              -1.5419              -1.2473
14   H               -0.3878               2.4084               0.9785
15   H               -1.5205               1.1191               1.6670
16   H                2.7875               0.2872               1.5515
17   H                1.7189               0.7320              -2.0259
18   H                2.4378              -1.3918               1.1108
19   H                1.2707              -0.4512               2.0818
20   H                2.8749               1.2979              -0.8230
21   H                2.8883              -0.3910              -1.3350


Energy:                 -383.498469 Convergence criteria  Is converged 
Maximum Force:             0.020859     0.000450                No
RMS Force:                 0.009809     0.000300                No
Maximum Displacement:      0.030147     0.001800                No
RMS Displacement:          0.016022     0.001200                No

----------------------------------------------------------------------
                             Iteration: 8                             


                             Coordinates                              
----------------------------------------------------------------------
0    C               -0.7520              -1.2350               0.2122
1    C                1.2857               0.0832               0.0117
2    C               -0.9829               1.5328               0.7798
3    C                1.9896              -0.4071               1.2610
4    C                2.2377               0.4559              -1.1040
5    N                0.3006              -0.9426              -0.5326
6    N               -2.0173              -1.3576              -0.2422
7    O               -1.6622               1.6270              -0.4023
8    H               -2.1559               0.7924              -0.4341
9    H               -0.0604              -0.6290              -1.4479
10   H               -0.6636              -1.1129               1.2839
11   H                0.6788               0.9397               0.3353
12   H               -2.5867              -2.0187               0.2931
13   H               -2.0751              -1.5596              -1.2494
14   H               -0.3963               2.4378               0.9830
15   H               -1.4883               1.0866               1.6527
16   H                2.7833               0.2834               1.5540
17   H                1.7134               0.7352              -2.0227
18   H                2.4370              -1.3876               1.1063
19   H                1.2770              -0.4542               2.0878
20   H                2.8764               1.2957              -0.8218
21   H                2.8754              -0.3999              -1.3240


Energy:                 -383.499848 Convergence criteria  Is converged 
Maximum Force:             0.015100     0.000450                No
RMS Force:                 0.009807     0.000300                No
Maximum Displacement:      0.032477     0.001800                No
RMS Displacement:          0.018360     0.001200                No

----------------------------------------------------------------------
                             Iteration: 9                             


                             Coordinates                              
----------------------------------------------------------------------
0    C               -0.7491              -1.2137               0.2065
1    C                1.2853               0.0818               0.0173
2    C               -0.9809               1.5524               0.7781
3    C                1.9895              -0.4093               1.2655
4    C                2.2356               0.4564              -1.1006
5    N                0.3081              -0.9530              -0.5434
6    N               -2.0097              -1.3732              -0.2518
7    O               -1.6697               1.6247              -0.3937
8    H               -2.1353               0.7731              -0.4344
9    H               -0.0711              -0.6111              -1.4478
10   H               -0.6703              -1.0830               1.2831
11   H                0.6714               0.9327               0.3349
12   H               -2.5900              -2.0087               0.2980
13   H               -2.0896              -1.5816              -1.2564
14   H               -0.4131               2.4710               0.9880
15   H               -1.4471               1.0502               1.6372
16   H                2.7806               0.2818               1.5569
17   H                1.7064               0.7390              -2.0193
18   H                2.4372              -1.3870               1.1010
19   H                1.2820              -0.4587               2.0942
20   H                2.8791               1.2939              -0.8191
21   H                2.8628              -0.4115              -1.3137


Energy:                 -383.501148 Convergence criteria  Is converged 
Maximum Force:             0.016829     0.000450                No
RMS Force:                 0.009324     0.000300                No
Maximum Displacement:      0.041226     0.001800                No
RMS Displacement:          0.021543     0.001200                No

----------------------------------------------------------------------
                            Iteration: 10                             


                             Coordinates                              
----------------------------------------------------------------------
0    C               -0.7546              -1.1921               0.2110
1    C                1.2837               0.0789               0.0183
2    C               -0.9800               1.5593               0.7791
3    C                1.9905              -0.4127               1.2682
4    C                2.2364               0.4545              -1.0997
5    N                0.3102              -0.9593              -0.5523
6    N               -2.0067              -1.3839              -0.2601
7    O               -1.6748               1.6247              -0.3890
8    H               -2.1242               0.7642              -0.4360
9    H               -0.0706              -0.5998              -1.4495
10   H               -0.6705              -1.0757               1.2875
11   H                0.6696               0.9346               0.3327
12   H               -2.5920              -2.0042               0.3032
13   H               -2.0964              -1.5951              -1.2629
14   H               -0.4302               2.4881               0.9917
15   H               -1.4247               1.0389               1.6305
16   H                2.7801               0.2838               1.5574
17   H                1.7027               0.7408              -2.0171
18   H                2.4386              -1.3912               1.0991
19   H                1.2831              -0.4626               2.0979
20   H                2.8803               1.2928              -0.8159
21   H                2.8607              -0.4176              -1.3130


Energy:                 -383.501983 Convergence criteria  Is converged 
Maximum Force:             0.016792     0.000450                No
RMS Force:                 0.007582     0.000300                No
Maximum Displacement:      0.022366     0.001800                No
RMS Displacement:          0.011903     0.001200                No

----------------------------------------------------------------------
                            Iteration: 11                             


                             Coordinates                              
----------------------------------------------------------------------
0    C               -0.7614              -1.1839               0.2084
1    C                1.2793               0.0766               0.0185
2    C               -0.9787               1.5655               0.7778
3    C                1.9928              -0.4162               1.2702
4    C                2.2371               0.4519              -1.0984
5    N                0.3071              -0.9663              -0.5587
6    N               -2.0096              -1.3922              -0.2674
7    O               -1.6798               1.6253              -0.3872
8    H               -2.1097               0.7564              -0.4351
9    H               -0.0683              -0.5880              -1.4519
10   H               -0.6703              -1.0623               1.2926
11   H                0.6726               0.9448               0.3321
12   H               -2.5934              -1.9985               0.3113
13   H               -2.0992              -1.6088              -1.2708
14   H               -0.4537               2.5023               0.9943
15   H               -1.4026               1.0283               1.6304
16   H                2.7822               0.2873               1.5581
17   H                1.7007               0.7415              -2.0137
18   H                2.4413              -1.3980               1.0978
19   H                1.2820              -0.4676               2.1001
20   H                2.8824               1.2912              -0.8126
21   H                2.8596              -0.4224              -1.3147


Energy:                 -383.502738 Convergence criteria  Is converged 
Maximum Force:             0.014716     0.000450                No
RMS Force:                 0.007519     0.000300                No
Maximum Displacement:      0.023415     0.001800                No
RMS Displacement:          0.011863     0.001200                No

----------------------------------------------------------------------
                            Iteration: 12                             


                             Coordinates                              
----------------------------------------------------------------------
0    C               -0.7706              -1.1756               0.2109
1    C                1.2763               0.0731               0.0158
2    C               -0.9752               1.5660               0.7772
3    C                1.9944              -0.4208               1.2697
4    C                2.2389               0.4472              -1.0978
5    N                0.2996              -0.9637              -0.5605
6    N               -2.0137              -1.3996              -0.2737
7    O               -1.6863               1.6269              -0.3866
8    H               -2.0967               0.7503              -0.4353
9    H               -0.0598              -0.5779              -1.4538
10   H               -0.6689              -1.0568               1.2938
11   H                0.6790               0.9555               0.3285
12   H               -2.5950              -1.9934               0.3194
13   H               -2.0991              -1.6232              -1.2775
14   H               -0.4824               2.5161               0.9979
15   H               -1.3860               1.0277               1.6354
16   H                2.7833               0.2904               1.5570
17   H                1.7010               0.7411              -2.0092
18   H                2.4444              -1.4058               1.0986
19   H                1.2807              -0.4740               2.1013
20   H                2.8834               1.2876              -0.8085
21   H                2.8625              -0.4242              -1.3213


Energy:                 -383.503547 Convergence criteria  Is converged 
Maximum Force:             0.016512     0.000450                No
RMS Force:                 0.007971     0.000300                No
Maximum Displacement:      0.028743     0.001800                No
RMS Displacement:          0.011625     0.001200                No

----------------------------------------------------------------------
                            Iteration: 13                             


                             Coordinates                              
----------------------------------------------------------------------
0    C               -0.7826              -1.1709               0.2080
1    C                1.2737               0.0693               0.0135
2    C               -0.9669               1.5714               0.7740
3    C                1.9952              -0.4273               1.2682
4    C                2.2406               0.4403              -1.0956
5    N                0.2894              -0.9527              -0.5598
6    N               -2.0177              -1.4100              -0.2828
7    O               -1.6972               1.6277              -0.3836
8    H               -2.0719               0.7357              -0.4350
9    H               -0.0499              -0.5607              -1.4555
10   H               -0.6712              -1.0383               1.2886
11   H                0.6891               0.9676               0.3226
12   H               -2.5993              -1.9834               0.3316
13   H               -2.0997              -1.6506              -1.2846
14   H               -0.5304               2.5460               1.0047
15   H               -1.3549               1.0193               1.6428
16   H                2.7823               0.2914               1.5553
17   H                1.7017               0.7407              -2.0013
18   H                2.4488              -1.4144               1.0997
19   H                1.2814              -0.4853               2.1022
20   H                2.8849               1.2793              -0.8023
21   H                2.8634              -0.4276              -1.3295


Energy:                 -383.504580 Convergence criteria  Is converged 
Maximum Force:             0.014791     0.000450                No
RMS Force:                 0.008474     0.000300                No
Maximum Displacement:      0.048040     0.001800                No
RMS Displacement:          0.019966     0.001200                No

----------------------------------------------------------------------
                            Iteration: 14                             


                             Coordinates                              
----------------------------------------------------------------------
0    C               -0.7919              -1.1658               0.2046
1    C                1.2750               0.0679               0.0128
2    C               -0.9563               1.5770               0.7734
3    C                1.9946              -0.4340               1.2654
4    C                2.2429               0.4326              -1.0942
5    N                0.2787              -0.9330              -0.5550
6    N               -2.0219              -1.4193              -0.2887
7    O               -1.7076               1.6239              -0.3769
8    H               -2.0494               0.7221              -0.4370
9    H               -0.0387              -0.5461              -1.4577
10   H               -0.6760              -1.0260               1.2800
11   H                0.6986               0.9754               0.3149
12   H               -2.6045              -1.9733               0.3402
13   H               -2.0986              -1.6794              -1.2868
14   H               -0.5797               2.5767               1.0129
15   H               -1.3279               1.0189               1.6490
16   H                2.7777               0.2883               1.5515
17   H                1.7037               0.7404              -1.9945
18   H                2.4525              -1.4199               1.1023
19   H                1.2840              -0.4975               2.1014
20   H                2.8857               1.2687              -0.7958
21   H                2.8665              -0.4296              -1.3400


Energy:                 -383.505524 Convergence criteria  Is converged 
Maximum Force:             0.012801     0.000450                No
RMS Force:                 0.008281     0.000300                No
Maximum Displacement:      0.049245     0.001800                No
RMS Displacement:          0.019726     0.001200                No

----------------------------------------------------------------------
                            Iteration: 15                             


                             Coordinates                              
----------------------------------------------------------------------
0    C               -0.7973              -1.1642               0.1977
1    C                1.2785               0.0697               0.0151
2    C               -0.9464               1.5889               0.7738
3    C                1.9928              -0.4392               1.2634
4    C                2.2447               0.4268              -1.0930
5    N                0.2729              -0.9129              -0.5517
6    N               -2.0234              -1.4257              -0.2932
7    O               -1.7131               1.6173              -0.3655
8    H               -2.0297               0.7050              -0.4400
9    H               -0.0325              -0.5336              -1.4606
10   H               -0.6853              -1.0125               1.2700
11   H                0.7040               0.9793               0.3096
12   H               -2.6112              -1.9642               0.3454
13   H               -2.0981              -1.7081              -1.2834
14   H               -0.6230               2.6064               1.0209
15   H               -1.3016               1.0174               1.6504
16   H                2.7714               0.2817               1.5482
17   H                1.7053               0.7410              -1.9902
18   H                2.4551              -1.4211               1.1036
19   H                1.2882              -0.5088               2.0997
20   H                2.8873               1.2580              -0.7902
21   H                2.8678              -0.4327              -1.3478


Energy:                 -383.506342 Convergence criteria  Is converged 
Maximum Force:             0.011706     0.000450                No
RMS Force:                 0.006970     0.000300                No
Maximum Displacement:      0.043318     0.001800                No
RMS Displacement:          0.018437     0.001200                No

----------------------------------------------------------------------
                            Iteration: 16                             


                             Coordinates                              
----------------------------------------------------------------------
0    C               -0.7975              -1.1642               0.1927
1    C                1.2823               0.0745               0.0180
2    C               -0.9402               1.5983               0.7778
3    C                1.9908              -0.4424               1.2618
4    C                2.2471               0.4234              -1.0938
5    N                0.2699              -0.8974              -0.5496
6    N               -2.0261              -1.4265              -0.2929
7    O               -1.7129               1.6062              -0.3545
8    H               -2.0206               0.6955              -0.4437
9    H               -0.0284              -0.5290              -1.4657
10   H               -0.6952              -1.0118               1.2640
11   H                0.7063               0.9826               0.3081
12   H               -2.6168              -1.9596               0.3445
13   H               -2.0950              -1.7276              -1.2758
14   H               -0.6499               2.6230               1.0266
15   H               -1.2899               1.0273               1.6502
16   H                2.7660               0.2746               1.5454
17   H                1.7077               0.7419              -1.9905
18   H                2.4564              -1.4196               1.1044
19   H                1.2908              -0.5166               2.0969
20   H                2.8898               1.2502              -0.7866
21   H                2.8713              -0.4344              -1.3550


Energy:                 -383.506926 Convergence criteria  Is converged 
Maximum Force:             0.010370     0.000450                No
RMS Force:                 0.005829     0.000300                No
Maximum Displacement:      0.026931     0.001800                No
RMS Displacement:          0.012164     0.001200                No

----------------------------------------------------------------------
                            Iteration: 17                             


                             Coordinates                              
----------------------------------------------------------------------
0    C               -0.7971              -1.1620               0.1872
1    C                1.2831               0.0788               0.0202
2    C               -0.9361               1.6119               0.7810
3    C                1.9891              -0.4450               1.2615
4    C                2.2487               0.4218              -1.0940
5    N                0.2698              -0.8906              -0.5547
6    N               -2.0268              -1.4289              -0.2963
7    O               -1.7119               1.5981              -0.3442
8    H               -2.0076               0.6783              -0.4460
9    H               -0.0292              -0.5211              -1.4710
10   H               -0.7075              -1.0021               1.2598
11   H                0.7068               0.9874               0.3104
12   H               -2.6233              -1.9537               0.3453
13   H               -2.0954              -1.7512              -1.2702
14   H               -0.6759               2.6470               1.0324
15   H               -1.2690               1.0257               1.6483
16   H                2.7633               0.2691               1.5457
17   H                1.7085               0.7441              -1.9906
18   H                2.4579              -1.4189               1.1018
19   H                1.2921              -0.5245               2.0968
20   H                2.8952               1.2441              -0.7833
21   H                2.8701              -0.4393              -1.3575


Energy:                 -383.507318 Convergence criteria  Is converged 
Maximum Force:             0.007991     0.000450                No
RMS Force:                 0.005622     0.000300                No
Maximum Displacement:      0.025994     0.001800                No
RMS Displacement:          0.013506     0.001200                No

----------------------------------------------------------------------
                            Iteration: 18                             


                             Coordinates                              
----------------------------------------------------------------------
0    C               -0.7957              -1.1637               0.1854
1    C                1.2823               0.0844               0.0196
2    C               -0.9353               1.6204               0.7865
3    C                1.9873              -0.4457               1.2610
4    C                2.2513               0.4227              -1.0963
5    N                0.2702              -0.8892              -0.5599
6    N               -2.0297              -1.4250              -0.2956
7    O               -1.7068               1.5871              -0.3390
8    H               -2.0041               0.6707              -0.4473
9    H               -0.0304              -0.5211              -1.4782
10   H               -0.7181              -1.0062               1.2600
11   H                0.7074               0.9949               0.3165
12   H               -2.6280              -1.9524               0.3417
13   H               -2.0916              -1.7656              -1.2625
14   H               -0.6872               2.6563               1.0353
15   H               -1.2644               1.0373               1.6512
16   H                2.7638               0.2655               1.5475
17   H                1.7115               0.7462              -1.9943
18   H                2.4586              -1.4182               1.0981
19   H                1.2898              -0.5290               2.0956
20   H                2.9022               1.2412              -0.7824
21   H                2.8713              -0.4416              -1.3602


Energy:                 -383.507709 Convergence criteria  Is converged 
Maximum Force:             0.009683     0.000450                No
RMS Force:                 0.005083     0.000300                No
Maximum Displacement:      0.014401     0.001800                No
RMS Displacement:          0.008528     0.001200                No

----------------------------------------------------------------------
                            Iteration: 19                             


                             Coordinates                              
----------------------------------------------------------------------
0    C               -0.7962              -1.1616               0.1849
1    C                1.2798               0.0880               0.0169
2    C               -0.9339               1.6284               0.7908
3    C                1.9861              -0.4466               1.2599
4    C                2.2539               0.4238              -1.0981
5    N                0.2686              -0.8897              -0.5660
6    N               -2.0329              -1.4237              -0.2983
7    O               -1.7037               1.5788              -0.3370
8    H               -1.9963               0.6595              -0.4467
9    H               -0.0317              -0.5187              -1.4843
10   H               -0.7278              -1.0073               1.2603
11   H                0.7094               1.0030               0.3225
12   H               -2.6323              -1.9492               0.3403
13   H               -2.0888              -1.7846              -1.2580
14   H               -0.7029               2.6721               1.0384
15   H               -1.2547               1.0446               1.6581
16   H                2.7656               0.2634               1.5510
17   H                1.7150               0.7491              -1.9965
18   H                2.4595              -1.4193               1.0923
19   H                1.2863              -0.5346               2.0956
20   H                2.9109               1.2384              -0.7818
21   H                2.8700              -0.4445              -1.3615


Energy:                 -383.508025 Convergence criteria  Is converged 
Maximum Force:             0.009804     0.000450                No
RMS Force:                 0.004226     0.000300                No
Maximum Displacement:      0.019011     0.001800                No
RMS Displacement:          0.009634     0.001200                No

----------------------------------------------------------------------
                            Iteration: 20                             


                             Coordinates                              
----------------------------------------------------------------------
0    C               -0.7980              -1.1629               0.1857
1    C                1.2774               0.0908               0.0135
2    C               -0.9340               1.6313               0.7938
3    C                1.9851              -0.4458               1.2585
4    C                2.2559               0.4268              -1.0999
5    N                0.2665              -0.8915              -0.5687
6    N               -2.0358              -1.4199              -0.3003
7    O               -1.6987               1.5737              -0.3401
8    H               -1.9942               0.6543              -0.4438
9    H               -0.0338              -0.5219              -1.4877
10   H               -0.7327              -1.0141               1.2621
11   H                0.7109               1.0084               0.3283
12   H               -2.6338              -1.9486               0.3377
13   H               -2.0841              -1.7953              -1.2545
14   H               -0.7066               2.6767               1.0377
15   H               -1.2559               1.0556               1.6696
16   H                2.7682               0.2625               1.5553
17   H                1.7203               0.7520              -1.9997
18   H                2.4587              -1.4194               1.0859
19   H                1.2818              -0.5369               2.0941
20   H                2.9191               1.2379              -0.7838
21   H                2.8679              -0.4447              -1.3610


Energy:                 -383.508279 Convergence criteria  Is converged 
Maximum Force:             0.006952     0.000450                No
RMS Force:                 0.004102     0.000300                No
Maximum Displacement:      0.011516     0.001800                No
RMS Displacement:          0.006897     0.001200                No

----------------------------------------------------------------------
                            Iteration: 21                             


                             Coordinates                              
----------------------------------------------------------------------
0    C               -0.8009              -1.1612               0.1865
1    C                1.2761               0.0932               0.0107
2    C               -0.9334               1.6336               0.7970
3    C                1.9841              -0.4452               1.2564
4    C                2.2574               0.4299              -1.1009
5    N                0.2630              -0.8905              -0.5684
6    N               -2.0385              -1.4180              -0.3041
7    O               -1.6936               1.5687              -0.3433
8    H               -1.9901               0.6483              -0.4392
9    H               -0.0363              -0.5250              -1.4893
10   H               -0.7360              -1.0209               1.2633
11   H                0.7118               1.0108               0.3320
12   H               -2.6348              -1.9466               0.3356
13   H               -2.0794              -1.8091              -1.2529
14   H               -0.7118               2.6838               1.0358
15   H               -1.2558               1.0667               1.6829
16   H                2.7690               0.2609               1.5601
17   H                1.7270               0.7562              -2.0026
18   H                2.4568              -1.4189               1.0780
19   H                1.2779              -0.5397               2.0913
20   H                2.9279               1.2368              -0.7867
21   H                2.8640              -0.4448              -1.3595


Energy:                 -383.508522 Convergence criteria  Is converged 
Maximum Force:             0.007075     0.000450                No
RMS Force:                 0.004228     0.000300                No
Maximum Displacement:      0.013815     0.001800                No
RMS Displacement:          0.007486     0.001200                No

----------------------------------------------------------------------
                            Iteration: 22                             


                             Coordinates                              
----------------------------------------------------------------------
0    C               -0.8051              -1.1601               0.1868
1    C                1.2753               0.0968               0.0093
2    C               -0.9331               1.6360               0.8011
3    C                1.9826              -0.4441               1.2536
4    C                2.2583               0.4346              -1.1012
5    N                0.2594              -0.8872              -0.5651
6    N               -2.0410              -1.4163              -0.3101
7    O               -1.6853               1.5631              -0.3466
8    H               -1.9856               0.6424              -0.4315
9    H               -0.0410              -0.5310              -1.4887
10   H               -0.7380              -1.0294               1.2648
11   H                0.7107               1.0103               0.3353
12   H               -2.6349              -1.9441               0.3330
13   H               -2.0730              -1.8253              -1.2522
14   H               -0.7135               2.6894               1.0303
15   H               -1.2583               1.0809               1.6991
16   H                2.7683               0.2581               1.5663
17   H                1.7362               0.7628              -2.0066
18   H                2.4527              -1.4167               1.0668
19   H                1.2738              -0.5420               2.0858
20   H                2.9387               1.2357              -0.7915
21   H                2.8571              -0.4449              -1.3558


Energy:                 -383.508804 Convergence criteria  Is converged 
Maximum Force:             0.006832     0.000450                No
RMS Force:                 0.004174     0.000300                No
Maximum Displacement:      0.016219     0.001800                No
RMS Displacement:          0.009521     0.001200                No

----------------------------------------------------------------------
                            Iteration: 23                             


                             Coordinates                              
----------------------------------------------------------------------
0    C               -0.8091              -1.1579               0.1864
1    C                1.2752               0.1006               0.0101
2    C               -0.9324               1.6396               0.8055
3    C                1.9811              -0.4437               1.2510
4    C                2.2584               0.4382              -1.1005
5    N                0.2564              -0.8814              -0.5606
6    N               -2.0424              -1.4177              -0.3173
7    O               -1.6778               1.5571              -0.3457
8    H               -1.9787               0.6360              -0.4235
9    H               -0.0455              -0.5345              -1.4867
10   H               -0.7394              -1.0333               1.2650
11   H                0.7084               1.0086               0.3360
12   H               -2.6351              -1.9399               0.3317
13   H               -2.0676              -1.8433              -1.2532
14   H               -0.7174               2.6969               1.0240
15   H               -1.2567               1.0919               1.7101
16   H                2.7652               0.2546               1.5712
17   H                1.7444               0.7698              -2.0093
18   H                2.4484              -1.4145               1.0562
19   H                1.2715              -0.5451               2.0798
20   H                2.9475               1.2335              -0.7953
21   H                2.8497              -0.4463              -1.3520


Energy:                 -383.509031 Convergence criteria  Is converged 
Maximum Force:             0.007578     0.000450                No
RMS Force:                 0.003608     0.000300                No
Maximum Displacement:      0.017914     0.001800                No
RMS Displacement:          0.008958     0.001200                No

----------------------------------------------------------------------
                            Iteration: 24                             


                             Coordinates                              
----------------------------------------------------------------------
0    C               -0.8113              -1.1578               0.1858
1    C                1.2750               0.1042               0.0120
2    C               -0.9322               1.6433               0.8093
3    C                1.9800              -0.4438               1.2490
4    C                2.2578               0.4402              -1.0994
5    N                0.2552              -0.8763              -0.5569
6    N               -2.0424              -1.4207              -0.3234
7    O               -1.6719               1.5527              -0.3418
8    H               -1.9733               0.6317              -0.4166
9    H               -0.0489              -0.5361              -1.4839
10   H               -0.7399              -1.0327               1.2649
11   H                0.7057               1.0080               0.3355
12   H               -2.6351              -1.9360               0.3312
13   H               -2.0636              -1.8564              -1.2548
14   H               -0.7187               2.7012               1.0174
15   H               -1.2547               1.0982               1.7142
16   H                2.7617               0.2519               1.5741
17   H                1.7494               0.7756              -2.0105
18   H                2.4450              -1.4131               1.0483
19   H                1.2703              -0.5476               2.0747
20   H                2.9525               1.2314              -0.7974
21   H                2.8435              -0.4485              -1.3489


Energy:                 -383.509187 Convergence criteria  Is converged 
Maximum Force:             0.004553     0.000450                No
RMS Force:                 0.002797     0.000300                No
Maximum Displacement:      0.013140     0.001800                No
RMS Displacement:          0.006600     0.001200                No

----------------------------------------------------------------------
                            Iteration: 25                             


                             Coordinates                              
----------------------------------------------------------------------
0    C               -0.8122              -1.1582               0.1856
1    C                1.2742               0.1072               0.0135
2    C               -0.9317               1.6474               0.8123
3    C                1.9788              -0.4446               1.2474
4    C                2.2574               0.4403              -1.0986
5    N                0.2546              -0.8725              -0.5552
6    N               -2.0413              -1.4249              -0.3280
7    O               -1.6691               1.5489              -0.3363
8    H               -1.9677               0.6276              -0.4114
9    H               -0.0503              -0.5346              -1.4822
10   H               -0.7414              -1.0289               1.2643
11   H                0.7045               1.0106               0.3346
12   H               -2.6359              -1.9319               0.3312
13   H               -2.0607              -1.8682              -1.2564
14   H               -0.7222               2.7065               1.0127
15   H               -1.2503               1.1013               1.7144
16   H                2.7586               0.2501               1.5753
17   H                1.7517               0.7800              -2.0100
18   H                2.4432              -1.4132               1.0429
19   H                1.2693              -0.5510               2.0715
20   H                2.9550               1.2288              -0.7970
21   H                2.8392              -0.4514              -1.3476


Energy:                 -383.509288 Convergence criteria  Is converged 
Maximum Force:             0.004858     0.000450                No
RMS Force:                 0.002558     0.000300                No
Maximum Displacement:      0.011826     0.001800                No
RMS Displacement:          0.005457     0.001200                No

----------------------------------------------------------------------
                            Iteration: 26                             


                             Coordinates                              
----------------------------------------------------------------------
0    C               -0.8117              -1.1599               0.1862
1    C                1.2726               0.1103               0.0141
2    C               -0.9312               1.6509               0.8148
3    C                1.9774              -0.4455               1.2457
4    C                2.2567               0.4400              -1.0981
5    N                0.2545              -0.8701              -0.5543
6    N               -2.0388              -1.4299              -0.3321
7    O               -1.6676               1.5462              -0.3312
8    H               -1.9639               0.6245              -0.4054
9    H               -0.0510              -0.5323              -1.4805
10   H               -0.7430              -1.0243               1.2644
11   H                0.7045               1.0153               0.3338
12   H               -2.6368              -1.9281               0.3306
13   H               -2.0571              -1.8783              -1.2577
14   H               -0.7222               2.7097               1.0073
15   H               -1.2481               1.1045               1.7141
16   H                2.7559               0.2492               1.5760
17   H                1.7528               0.7843              -2.0088
18   H                2.4415              -1.4140               1.0377
19   H                1.2674              -0.5545               2.0686
20   H                2.9562               1.2262              -0.7954
21   H                2.8352              -0.4547              -1.3468


Energy:                 -383.509387 Convergence criteria  Is converged 
Maximum Force:             0.004167     0.000450                No
RMS Force:                 0.002768     0.000300                No
Maximum Displacement:      0.010131     0.001800                No
RMS Displacement:          0.005040     0.001200                No

----------------------------------------------------------------------
                            Iteration: 27                             


                             Coordinates                              
----------------------------------------------------------------------
0    C               -0.8106              -1.1619               0.1876
1    C                1.2701               0.1145               0.0137
2    C               -0.9297               1.6555               0.8177
3    C                1.9747              -0.4469               1.2430
4    C                2.2562               0.4391              -1.0979
5    N                0.2543              -0.8665              -0.5538
6    N               -2.0340              -1.4376              -0.3369
7    O               -1.6674               1.5422              -0.3253
8    H               -1.9587               0.6191              -0.3961
9    H               -0.0509              -0.5278              -1.4789
10   H               -0.7464              -1.0182               1.2648
11   H                0.7064               1.0241               0.3328
12   H               -2.6388              -1.9223               0.3286
13   H               -2.0507              -1.8948              -1.2589
14   H               -0.7225               2.7160               1.0003
15   H               -1.2455               1.1110               1.7160
16   H                2.7521               0.2481               1.5767
17   H                1.7538               0.7905              -2.0066
18   H                2.4392              -1.4155               1.0300
19   H                1.2637              -0.5610               2.0648
20   H                2.9581               1.2216              -0.7917
21   H                2.8297              -0.4595              -1.3469


Energy:                 -383.509517 Convergence criteria  Is converged 
Maximum Force:             0.005728     0.000450                No
RMS Force:                 0.003124     0.000300                No
Maximum Displacement:      0.016455     0.001800                No
RMS Displacement:          0.007777     0.001200                No

----------------------------------------------------------------------
                            Iteration: 28                             


                             Coordinates                              
----------------------------------------------------------------------
0    C               -0.8076              -1.1639               0.1903
1    C                1.2675               0.1192               0.0123
2    C               -0.9278               1.6592               0.8199
3    C                1.9710              -0.4481               1.2397
4    C                2.2555               0.4384              -1.0981
5    N                0.2546              -0.8632              -0.5529
6    N               -2.0262              -1.4471              -0.3420
7    O               -1.6686               1.5387              -0.3208
8    H               -1.9567               0.6145              -0.3834
9    H               -0.0507              -0.5233              -1.4771
10   H               -0.7501              -1.0136               1.2667
11   H                0.7098               1.0344               0.3315
12   H               -2.6414              -1.9168               0.3242
13   H               -2.0410              -1.9121              -1.2588
14   H               -0.7156               2.7198               0.9909
15   H               -1.2479               1.1219               1.7212
16   H                2.7476               0.2471               1.5774
17   H                1.7545               0.7981              -2.0040
18   H                2.4354              -1.4165               1.0202
19   H                1.2579              -0.5686               2.0599
20   H                2.9598               1.2162              -0.7866
21   H                2.8228              -0.4646              -1.3473


Energy:                 -383.509670 Convergence criteria  Is converged 
Maximum Force:             0.006127     0.000450                No
RMS Force:                 0.003311     0.000300                No
Maximum Displacement:      0.017304     0.001800                No
RMS Displacement:          0.009254     0.001200                No

----------------------------------------------------------------------
                            Iteration: 29                             


                             Coordinates                              
----------------------------------------------------------------------
0    C               -0.8052              -1.1637               0.1923
1    C                1.2659               0.1236               0.0107
2    C               -0.9251               1.6629               0.8211
3    C                1.9667              -0.4492               1.2366
4    C                2.2553               0.4381              -1.0986
5    N                0.2548              -0.8588              -0.5526
6    N               -2.0179              -1.4564              -0.3458
7    O               -1.6711               1.5344              -0.3179
8    H               -1.9552               0.6082              -0.3705
9    H               -0.0504              -0.5182              -1.4766
10   H               -0.7552              -1.0106               1.2690
11   H                0.7139               1.0435               0.3304
12   H               -2.6449              -1.9114               0.3187
13   H               -2.0296              -1.9328              -1.2576
14   H               -0.7094               2.7261               0.9830
15   H               -1.2499               1.1361               1.7300
16   H                2.7428               0.2451               1.5783
17   H                1.7555               0.8059              -2.0018
18   H                2.4312              -1.4164               1.0097
19   H                1.2515              -0.5773               2.0547
20   H                2.9632               1.2099              -0.7809
21   H                2.8157              -0.4691              -1.3491


Energy:                 -383.509807 Convergence criteria  Is converged 
Maximum Force:             0.004763     0.000450                No
RMS Force:                 0.002830     0.000300                No
Maximum Displacement:      0.020726     0.001800                No
RMS Displacement:          0.010154     0.001200                No

----------------------------------------------------------------------
                            Iteration: 30                             


                             Coordinates                              
----------------------------------------------------------------------
0    C               -0.8024              -1.1622               0.1939
1    C                1.2662               0.1255               0.0099
2    C               -0.9239               1.6631               0.8198
3    C                1.9637              -0.4491               1.2353
4    C                2.2550               0.4387              -1.0989
5    N                0.2557              -0.8568              -0.5521
6    N               -2.0112              -1.4628              -0.3474
7    O               -1.6745               1.5333              -0.3185
8    H               -1.9594               0.6064              -0.3613
9    H               -0.0507              -0.5155              -1.4762
10   H               -0.7572              -1.0104               1.2716
11   H                0.7160               1.0460               0.3294
12   H               -2.6472              -1.9101               0.3137
13   H               -2.0202              -1.9426              -1.2556
14   H               -0.6970               2.7255               0.9774
15   H               -1.2553               1.1478               1.7369
16   H                2.7397               0.2437               1.5790
17   H                1.7552               0.8105              -2.0004
18   H                2.4274              -1.4147               1.0032
19   H                1.2469              -0.5822               2.0513
20   H                2.9650               1.2061              -0.7767
21   H                2.8107              -0.4705              -1.3509


Energy:                 -383.509910 Convergence criteria  Is converged 
Maximum Force:             0.004643     0.000450                No
RMS Force:                 0.002434     0.000300                No
Maximum Displacement:      0.012402     0.001800                No
RMS Displacement:          0.007097     0.001200                No

----------------------------------------------------------------------
                            Iteration: 31                             


                             Coordinates                              
----------------------------------------------------------------------
0    C               -0.8021              -1.1597               0.1936
1    C                1.2673               0.1265               0.0102
2    C               -0.9227               1.6644               0.8185
3    C                1.9616              -0.4494               1.2350
4    C                2.2551               0.4395              -1.0985
5    N                0.2558              -0.8538              -0.5526
6    N               -2.0077              -1.4676              -0.3484
7    O               -1.6780               1.5313              -0.3186
8    H               -1.9613               0.6032              -0.3550
9    H               -0.0514              -0.5117              -1.4770
10   H               -0.7596              -1.0080               1.2723
11   H                0.7169               1.0459               0.3289
12   H               -2.6497              -1.9091               0.3109
13   H               -2.0122              -1.9539              -1.2543
14   H               -0.6918               2.7280               0.9747
15   H               -1.2543               1.1570               1.7424
16   H                2.7374               0.2417               1.5803
17   H                1.7551               0.8136              -1.9992
18   H                2.4249              -1.4127               0.9986
19   H                1.2439              -0.5868               2.0487
20   H                2.9683               1.2024              -0.7733
21   H                2.8067              -0.4710              -1.3537


Energy:                 -383.509990 Convergence criteria  Is converged 
Maximum Force:             0.003523     0.000450                No
RMS Force:                 0.002433     0.000300                No
Maximum Displacement:      0.011311     0.001800                No
RMS Displacement:          0.005567     0.001200                No

----------------------------------------------------------------------
                            Iteration: 32                             


                             Coordinates                              
----------------------------------------------------------------------
0    C               -0.8019              -1.1569               0.1930
1    C                1.2686               0.1262               0.0110
2    C               -0.9225               1.6654               0.8161
3    C                1.9599              -0.4494               1.2355
4    C                2.2551               0.4406              -1.0974
5    N                0.2559              -0.8516              -0.5536
6    N               -2.0048              -1.4729              -0.3498
7    O               -1.6828               1.5303              -0.3184
8    H               -1.9658               0.6016              -0.3487
9    H               -0.0527              -0.5069              -1.4774
10   H               -0.7606              -1.0032               1.2722
11   H                0.7162               1.0428               0.3284
12   H               -2.6521              -1.9096               0.3086
13   H               -2.0028              -1.9633              -1.2527
14   H               -0.6831               2.7276               0.9715
15   H               -1.2521               1.1658               1.7458
16   H                2.7355               0.2398               1.5823
17   H                1.7541               0.8160              -1.9973
18   H                2.4225              -1.4103               0.9952
19   H                1.2411              -0.5908               2.0465
20   H                2.9719               1.1989              -0.7698
21   H                2.8026              -0.4703              -1.3577


Energy:                 -383.510083 Convergence criteria  Is converged 
Maximum Force:             0.003975     0.000450                No
RMS Force:                 0.002703     0.000300                No
Maximum Displacement:      0.009376     0.001800                No
RMS Displacement:          0.005746     0.001200                No

----------------------------------------------------------------------
                            Iteration: 33                             


                             Coordinates                              
----------------------------------------------------------------------
0    C               -0.8033              -1.1537               0.1914
1    C                1.2692               0.1262               0.0122
2    C               -0.9221               1.6692               0.8138
3    C                1.9577              -0.4503               1.2361
4    C                2.2554               0.4420              -1.0955
5    N                0.2547              -0.8479              -0.5559
6    N               -2.0025              -1.4810              -0.3528
7    O               -1.6894               1.5275              -0.3152
8    H               -1.9698               0.5976              -0.3393
9    H               -0.0549              -0.4980              -1.4779
10   H               -0.7629              -0.9919               1.2700
11   H                0.7147               1.0398               0.3285
12   H               -2.6556              -1.9095               0.3063
13   H               -1.9884              -1.9820              -1.2508
14   H               -0.6760               2.7300               0.9659
15   H               -1.2433               1.1781               1.7495
16   H                2.7329               0.2367               1.5866
17   H                1.7532               0.8204              -1.9937
18   H                2.4201              -1.4083               0.9900
19   H                1.2371              -0.5977               2.0436
20   H                2.9788               1.1930              -0.7648
21   H                2.7962              -0.4701              -1.3644


Energy:                 -383.510206 Convergence criteria  Is converged 
Maximum Force:             0.004127     0.000450                No
RMS Force:                 0.003047     0.000300                No
Maximum Displacement:      0.018717     0.001800                No
RMS Displacement:          0.009159     0.001200                No

----------------------------------------------------------------------
                            Iteration: 34                             


                             Coordinates                              
----------------------------------------------------------------------
0    C               -0.8054              -1.1506               0.1897
1    C                1.2683               0.1259               0.0129
2    C               -0.9220               1.6744               0.8120
3    C                1.9552              -0.4522               1.2366
4    C                2.2558               0.4433              -1.0933
5    N                0.2527              -0.8444              -0.5590
6    N               -2.0001              -1.4911              -0.3577
7    O               -1.6972               1.5242              -0.3093
8    H               -1.9750               0.5936              -0.3279
9    H               -0.0576              -0.4864              -1.4778
10   H               -0.7654              -0.9758               1.2661
11   H                0.7126               1.0375               0.3290
12   H               -2.6587              -1.9097               0.3035
13   H               -1.9712              -2.0048              -1.2480
14   H               -0.6681               2.7329               0.9570
15   H               -1.2314               1.1914               1.7523
16   H                2.7299               0.2334               1.5925
17   H                1.7522               0.8267              -1.9884
18   H                2.4185              -1.4077               0.9845
19   H                1.2324              -0.6060               2.0408
20   H                2.9869               1.1859              -0.7592
21   H                2.7889              -0.4702              -1.3727


Energy:                 -383.510338 Convergence criteria  Is converged 
Maximum Force:             0.004850     0.000450                No
RMS Force:                 0.002954     0.000300                No
Maximum Displacement:      0.022798     0.001800                No
RMS Displacement:          0.011224     0.001200                No

----------------------------------------------------------------------
                            Iteration: 35                             


                             Coordinates                              
----------------------------------------------------------------------
0    C               -0.8084              -1.1482               0.1878
1    C                1.2662               0.1259               0.0129
2    C               -0.9215               1.6809               0.8116
3    C                1.9526              -0.4553               1.2363
4    C                2.2565               0.4440              -1.0915
5    N                0.2499              -0.8411              -0.5624
6    N               -1.9979              -1.5012              -0.3635
7    O               -1.7048               1.5204              -0.3011
8    H               -1.9800               0.5894              -0.3156
9    H               -0.0605              -0.4739              -1.4771
10   H               -0.7688              -0.9577               1.2608
11   H                0.7111               1.0378               0.3302
12   H               -2.6609              -1.9100               0.2997
13   H               -1.9534              -2.0314              -1.2440
14   H               -0.6627               2.7379               0.9453
15   H               -1.2183               1.2051               1.7560
16   H                2.7264               0.2298               1.5994
17   H                1.7522               0.8352              -1.9824
18   H                2.4180              -1.4092               0.9790
19   H                1.2275              -0.6152               2.0380
20   H                2.9958               1.1782              -0.7542
21   H                2.7816              -0.4710              -1.3815


Energy:                 -383.510465 Convergence criteria  Is converged 
Maximum Force:             0.004900     0.000450                No
RMS Force:                 0.002928     0.000300                No
Maximum Displacement:      0.026597     0.001800                No
RMS Displacement:          0.012392     0.001200                No

----------------------------------------------------------------------
                            Iteration: 36                             


                             Coordinates                              
----------------------------------------------------------------------
0    C               -0.8117              -1.1448               0.1855
1    C                1.2636               0.1256               0.0122
2    C               -0.9202               1.6883               0.8121
3    C                1.9498              -0.4600               1.2354
4    C                2.2574               0.4441              -1.0902
5    N                0.2467              -0.8382              -0.5662
6    N               -1.9951              -1.5117              -0.3706
7    O               -1.7137               1.5166              -0.2908
8    H               -1.9867               0.5856              -0.3020
9    H               -0.0638              -0.4601              -1.4758
10   H               -0.7731              -0.9374               1.2541
11   H                0.7104               1.0396               0.3317
12   H               -2.6618              -1.9116               0.2942
13   H               -1.9348              -2.0616              -1.2375
14   H               -0.6578               2.7451               0.9297
15   H               -1.2047               1.2197               1.7612
16   H                2.7215               0.2253               1.6073
17   H                1.7530               0.8467              -1.9754
18   H                2.4188              -1.4126               0.9742
19   H                1.2228              -0.6253               2.0356
20   H                3.0048               1.1695              -0.7495
21   H                2.7744              -0.4722              -1.3911


Energy:                 -383.510609 Convergence criteria  Is converged 
Maximum Force:             0.005145     0.000450                No
RMS Force:                 0.003225     0.000300                No
Maximum Displacement:      0.030196     0.001800                No
RMS Displacement:          0.014000     0.001200                No

----------------------------------------------------------------------
                            Iteration: 37                             


                             Coordinates                              
----------------------------------------------------------------------
0    C               -0.8164              -1.1387               0.1813
1    C                1.2607               0.1257               0.0111
2    C               -0.9171               1.6997               0.8135
3    C                1.9452              -0.4681               1.2335
4    C                2.2589               0.4443              -1.0891
5    N                0.2426              -0.8332              -0.5717
6    N               -1.9903              -1.5261              -0.3816
7    O               -1.7265               1.5109              -0.2751
8    H               -1.9984               0.5799              -0.2804
9    H               -0.0695              -0.4404              -1.4740
10   H               -0.7816              -0.9090               1.2441
11   H                0.7108               1.0433               0.3342
12   H               -2.6618              -1.9154               0.2838
13   H               -1.9065              -2.1099              -1.2254
14   H               -0.6512               2.7577               0.9034
15   H               -1.1869               1.2444               1.7734
16   H                2.7124               0.2173               1.6192
17   H                1.7561               0.8670              -1.9655
18   H                2.4204              -1.4184               0.9674
19   H                1.2158              -0.6411               2.0313
20   H                3.0184               1.1557              -0.7436
21   H                2.7638              -0.4744              -1.4055


Energy:                 -383.510812 Convergence criteria  Is converged 
Maximum Force:             0.005906     0.000450                No
RMS Force:                 0.003814     0.000300                No
Maximum Displacement:      0.048322     0.001800                No
RMS Displacement:          0.021907     0.001200                No

----------------------------------------------------------------------
                            Iteration: 38                             


                             Coordinates                              
----------------------------------------------------------------------
0    C               -0.8214              -1.1281               0.1748
1    C                1.2592               0.1251               0.0103
2    C               -0.9123               1.7129               0.8149
3    C                1.9395              -0.4797               1.2313
4    C                2.2608               0.4444              -1.0887
5    N                0.2390              -0.8268              -0.5785
6    N               -1.9826              -1.5440              -0.3964
7    O               -1.7441               1.5051              -0.2552
8    H               -2.0175               0.5749              -0.2523
9    H               -0.0772              -0.4164              -1.4717
10   H               -0.7935              -0.8749               1.2315
11   H                0.7120               1.0465               0.3368
12   H               -2.6601              -1.9234               0.2692
13   H               -1.8716              -2.1696              -1.2065
14   H               -0.6402               2.7729               0.8676
15   H               -1.1679               1.2778               1.7908
16   H                2.6989               0.2057               1.6332
17   H                1.7608               0.8950              -1.9530
18   H                2.4230              -1.4261               0.9613
19   H                1.2081              -0.6610               2.0260
20   H                3.0338               1.1380              -0.7368
21   H                2.7511              -0.4765              -1.4239


Energy:                 -383.511044 Convergence criteria  Is converged 
Maximum Force:             0.006622     0.000450                No
RMS Force:                 0.003932     0.000300                No
Maximum Displacement:      0.059720     0.001800                No
RMS Displacement:          0.028039     0.001200                No

----------------------------------------------------------------------
                            Iteration: 39                             


                             Coordinates                              
----------------------------------------------------------------------
0    C               -0.8240              -1.1208               0.1688
1    C                1.2608               0.1242               0.0105
2    C               -0.9088               1.7194               0.8152
3    C                1.9363              -0.4878               1.2304
4    C                2.2619               0.4448              -1.0896
5    N                0.2387              -0.8225              -0.5827
6    N               -1.9779              -1.5527              -0.4046
7    O               -1.7548               1.5036              -0.2433
8    H               -2.0344               0.5747              -0.2348
9    H               -0.0825              -0.4046              -1.4707
10   H               -0.8029              -0.8575               1.2233
11   H                0.7132               1.0464               0.3387
12   H               -2.6563              -1.9323               0.2587
13   H               -1.8510              -2.2026              -1.1907
14   H               -0.6311               2.7793               0.8436
15   H               -1.1611               1.3015               1.8033
16   H                2.6895               0.1973               1.6403
17   H                1.7654               0.9139              -1.9462
18   H                2.4253              -1.4311               0.9613
19   H                1.2047              -0.6727               2.0228
20   H                3.0414               1.1275              -0.7341
21   H                2.7446              -0.4761              -1.4351


Energy:                 -383.511210 Convergence criteria  Is converged 
Maximum Force:             0.004687     0.000450                No
RMS Force:                 0.003121     0.000300                No
Maximum Displacement:      0.032990     0.001800                No
RMS Displacement:          0.017212     0.001200                No

----------------------------------------------------------------------
                            Iteration: 40                             


                             Coordinates                              
----------------------------------------------------------------------
0    C               -0.8256              -1.1122               0.1635
1    C                1.2629               0.1261               0.0112
2    C               -0.9042               1.7280               0.8162
3    C                1.9325              -0.4942               1.2287
4    C                2.2625               0.4462              -1.0898
5    N                0.2384              -0.8153              -0.5853
6    N               -1.9723              -1.5634              -0.4149
7    O               -1.7621               1.4987              -0.2337
8    H               -2.0411               0.5689              -0.2157
9    H               -0.0867              -0.3947              -1.4716
10   H               -0.8148              -0.8447               1.2183
11   H                0.7148               1.0481               0.3396
12   H               -2.6555              -1.9355               0.2521
13   H               -1.8327              -2.2395              -1.1797
14   H               -0.6288               2.7907               0.8251
15   H               -1.1525               1.3263               1.8168
16   H                2.6806               0.1891               1.6453
17   H                1.7712               0.9313              -1.9416
18   H                2.4245              -1.4337               0.9563
19   H                1.2001              -0.6867               2.0173
20   H                3.0499               1.1169              -0.7301
21   H                2.7352              -0.4779              -1.4427


Energy:                 -383.511303 Convergence criteria  Is converged 
Maximum Force:             0.004290     0.000450                No
RMS Force:                 0.002987     0.000300                No
Maximum Displacement:      0.036925     0.001800                No
RMS Displacement:          0.016544     0.001200                No

----------------------------------------------------------------------
                            Iteration: 41                             


                             Coordinates                              
----------------------------------------------------------------------
0    C               -0.8241              -1.1111               0.1603
1    C                1.2669               0.1248               0.0125
2    C               -0.9042               1.7235               0.8144
3    C                1.9346              -0.4940               1.2301
4    C                2.2620               0.4471              -1.0910
5    N                0.2423              -0.8165              -0.5845
6    N               -1.9734              -1.5581              -0.4118
7    O               -1.7592               1.5030              -0.2382
8    H               -2.0432               0.5749              -0.2193
9    H               -0.0855              -0.4037              -1.4738
10   H               -0.8179              -0.8555               1.2194
11   H                0.7153               1.0435               0.3393
12   H               -2.6498              -1.9403               0.2553
13   H               -1.8431              -2.2216              -1.1776
14   H               -0.6300               2.7843               0.8297
15   H               -1.1610               1.3237               1.8139
16   H                2.6821               0.1897               1.6391
17   H                1.7731               0.9287              -1.9451
18   H                2.4257              -1.4337               0.9651
19   H                1.2041              -0.6832               2.0187
20   H                3.0429               1.1214              -0.7333
21   H                2.7390              -0.4748              -1.4382


Energy:                 -383.511343 Convergence criteria  Is converged 
Maximum Force:             0.008434     0.000450                No
RMS Force:                 0.003837     0.000300                No
Maximum Displacement:      0.017959     0.001800                No
RMS Displacement:          0.007987     0.001200                No

----------------------------------------------------------------------
                            Iteration: 42                             


                             Coordinates                              
----------------------------------------------------------------------
0    C               -0.8255              -1.1115               0.1591
1    C                1.2656               0.1262               0.0124
2    C               -0.9038               1.7270               0.8145
3    C                1.9332              -0.4947               1.2293
4    C                2.2622               0.4484              -1.0900
5    N                0.2411              -0.8142              -0.5857
6    N               -1.9736              -1.5616              -0.4137
7    O               -1.7599               1.4999              -0.2360
8    H               -2.0416               0.5711              -0.2123
9    H               -0.0863              -0.4007              -1.4749
10   H               -0.8220              -0.8505               1.2176
11   H                0.7152               1.0449               0.3407
12   H               -2.6501              -1.9385               0.2548
13   H               -1.8362              -2.2348              -1.1773
14   H               -0.6305               2.7881               0.8265
15   H               -1.1557               1.3315               1.8167
16   H                2.6816               0.1882               1.6413
17   H                1.7746               0.9323              -1.9442
18   H                2.4246              -1.4337               0.9610
19   H                1.2013              -0.6883               2.0163
20   H                3.0477               1.1187              -0.7311
21   H                2.7345              -0.4756              -1.4400


Energy:                 -383.511432 Convergence criteria  Is converged 
Maximum Force:             0.003980     0.000450                No
RMS Force:                 0.002557     0.000300                No
Maximum Displacement:      0.013207     0.001800                No
RMS Displacement:          0.005539     0.001200                No

----------------------------------------------------------------------
                            Iteration: 43                             


                             Coordinates                              
----------------------------------------------------------------------
0    C               -0.8269              -1.1086               0.1570
1    C                1.2636               0.1267               0.0120
2    C               -0.9027               1.7326               0.8135
3    C                1.9312              -0.4970               1.2285
4    C                2.2621               0.4501              -1.0880
5    N                0.2399              -0.8117              -0.5883
6    N               -1.9707              -1.5706              -0.4186
7    O               -1.7640               1.4969              -0.2319
8    H               -2.0405               0.5676              -0.1990
9    H               -0.0866              -0.3948              -1.4765
10   H               -0.8298              -0.8396               1.2131
11   H                0.7148               1.0456               0.3418
12   H               -2.6481              -1.9375               0.2559
13   H               -1.8277              -2.2533              -1.1764
14   H               -0.6295               2.7941               0.8199
15   H               -1.1461               1.3418               1.8176
16   H                2.6802               0.1861               1.6432
17   H                1.7761               0.9391              -1.9412
18   H                2.4236              -1.4356               0.9575
19   H                1.1977              -0.6973               2.0135
20   H                3.0527               1.1147              -0.7262
21   H                2.7267              -0.4767              -1.4423


Energy:                 -383.511531 Convergence criteria  Is converged 
Maximum Force:             0.003416     0.000450                No
RMS Force:                 0.002245     0.000300                No
Maximum Displacement:      0.018546     0.001800                No
RMS Displacement:          0.008785     0.001200                No

----------------------------------------------------------------------
                            Iteration: 44                             


                             Coordinates                              
----------------------------------------------------------------------
0    C               -0.8301              -1.1055               0.1501
1    C                1.2618               0.1264               0.0118
2    C               -0.9008               1.7409               0.8109
3    C                1.9290              -0.5022               1.2276
4    C                2.2620               0.4536              -1.0856
5    N                0.2387              -0.8079              -0.5932
6    N               -1.9676              -1.5816              -0.4246
7    O               -1.7701               1.4942              -0.2251
8    H               -2.0435               0.5652              -0.1763
9    H               -0.0866              -0.3890              -1.4804
10   H               -0.8464              -0.8237               1.2027
11   H                0.7145               1.0449               0.3451
12   H               -2.6400              -1.9411               0.2577
13   H               -1.8158              -2.2788              -1.1703
14   H               -0.6275               2.8011               0.8071
15   H               -1.1338               1.3614               1.8195
16   H                2.6781               0.1814               1.6447
17   H                1.7807               0.9515              -1.9368
18   H                2.4241              -1.4399               0.9572
19   H                1.1935              -0.7117               2.0093
20   H                3.0589               1.1095              -0.7198
21   H                2.7158              -0.4759              -1.4461


Energy:                 -383.511654 Convergence criteria  Is converged 
Maximum Force:             0.005903     0.000450                No
RMS Force:                 0.002879     0.000300                No
Maximum Displacement:      0.025455     0.001800                No
RMS Displacement:          0.013672     0.001200                No

----------------------------------------------------------------------
                            Iteration: 45                             


                             Coordinates                              
----------------------------------------------------------------------
0    C               -0.8326              -1.1021               0.1441
1    C                1.2601               0.1246               0.0115
2    C               -0.8992               1.7472               0.8079
3    C                1.9280              -0.5070               1.2269
4    C                2.2616               0.4563              -1.0837
5    N                0.2380              -0.8063              -0.5970
6    N               -1.9645              -1.5908              -0.4284
7    O               -1.7753               1.4941              -0.2203
8    H               -2.0465               0.5661              -0.1583
9    H               -0.0839              -0.3867              -1.4844
10   H               -0.8607              -0.8117               1.1919
11   H                0.7143               1.0431               0.3476
12   H               -2.6301              -1.9464               0.2618
13   H               -1.8114              -2.2919              -1.1658
14   H               -0.6262               2.8061               0.7976
15   H               -1.1251               1.3739               1.8177
16   H                2.6769               0.1782               1.6434
17   H                1.7839               0.9604              -1.9327
18   H                2.4259              -1.4449               0.9605
19   H                1.1921              -0.7221               2.0073
20   H                3.0606               1.1073              -0.7142
21   H                2.7087              -0.4742              -1.4478


Energy:                 -383.511755 Convergence criteria  Is converged 
Maximum Force:             0.003194     0.000450                No
RMS Force:                 0.002165     0.000300                No
Maximum Displacement:      0.018050     0.001800                No
RMS Displacement:          0.010084     0.001200                No

----------------------------------------------------------------------
                            Iteration: 46                             


                             Coordinates                              
----------------------------------------------------------------------
0    C               -0.8349              -1.0994               0.1384
1    C                1.2595               0.1233               0.0116
2    C               -0.8973               1.7528               0.8061
3    C                1.9268              -0.5120               1.2260
4    C                2.2615               0.4580              -1.0827
5    N                0.2374              -0.8045              -0.5998
6    N               -1.9620              -1.5981              -0.4317
7    O               -1.7804               1.4938              -0.2149
8    H               -2.0531               0.5670              -0.1434
9    H               -0.0821              -0.3839              -1.4873
10   H               -0.8712              -0.8008               1.1831
11   H                0.7144               1.0422               0.3498
12   H               -2.6232              -1.9532               0.2622
13   H               -1.8048              -2.3056              -1.1591
14   H               -0.6226               2.8109               0.7859
15   H               -1.1199               1.3870               1.8200
16   H                2.6735               0.1738               1.6440
17   H                1.7867               0.9698              -1.9284
18   H                2.4278              -1.4490               0.9620
19   H                1.1909              -0.7302               2.0053
20   H                3.0628               1.1038              -0.7098
21   H                2.7041              -0.4725              -1.4514


Energy:                 -383.511810 Convergence criteria  Is converged 
Maximum Force:             0.002818     0.000450                No
RMS Force:                 0.001822     0.000300                No
Maximum Displacement:      0.014856     0.001800                No
RMS Displacement:          0.009315     0.001200                No

----------------------------------------------------------------------
                            Iteration: 47                             


                             Coordinates                              
----------------------------------------------------------------------
0    C               -0.8369              -1.0975               0.1353
1    C                1.2589               0.1222               0.0117
2    C               -0.8962               1.7563               0.8056
3    C                1.9263              -0.5151               1.2248
4    C                2.2615               0.4588              -1.0820
5    N                0.2366              -0.8039              -0.6008
6    N               -1.9615              -1.6020              -0.4322
7    O               -1.7819               1.4939              -0.2123
8    H               -2.0571               0.5683              -0.1358
9    H               -0.0779              -0.3855              -1.4905
10   H               -0.8763              -0.7969               1.1773
11   H                0.7141               1.0413               0.3512
12   H               -2.6186              -1.9594               0.2641
13   H               -1.8041              -2.3090              -1.1559
14   H               -0.6207               2.8144               0.7795
15   H               -1.1191               1.3943               1.8210
16   H                2.6715               0.1709               1.6435
17   H                1.7880               0.9739              -1.9257
18   H                2.4294              -1.4514               0.9623
19   H                1.1913              -0.7330               2.0044
20   H                3.0626               1.1029              -0.7067
21   H                2.7040              -0.4704              -1.4531


Energy:                 -383.511863 Convergence criteria  Is converged 
Maximum Force:             0.003345     0.000450                No
RMS Force:                 0.002076     0.000300                No
Maximum Displacement:      0.007666     0.001800                No
RMS Displacement:          0.004892     0.001200                No

----------------------------------------------------------------------
                            Iteration: 48                             


                             Coordinates                              
----------------------------------------------------------------------
0    C               -0.8406              -1.0943               0.1292
1    C                1.2574               0.1216               0.0121
2    C               -0.8941               1.7650               0.8054
3    C                1.9242              -0.5208               1.2223
4    C                2.2616               0.4607              -1.0799
5    N                0.2353              -0.8020              -0.6030
6    N               -1.9601              -1.6117              -0.4346
7    O               -1.7851               1.4922              -0.2063
8    H               -2.0642               0.5679              -0.1189
9    H               -0.0712              -0.3860              -1.4963
10   H               -0.8852              -0.7862               1.1684
11   H                0.7131               1.0410               0.3542
12   H               -2.6130              -1.9696               0.2657
13   H               -1.7977              -2.3234              -1.1501
14   H               -0.6150               2.8229               0.7651
15   H               -1.1156               1.4116               1.8258
16   H                2.6664               0.1646               1.6449
17   H                1.7902               0.9834              -1.9199
18   H                2.4305              -1.4547               0.9576
19   H                1.1898              -0.7401               2.0012
20   H                3.0652               1.0988              -0.6997
21   H                2.7017              -0.4674              -1.4574


Energy:                 -383.511941 Convergence criteria  Is converged 
Maximum Force:             0.005494     0.000450                No
RMS Force:                 0.002469     0.000300                No
Maximum Displacement:      0.017276     0.001800                No
RMS Displacement:          0.010698     0.001200                No

----------------------------------------------------------------------
                            Iteration: 49                             


                             Coordinates                              
----------------------------------------------------------------------
0    C               -0.8453              -1.0923               0.1242
1    C                1.2551               0.1214               0.0126
2    C               -0.8930               1.7737               0.8065
3    C                1.9228              -0.5247               1.2191
4    C                2.2617               0.4629              -1.0769
5    N                0.2336              -0.8017              -0.6039
6    N               -1.9627              -1.6191              -0.4324
7    O               -1.7823               1.4899              -0.2036
8    H               -2.0671               0.5681              -0.1063
9    H               -0.0583              -0.3953              -1.5060
10   H               -0.8901              -0.7829               1.1618
11   H                0.7106               1.0403               0.3578
12   H               -2.6086              -1.9822               0.2720
13   H               -1.7992              -2.3266              -1.1497
14   H               -0.6117               2.8316               0.7558
15   H               -1.1168               1.4265               1.8290
16   H                2.6634               0.1593               1.6445
17   H                1.7913               0.9874              -1.9154
18   H                2.4306              -1.4562               0.9488
19   H                1.1895              -0.7424               1.9984
20   H                3.0652               1.0982              -0.6920
21   H                2.7045              -0.4624              -1.4583


Energy:                 -383.512052 Convergence criteria  Is converged 
Maximum Force:             0.007076     0.000450                No
RMS Force:                 0.003043     0.000300                No
Maximum Displacement:      0.014946     0.001800                No
RMS Displacement:          0.008998     0.001200                No

----------------------------------------------------------------------
                            Iteration: 50                             


                             Coordinates                              
----------------------------------------------------------------------
0    C               -0.8496              -1.0893               0.1194
1    C                1.2522               0.1220               0.0132
2    C               -0.8917               1.7839               0.8079
3    C                1.9204              -0.5284               1.2157
4    C                2.2615               0.4656              -1.0727
5    N                0.2324              -0.8011              -0.6059
6    N               -1.9647              -1.6292              -0.4313
7    O               -1.7801               1.4866              -0.2003
8    H               -2.0685               0.5666              -0.0902
9    H               -0.0458              -0.4040              -1.5162
10   H               -0.8947              -0.7760               1.1570
11   H                0.7075               1.0397               0.3614
12   H               -2.6055              -1.9946               0.2776
13   H               -1.7978              -2.3360              -1.1510
14   H               -0.6065               2.8414               0.7442
15   H               -1.1157               1.4454               1.8338
16   H                2.6602               0.1536               1.6455
17   H                1.7922               0.9933              -1.9102
18   H                2.4286              -1.4569               0.9354
19   H                1.1872              -0.7474               1.9944
20   H                3.0667               1.0963              -0.6826
21   H                2.7049              -0.4578              -1.4592


Energy:                 -383.512154 Convergence criteria  Is converged 
Maximum Force:             0.004442     0.000450                No
RMS Force:                 0.002501     0.000300                No
Maximum Displacement:      0.018934     0.001800                No
RMS Displacement:          0.010568     0.001200                No

----------------------------------------------------------------------
                            Iteration: 51                             


                             Coordinates                              
----------------------------------------------------------------------
0    C               -0.8508              -1.0902               0.1195
1    C                1.2504               0.1224               0.0136
2    C               -0.8925               1.7861               0.8091
3    C                1.9205              -0.5272               1.2147
4    C                2.2607               0.4669              -1.0700
5    N                0.2326              -0.8038              -0.6058
6    N               -1.9690              -1.6290              -0.4259
7    O               -1.7739               1.4862              -0.2034
8    H               -2.0630               0.5677              -0.0901
9    H               -0.0366              -0.4168              -1.5231
10   H               -0.8906              -0.7793               1.1595
11   H                0.7051               1.0384               0.3627
12   H               -2.6057              -2.0011               0.2842
13   H               -1.8070              -2.3260              -1.1591
14   H               -0.6071               2.8429               0.7461
15   H               -1.1193               1.4476               1.8329
16   H                2.6626               0.1537               1.6437
17   H                1.7907               0.9895              -1.9100
18   H                2.4259              -1.4550               0.9268
19   H                1.1874              -0.7450               1.9940
20   H                3.0632               1.1004              -0.6790
21   H                2.7098              -0.4546              -1.4544


Energy:                 -383.512224 Convergence criteria  Is converged 
Maximum Force:             0.003192     0.000450                No
RMS Force:                 0.001988     0.000300                No
Maximum Displacement:      0.012759     0.001800                No
RMS Displacement:          0.006994     0.001200                No

----------------------------------------------------------------------
                            Iteration: 52                             


                             Coordinates                              
----------------------------------------------------------------------
0    C               -0.8514              -1.0880               0.1185
1    C                1.2491               0.1219               0.0136
2    C               -0.8919               1.7896               0.8090
3    C                1.9191              -0.5287               1.2142
4    C                2.2598               0.4685              -1.0678
5    N                0.2330              -0.8044              -0.6076
6    N               -1.9694              -1.6337              -0.4251
7    O               -1.7742               1.4861              -0.2020
8    H               -2.0625               0.5683              -0.0821
9    H               -0.0323              -0.4221              -1.5278
10   H               -0.8911              -0.7728               1.1584
11   H                0.7036               1.0369               0.3636
12   H               -2.6036              -2.0082               0.2860
13   H               -1.8071              -2.3309              -1.1617
14   H               -0.6043               2.8454               0.7393
15   H               -1.1171               1.4578               1.8351
16   H                2.6623               0.1517               1.6443
17   H                1.7906               0.9939              -1.9073
18   H                2.4234              -1.4554               0.9205
19   H                1.1855              -0.7500               1.9926
20   H                3.0626               1.1005              -0.6743
21   H                2.7091              -0.4526              -1.4534


Energy:                 -383.512275 Convergence criteria  Is converged 
Maximum Force:             0.002981     0.000450                No
RMS Force:                 0.001899     0.000300                No
Maximum Displacement:      0.010180     0.001800                No
RMS Displacement:          0.005396     0.001200                No

----------------------------------------------------------------------
                            Iteration: 53                             


                             Coordinates                              
----------------------------------------------------------------------
0    C               -0.8508              -1.0879               0.1184
1    C                1.2479               0.1204               0.0135
2    C               -0.8914               1.7911               0.8083
3    C                1.9187              -0.5294               1.2147
4    C                2.2583               0.4699              -1.0660
5    N                0.2340              -0.8074              -0.6091
6    N               -1.9703              -1.6346              -0.4220
7    O               -1.7745               1.4884              -0.2021
8    H               -2.0599               0.5711              -0.0791
9    H               -0.0283              -0.4313              -1.5329
10   H               -0.8888              -0.7660               1.1578
11   H                0.7025               1.0343               0.3638
12   H               -2.6006              -2.0170               0.2891
13   H               -1.8132              -2.3270              -1.1664
14   H               -0.6041               2.8455               0.7354
15   H               -1.1154               1.4632               1.8350
16   H                2.6642               0.1509               1.6432
17   H                1.7894               0.9962              -1.9053
18   H                2.4208              -1.4559               0.9172
19   H                1.1852              -0.7543               1.9932
20   H                3.0582               1.1038              -0.6705
21   H                2.7110              -0.4502              -1.4500


Energy:                 -383.512341 Convergence criteria  Is converged 
Maximum Force:             0.003962     0.000450                No
RMS Force:                 0.002150     0.000300                No
Maximum Displacement:      0.009170     0.001800                No
RMS Displacement:          0.005181     0.001200                No

----------------------------------------------------------------------
                            Iteration: 54                             


                             Coordinates                              
----------------------------------------------------------------------
0    C               -0.8502              -1.0863               0.1180
1    C                1.2470               0.1180               0.0131
2    C               -0.8900               1.7937               0.8070
3    C                1.9177              -0.5319               1.2150
4    C                2.2569               0.4717              -1.0647
5    N                0.2347              -0.8101              -0.6107
6    N               -1.9699              -1.6372              -0.4197
7    O               -1.7773               1.4914              -0.1997
8    H               -2.0599               0.5741              -0.0739
9    H               -0.0250              -0.4409              -1.5383
10   H               -0.8878              -0.7554               1.1540
11   H                0.7015               1.0311               0.3639
12   H               -2.5952              -2.0288               0.2905
13   H               -1.8177              -2.3260              -1.1685
14   H               -0.6031               2.8469               0.7271
15   H               -1.1122               1.4736               1.8368
16   H                2.6647               0.1481               1.6425
17   H                1.7887               1.0021              -1.9020
18   H                2.4186              -1.4580               0.9154
19   H                1.1851              -0.7620               1.9936
20   H                3.0536               1.1069              -0.6657
21   H                2.7125              -0.4473              -1.4478


Energy:                 -383.512406 Convergence criteria  Is converged 
Maximum Force:             0.004402     0.000450                No
RMS Force:                 0.002071     0.000300                No
Maximum Displacement:      0.011782     0.001800                No
RMS Displacement:          0.006640     0.001200                No

----------------------------------------------------------------------
                            Iteration: 55                             


                             Coordinates                              
----------------------------------------------------------------------
0    C               -0.8498              -1.0866               0.1174
1    C                1.2461               0.1163               0.0129
2    C               -0.8888               1.7966               0.8063
3    C                1.9169              -0.5341               1.2149
4    C                2.2561               0.4732              -1.0640
5    N                0.2349              -0.8126              -0.6112
6    N               -1.9694              -1.6386              -0.4173
7    O               -1.7794               1.4934              -0.1976
8    H               -2.0591               0.5753              -0.0722
9    H               -0.0223              -0.4499              -1.5422
10   H               -0.8868              -0.7473               1.1503
11   H                0.7007               1.0294               0.3640
12   H               -2.5910              -2.0378               0.2919
13   H               -1.8222              -2.3223              -1.1696
14   H               -0.6035               2.8494               0.7217
15   H               -1.1097               1.4807               1.8380
16   H                2.6647               0.1452               1.6416
17   H                1.7880               1.0058              -1.8997
18   H                2.4172              -1.4599               0.9147
19   H                1.1860              -0.7677               1.9941
20   H                3.0494               1.1103              -0.6619
21   H                2.7148              -0.4448              -1.4460


Energy:                 -383.512453 Convergence criteria  Is converged 
Maximum Force:             0.003032     0.000450                No
RMS Force:                 0.001680     0.000300                No
Maximum Displacement:      0.009065     0.001800                No
RMS Displacement:          0.005225     0.001200                No

----------------------------------------------------------------------
                            Iteration: 56                             


                             Coordinates                              
----------------------------------------------------------------------
0    C               -0.8497              -1.0868               0.1176
1    C                1.2451               0.1156               0.0126
2    C               -0.8881               1.7998               0.8062
3    C                1.9159              -0.5361               1.2140
4    C                2.2558               0.4748              -1.0636
5    N                0.2347              -0.8146              -0.6108
6    N               -1.9691              -1.6399              -0.4148
7    O               -1.7803               1.4940              -0.1952
8    H               -2.0576               0.5744              -0.0728
9    H               -0.0202              -0.4598              -1.5452
10   H               -0.8855              -0.7426               1.1473
11   H                0.6995               1.0287               0.3639
12   H               -2.5880              -2.0444               0.2930
13   H               -1.8256              -2.3178              -1.1705
14   H               -0.6042               2.8530               0.7178
15   H               -1.1083               1.4883               1.8402
16   H                2.6640               0.1417               1.6410
17   H                1.7877               1.0084              -1.8986
18   H                2.4158              -1.4615               0.9134
19   H                1.1870              -0.7727               1.9940
20   H                3.0461               1.1139              -0.6586
21   H                2.7174              -0.4424              -1.4445


Energy:                 -383.512496 Convergence criteria  Is converged 
Maximum Force:             0.002378     0.000450                No
RMS Force:                 0.001508     0.000300                No
Maximum Displacement:      0.009875     0.001800                No
RMS Displacement:          0.004635     0.001200                No

----------------------------------------------------------------------
                            Iteration: 57                             


                             Coordinates                              
----------------------------------------------------------------------
0    C               -0.8500              -1.0874               0.1173
1    C                1.2435               0.1157               0.0124
2    C               -0.8876               1.8050               0.8066
3    C                1.9143              -0.5387               1.2124
4    C                2.2556               0.4772              -1.0626
5    N                0.2344              -0.8168              -0.6102
6    N               -1.9685              -1.6424              -0.4125
7    O               -1.7813               1.4930              -0.1920
8    H               -2.0545               0.5711              -0.0734
9    H               -0.0181              -0.4712              -1.5483
10   H               -0.8848              -0.7373               1.1446
11   H                0.6975               1.0290               0.3640
12   H               -2.5854              -2.0502               0.2946
13   H               -1.8272              -2.3143              -1.1719
14   H               -0.6045               2.8587               0.7137
15   H               -1.1058               1.4985               1.8432
16   H                2.6627               0.1370               1.6410
17   H                1.7877               1.0108              -1.8978
18   H                2.4139              -1.4634               0.9102
19   H                1.1875              -0.7788               1.9927
20   H                3.0436               1.1178              -0.6546
21   H                2.7193              -0.4394              -1.4432


Energy:                 -383.512540 Convergence criteria  Is converged 
Maximum Force:             0.003012     0.000450                No
RMS Force:                 0.001633     0.000300                No
Maximum Displacement:      0.011377     0.001800                No
RMS Displacement:          0.005433     0.001200                No

----------------------------------------------------------------------
                            Iteration: 58                             


                             Coordinates                              
----------------------------------------------------------------------
0    C               -0.8505              -1.0874               0.1179
1    C                1.2416               0.1163               0.0120
2    C               -0.8877               1.8104               0.8075
3    C                1.9126              -0.5413               1.2103
4    C                2.2554               0.4802              -1.0613
5    N                0.2344              -0.8192              -0.6092
6    N               -1.9681              -1.6449              -0.4102
7    O               -1.7818               1.4911              -0.1885
8    H               -2.0503               0.5667              -0.0747
9    H               -0.0167              -0.4838              -1.5509
10   H               -0.8838              -0.7345               1.1437
11   H                0.6948               1.0295               0.3639
12   H               -2.5837              -2.0543               0.2965
13   H               -1.8267              -2.3106              -1.1745
14   H               -0.6040               2.8641               0.7098
15   H               -1.1040               1.5110               1.8469
16   H                2.6610               0.1319               1.6417
17   H                1.7883               1.0126              -1.8978
18   H                2.4117              -1.4654               0.9057
19   H                1.1873              -0.7850               1.9905
20   H                3.0417               1.1222              -0.6509
21   H                2.7208              -0.4357              -1.4420


Energy:                 -383.512583 Convergence criteria  Is converged 
Maximum Force:             0.002791     0.000450                No
RMS Force:                 0.001615     0.000300                No
Maximum Displacement:      0.012580     0.001800                No
RMS Displacement:          0.005781     0.001200                No

----------------------------------------------------------------------
                            Iteration: 59                             


                             Coordinates                              
----------------------------------------------------------------------
0    C               -0.8511              -1.0867               0.1177
1    C                1.2399               0.1167               0.0119
2    C               -0.8880               1.8154               0.8080
3    C                1.9110              -0.5442               1.2086
4    C                2.2549               0.4830              -1.0596
5    N                0.2347              -0.8211              -0.6091
6    N               -1.9670              -1.6482              -0.4095
7    O               -1.7839               1.4894              -0.1847
8    H               -2.0478               0.5631              -0.0729
9    H               -0.0163              -0.4920              -1.5526
10   H               -0.8848              -0.7306               1.1434
11   H                0.6920               1.0298               0.3640
12   H               -2.5822              -2.0572               0.2980
13   H               -1.8221              -2.3114              -1.1763
14   H               -0.6011               2.8680               0.7040
15   H               -1.1015               1.5238               1.8502
16   H                2.6589               0.1273               1.6433
17   H                1.7891               1.0152              -1.8972
18   H                2.4102              -1.4678               0.9014
19   H                1.1857              -0.7911               1.9876
20   H                3.0412               1.1246              -0.6476
21   H                2.7202              -0.4320              -1.4423


Energy:                 -383.512615 Convergence criteria  Is converged 
Maximum Force:             0.001756     0.000450                No
RMS Force:                 0.001293     0.000300                No
Maximum Displacement:      0.012808     0.001800                No
RMS Displacement:          0.005343     0.001200                No

----------------------------------------------------------------------
                            Iteration: 60                             


                             Coordinates                              
----------------------------------------------------------------------
0    C               -0.8513              -1.0855               0.1184
1    C                1.2391               0.1166               0.0118
2    C               -0.8886               1.8175               0.8083
3    C                1.9104              -0.5464               1.2077
4    C                2.2541               0.4849              -1.0586
5    N                0.2354              -0.8227              -0.6089
6    N               -1.9661              -1.6492              -0.4094
7    O               -1.7862               1.4890              -0.1820
8    H               -2.0467               0.5618              -0.0717
9    H               -0.0170              -0.4961              -1.5528
10   H               -0.8857              -0.7297               1.1446
11   H                0.6900               1.0292               0.3638
12   H               -2.5812              -2.0581               0.2987
13   H               -1.8168              -2.3120              -1.1775
14   H               -0.5977               2.8683               0.6992
15   H               -1.1009               1.5326               1.8521
16   H                2.6574               0.1246               1.6449
17   H                1.7899               1.0166              -1.8971
18   H                2.4098              -1.4699               0.8994
19   H                1.1839              -0.7945               1.9853
20   H                3.0408               1.1260              -0.6466
21   H                2.7195              -0.4288              -1.4433


Energy:                 -383.512638 Convergence criteria  Is converged 
Maximum Force:             0.001700     0.000450                No
RMS Force:                 0.001042     0.000300                No
Maximum Displacement:      0.008836     0.001800                No
RMS Displacement:          0.003524     0.001200                No

----------------------------------------------------------------------
                            Iteration: 61                             


                             Coordinates                              
----------------------------------------------------------------------
0    C               -0.8515              -1.0842               0.1183
1    C                1.2386               0.1156               0.0119
2    C               -0.8887               1.8194               0.8080
3    C                1.9098              -0.5492               1.2072
4    C                2.2531               0.4864              -1.0576
5    N                0.2361              -0.8241              -0.6093
6    N               -1.9646              -1.6508              -0.4102
7    O               -1.7904               1.4899              -0.1786
8    H               -2.0472               0.5619              -0.0679
9    H               -0.0174              -0.4970              -1.5530
10   H               -0.8882              -0.7266               1.1449
11   H                0.6883               1.0277               0.3640
12   H               -2.5796              -2.0597               0.2988
13   H               -1.8100              -2.3152              -1.1771
14   H               -0.5933               2.8679               0.6921
15   H               -1.0994               1.5409               1.8535
16   H                2.6556               0.1221               1.6468
17   H                1.7903               1.0194              -1.8959
18   H                2.4104              -1.4725               0.8984
19   H                1.1815              -0.7982               1.9830
20   H                3.0404               1.1262              -0.6455
21   H                2.7182              -0.4257              -1.4453


Energy:                 -383.512657 Convergence criteria  Is converged 
Maximum Force:             0.001837     0.000450                No
RMS Force:                 0.001080     0.000300                No
Maximum Displacement:      0.008273     0.001800                No
RMS Displacement:          0.004103     0.001200                No

----------------------------------------------------------------------
                            Iteration: 62                             


                             Coordinates                              
----------------------------------------------------------------------
0    C               -0.8511              -1.0833               0.1192
1    C                1.2387               0.1140               0.0119
2    C               -0.8887               1.8200               0.8075
3    C                1.9098              -0.5515               1.2071
4    C                2.2519               0.4873              -1.0573
5    N                0.2368              -0.8258              -0.6092
6    N               -1.9637              -1.6501              -0.4102
7    O               -1.7943               1.4921              -0.1760
8    H               -2.0467               0.5630              -0.0665
9    H               -0.0172              -0.4980              -1.5529
10   H               -0.8896              -0.7259               1.1459
11   H                0.6869               1.0253               0.3641
12   H               -2.5780              -2.0609               0.2987
13   H               -1.8055              -2.3148              -1.1770
14   H               -0.5902               2.8663               0.6862
15   H               -1.0994               1.5457               1.8538
16   H                2.6544               0.1203               1.6482
17   H                1.7896               1.0206              -1.8952
18   H                2.4113              -1.4747               0.8986
19   H                1.1797              -0.8000               1.9815
20   H                3.0386               1.1274              -0.6453
21   H                2.7187              -0.4228              -1.4467


Energy:                 -383.512675 Convergence criteria  Is converged 
Maximum Force:             0.002402     0.000450                No
RMS Force:                 0.001128     0.000300                No
Maximum Displacement:      0.005814     0.001800                No
RMS Displacement:          0.002949     0.001200                No

----------------------------------------------------------------------
                            Iteration: 63                             


                             Coordinates                              
----------------------------------------------------------------------
0    C               -0.8511              -1.0825               0.1195
1    C                1.2386               0.1119               0.0120
2    C               -0.8881               1.8223               0.8064
3    C                1.9094              -0.5546               1.2068
4    C                2.2507               0.4884              -1.0569
5    N                0.2371              -0.8274              -0.6095
6    N               -1.9624              -1.6509              -0.4103
7    O               -1.7994               1.4945              -0.1721
8    H               -2.0455               0.5638              -0.0631
9    H               -0.0155              -0.4996              -1.5539
10   H               -0.8922              -0.7225               1.1454
11   H                0.6854               1.0222               0.3651
12   H               -2.5755              -2.0638               0.2985
13   H               -1.8010              -2.3160              -1.1757
14   H               -0.5874               2.8671               0.6779
15   H               -1.0976               1.5524               1.8545
16   H                2.6527               0.1173               1.6497
17   H                1.7881               1.0233              -1.8935
18   H                2.4123              -1.4771               0.8978
19   H                1.1776              -0.8036               1.9796
20   H                3.0362               1.1286              -0.6436
21   H                2.7195              -0.4196              -1.4482


Energy:                 -383.512693 Convergence criteria  Is converged 
Maximum Force:             0.001898     0.000450                No
RMS Force:                 0.001008     0.000300                No
Maximum Displacement:      0.008315     0.001800                No
RMS Displacement:          0.004103     0.001200                No

----------------------------------------------------------------------
                            Iteration: 64                             


                             Coordinates                              
----------------------------------------------------------------------
0    C               -0.8509              -1.0829               0.1205
1    C                1.2385               0.1103               0.0121
2    C               -0.8875               1.8241               0.8056
3    C                1.9091              -0.5565               1.2065
4    C                2.2498               0.4891              -1.0571
5    N                0.2370              -0.8287              -0.6089
6    N               -1.9620              -1.6501              -0.4096
7    O               -1.8024               1.4965              -0.1694
8    H               -2.0416               0.5638              -0.0629
9    H               -0.0129              -0.5027              -1.5548
10   H               -0.8931              -0.7222               1.1457
11   H                0.6841               1.0194               0.3663
12   H               -2.5741              -2.0653               0.2985
13   H               -1.8001              -2.3138              -1.1752
14   H               -0.5874               2.8685               0.6731
15   H               -1.0965               1.5559               1.8545
16   H                2.6519               0.1149               1.6506
17   H                1.7857               1.0240              -1.8929
18   H                2.4127              -1.4782               0.8966
19   H                1.1764              -0.8058               1.9782
20   H                3.0332               1.1311              -0.6425
21   H                2.7220              -0.4173              -1.4483


Energy:                 -383.512708 Convergence criteria  Is converged 
Maximum Force:             0.001420     0.000450                No
RMS Force:                 0.000782     0.000300                No
Maximum Displacement:      0.004875     0.001800                No
RMS Displacement:          0.002888     0.001200                No

----------------------------------------------------------------------
                            Iteration: 65                             


                             Coordinates                              
----------------------------------------------------------------------
0    C               -0.8513              -1.0830               0.1205
1    C                1.2381               0.1095               0.0122
2    C               -0.8867               1.8273               0.8049
3    C                1.9084              -0.5582               1.2058
4    C                2.2494               0.4901              -1.0570
5    N                0.2366              -0.8290              -0.6086
6    N               -1.9617              -1.6511              -0.4097
7    O               -1.8045               1.4968              -0.1665
8    H               -2.0374               0.5623              -0.0612
9    H               -0.0101              -0.5055              -1.5560
10   H               -0.8947              -0.7209               1.1450
11   H                0.6831               1.0176               0.3680
12   H               -2.5733              -2.0666               0.2982
13   H               -1.7991              -2.3151              -1.1740
14   H               -0.5881               2.8722               0.6685
15   H               -1.0939               1.5610               1.8553
16   H                2.6509               0.1122               1.6516
17   H                1.7835               1.0255              -1.8920
18   H                2.4124              -1.4787               0.8940
19   H                1.1751              -0.8091               1.9764
20   H                3.0314               1.1328              -0.6405
21   H                2.7234              -0.4158              -1.4484


Energy:                 -383.512719 Convergence criteria  Is converged 
Maximum Force:             0.000933     0.000450                No
RMS Force:                 0.000682     0.000300                No
Maximum Displacement:      0.005138     0.001800                No
RMS Displacement:          0.003109     0.001200                No

----------------------------------------------------------------------
                            Iteration: 66                             


                             Coordinates                              
----------------------------------------------------------------------
0    C               -0.8515              -1.0840               0.1209
1    C                1.2378               0.1098               0.0124
2    C               -0.8865               1.8291               0.8046
3    C                1.9080              -0.5583               1.2054
4    C                2.2492               0.4906              -1.0572
5    N                0.2364              -0.8288              -0.6077
6    N               -1.9620              -1.6510              -0.4099
7    O               -1.8046               1.4964              -0.1654
8    H               -2.0330               0.5605              -0.0616
9    H               -0.0083              -0.5075              -1.5560
10   H               -0.8946              -0.7227               1.1455
11   H                0.6826               1.0171               0.3696
12   H               -2.5740              -2.0657               0.2975
13   H               -1.7995              -2.3152              -1.1735
14   H               -0.5893               2.8745               0.6675
15   H               -1.0923               1.5632               1.8554
16   H                2.6508               0.1109               1.6524
17   H                1.7813               1.0252              -1.8921
18   H                2.4116              -1.4780               0.8916
19   H                1.1743              -0.8107               1.9749
20   H                3.0303               1.1346              -0.6399
21   H                2.7247              -0.4155              -1.4476


Energy:                 -383.512728 Convergence criteria  Is converged 
Maximum Force:             0.000978     0.000450                No
RMS Force:                 0.000694     0.000300                No
Maximum Displacement:      0.004437     0.001800                No
RMS Displacement:          0.001996     0.001200                No

----------------------------------------------------------------------
                            Iteration: 67                             


                             Coordinates                              
----------------------------------------------------------------------
0    C               -0.8521              -1.0844               0.1205
1    C                1.2374               0.1104               0.0128
2    C               -0.8861               1.8317               0.8044
3    C                1.9074              -0.5589               1.2048
4    C                2.2489               0.4915              -1.0570
5    N                0.2362              -0.8282              -0.6071
6    N               -1.9620              -1.6523              -0.4112
7    O               -1.8050               1.4952              -0.1637
8    H               -2.0298               0.5586              -0.0597
9    H               -0.0067              -0.5087              -1.5562
10   H               -0.8953              -0.7233               1.1453
11   H                0.6823               1.0172               0.3714
12   H               -2.5750              -2.0652               0.2963
13   H               -1.7981              -2.3191              -1.1722
14   H               -0.5893               2.8772               0.6651
15   H               -1.0897               1.5683               1.8561
16   H                2.6501               0.1091               1.6537
17   H                1.7797               1.0261              -1.8915
18   H                2.4107              -1.4776               0.8886
19   H                1.1731              -0.8138               1.9729
20   H                3.0299               1.1355              -0.6391
21   H                2.7245              -0.4150              -1.4475


Energy:                 -383.512736 Convergence criteria  Is converged 
Maximum Force:             0.000848     0.000450                No
RMS Force:                 0.000731     0.000300                No
Maximum Displacement:      0.005080     0.001800                No
RMS Displacement:          0.002587     0.001200                No

----------------------------------------------------------------------
                            Iteration: 68                             


                             Coordinates                              
----------------------------------------------------------------------
0    C               -0.8523              -1.0856               0.1203
1    C                1.2369               0.1113               0.0135
2    C               -0.8860               1.8335               0.8040
3    C                1.9070              -0.5589               1.2045
4    C                2.2482               0.4922              -1.0567
5    N                0.2365              -0.8276              -0.6061
6    N               -1.9620              -1.6529              -0.4129
7    O               -1.8051               1.4945              -0.1626
8    H               -2.0269               0.5571              -0.0583
9    H               -0.0058              -0.5090              -1.5551
10   H               -0.8947              -0.7259               1.1459
11   H                0.6824               1.0179               0.3733
12   H               -2.5770              -2.0634               0.2941
13   H               -1.7963              -2.3229              -1.1709
14   H               -0.5876               2.8781               0.6629
15   H               -1.0877               1.5729               1.8562
16   H                2.6496               0.1080               1.6554
17   H                1.7774               1.0261              -1.8909
18   H                2.4097              -1.4768               0.8858
19   H                1.1718              -0.8166               1.9707
20   H                3.0291               1.1369              -0.6394
21   H                2.7240              -0.4144              -1.4472


Energy:                 -383.512746 Convergence criteria  Is converged 
Maximum Force:             0.001125     0.000450                No
RMS Force:                 0.000776     0.000300                No
Maximum Displacement:      0.004622     0.001800                No
RMS Displacement:          0.002553     0.001200                No

----------------------------------------------------------------------
                            Iteration: 69                             


                             Coordinates                              
----------------------------------------------------------------------
0    C               -0.8531              -1.0858               0.1191
1    C                1.2362               0.1119               0.0148
2    C               -0.8852               1.8376               0.8034
3    C                1.9063              -0.5607               1.2040
4    C                2.2467               0.4939              -1.0556
5    N                0.2369              -0.8275              -0.6054
6    N               -1.9616              -1.6553              -0.4156
7    O               -1.8067               1.4939              -0.1597
8    H               -2.0246               0.5558              -0.0535
9    H               -0.0038              -0.5102              -1.5552
10   H               -0.8956              -0.7268               1.1450
11   H                0.6823               1.0184               0.3760
12   H               -2.5782              -2.0637               0.2917
13   H               -1.7925              -2.3306              -1.1685
14   H               -0.5845               2.8802               0.6562
15   H               -1.0837               1.5834               1.8573
16   H                2.6480               0.1052               1.6581
17   H                1.7750               1.0281              -1.8889
18   H                2.4090              -1.4775               0.8822
19   H                1.1700              -0.8225               1.9675
20   H                3.0276               1.1386              -0.6389
21   H                2.7228              -0.4120              -1.4474


Energy:                 -383.512757 Convergence criteria  Is converged 
Maximum Force:             0.001020     0.000450                No
RMS Force:                 0.000775     0.000300                No
Maximum Displacement:      0.010510     0.001800                No
RMS Displacement:          0.004674     0.001200                No

----------------------------------------------------------------------
                            Iteration: 70                             


                             Coordinates                              
----------------------------------------------------------------------
0    C               -0.8532              -1.0868               0.1183
1    C                1.2356               0.1118               0.0163
2    C               -0.8845               1.8405               0.8023
3    C                1.9062              -0.5625               1.2041
4    C                2.2445               0.4954              -1.0542
5    N                0.2378              -0.8281              -0.6048
6    N               -1.9611              -1.6569              -0.4177
7    O               -1.8087               1.4948              -0.1573
8    H               -2.0236               0.5562              -0.0498
9    H               -0.0020              -0.5114              -1.5548
10   H               -0.8953              -0.7285               1.1443
11   H                0.6824               1.0186               0.3781
12   H               -2.5795              -2.0640               0.2891
13   H               -1.7897              -2.3359              -1.1666
14   H               -0.5799               2.8806               0.6494
15   H               -1.0806               1.5922               1.8574
16   H                2.6466               0.1031               1.6606
17   H                1.7718               1.0292              -1.8867
18   H                2.4091              -1.4785               0.8800
19   H                1.1687              -0.8276               1.9652
20   H                3.0246               1.1415              -0.6393
21   H                2.7217              -0.4089              -1.4472


Energy:                 -383.512769 Convergence criteria  Is converged 
Maximum Force:             0.001052     0.000450                No
RMS Force:                 0.000802     0.000300                No
Maximum Displacement:      0.008756     0.001800                No
RMS Displacement:          0.004121     0.001200                No

----------------------------------------------------------------------
                            Iteration: 71                             


                             Coordinates                              
----------------------------------------------------------------------
0    C               -0.8536              -1.0873               0.1169
1    C                1.2349               0.1110               0.0180
2    C               -0.8831               1.8449               0.8010
3    C                1.9060              -0.5658               1.2041
4    C                2.2420               0.4975              -1.0524
5    N                0.2382              -0.8294              -0.6048
6    N               -1.9605              -1.6593              -0.4192
7    O               -1.8113               1.4962              -0.1540
8    H               -2.0226               0.5569              -0.0452
9    H                0.0009              -0.5144              -1.5562
10   H               -0.8961              -0.7287               1.1426
11   H                0.6821               1.0180               0.3801
12   H               -2.5795              -2.0663               0.2876
13   H               -1.7875              -2.3410              -1.1652
14   H               -0.5759               2.8828               0.6406
15   H               -1.0766               1.6029               1.8580
16   H                2.6448               0.0999               1.6630
17   H                1.7686               1.0310              -1.8839
18   H                2.4099              -1.4808               0.8781
19   H                1.1679              -0.8341               1.9634
20   H                3.0208               1.1454              -0.6388
21   H                2.7211              -0.4045              -1.4468


Energy:                 -383.512781 Convergence criteria  Is converged 
Maximum Force:             0.001207     0.000450                No
RMS Force:                 0.000836     0.000300                No
Maximum Displacement:      0.010682     0.001800                No
RMS Displacement:          0.004991     0.001200                No

----------------------------------------------------------------------
                            Iteration: 72                             


                             Coordinates                              
----------------------------------------------------------------------
0    C               -0.8536              -1.0885               0.1160
1    C                1.2344               0.1097               0.0195
2    C               -0.8817               1.8484               0.7996
3    C                1.9062              -0.5687               1.2045
4    C                2.2396               0.4995              -1.0507
5    N                0.2384              -0.8308              -0.6050
6    N               -1.9601              -1.6610              -0.4199
7    O               -1.8131               1.4982              -0.1516
8    H               -2.0215               0.5582              -0.0429
9    H                0.0038              -0.5176              -1.5578
10   H               -0.8961              -0.7299               1.1414
11   H                0.6817               1.0168               0.3814
12   H               -2.5796              -2.0677               0.2867
13   H               -1.7874              -2.3434              -1.1649
14   H               -0.5730               2.8849               0.6336
15   H               -1.0733               1.6102               1.8580
16   H                2.6436               0.0973               1.6648
17   H                1.7648               1.0314              -1.8820
18   H                2.4114              -1.4828               0.8773
19   H                1.1682              -0.8391               1.9632
20   H                3.0165               1.1501              -0.6387
21   H                2.7212              -0.4004              -1.4457


Energy:                 -383.512792 Convergence criteria  Is converged 
Maximum Force:             0.001301     0.000450                No
RMS Force:                 0.000886     0.000300                No
Maximum Displacement:      0.007369     0.001800                No
RMS Displacement:          0.004027     0.001200                No

----------------------------------------------------------------------
                            Iteration: 73                             


                             Coordinates                              
----------------------------------------------------------------------
0    C               -0.8539              -1.0901               0.1149
1    C                1.2337               0.1081               0.0211
2    C               -0.8797               1.8531               0.7981
3    C                1.9064              -0.5722               1.2050
4    C                2.2372               0.5021              -1.0489
5    N                0.2382              -0.8320              -0.6054
6    N               -1.9598              -1.6633              -0.4206
7    O               -1.8145               1.5001              -0.1488
8    H               -2.0191               0.5590              -0.0408
9    H                0.0073              -0.5219              -1.5604
10   H               -0.8965              -0.7319               1.1403
11   H                0.6812               1.0151               0.3830
12   H               -2.5802              -2.0684               0.2862
13   H               -1.7882              -2.3463              -1.1652
14   H               -0.5711               2.8890               0.6262
15   H               -1.0689               1.6185               1.8583
16   H                2.6424               0.0942               1.6669
17   H                1.7599               1.0315              -1.8803
18   H                2.4135              -1.4849               0.8761
19   H                1.1689              -0.8450               1.9635
20   H                3.0117               1.1563              -0.6382
21   H                2.7215              -0.3959              -1.4440


Energy:                 -383.512806 Convergence criteria  Is converged 
Maximum Force:             0.001519     0.000450                No
RMS Force:                 0.000869     0.000300                No
Maximum Displacement:      0.008234     0.001800                No
RMS Displacement:          0.004714     0.001200                No

----------------------------------------------------------------------
                            Iteration: 74                             


                             Coordinates                              
----------------------------------------------------------------------
0    C               -0.8539              -1.0923               0.1143
1    C                1.2333               0.1069               0.0223
2    C               -0.8779               1.8568               0.7969
3    C                1.9067              -0.5746               1.2057
4    C                2.2354               0.5044              -1.0479
5    N                0.2377              -0.8326              -0.6058
6    N               -1.9597              -1.6651              -0.4213
7    O               -1.8142               1.5014              -0.1473
8    H               -2.0163               0.5595              -0.0407
9    H                0.0100              -0.5251              -1.5625
10   H               -0.8964              -0.7360               1.1406
11   H                0.6807               1.0133               0.3844
12   H               -2.5820              -2.0666               0.2856
13   H               -1.7901              -2.3483              -1.1663
14   H               -0.5704               2.8930               0.6217
15   H               -1.0652               1.6236               1.8582
16   H                2.6418               0.0920               1.6686
17   H                1.7546               1.0301              -1.8799
18   H                2.4159              -1.4857               0.8755
19   H                1.1703              -0.8493               1.9648
20   H                3.0076               1.1627              -0.6383
21   H                2.7221              -0.3928              -1.4418


Energy:                 -383.512818 Convergence criteria  Is converged 
Maximum Force:             0.001328     0.000450                No
RMS Force:                 0.000740     0.000300                No
Maximum Displacement:      0.006375     0.001800                No
RMS Displacement:          0.003909     0.001200                No

----------------------------------------------------------------------
                            Iteration: 75                             


                             Coordinates                              
----------------------------------------------------------------------
0    C               -0.8541              -1.0939               0.1141
1    C                1.2330               0.1066               0.0228
2    C               -0.8770               1.8590               0.7965
3    C                1.9066              -0.5756               1.2060
4    C                2.2348               0.5058              -1.0477
5    N                0.2372              -0.8324              -0.6059
6    N               -1.9597              -1.6664              -0.4222
7    O               -1.8133               1.5015              -0.1468
8    H               -2.0144               0.5592              -0.0406
9    H                0.0109              -0.5267              -1.5637
10   H               -0.8965              -0.7391               1.1414
11   H                0.6802               1.0122               0.3857
12   H               -2.5837              -2.0645               0.2851
13   H               -1.7907              -2.3504              -1.1671
14   H               -0.5700               2.8955               0.6198
15   H               -1.0632               1.6271               1.8586
16   H                2.6416               0.0908               1.6698
17   H                1.7513               1.0293              -1.8802
18   H                2.4172              -1.4855               0.8748
19   H                1.1711              -0.8518               1.9656
20   H                3.0058               1.1663              -0.6383
21   H                2.7225              -0.3916              -1.4406


Energy:                 -383.512825 Convergence criteria  Is converged 
Maximum Force:             0.000963     0.000450                No
RMS Force:                 0.000555     0.000300                No
Maximum Displacement:      0.003635     0.001800                No
RMS Displacement:          0.002352     0.001200                No

----------------------------------------------------------------------
                            Iteration: 76                             


                             Coordinates                              
----------------------------------------------------------------------
0    C               -0.8541              -1.0948               0.1142
1    C                1.2331               0.1068               0.0227
2    C               -0.8770               1.8592               0.7968
3    C                1.9067              -0.5753               1.2061
4    C                2.2349               0.5060              -1.0482
5    N                0.2369              -0.8321              -0.6058
6    N               -1.9599              -1.6666              -0.4229
7    O               -1.8121               1.5012              -0.1475
8    H               -2.0140               0.5591              -0.0410
9    H                0.0104              -0.5268              -1.5637
10   H               -0.8964              -0.7412               1.1424
11   H                0.6800               1.0116               0.3866
12   H               -2.5849              -2.0625               0.2846
13   H               -1.7910              -2.3512              -1.1678
14   H               -0.5697               2.8957               0.6204
15   H               -1.0633               1.6277               1.8587
16   H                2.6418               0.0909               1.6702
17   H                1.7500               1.0285              -1.8810
18   H                2.4179              -1.4847               0.8750
19   H                1.1717              -0.8519               1.9662
20   H                3.0055               1.1675              -0.6386
21   H                2.7231              -0.3919              -1.4403


Energy:                 -383.512829 Convergence criteria  Is converged 
Maximum Force:             0.000817     0.000450                No
RMS Force:                 0.000443     0.000300                No
Maximum Displacement:      0.002118     0.001800                No
RMS Displacement:          0.001078     0.001200                Yes

----------------------------------------------------------------------
                            Iteration: 77                             


                             Coordinates                              
----------------------------------------------------------------------
0    C               -0.8544              -1.0953               0.1141
1    C                1.2330               0.1068               0.0226
2    C               -0.8770               1.8599               0.7971
3    C                1.9067              -0.5754               1.2059
4    C                2.2348               0.5064              -1.0485
5    N                0.2368              -0.8322              -0.6057
6    N               -1.9598              -1.6673              -0.4237
7    O               -1.8114               1.5011              -0.1476
8    H               -2.0141               0.5592              -0.0398
9    H                0.0100              -0.5275              -1.5638
10   H               -0.8968              -0.7419               1.1427
11   H                0.6794               1.0110               0.3878
12   H               -2.5854              -2.0619               0.2842
13   H               -1.7904              -2.3526              -1.1682
14   H               -0.5680               2.8956               0.6192
15   H               -1.0636               1.6306               1.8594
16   H                2.6416               0.0905               1.6706
17   H                1.7492               1.0289              -1.8811
18   H                2.4185              -1.4844               0.8749
19   H                1.1719              -0.8530               1.9659
20   H                3.0049               1.1684              -0.6384
21   H                2.7238              -0.3915              -1.4405


Energy:                 -383.512833 Convergence criteria  Is converged 
Maximum Force:             0.000694     0.000450                No
RMS Force:                 0.000430     0.000300                No
Maximum Displacement:      0.002973     0.001800                No
RMS Displacement:          0.001163     0.001200                Yes

----------------------------------------------------------------------
                            Iteration: 78                             


                             Coordinates                              
----------------------------------------------------------------------
0    C               -0.8545              -1.0959               0.1140
1    C                1.2328               0.1064               0.0226
2    C               -0.8771               1.8606               0.7974
3    C                1.9070              -0.5756               1.2058
4    C                2.2344               0.5067              -1.0487
5    N                0.2367              -0.8328              -0.6056
6    N               -1.9599              -1.6677              -0.4245
7    O               -1.8107               1.5013              -0.1480
8    H               -2.0144               0.5599              -0.0387
9    H                0.0096              -0.5290              -1.5639
10   H               -0.8970              -0.7428               1.1429
11   H                0.6788               1.0099               0.3894
12   H               -2.5856              -2.0616               0.2837
13   H               -1.7903              -2.3532              -1.1690
14   H               -0.5658               2.8949               0.6177
15   H               -1.0645               1.6339               1.8597
16   H                2.6415               0.0903               1.6709
17   H                1.7482               1.0289              -1.8811
18   H                2.4196              -1.4842               0.8753
19   H                1.1725              -0.8539               1.9658
20   H                3.0032               1.1699              -0.6383
21   H                2.7253              -0.3905              -1.4406


Energy:                 -383.512837 Convergence criteria  Is converged 
Maximum Force:             0.000622     0.000450                No
RMS Force:                 0.000448     0.000300                No
Maximum Displacement:      0.003277     0.001800                No
RMS Displacement:          0.001441     0.001200                No

----------------------------------------------------------------------
                            Iteration: 79                             


                             Coordinates                              
----------------------------------------------------------------------
0    C               -0.8549              -1.0965               0.1136
1    C                1.2323               0.1054               0.0229
2    C               -0.8768               1.8624               0.7974
3    C                1.9073              -0.5768               1.2055
4    C                2.2333               0.5074              -1.0484
5    N                0.2367              -0.8341              -0.6055
6    N               -1.9598              -1.6688              -0.4254
7    O               -1.8105               1.5020              -0.1474
8    H               -2.0144               0.5609              -0.0359
9    H                0.0100              -0.5321              -1.5645
10   H               -0.8977              -0.7427               1.1423
11   H                0.6777               1.0082               0.3916
12   H               -2.5853              -2.0627               0.2833
13   H               -1.7902              -2.3543              -1.1699
14   H               -0.5622               2.8949               0.6137
15   H               -1.0650               1.6404               1.8606
16   H                2.6410               0.0893               1.6715
17   H                1.7466               1.0296              -1.8805
18   H                2.4211              -1.4848               0.8753
19   H                1.1730              -0.8565               1.9651
20   H                3.0000               1.1723              -0.6375
21   H                2.7274              -0.3880              -1.4406


Energy:                 -383.512840 Convergence criteria  Is converged 
Maximum Force:             0.000612     0.000450                No
RMS Force:                 0.000456     0.000300                No
Maximum Displacement:      0.006439     0.001800                No
RMS Displacement:          0.002686     0.001200                No

----------------------------------------------------------------------
                            Iteration: 80                             


                             Coordinates                              
----------------------------------------------------------------------
0    C               -0.8550              -1.0972               0.1133
1    C                1.2319               0.1042               0.0234
2    C               -0.8762               1.8637               0.7973
3    C                1.9080              -0.5777               1.2055
4    C                2.2320               0.5077              -1.0480
5    N                0.2367              -0.8356              -0.6054
6    N               -1.9600              -1.6691              -0.4257
7    O               -1.8101               1.5027              -0.1473
8    H               -2.0137               0.5617              -0.0348
9    H                0.0104              -0.5349              -1.5649
10   H               -0.8980              -0.7430               1.1416
11   H                0.6771               1.0066               0.3932
12   H               -2.5853              -2.0632               0.2830
13   H               -1.7916              -2.3538              -1.1710
14   H               -0.5599               2.8951               0.6114
15   H               -1.0657               1.6441               1.8607
16   H                2.6409               0.0892               1.6714
17   H                1.7449               1.0291              -1.8800
18   H                2.4230              -1.4853               0.8758
19   H                1.1740              -0.8582               1.9649
20   H                2.9964               1.1749              -0.6371
21   H                2.7296              -0.3856              -1.4402


Energy:                 -383.512844 Convergence criteria  Is converged 
Maximum Force:             0.000604     0.000450                No
RMS Force:                 0.000451     0.000300                No
Maximum Displacement:      0.003755     0.001800                No
RMS Displacement:          0.002110     0.001200                No

----------------------------------------------------------------------
                            Iteration: 81                             


                             Coordinates                              
----------------------------------------------------------------------
0    C               -0.8552              -1.0979               0.1130
1    C                1.2315               0.1029               0.0239
2    C               -0.8755               1.8650               0.7970
3    C                1.9088              -0.5787               1.2056
4    C                2.2307               0.5082              -1.0473
5    N                0.2368              -0.8371              -0.6053
6    N               -1.9602              -1.6695              -0.4259
7    O               -1.8097               1.5033              -0.1470
8    H               -2.0124               0.5621              -0.0338
9    H                0.0109              -0.5375              -1.5652
10   H               -0.8984              -0.7429               1.1409
11   H                0.6766               1.0050               0.3944
12   H               -2.5856              -2.0636               0.2824
13   H               -1.7932              -2.3535              -1.1721
14   H               -0.5580               2.8959               0.6093
15   H               -1.0662               1.6475               1.8609
16   H                2.6408               0.0893               1.6714
17   H                1.7432               1.0283              -1.8797
18   H                2.4248              -1.4858               0.8760
19   H                1.1749              -0.8598               1.9648
20   H                2.9930               1.1775              -0.6366
21   H                2.7316              -0.3831              -1.4396


Energy:                 -383.512847 Convergence criteria  Is converged 
Maximum Force:             0.000518     0.000450                No
RMS Force:                 0.000400     0.000300                No
Maximum Displacement:      0.003486     0.001800                No
RMS Displacement:          0.002052     0.001200                No

----------------------------------------------------------------------
                            Iteration: 82                             


                             Coordinates                              
----------------------------------------------------------------------
0    C               -0.8553              -1.0987               0.1130
1    C                1.2314               0.1017               0.0244
2    C               -0.8748               1.8652               0.7969
3    C                1.9100              -0.5789               1.2059
4    C                2.2297               0.5081              -1.0470
5    N                0.2369              -0.8385              -0.6050
6    N               -1.9607              -1.6688              -0.4260
7    O               -1.8084               1.5033              -0.1476
8    H               -2.0104               0.5619              -0.0348
9    H                0.0106              -0.5388              -1.5647
10   H               -0.8984              -0.7435               1.1406
11   H                0.6766               1.0037               0.3950
12   H               -2.5869              -2.0625               0.2817
13   H               -1.7959              -2.3521              -1.1732
14   H               -0.5577               2.8966               0.6102
15   H               -1.0672               1.6473               1.8605
16   H                2.6413               0.0908               1.6707
17   H                1.7416               1.0261              -1.8801
18   H                2.4270              -1.4856               0.8766
19   H                1.1763              -0.8599               1.9652
20   H                2.9900               1.1797              -0.6367
21   H                2.7336              -0.3815              -1.4386


Energy:                 -383.512851 Convergence criteria  Is converged 
Maximum Force:             0.000597     0.000450                No
RMS Force:                 0.000405     0.000300                No
Maximum Displacement:      0.002909     0.001800                No
RMS Displacement:          0.001832     0.001200                No

----------------------------------------------------------------------
                            Iteration: 83                             


                             Coordinates                              
----------------------------------------------------------------------
0    C               -0.8554              -1.0995               0.1133
1    C                1.2315               0.1007               0.0246
2    C               -0.8742               1.8648               0.7971
3    C                1.9112              -0.5786               1.2062
4    C                2.2292               0.5080              -1.0468
5    N                0.2370              -0.8396              -0.6045
6    N               -1.9614              -1.6680              -0.4264
7    O               -1.8067               1.5028              -0.1484
8    H               -2.0084               0.5611              -0.0363
9    H                0.0097              -0.5387              -1.5637
10   H               -0.8984              -0.7442               1.1408
11   H                0.6769               1.0026               0.3952
12   H               -2.5890              -2.0605               0.2804
13   H               -1.7980              -2.3513              -1.1740
14   H               -0.5576               2.8971               0.6120
15   H               -1.0685               1.6462               1.8604
16   H                2.6418               0.0927               1.6701
17   H                1.7402               1.0236              -1.8811
18   H                2.4290              -1.4850               0.8771
19   H                1.1775              -0.8594               1.9658
20   H                2.9882               1.1813              -0.6369
21   H                2.7349              -0.3807              -1.4378


Energy:                 -383.512854 Convergence criteria  Is converged 
Maximum Force:             0.000615     0.000450                No
RMS Force:                 0.000406     0.000300                No
Maximum Displacement:      0.002501     0.001800                No
RMS Displacement:          0.001830     0.001200                No

----------------------------------------------------------------------
                            Iteration: 84                             


                             Coordinates                              
----------------------------------------------------------------------
0    C               -0.8555              -1.1001               0.1137
1    C                1.2319               0.1002               0.0246
2    C               -0.8739               1.8636               0.7976
3    C                1.9123              -0.5778               1.2065
4    C                2.2292               0.5077              -1.0472
5    N                0.2372              -0.8404              -0.6041
6    N               -1.9622              -1.6667              -0.4269
7    O               -1.8049               1.5020              -0.1496
8    H               -2.0070               0.5603              -0.0383
9    H                0.0083              -0.5375              -1.5623
10   H               -0.8985              -0.7450               1.1414
11   H                0.6773               1.0020               0.3949
12   H               -2.5915              -2.0580               0.2790
13   H               -1.7995              -2.3506              -1.1742
14   H               -0.5579               2.8968               0.6149
15   H               -1.0700               1.6438               1.8603
16   H                2.6424               0.0950               1.6694
17   H                1.7393               1.0212              -1.8824
18   H                2.4308              -1.4840               0.8777
19   H                1.1786              -0.8582               1.9664
20   H                2.9875               1.1822              -0.6374
21   H                2.7357              -0.3810              -1.4372


Energy:                 -383.512857 Convergence criteria  Is converged 
Maximum Force:             0.000643     0.000450                No
RMS Force:                 0.000383     0.000300                No
Maximum Displacement:      0.002857     0.001800                No
RMS Displacement:          0.001967     0.001200                No

----------------------------------------------------------------------
                            Iteration: 85                             


                             Coordinates                              
----------------------------------------------------------------------
0    C               -0.8558              -1.1005               0.1139
1    C                1.2322               0.0999               0.0244
2    C               -0.8737               1.8628               0.7982
3    C                1.9129              -0.5773               1.2066
4    C                2.2294               0.5077              -1.0475
5    N                0.2374              -0.8411              -0.6037
6    N               -1.9629              -1.6660              -0.4276
7    O               -1.8036               1.5013              -0.1503
8    H               -2.0064               0.5597              -0.0392
9    H                0.0073              -0.5362              -1.5611
10   H               -0.8988              -0.7453               1.1418
11   H                0.6775               1.0016               0.3947
12   H               -2.5935              -2.0564               0.2777
13   H               -1.7996              -2.3508              -1.1740
14   H               -0.5575               2.8961               0.6162
15   H               -1.0712               1.6431               1.8607
16   H                2.6425               0.0964               1.6690
17   H                1.7387               1.0199              -1.8832
18   H                2.4321              -1.4832               0.8780
19   H                1.1793              -0.8577               1.9667
20   H                2.9874               1.1828              -0.6376
21   H                2.7359              -0.3814              -1.4369


Energy:                 -383.512859 Convergence criteria  Is converged 
Maximum Force:             0.000727     0.000450                No
RMS Force:                 0.000345     0.000300                No
Maximum Displacement:      0.002042     0.001800                No
RMS Displacement:          0.001264     0.001200                No

----------------------------------------------------------------------
                            Iteration: 86                             


                             Coordinates                              
----------------------------------------------------------------------
0    C               -0.8561              -1.1006               0.1141
1    C                1.2323               0.0996               0.0243
2    C               -0.8737               1.8623               0.7987
3    C                1.9133              -0.5771               1.2065
4    C                2.2295               0.5079              -1.0477
5    N                0.2377              -0.8420              -0.6034
6    N               -1.9635              -1.6656              -0.4281
7    O               -1.8026               1.5009              -0.1507
8    H               -2.0062               0.5596              -0.0393
9    H                0.0070              -0.5357              -1.5602
10   H               -0.8994              -0.7450               1.1420
11   H                0.6773               1.0010               0.3945
12   H               -2.5951              -2.0557               0.2767
13   H               -1.7992              -2.3510              -1.1737
14   H               -0.5566               2.8950               0.6163
15   H               -1.0721               1.6437               1.8612
16   H                2.6423               0.0972               1.6688
17   H                1.7382               1.0193              -1.8837
18   H                2.4334              -1.4827               0.8782
19   H                1.1801              -0.8580               1.9668
20   H                2.9870               1.1837              -0.6376
21   H                2.7361              -0.3815              -1.4366


Energy:                 -383.512861 Convergence criteria  Is converged 
Maximum Force:             0.000487     0.000450                No
RMS Force:                 0.000291     0.000300                Yes
Maximum Displacement:      0.001575     0.001800                Yes
RMS Displacement:          0.000930     0.001200                Yes

----------------------------------------------------------------------
                            Iteration: 87                             


                             Coordinates                              
----------------------------------------------------------------------
0    C               -0.8566              -1.1006               0.1140
1    C                1.2322               0.0991               0.0243
2    C               -0.8736               1.8626               0.7991
3    C                1.9135              -0.5776               1.2062
4    C                2.2293               0.5083              -1.0476
5    N                0.2379              -0.8430              -0.6032
6    N               -1.9639              -1.6657              -0.4284
7    O               -1.8023               1.5010              -0.1504
8    H               -2.0061               0.5598              -0.0385
9    H                0.0077              -0.5362              -1.5600
10   H               -0.9002              -0.7442               1.1416
11   H                0.6767               1.0002               0.3946
12   H               -2.5960              -2.0561               0.2760
13   H               -1.7985              -2.3513              -1.1735
14   H               -0.5552               2.8943               0.6148
15   H               -1.0724               1.6460               1.8618
16   H                2.6418               0.0972               1.6687
17   H                1.7375               1.0194              -1.8835
18   H                2.4345              -1.4826               0.8780
19   H                1.1808              -0.8593               1.9666
20   H                2.9860               1.1851              -0.6372
21   H                2.7363              -0.3809              -1.4362


Energy:                 -383.512862 Convergence criteria  Is converged 
Maximum Force:             0.000377     0.000450                Yes
RMS Force:                 0.000257     0.000300                Yes
Maximum Displacement:      0.002310     0.001800                No
RMS Displacement:          0.001111     0.001200                Yes

----------------------------------------------------------------------
                            Iteration: 88                             


                             Coordinates                              
----------------------------------------------------------------------
0    C               -0.8570              -1.1005               0.1138
1    C                1.2319               0.0986               0.0244
2    C               -0.8734               1.8632               0.7992
3    C                1.9137              -0.5782               1.2060
4    C                2.2288               0.5087              -1.0472
5    N                0.2380              -0.8439              -0.6031
6    N               -1.9641              -1.6660              -0.4284
7    O               -1.8022               1.5012              -0.1500
8    H               -2.0057               0.5600              -0.0376
9    H                0.0088              -0.5375              -1.5602
10   H               -0.9009              -0.7434               1.1410
11   H                0.6761               0.9994               0.3947
12   H               -2.5964              -2.0568               0.2757
13   H               -1.7983              -2.3513              -1.1736
14   H               -0.5539               2.8940               0.6130
15   H               -1.0723               1.6484               1.8622
16   H                2.6414               0.0969               1.6686
17   H                1.7368               1.0196              -1.8830
18   H                2.4355              -1.4827               0.8776
19   H                1.1815              -0.8609               1.9664
20   H                2.9845               1.1865              -0.6368
21   H                2.7367              -0.3801              -1.4357


Energy:                 -383.512863 Convergence criteria  Is converged 
Maximum Force:             0.000317     0.000450                Yes
RMS Force:                 0.000230     0.000300                Yes
Maximum Displacement:      0.002317     0.001800                No
RMS Displacement:          0.001195     0.001200                Yes

----------------------------------------------------------------------
                            Iteration: 89                             


                             Coordinates                              
----------------------------------------------------------------------
0    C               -0.8573              -1.1003               0.1137
1    C                1.2316               0.0981               0.0246
2    C               -0.8733               1.8638               0.7992
3    C                1.9139              -0.5787               1.2058
4    C                2.2282               0.5090              -1.0469
5    N                0.2380              -0.8445              -0.6030
6    N               -1.9641              -1.6663              -0.4283
7    O               -1.8022               1.5014              -0.1497
8    H               -2.0052               0.5602              -0.0371
9    H                0.0099              -0.5386              -1.5605
10   H               -0.9015              -0.7426               1.1406
11   H                0.6756               0.9988               0.3949
12   H               -2.5966              -2.0571               0.2756
13   H               -1.7984              -2.3512              -1.1737
14   H               -0.5532               2.8941               0.6117
15   H               -1.0721               1.6499               1.8625
16   H                2.6412               0.0967               1.6686
17   H                1.7362               1.0197              -1.8826
18   H                2.4363              -1.4827               0.8773
19   H                1.1822              -0.8623               1.9663
20   H                2.9832               1.1875              -0.6366
21   H                2.7371              -0.3794              -1.4351


Energy:                 -383.512864 Convergence criteria  Is converged 
Maximum Force:             0.000263     0.000450                Yes
RMS Force:                 0.000202     0.000300                Yes
Maximum Displacement:      0.001528     0.001800                Yes
RMS Displacement:          0.000954     0.001200                Yes
