Preprocessing the settings ...
Model: ANI-2x.
Job type: opt.
GPU ID is not set. Using CPU to calculate.

                             Coordinates                              
**********************************************************************
1    C               -0.7781              -1.0676               0.3211
2    C                1.3026               0.0521              -0.0283
3    C               -0.9720               1.4562               0.8237
4    C                1.9812              -0.4184               1.2502
5    C                2.2640               0.4352              -1.1331
6    N                0.2912              -0.8768              -0.5004
7    N               -2.0192              -1.3720              -0.2331
8    O               -1.6647               1.6302              -0.4018
9    H               -2.2586               0.8701              -0.4759
10   H                0.0278              -0.6783              -1.4585
11   H               -0.6098              -1.3679               1.3412
12   H                0.6813               0.9183               0.2869
13   H               -2.5733              -2.0574               0.2574
14   H               -2.0524              -1.5045              -1.2338
15   H               -0.3690               2.3514               0.9917
16   H               -1.6396               1.2942               1.6747
17   H                2.7644               0.2915               1.5228
18   H                1.7251               0.7307              -2.0378
19   H                2.4356              -1.4061               1.1342
20   H                1.2730              -0.4472               2.0806
21   H                2.8503               1.2987              -0.8143
22   H                2.9600              -0.3688              -1.3889

Loading the Machine Learning Potential Model...
Loading ANI model (ANI-2x) successfully.
Using CPU for calculation.
DFT-D4 correction is enabled.

----------------------------------------------------------------------
                             Iteration: 1                             


                             Coordinates                              
----------------------------------------------------------------------
0    C               -0.7848              -1.0822               0.2917
1    C                1.3082               0.0717              -0.0114
2    C               -0.9680               1.4520               0.7959
3    C                1.9868              -0.4187               1.2499
4    C                2.2643               0.4370              -1.1332
5    N                0.2696              -0.9046              -0.4937
6    N               -2.0023              -1.3544              -0.2178
7    O               -1.6552               1.6267              -0.3902
8    H               -2.2513               0.8692              -0.4708
9    H                0.0210              -0.6743              -1.4692
10   H               -0.6104              -1.3541               1.3502
11   H                0.6713               0.9325               0.2964
12   H               -2.5799              -2.0637               0.2655
13   H               -2.0514              -1.5073              -1.2505
14   H               -0.3702               2.3519               0.9909
15   H               -1.6350               1.2843               1.6801
16   H                2.7666               0.2922               1.5238
17   H                1.7249               0.7306              -2.0393
18   H                2.4361              -1.4066               1.1333
19   H                1.2697              -0.4470               2.0786
20   H                2.8521               1.2993              -0.8142
21   H                2.9578              -0.3709              -1.3875


Energy:                 -383.481926 Convergence criteria  Is converged 
Maximum Force:             0.051958     0.000450                No
RMS Force:                 0.024595     0.000300                No
Maximum Displacement:      0.029309     0.001800                No
RMS Displacement:          0.017259     0.001200                No

----------------------------------------------------------------------
                             Iteration: 2                             


                             Coordinates                              
----------------------------------------------------------------------
0    C               -0.7859              -1.1086               0.2847
1    C                1.3009               0.0820               0.0009
2    C               -0.9651               1.4557               0.7877
3    C                1.9909              -0.4172               1.2534
4    C                2.2628               0.4396              -1.1313
5    N                0.2704              -0.9197              -0.5037
6    N               -2.0129              -1.3518              -0.2205
7    O               -1.6485               1.6230              -0.3883
8    H               -2.2423               0.8680              -0.4652
9    H                0.0140              -0.6720              -1.4712
10   H               -0.6132              -1.3322               1.3488
11   H                0.6616               0.9479               0.3063
12   H               -2.5788              -2.0605               0.2708
13   H               -2.0482              -1.5070              -1.2519
14   H               -0.3721               2.3491               0.9878
15   H               -1.6224               1.2714               1.6781
16   H                2.7703               0.2933               1.5259
17   H                1.7244               0.7305              -2.0406
18   H                2.4371              -1.4078               1.1312
19   H                1.2677              -0.4470               2.0751
20   H                2.8552               1.3005              -0.8147
21   H                2.9542              -0.3736              -1.3849


Energy:                 -383.486811 Convergence criteria  Is converged 
Maximum Force:             0.042522     0.000450                No
RMS Force:                 0.020012     0.000300                No
Maximum Displacement:      0.026383     0.001800                No
RMS Displacement:          0.012214     0.001200                No

----------------------------------------------------------------------
                             Iteration: 3                             


                             Coordinates                              
----------------------------------------------------------------------
0    C               -0.7838              -1.1996               0.2475
1    C                1.2725               0.1065               0.0230
2    C               -0.9575               1.4714               0.7830
3    C                1.9978              -0.4119               1.2639
4    C                2.2524               0.4488              -1.1183
5    N                0.2787              -0.9597              -0.5186
6    N               -2.0454              -1.3410              -0.2292
7    O               -1.6269               1.6164              -0.3965
8    H               -2.2162               0.8558              -0.4477
9    H               -0.0118              -0.6624              -1.4789
10   H               -0.6239              -1.2565               1.3434
11   H                0.6306               0.9922               0.3379
12   H               -2.5770              -2.0502               0.2886
13   H               -2.0389              -1.5077              -1.2539
14   H               -0.3736               2.3449               0.9770
15   H               -1.5727               1.2227               1.6652
16   H                2.7851               0.2977               1.5355
17   H                1.7232               0.7301              -2.0428
18   H                2.4396              -1.4093               1.1228
19   H                1.2635              -0.4480               2.0671
20   H                2.8667               1.3047              -0.8179
21   H                2.9377              -0.3814              -1.3729


Energy:                 -383.494997 Convergence criteria  Is converged 
Maximum Force:             0.024055     0.000450                No
RMS Force:                 0.017774     0.000300                No
Maximum Displacement:      0.090989     0.001800                No
RMS Displacement:          0.039721     0.001200                No

----------------------------------------------------------------------
                             Iteration: 4                             


                             Coordinates                              
----------------------------------------------------------------------
0    C               -0.7818              -1.2208               0.2446
1    C                1.2660               0.1065               0.0224
2    C               -0.9621               1.4810               0.7848
3    C                1.9967              -0.4086               1.2623
4    C                2.2470               0.4512              -1.1144
5    N                0.2832              -0.9590              -0.5257
6    N               -2.0478              -1.3384              -0.2313
7    O               -1.6220               1.6120              -0.4022
8    H               -2.2097               0.8506              -0.4449
9    H               -0.0172              -0.6617              -1.4730
10   H               -0.6288              -1.2371               1.3331
11   H                0.6281               0.9920               0.3415
12   H               -2.5779              -2.0474               0.2914
13   H               -2.0397              -1.5104              -1.2526
14   H               -0.3676               2.3528               0.9767
15   H               -1.5574               1.2046               1.6626
16   H                2.7879               0.2978               1.5390
17   H                1.7234               0.7300              -2.0405
18   H                2.4388              -1.4063               1.1197
19   H                1.2634              -0.4492               2.0700
20   H                2.8693               1.3052              -0.8191
21   H                2.9282              -0.3813              -1.3658


Energy:                 -383.497212 Convergence criteria  Is converged 
Maximum Force:             0.021421     0.000450                No
RMS Force:                 0.013833     0.000300                No
Maximum Displacement:      0.021244     0.001800                No
RMS Displacement:          0.010485     0.001200                No

----------------------------------------------------------------------
                             Iteration: 5                             


                             Coordinates                              
----------------------------------------------------------------------
0    C               -0.7686              -1.2595               0.2299
1    C                1.2544               0.1034               0.0170
2    C               -0.9633               1.5098               0.7840
3    C                1.9903              -0.4006               1.2589
4    C                2.2348               0.4587              -1.1049
5    N                0.2880              -0.9561              -0.5288
6    N               -2.0496              -1.3376              -0.2331
7    O               -1.6109               1.6020              -0.4171
8    H               -2.1953               0.8349              -0.4402
9    H               -0.0312              -0.6579              -1.4612
10   H               -0.6411              -1.1939               1.3081
11   H                0.6203               0.9822               0.3476
12   H               -2.5800              -2.0382               0.2943
13   H               -2.0447              -1.5198              -1.2496
14   H               -0.3531               2.3769               0.9777
15   H               -1.5216               1.1562               1.6611
16   H                2.7916               0.2965               1.5464
17   H                1.7229               0.7308              -2.0339
18   H                2.4353              -1.3956               1.1110
19   H                1.2665              -0.4528               2.0789
20   H                2.8735               1.3049              -0.8221
21   H                2.9017              -0.3806              -1.3457


Energy:                 -383.500619 Convergence criteria  Is converged 
Maximum Force:             0.023038     0.000450                No
RMS Force:                 0.012089     0.000300                No
Maximum Displacement:      0.048412     0.001800                No
RMS Displacement:          0.024902     0.001200                No

----------------------------------------------------------------------
                             Iteration: 6                             


                             Coordinates                              
----------------------------------------------------------------------
0    C               -0.7648              -1.2649               0.2227
1    C                1.2527               0.1006               0.0154
2    C               -0.9591               1.5244               0.7829
3    C                1.9856              -0.3971               1.2580
4    C                2.2285               0.4627              -1.1007
5    N                0.2911              -0.9532              -0.5288
6    N               -2.0408              -1.3399              -0.2341
7    O               -1.6051               1.5969              -0.4245
8    H               -2.1880               0.8241              -0.4397
9    H               -0.0386              -0.6546              -1.4558
10   H               -0.6472              -1.1763               1.2960
11   H                0.6135               0.9694               0.3474
12   H               -2.5827              -2.0336               0.2941
13   H               -2.0516              -1.5281              -1.2478
14   H               -0.3458               2.3967               0.9798
15   H               -1.4988               1.1286               1.6590
16   H                2.7892               0.2945               1.5489
17   H                1.7208               0.7327              -2.0302
18   H                2.4319              -1.3870               1.1054
19   H                1.2705              -0.4551               2.0854
20   H                2.8734               1.3040              -0.8224
21   H                2.8853              -0.3810              -1.3326


Energy:                 -383.502156 Convergence criteria  Is converged 
Maximum Force:             0.027357     0.000450                No
RMS Force:                 0.011607     0.000300                No
Maximum Displacement:      0.027614     0.001800                No
RMS Displacement:          0.013775     0.001200                No

----------------------------------------------------------------------
                             Iteration: 7                             


                             Coordinates                              
----------------------------------------------------------------------
0    C               -0.7585              -1.2604               0.2118
1    C                1.2509               0.0998               0.0180
2    C               -0.9469               1.5427               0.7795
3    C                1.9798              -0.3934               1.2597
4    C                2.2199               0.4687              -1.0948
5    N                0.2951              -0.9557              -0.5300
6    N               -2.0308              -1.3486              -0.2367
7    O               -1.5960               1.5877              -0.4306
8    H               -2.1745               0.8095              -0.4395
9    H               -0.0497              -0.6475              -1.4518
10   H               -0.6549              -1.1541               1.2847
11   H                0.5981               0.9531               0.3475
12   H               -2.5861              -2.0254               0.2939
13   H               -2.0635              -1.5424              -1.2479
14   H               -0.3406               2.4264               0.9826
15   H               -1.4591               1.0894               1.6512
16   H                2.7833               0.2922               1.5510
17   H                1.7152               0.7370              -2.0262
18   H                2.4268              -1.3754               1.0963
19   H                1.2769              -0.4586               2.0948
20   H                2.8720               1.3033              -0.8211
21   H                2.8627              -0.3846              -1.3137


Energy:                 -383.504039 Convergence criteria  Is converged 
Maximum Force:             0.024035     0.000450                No
RMS Force:                 0.011485     0.000300                No
Maximum Displacement:      0.039640     0.001800                No
RMS Displacement:          0.020174     0.001200                No

----------------------------------------------------------------------
                             Iteration: 8                             


                             Coordinates                              
----------------------------------------------------------------------
0    C               -0.7568              -1.2400               0.2063
1    C                1.2482               0.0998               0.0231
2    C               -0.9304               1.5578               0.7754
3    C                1.9741              -0.3913               1.2636
4    C                2.2120               0.4739              -1.0897
5    N                0.3022              -0.9613              -0.5359
6    N               -2.0197              -1.3613              -0.2432
7    O               -1.5844               1.5783              -0.4314
8    H               -2.1588               0.7942              -0.4403
9    H               -0.0592              -0.6381              -1.4506
10   H               -0.6609              -1.1380               1.2792
11   H                0.5789               0.9389               0.3467
12   H               -2.5908              -2.0177               0.2951
13   H               -2.0785              -1.5599              -1.2505
14   H               -0.3426               2.4571               0.9854
15   H               -1.4112               1.0533               1.6372
16   H                2.7753               0.2917               1.5517
17   H                1.7067               0.7431              -2.0225
18   H                2.4220              -1.3662               1.0862
19   H                1.2835              -0.4628               2.1052
20   H                2.8686               1.3034              -0.8171
21   H                2.8417              -0.3913              -1.2954


Energy:                 -383.505891 Convergence criteria  Is converged 
Maximum Force:             0.019597     0.000450                No
RMS Force:                 0.011645     0.000300                No
Maximum Displacement:      0.047892     0.001800                No
RMS Displacement:          0.021497     0.001200                No

----------------------------------------------------------------------
                             Iteration: 9                             


                             Coordinates                              
----------------------------------------------------------------------
0    C               -0.7580              -1.2150               0.2036
1    C                1.2417               0.1011               0.0284
2    C               -0.9145               1.5680               0.7722
3    C                1.9702              -0.3913               1.2680
4    C                2.2059               0.4770              -1.0854
5    N                0.3079              -0.9697              -0.5447
6    N               -2.0148              -1.3757              -0.2519
7    O               -1.5721               1.5688              -0.4279
8    H               -2.1406               0.7824              -0.4405
9    H               -0.0641              -0.6278              -1.4521
10   H               -0.6640              -1.1271               1.2818
11   H                0.5601               0.9337               0.3467
12   H               -2.5950              -2.0104               0.2985
13   H               -2.0921              -1.5776              -1.2566
14   H               -0.3532               2.4809               0.9870
15   H               -1.3611               1.0270               1.6195
16   H                2.7685               0.2949               1.5518
17   H                1.6971               0.7495              -2.0188
18   H                2.4195              -1.3629               1.0769
19   H                1.2877              -0.4673               2.1148
20   H                2.8647               1.3047              -0.8110
21   H                2.8262              -0.3995              -1.2819


Energy:                 -383.507508 Convergence criteria  Is converged 
Maximum Force:             0.015526     0.000450                No
RMS Force:                 0.009565     0.000300                No
Maximum Displacement:      0.050129     0.001800                No
RMS Displacement:          0.020037     0.001200                No

----------------------------------------------------------------------
                            Iteration: 10                             


                             Coordinates                              
----------------------------------------------------------------------
0    C               -0.7635              -1.1996               0.2051
1    C                1.2344               0.1011               0.0300
2    C               -0.9059               1.5733               0.7701
3    C                1.9685              -0.3928               1.2700
4    C                2.2027               0.4770              -1.0826
5    N                0.3088              -0.9737              -0.5515
6    N               -2.0150              -1.3855              -0.2598
7    O               -1.5620               1.5639              -0.4243
8    H               -2.1261               0.7753              -0.4392
9    H               -0.0623              -0.6203              -1.4548
10   H               -0.6641              -1.1224               1.2871
11   H                0.5500               0.9374               0.3466
12   H               -2.5981              -2.0058               0.3035
13   H               -2.0996              -1.5904              -1.2632
14   H               -0.3677               2.4916               0.9875
15   H               -1.3252               1.0165               1.6072
16   H                2.7651               0.3003               1.5513
17   H                1.6902               0.7535              -2.0147
18   H                2.4198              -1.3656               1.0717
19   H                1.2883              -0.4711               2.1206
20   H                2.8613               1.3060              -0.8049
21   H                2.8202              -0.4051              -1.2775


Energy:                 -383.508488 Convergence criteria  Is converged 
Maximum Force:             0.009880     0.000450                No
RMS Force:                 0.007326     0.000300                No
Maximum Displacement:      0.035952     0.001800                No
RMS Displacement:          0.013235     0.001200                No

----------------------------------------------------------------------
                            Iteration: 11                             


                             Coordinates                              
----------------------------------------------------------------------
0    C               -0.7690              -1.1956               0.2054
1    C                1.2265               0.1001               0.0296
2    C               -0.9014               1.5800               0.7680
3    C                1.9672              -0.3942               1.2699
4    C                2.1995               0.4762              -1.0793
5    N                0.3050              -0.9732              -0.5546
6    N               -2.0187              -1.3928              -0.2662
7    O               -1.5528               1.5592              -0.4247
8    H               -2.1103               0.7689              -0.4363
9    H               -0.0581              -0.6140              -1.4568
10   H               -0.6643              -1.1157               1.2894
11   H                0.5455               0.9440               0.3462
12   H               -2.6007              -2.0010               0.3094
13   H               -2.1040              -1.6024              -1.2694
14   H               -0.3822               2.5009               0.9884
15   H               -1.2928               1.0072               1.6003
16   H                2.7627               0.3061               1.5508
17   H                1.6850               0.7563              -2.0092
18   H                2.4210              -1.3693               1.0682
19   H                1.2878              -0.4755               2.1244
20   H                2.8580               1.3066              -0.7988
21   H                2.8159              -0.4083              -1.2760


Energy:                 -383.509197 Convergence criteria  Is converged 
Maximum Force:             0.011400     0.000450                No
RMS Force:                 0.007002     0.000300                No
Maximum Displacement:      0.032362     0.001800                No
RMS Displacement:          0.011505     0.001200                No

----------------------------------------------------------------------
                            Iteration: 12                             


                             Coordinates                              
----------------------------------------------------------------------
0    C               -0.7789              -1.1941               0.2065
1    C                1.2177               0.0977               0.0284
2    C               -0.8966               1.5877               0.7653
3    C                1.9649              -0.3969               1.2686
4    C                2.1955               0.4737              -1.0749
5    N                0.2957              -0.9662              -0.5549
6    N               -2.0239              -1.4016              -0.2742
7    O               -1.5405               1.5544              -0.4290
8    H               -2.0877               0.7580              -0.4316
9    H               -0.0491              -0.6059              -1.4603
10   H               -0.6652              -1.1085               1.2894
11   H                0.5452               0.9540               0.3432
12   H               -2.6054              -1.9944               0.3180
13   H               -2.1085              -1.6207              -1.2771
14   H               -0.4036               2.5177               0.9909
15   H               -1.2500               0.9967               1.5954
16   H                2.7574               0.3135               1.5486
17   H                1.6786               0.7598              -1.9999
18   H                2.4231              -1.3741               1.0652
19   H                1.2873              -0.4826               2.1275
20   H                2.8516               1.3057              -0.7893
21   H                2.8122              -0.4101              -1.2775


Energy:                 -383.510068 Convergence criteria  Is converged 
Maximum Force:             0.012303     0.000450                No
RMS Force:                 0.007832     0.000300                No
Maximum Displacement:      0.042837     0.001800                No
RMS Displacement:          0.015873     0.001200                No

----------------------------------------------------------------------
                            Iteration: 13                             


                             Coordinates                              
----------------------------------------------------------------------
0    C               -0.7911              -1.1963               0.2046
1    C                1.2097               0.0954               0.0287
2    C               -0.8884               1.5997               0.7616
3    C                1.9614              -0.4006               1.2667
4    C                2.1901               0.4703              -1.0690
5    N                0.2820              -0.9534              -0.5518
6    N               -2.0313              -1.4122              -0.2826
7    O               -1.5261               1.5470              -0.4370
8    H               -2.0574               0.7419              -0.4256
9    H               -0.0378              -0.5962              -1.4655
10   H               -0.6688              -1.0994               1.2862
11   H                0.5494               0.9657               0.3380
12   H               -2.6127              -1.9854               0.3280
13   H               -2.1131              -1.6462              -1.2841
14   H               -0.4310               2.5448               0.9956
15   H               -1.1969               0.9816               1.5932
16   H                2.7480               0.3206               1.5445
17   H                1.6708               0.7642              -1.9879
18   H                2.4256              -1.3775               1.0627
19   H                1.2875              -0.4928               2.1294
20   H                2.8424               1.3027              -0.7763
21   H                2.8076              -0.4104              -1.2810


Energy:                 -383.510992 Convergence criteria  Is converged 
Maximum Force:             0.013656     0.000450                No
RMS Force:                 0.007917     0.000300                No
Maximum Displacement:      0.053069     0.001800                No
RMS Displacement:          0.020842     0.001200                No

----------------------------------------------------------------------
                            Iteration: 14                             


                             Coordinates                              
----------------------------------------------------------------------
0    C               -0.8039              -1.1947               0.2046
1    C                1.2088               0.0933               0.0297
2    C               -0.8796               1.6062               0.7602
3    C                1.9579              -0.4057               1.2644
4    C                2.1874               0.4650              -1.0656
5    N                0.2662              -0.9347              -0.5453
6    N               -2.0388              -1.4211              -0.2880
7    O               -1.5152               1.5420              -0.4433
8    H               -2.0315               0.7257              -0.4214
9    H               -0.0235              -0.5896              -1.4723
10   H               -0.6738              -1.1018               1.2829
11   H                0.5630               0.9767               0.3299
12   H               -2.6215              -1.9785               0.3348
13   H               -2.1151              -1.6712              -1.2865
14   H               -0.4605               2.5724               1.0016
15   H               -1.1574               0.9794               1.5948
16   H                2.7354               0.3247               1.5377
17   H                1.6644               0.7683              -1.9773
18   H                2.4286              -1.3795               1.0641
19   H                1.2876              -0.5032               2.1271
20   H                2.8316               1.2975              -0.7625
21   H                2.8097              -0.4074              -1.2912


Energy:                 -383.511799 Convergence criteria  Is converged 
Maximum Force:             0.013061     0.000450                No
RMS Force:                 0.007760     0.000300                No
Maximum Displacement:      0.039469     0.001800                No
RMS Displacement:          0.019120     0.001200                No

----------------------------------------------------------------------
                            Iteration: 15                             


                             Coordinates                              
----------------------------------------------------------------------
0    C               -0.8121              -1.1992               0.1989
1    C                1.2105               0.0941               0.0328
2    C               -0.8675               1.6173               0.7579
3    C                1.9550              -0.4091               1.2635
4    C                2.1853               0.4621              -1.0635
5    N                0.2565              -0.9209              -0.5416
6    N               -2.0449              -1.4252              -0.2902
7    O               -1.5071               1.5352              -0.4456
8    H               -2.0105               0.7105              -0.4188
9    H               -0.0163              -0.5860              -1.4778
10   H               -0.6826              -1.1022               1.2787
11   H                0.5759               0.9852               0.3258
12   H               -2.6309              -1.9738               0.3384
13   H               -2.1156              -1.6926              -1.2836
14   H               -0.4836               2.5972               1.0062
15   H               -1.1302               0.9753               1.5977
16   H                2.7247               0.3246               1.5327
17   H                1.6598               0.7719              -1.9709
18   H                2.4308              -1.3775               1.0656
19   H                1.2874              -0.5120               2.1238
20   H                2.8243               1.2924              -0.7520
21   H                2.8110              -0.4038              -1.2996


Energy:                 -383.512428 Convergence criteria  Is converged 
Maximum Force:             0.009917     0.000450                No
RMS Force:                 0.006468     0.000300                No
Maximum Displacement:      0.027218     0.001800                No
RMS Displacement:          0.015323     0.001200                No

----------------------------------------------------------------------
                            Iteration: 16                             


                             Coordinates                              
----------------------------------------------------------------------
0    C               -0.8145              -1.1975               0.1977
1    C                1.2190               0.0945               0.0336
2    C               -0.8586               1.6188               0.7598
3    C                1.9535              -0.4128               1.2625
4    C                2.1883               0.4589              -1.0666
5    N                0.2500              -0.9084              -0.5376
6    N               -2.0508              -1.4244              -0.2873
7    O               -1.5066               1.5323              -0.4406
8    H               -2.0025               0.7019              -0.4197
9    H               -0.0105              -0.5885              -1.4830
10   H               -0.6920              -1.1176               1.2768
11   H                0.5953               0.9914               0.3228
12   H               -2.6395              -1.9745               0.3354
13   H               -2.1123              -1.7056              -1.2753
14   H               -0.5008               2.6118               1.0095
15   H               -1.1338               0.9916               1.6029
16   H                2.7166               0.3210               1.5282
17   H                1.6591               0.7741              -1.9703
18   H                2.4339              -1.3752               1.0708
19   H                1.2849              -0.5177               2.1175
20   H                2.8204               1.2876              -0.7453
21   H                2.8207              -0.3980              -1.3133


Energy:                 -383.512992 Convergence criteria  Is converged 
Maximum Force:             0.010022     0.000450                No
RMS Force:                 0.006160     0.000300                No
Maximum Displacement:      0.019419     0.001800                No
RMS Displacement:          0.012140     0.001200                No

----------------------------------------------------------------------
                            Iteration: 17                             


                             Coordinates                              
----------------------------------------------------------------------
0    C               -0.8141              -1.1990               0.1934
1    C                1.2220               0.0956               0.0334
2    C               -0.8494               1.6264               0.7603
3    C                1.9518              -0.4139               1.2629
4    C                2.1892               0.4597              -1.0686
5    N                0.2512              -0.9065              -0.5403
6    N               -2.0536              -1.4224              -0.2862
7    O               -1.5028               1.5275              -0.4337
8    H               -1.9941               0.6918              -0.4200
9    H               -0.0135              -0.5898              -1.4856
10   H               -0.7026              -1.1215               1.2747
11   H                0.6037               0.9955               0.3257
12   H               -2.6474              -1.9748               0.3331
13   H               -2.1122              -1.7179              -1.2686
14   H               -0.5107               2.6265               1.0103
15   H               -1.1312               0.9948               1.6035
16   H                2.7136               0.3185               1.5287
17   H                1.6579               0.7772              -1.9715
18   H                2.4364              -1.3723               1.0714
19   H                1.2818              -0.5220               2.1157
20   H                2.8212               1.2858              -0.7418
21   H                2.8227              -0.3957              -1.3183


Energy:                 -383.513423 Convergence criteria  Is converged 
Maximum Force:             0.006824     0.000450                No
RMS Force:                 0.005666     0.000300                No
Maximum Displacement:      0.014768     0.001800                No
RMS Displacement:          0.008061     0.001200                No

----------------------------------------------------------------------
                            Iteration: 18                             


                             Coordinates                              
----------------------------------------------------------------------
0    C               -0.8131              -1.1989               0.1909
1    C                1.2235               0.0961               0.0305
2    C               -0.8419               1.6335               0.7643
3    C                1.9504              -0.4151               1.2632
4    C                2.1915               0.4616              -1.0721
5    N                0.2534              -0.9092              -0.5446
6    N               -2.0576              -1.4198              -0.2855
7    O               -1.4990               1.5217              -0.4249
8    H               -1.9836               0.6823              -0.4195
9    H               -0.0191              -0.5915              -1.4887
10   H               -0.7141              -1.1266               1.2741
11   H                0.6114               1.0006               0.3313
12   H               -2.6551              -1.9751               0.3296
13   H               -2.1125              -1.7319              -1.2626
14   H               -0.5214               2.6410               1.0096
15   H               -1.1301               1.0025               1.6024
16   H                2.7134               0.3172               1.5323
17   H                1.6575               0.7813              -1.9740
18   H                2.4403              -1.3714               1.0710
19   H                1.2760              -0.5264               2.1146
20   H                2.8251               1.2856              -0.7397
21   H                2.8252              -0.3941              -1.3238


Energy:                 -383.513831 Convergence criteria  Is converged 
Maximum Force:             0.006855     0.000450                No
RMS Force:                 0.004621     0.000300                No
Maximum Displacement:      0.014506     0.001800                No
RMS Displacement:          0.008859     0.001200                No

----------------------------------------------------------------------
                            Iteration: 19                             


                             Coordinates                              
----------------------------------------------------------------------
0    C               -0.8145              -1.1988               0.1908
1    C                1.2223               0.0959               0.0275
2    C               -0.8384               1.6402               0.7676
3    C                1.9498              -0.4160               1.2633
4    C                2.1929               0.4638              -1.0741
5    N                0.2534              -0.9128              -0.5486
6    N               -2.0612              -1.4195              -0.2881
7    O               -1.4936               1.5178              -0.4201
8    H               -1.9712               0.6731              -0.4169
9    H               -0.0242              -0.5915              -1.4901
10   H               -0.7219              -1.1274               1.2739
11   H                0.6145               1.0041               0.3357
12   H               -2.6600              -1.9736               0.3281
13   H               -2.1141              -1.7454              -1.2605
14   H               -0.5315               2.6534               1.0084
15   H               -1.1223               1.0068               1.6017
16   H                2.7137               0.3177               1.5372
17   H                1.6573               0.7858              -1.9749
18   H                2.4438              -1.3723               1.0691
19   H                1.2709              -0.5302               2.1142
20   H                2.8292               1.2864              -0.7386
21   H                2.8250              -0.3937              -1.3269


Energy:                 -383.514080 Convergence criteria  Is converged 
Maximum Force:             0.005789     0.000450                No
RMS Force:                 0.003843     0.000300                No
Maximum Displacement:      0.013485     0.001800                No
RMS Displacement:          0.007582     0.001200                No

----------------------------------------------------------------------
                            Iteration: 20                             


                             Coordinates                              
----------------------------------------------------------------------
0    C               -0.8173              -1.2003               0.1914
1    C                1.2211               0.0957               0.0248
2    C               -0.8377               1.6459               0.7710
3    C                1.9503              -0.4172               1.2630
4    C                2.1945               0.4662              -1.0759
5    N                0.2515              -0.9164              -0.5510
6    N               -2.0647              -1.4194              -0.2919
7    O               -1.4894               1.5147              -0.4180
8    H               -1.9576               0.6660              -0.4125
9    H               -0.0297              -0.5920              -1.4903
10   H               -0.7274              -1.1274               1.2745
11   H                0.6161               1.0058               0.3393
12   H               -2.6627              -1.9713               0.3267
13   H               -2.1153              -1.7583              -1.2601
14   H               -0.5410               2.6626               1.0064
15   H               -1.1160               1.0133               1.6040
16   H                2.7142               0.3181               1.5436
17   H                1.6588               0.7905              -1.9759
18   H                2.4470              -1.3739               1.0671
19   H                1.2659              -0.5336               2.1120
20   H                2.8345               1.2877              -0.7395
21   H                2.8247              -0.3930              -1.3303


Energy:                 -383.514298 Convergence criteria  Is converged 
Maximum Force:             0.007239     0.000450                No
RMS Force:                 0.003975     0.000300                No
Maximum Displacement:      0.013655     0.001800                No
RMS Displacement:          0.007101     0.001200                No

----------------------------------------------------------------------
                            Iteration: 21                             


                             Coordinates                              
----------------------------------------------------------------------
0    C               -0.8214              -1.2015               0.1929
1    C                1.2205               0.0950               0.0224
2    C               -0.8373               1.6527               0.7737
3    C                1.9510              -0.4189               1.2620
4    C                2.1961               0.4692              -1.0776
5    N                0.2476              -0.9187              -0.5516
6    N               -2.0687              -1.4204              -0.2984
7    O               -1.4839               1.5121              -0.4171
8    H               -1.9386               0.6561              -0.4055
9    H               -0.0369              -0.5926              -1.4890
10   H               -0.7331              -1.1270               1.2751
11   H                0.6164               1.0050               0.3420
12   H               -2.6652              -1.9672               0.3251
13   H               -2.1169              -1.7761              -1.2608
14   H               -0.5535               2.6747               1.0038
15   H               -1.1073               1.0224               1.6103
16   H                2.7132               0.3176               1.5526
17   H                1.6620               0.7976              -1.9768
18   H                2.4506              -1.3755               1.0645
19   H                1.2606              -0.5381               2.1074
20   H                2.8415               1.2889              -0.7420
21   H                2.8234              -0.3916              -1.3347


Energy:                 -383.514547 Convergence criteria  Is converged 
Maximum Force:             0.007524     0.000450                No
RMS Force:                 0.004402     0.000300                No
Maximum Displacement:      0.018939     0.001800                No
RMS Displacement:          0.009518     0.001200                No

----------------------------------------------------------------------
                            Iteration: 22                             


                             Coordinates                              
----------------------------------------------------------------------
0    C               -0.8250              -1.2039               0.1947
1    C                1.2222               0.0943               0.0208
2    C               -0.8387               1.6574               0.7762
3    C                1.9526              -0.4206               1.2604
4    C                2.1985               0.4724              -1.0797
5    N                0.2444              -0.9192              -0.5493
6    N               -2.0708              -1.4203              -0.3047
7    O               -1.4820               1.5111              -0.4169
8    H               -1.9227               0.6494              -0.3982
9    H               -0.0457              -0.5953              -1.4851
10   H               -0.7368              -1.1281               1.2766
11   H                0.6151               1.0001               0.3437
12   H               -2.6658              -1.9634               0.3220
13   H               -2.1167              -1.7913              -1.2616
14   H               -0.5623               2.6815               0.9999
15   H               -1.1087               1.0374               1.6216
16   H                2.7119               0.3146               1.5632
17   H                1.6682               0.8050              -1.9793
18   H                2.4534              -1.3764               1.0628
19   H                1.2559              -0.5416               2.0996
20   H                2.8502               1.2897              -0.7482
21   H                2.8228              -0.3891              -1.3400


Energy:                 -383.514799 Convergence criteria  Is converged 
Maximum Force:             0.006655     0.000450                No
RMS Force:                 0.004053     0.000300                No
Maximum Displacement:      0.015895     0.001800                No
RMS Displacement:          0.009235     0.001200                No

----------------------------------------------------------------------
                            Iteration: 23                             


                             Coordinates                              
----------------------------------------------------------------------
0    C               -0.8267              -1.2037               0.1951
1    C                1.2244               0.0940               0.0211
2    C               -0.8377               1.6610               0.7768
3    C                1.9530              -0.4222               1.2589
4    C                2.1992               0.4744              -1.0806
5    N                0.2421              -0.9167              -0.5456
6    N               -2.0706              -1.4221              -0.3100
7    O               -1.4803               1.5100              -0.4163
8    H               -1.9105               0.6426              -0.3933
9    H               -0.0517              -0.5965              -1.4813
10   H               -0.7395              -1.1283               1.2774
11   H                0.6124               0.9947               0.3431
12   H               -2.6671              -1.9594               0.3203
13   H               -2.1162              -1.8046              -1.2628
14   H               -0.5687               2.6896               0.9973
15   H               -1.1078               1.0479               1.6312
16   H                2.7081               0.3111               1.5703
17   H                1.6728               0.8114              -1.9807
18   H                2.4547              -1.3759               1.0613
19   H                1.2539              -0.5455               2.0930
20   H                2.8554               1.2890              -0.7527
21   H                2.8208              -0.3872              -1.3437


Energy:                 -383.514961 Convergence criteria  Is converged 
Maximum Force:             0.003394     0.000450                No
RMS Force:                 0.002665     0.000300                No
Maximum Displacement:      0.013225     0.001800                No
RMS Displacement:          0.007387     0.001200                No

----------------------------------------------------------------------
                            Iteration: 24                             


                             Coordinates                              
----------------------------------------------------------------------
0    C               -0.8253              -1.2043               0.1953
1    C                1.2262               0.0948               0.0220
2    C               -0.8381               1.6609               0.7775
3    C                1.9532              -0.4227               1.2580
4    C                2.1993               0.4750              -1.0811
5    N                0.2436              -0.9155              -0.5430
6    N               -2.0679              -1.4226              -0.3110
7    O               -1.4825               1.5103              -0.4149
8    H               -1.9111               0.6427              -0.3929
9    H               -0.0544              -0.5976              -1.4783
10   H               -0.7389              -1.1283               1.2783
11   H                0.6093               0.9911               0.3422
12   H               -2.6664              -1.9581               0.3191
13   H               -2.1138              -1.8059              -1.2635
14   H               -0.5657               2.6877               0.9950
15   H               -1.1155               1.0548               1.6363
16   H                2.7065               0.3082               1.5729
17   H                1.6759               0.8135              -1.9823
18   H                2.4542              -1.3752               1.0610
19   H                1.2539              -0.5466               2.0893
20   H                2.8577               1.2879              -0.7564
21   H                2.8199              -0.3865              -1.3448


Energy:                 -383.515039 Convergence criteria  Is converged 
Maximum Force:             0.002965     0.000450                No
RMS Force:                 0.002173     0.000300                No
Maximum Displacement:      0.007757     0.001800                No
RMS Displacement:          0.003772     0.001200                No

----------------------------------------------------------------------
                            Iteration: 25                             


                             Coordinates                              
----------------------------------------------------------------------
0    C               -0.8241              -1.2036               0.1953
1    C                1.2266               0.0958               0.0229
2    C               -0.8362               1.6627               0.7781
3    C                1.9521              -0.4236               1.2571
4    C                2.1982               0.4750              -1.0810
5    N                0.2446              -0.9133              -0.5413
6    N               -2.0651              -1.4255              -0.3124
7    O               -1.4823               1.5088              -0.4125
8    H               -1.9091               0.6394              -0.3931
9    H               -0.0549              -0.5965              -1.4765
10   H               -0.7397              -1.1268               1.2787
11   H                0.6066               0.9902               0.3409
12   H               -2.6678              -1.9553               0.3191
13   H               -2.1114              -1.8109              -1.2647
14   H               -0.5650               2.6914               0.9934
15   H               -1.1156               1.0587               1.6391
16   H                2.7031               0.3063               1.5741
17   H                1.6767               0.8162              -1.9823
18   H                2.4538              -1.3747               1.0599
19   H                1.2537              -0.5500               2.0870
20   H                2.8581               1.2860              -0.7573
21   H                2.8177              -0.3867              -1.3459


Energy:                 -383.515107 Convergence criteria  Is converged 
Maximum Force:             0.003395     0.000450                No
RMS Force:                 0.002483     0.000300                No
Maximum Displacement:      0.005060     0.001800                No
RMS Displacement:          0.003153     0.001200                No

----------------------------------------------------------------------
                            Iteration: 26                             


                             Coordinates                              
----------------------------------------------------------------------
0    C               -0.8211              -1.2041               0.1961
1    C                1.2262               0.0982               0.0236
2    C               -0.8351               1.6651               0.7804
3    C                1.9504              -0.4249               1.2555
4    C                2.1966               0.4751              -1.0814
5    N                0.2471              -0.9120              -0.5396
6    N               -2.0598              -1.4304              -0.3145
7    O               -1.4833               1.5064              -0.4076
8    H               -1.9087               0.6357              -0.3941
9    H               -0.0554              -0.5944              -1.4735
10   H               -0.7404              -1.1232               1.2800
11   H                0.6022               0.9906               0.3397
12   H               -2.6693              -1.9506               0.3191
13   H               -2.1053              -1.8169              -1.2665
14   H               -0.5604               2.6938               0.9895
15   H               -1.1197               1.0668               1.6436
16   H                2.6991               0.3038               1.5763
17   H                1.6779               0.8202              -1.9827
18   H                2.4533              -1.3747               1.0575
19   H                1.2523              -0.5561               2.0837
20   H                2.8593               1.2829              -0.7588
21   H                2.8140              -0.3876              -1.3478


Energy:                 -383.515214 Convergence criteria  Is converged 
Maximum Force:             0.004367     0.000450                No
RMS Force:                 0.003021     0.000300                No
Maximum Displacement:      0.008079     0.001800                No
RMS Displacement:          0.005129     0.001200                No

----------------------------------------------------------------------
                            Iteration: 27                             


                             Coordinates                              
----------------------------------------------------------------------
0    C               -0.8182              -1.2054               0.1982
1    C                1.2240               0.1014               0.0236
2    C               -0.8335               1.6706               0.7847
3    C                1.9474              -0.4274               1.2532
4    C                2.1943               0.4755              -1.0824
5    N                0.2493              -0.9108              -0.5384
6    N               -2.0524              -1.4393              -0.3187
7    O               -1.4835               1.5014              -0.4003
8    H               -1.9033               0.6272              -0.3940
9    H               -0.0556              -0.5897              -1.4699
10   H               -0.7429              -1.1166               1.2820
11   H                0.5976               0.9939               0.3387
12   H               -2.6729              -1.9415               0.3190
13   H               -2.0949              -1.8312              -1.2693
14   H               -0.5563               2.7014               0.9830
15   H               -1.1208               1.0804               1.6514
16   H                2.6926               0.3013               1.5806
17   H                1.6784               0.8276              -1.9826
18   H                2.4535              -1.3757               1.0525
19   H                1.2480              -0.5679               2.0786
20   H                2.8617               1.2781              -0.7593
21   H                2.8074              -0.3895              -1.3520


Energy:                 -383.515359 Convergence criteria  Is converged 
Maximum Force:             0.004771     0.000450                No
RMS Force:                 0.003283     0.000300                No
Maximum Displacement:      0.014365     0.001800                No
RMS Displacement:          0.008990     0.001200                No

----------------------------------------------------------------------
                            Iteration: 28                             


                             Coordinates                              
----------------------------------------------------------------------
0    C               -0.8154              -1.2074               0.2013
1    C                1.2210               0.1042               0.0227
2    C               -0.8339               1.6762               0.7893
3    C                1.9444              -0.4299               1.2511
4    C                2.1924               0.4763              -1.0839
5    N                0.2506              -0.9112              -0.5382
6    N               -2.0447              -1.4489              -0.3235
7    O               -1.4846               1.4966              -0.3938
8    H               -1.8972               0.6189              -0.3926
9    H               -0.0556              -0.5845              -1.4669
10   H               -0.7454              -1.1088               1.2844
11   H                0.5949               0.9982               0.3386
12   H               -2.6762              -1.9317               0.3179
13   H               -2.0825              -1.8468              -1.2711
14   H               -0.5511               2.7078               0.9752
15   H               -1.1231               1.0962               1.6612
16   H                2.6868               0.2995               1.5861
17   H                1.6783               0.8354              -1.9824
18   H                2.4538              -1.3770               1.0460
19   H                1.2420              -0.5812               2.0734
20   H                2.8655               1.2736              -0.7592
21   H                2.8001              -0.3920              -1.3570


Energy:                 -383.515496 Convergence criteria  Is converged 
Maximum Force:             0.005192     0.000450                No
RMS Force:                 0.002955     0.000300                No
Maximum Displacement:      0.015814     0.001800                No
RMS Displacement:          0.009825     0.001200                No

----------------------------------------------------------------------
                            Iteration: 29                             


                             Coordinates                              
----------------------------------------------------------------------
0    C               -0.8143              -1.2090               0.2040
1    C                1.2187               0.1057               0.0215
2    C               -0.8354               1.6804               0.7926
3    C                1.9418              -0.4321               1.2500
4    C                2.1914               0.4774              -1.0855
5    N                0.2506              -0.9121              -0.5390
6    N               -2.0387              -1.4569              -0.3270
7    O               -1.4865               1.4934              -0.3899
8    H               -1.8907               0.6119              -0.3896
9    H               -0.0553              -0.5798              -1.4656
10   H               -0.7478              -1.1018               1.2864
11   H                0.5958               1.0026               0.3396
12   H               -2.6793              -1.9232               0.3158
13   H               -2.0708              -1.8620              -1.2714
14   H               -0.5472               2.7129               0.9678
15   H               -1.1245               1.1108               1.6711
16   H                2.6822               0.2988               1.5912
17   H                1.6770               0.8419              -1.9819
18   H                2.4542              -1.3779               1.0393
19   H                1.2356              -0.5933               2.0690
20   H                2.8696               1.2702              -0.7576
21   H                2.7935              -0.3943              -1.3623


Energy:                 -383.515612 Convergence criteria  Is converged 
Maximum Force:             0.003887     0.000450                No
RMS Force:                 0.002616     0.000300                No
Maximum Displacement:      0.015199     0.001800                No
RMS Displacement:          0.008868     0.001200                No

----------------------------------------------------------------------
                            Iteration: 30                             


                             Coordinates                              
----------------------------------------------------------------------
0    C               -0.8134              -1.2088               0.2061
1    C                1.2177               0.1060               0.0207
2    C               -0.8374               1.6828               0.7939
3    C                1.9399              -0.4335               1.2500
4    C                2.1909               0.4786              -1.0865
5    N                0.2502              -0.9130              -0.5403
6    N               -2.0338              -1.4629              -0.3297
7    O               -1.4898               1.4923              -0.3885
8    H               -1.8862               0.6079              -0.3858
9    H               -0.0551              -0.5760              -1.4657
10   H               -0.7489              -1.0955               1.2876
11   H                0.5987               1.0047               0.3412
12   H               -2.6817              -1.9174               0.3131
13   H               -2.0608              -1.8742              -1.2702
14   H               -0.5426               2.7149               0.9613
15   H               -1.1256               1.1217               1.6795
16   H                2.6788               0.2986               1.5954
17   H                1.6745               0.8464              -1.9810
18   H                2.4539              -1.3773               1.0326
19   H                1.2305              -0.6028               2.0661
20   H                2.8731               1.2677              -0.7553
21   H                2.7871              -0.3965              -1.3660


Energy:                 -383.515711 Convergence criteria  Is converged 
Maximum Force:             0.003550     0.000450                No
RMS Force:                 0.002599     0.000300                No
Maximum Displacement:      0.012210     0.001800                No
RMS Displacement:          0.007059     0.001200                No

----------------------------------------------------------------------
                            Iteration: 31                             


                             Coordinates                              
----------------------------------------------------------------------
0    C               -0.8130              -1.2074               0.2068
1    C                1.2179               0.1057               0.0209
2    C               -0.8382               1.6836               0.7934
3    C                1.9381              -0.4347               1.2504
4    C                2.1904               0.4797              -1.0866
5    N                0.2500              -0.9128              -0.5418
6    N               -2.0300              -1.4673              -0.3312
7    O               -1.4939               1.4927              -0.3881
8    H               -1.8827               0.6050              -0.3810
9    H               -0.0551              -0.5728              -1.4669
10   H               -0.7494              -1.0889               1.2882
11   H                0.6026               1.0055               0.3434
12   H               -2.6842              -1.9134               0.3099
13   H               -2.0515              -1.8864              -1.2682
14   H               -0.5384               2.7155               0.9550
15   H               -1.1254               1.1306               1.6864
16   H                2.6754               0.2983               1.5989
17   H                1.6711               0.8499              -1.9791
18   H                2.4533              -1.3754               1.0258
19   H                1.2264              -0.6109               2.0637
20   H                2.8760               1.2654              -0.7520
21   H                2.7806              -0.3984              -1.3693


Energy:                 -383.515805 Convergence criteria  Is converged 
Maximum Force:             0.003462     0.000450                No
RMS Force:                 0.002515     0.000300                No
Maximum Displacement:      0.012208     0.001800                No
RMS Displacement:          0.006461     0.001200                No

----------------------------------------------------------------------
                            Iteration: 32                             


                             Coordinates                              
----------------------------------------------------------------------
0    C               -0.8118              -1.2037               0.2067
1    C                1.2188               0.1055               0.0220
2    C               -0.8377               1.6842               0.7917
3    C                1.9362              -0.4357               1.2510
4    C                2.1894               0.4808              -1.0856
5    N                0.2506              -0.9112              -0.5430
6    N               -2.0262              -1.4713              -0.3333
7    O               -1.4991               1.4936              -0.3874
8    H               -1.8805               0.6033              -0.3759
9    H               -0.0555              -0.5697              -1.4681
10   H               -0.7491              -1.0807               1.2877
11   H                0.6056               1.0040               0.3458
12   H               -2.6872              -1.9105               0.3065
13   H               -2.0424              -1.8993              -1.2655
14   H               -0.5327               2.7150               0.9481
15   H               -1.1237               1.1375               1.6912
16   H                2.6711               0.2976               1.6025
17   H                1.6667               0.8532              -1.9759
18   H                2.4524              -1.3723               1.0180
19   H                1.2238              -0.6185               2.0619
20   H                2.8785               1.2626              -0.7484
21   H                2.7727              -0.4006              -1.3715


Energy:                 -383.515897 Convergence criteria  Is converged 
Maximum Force:             0.003665     0.000450                No
RMS Force:                 0.002417     0.000300                No
Maximum Displacement:      0.012899     0.001800                No
RMS Displacement:          0.006647     0.001200                No

----------------------------------------------------------------------
                            Iteration: 33                             


                             Coordinates                              
----------------------------------------------------------------------
0    C               -0.8112              -1.2009               0.2052
1    C                1.2199               0.1059               0.0237
2    C               -0.8357               1.6849               0.7896
3    C                1.9347              -0.4369               1.2511
4    C                2.1882               0.4815              -1.0839
5    N                0.2514              -0.9082              -0.5438
6    N               -2.0243              -1.4738              -0.3348
7    O               -1.5036               1.4947              -0.3852
8    H               -1.8791               0.6015              -0.3709
9    H               -0.0563              -0.5674              -1.4692
10   H               -0.7488              -1.0722               1.2864
11   H                0.6073               1.0025               0.3485
12   H               -2.6899              -1.9088               0.3033
13   H               -2.0340              -1.9131              -1.2629
14   H               -0.5279               2.7147               0.9412
15   H               -1.1208               1.1437               1.6935
16   H                2.6666               0.2964               1.6062
17   H                1.6629               0.8564              -1.9716
18   H                2.4523              -1.3694               1.0112
19   H                1.2222              -0.6251               2.0598
20   H                2.8805               1.2594              -0.7452
21   H                2.7655              -0.4021              -1.3739


Energy:                 -383.515977 Convergence criteria  Is converged 
Maximum Force:             0.004406     0.000450                No
RMS Force:                 0.002304     0.000300                No
Maximum Displacement:      0.013758     0.001800                No
RMS Displacement:          0.006340     0.001200                No

----------------------------------------------------------------------
                            Iteration: 34                             


                             Coordinates                              
----------------------------------------------------------------------
0    C               -0.8107              -1.1970               0.2041
1    C                1.2202               0.1066               0.0254
2    C               -0.8329               1.6871               0.7881
3    C                1.9334              -0.4385               1.2506
4    C                2.1867               0.4819              -1.0816
5    N                0.2519              -0.9045              -0.5440
6    N               -2.0226              -1.4765              -0.3383
7    O               -1.5076               1.4943              -0.3814
8    H               -1.8781               0.5997              -0.3663
9    H               -0.0573              -0.5652              -1.4694
10   H               -0.7485              -1.0627               1.2843
11   H                0.6069               1.0008               0.3509
12   H               -2.6925              -1.9075               0.3006
13   H               -2.0261              -1.9283              -1.2602
14   H               -0.5230               2.7158               0.9342
15   H               -1.1162               1.1492               1.6937
16   H                2.6616               0.2949               1.6106
17   H                1.6594               0.8605              -1.9661
18   H                2.4532              -1.3673               1.0046
19   H                1.2216              -0.6319               2.0576
20   H                2.8823               1.2557              -0.7427
21   H                2.7583              -0.4034              -1.3762


Energy:                 -383.516050 Convergence criteria  Is converged 
Maximum Force:             0.003368     0.000450                No
RMS Force:                 0.002242     0.000300                No
Maximum Displacement:      0.015203     0.001800                No
RMS Displacement:          0.006671     0.001200                No

----------------------------------------------------------------------
                            Iteration: 35                             


                             Coordinates                              
----------------------------------------------------------------------
0    C               -0.8117              -1.1950               0.2025
1    C                1.2197               0.1077               0.0270
2    C               -0.8304               1.6904               0.7872
3    C                1.9329              -0.4408               1.2496
4    C                2.1855               0.4822              -1.0795
5    N                0.2514              -0.9009              -0.5440
6    N               -2.0230              -1.4783              -0.3418
7    O               -1.5109               1.4936              -0.3764
8    H               -1.8776               0.5971              -0.3617
9    H               -0.0586              -0.5636              -1.4694
10   H               -0.7491              -1.0531               1.2818
11   H                0.6059               1.0009               0.3537
12   H               -2.6941              -1.9066               0.2974
13   H               -2.0179              -1.9454              -1.2570
14   H               -0.5186               2.7183               0.9270
15   H               -1.1118               1.1560               1.6933
16   H                2.6568               0.2930               1.6161
17   H                1.6569               0.8657              -1.9601
18   H                2.4560              -1.3665               0.9991
19   H                1.2209              -0.6389               2.0546
20   H                2.8850               1.2517              -0.7409
21   H                2.7525              -0.4039              -1.3799


Energy:                 -383.516123 Convergence criteria  Is converged 
Maximum Force:             0.003188     0.000450                No
RMS Force:                 0.002313     0.000300                No
Maximum Displacement:      0.017137     0.001800                No
RMS Displacement:          0.006985     0.001200                No

----------------------------------------------------------------------
                            Iteration: 36                             


                             Coordinates                              
----------------------------------------------------------------------
0    C               -0.8138              -1.1920               0.2017
1    C                1.2182               0.1086               0.0281
2    C               -0.8284               1.6954               0.7871
3    C                1.9328              -0.4440               1.2482
4    C                2.1845               0.4824              -1.0777
5    N                0.2497              -0.8979              -0.5439
6    N               -2.0231              -1.4806              -0.3474
7    O               -1.5147               1.4919              -0.3708
8    H               -1.8780               0.5944              -0.3567
9    H               -0.0595              -0.5617              -1.4692
10   H               -0.7503              -1.0426               1.2790
11   H                0.6044               1.0020               0.3563
12   H               -2.6951              -1.9057               0.2941
13   H               -2.0087              -1.9658              -1.2528
14   H               -0.5132               2.7227               0.9188
15   H               -1.1071               1.1647               1.6935
16   H                2.6517               0.2908               1.6230
17   H                1.6545               0.8729              -1.9533
18   H                2.4605              -1.3669               0.9937
19   H                1.2200              -0.6476               2.0509
20   H                2.8887               1.2472              -0.7393
21   H                2.7469              -0.4045              -1.3848


Energy:                 -383.516200 Convergence criteria  Is converged 
Maximum Force:             0.003359     0.000450                No
RMS Force:                 0.002253     0.000300                No
Maximum Displacement:      0.020335     0.001800                No
RMS Displacement:          0.008217     0.001200                No

----------------------------------------------------------------------
                            Iteration: 37                             


                             Coordinates                              
----------------------------------------------------------------------
0    C               -0.8174              -1.1891               0.2010
1    C                1.2167               0.1090               0.0290
2    C               -0.8278               1.7013               0.7871
3    C                1.9333              -0.4481               1.2467
4    C                2.1840               0.4826              -1.0764
5    N                0.2468              -0.8957              -0.5439
6    N               -2.0240              -1.4827              -0.3535
7    O               -1.5198               1.4907              -0.3657
8    H               -1.8808               0.5920              -0.3506
9    H               -0.0602              -0.5600              -1.4695
10   H               -0.7528              -1.0319               1.2764
11   H                0.6041               1.0045               0.3592
12   H               -2.6948              -1.9056               0.2897
13   H               -1.9977              -1.9889              -1.2472
14   H               -0.5064               2.7279               0.9095
15   H               -1.1043               1.1763               1.6959
16   H                2.6470               0.2880               1.6309
17   H                1.6524               0.8820              -1.9462
18   H                2.4668              -1.3682               0.9890
19   H                1.2188              -0.6581               2.0464
20   H                2.8938               1.2424              -0.7377
21   H                2.7422              -0.4045              -1.3915


Energy:                 -383.516282 Convergence criteria  Is converged 
Maximum Force:             0.004246     0.000450                No
RMS Force:                 0.002372     0.000300                No
Maximum Displacement:      0.023172     0.001800                No
RMS Displacement:          0.009395     0.001200                No

----------------------------------------------------------------------
                            Iteration: 38                             


                             Coordinates                              
----------------------------------------------------------------------
0    C               -0.8221              -1.1842               0.2004
1    C                1.2154               0.1086               0.0299
2    C               -0.8285               1.7078               0.7868
3    C                1.9343              -0.4532               1.2457
4    C                2.1838               0.4830              -1.0757
5    N                0.2433              -0.8942              -0.5441
6    N               -2.0243              -1.4854              -0.3609
7    O               -1.5271               1.4901              -0.3617
8    H               -1.8872               0.5910              -0.3435
9    H               -0.0598              -0.5580              -1.4706
10   H               -0.7566              -1.0208               1.2743
11   H                0.6049               1.0072               0.3618
12   H               -2.6935              -1.9065               0.2850
13   H               -1.9846              -2.0152              -1.2400
14   H               -0.4970               2.7337               0.8988
15   H               -1.1032               1.1906               1.7008
16   H                2.6421               0.2847               1.6394
17   H                1.6502               0.8932              -1.9390
18   H                2.4747              -1.3698               0.9848
19   H                1.2176              -0.6711               2.0415
20   H                2.9000               1.2368              -0.7355
21   H                2.7375              -0.4044              -1.3998


Energy:                 -383.516375 Convergence criteria  Is converged 
Maximum Force:             0.004356     0.000450                No
RMS Force:                 0.002485     0.000300                No
Maximum Displacement:      0.026264     0.001800                No
RMS Displacement:          0.011001     0.001200                No

----------------------------------------------------------------------
                            Iteration: 39                             


                             Coordinates                              
----------------------------------------------------------------------
0    C               -0.8269              -1.1782               0.1992
1    C                1.2154               0.1074               0.0309
2    C               -0.8299               1.7134               0.7855
3    C                1.9355              -0.4584               1.2454
4    C                2.1839               0.4836              -1.0756
5    N                0.2404              -0.8933              -0.5444
6    N               -2.0248              -1.4879              -0.3676
7    O               -1.5354               1.4912              -0.3596
8    H               -1.8974               0.5924              -0.3361
9    H               -0.0585              -0.5563              -1.4725
10   H               -0.7620              -1.0111               1.2729
11   H                0.6072               1.0090               0.3638
12   H               -2.6910              -1.9090               0.2808
13   H               -1.9718              -2.0399              -1.2323
14   H               -0.4868               2.7380               0.8885
15   H               -1.1039               1.2052               1.7070
16   H                2.6382               0.2809               1.6465
17   H                1.6482               0.9046              -1.9328
18   H                2.4828              -1.3711               0.9823
19   H                1.2173              -0.6845               2.0376
20   H                2.9060               1.2314              -0.7329
21   H                2.7337              -0.4038              -1.4079


Energy:                 -383.516465 Convergence criteria  Is converged 
Maximum Force:             0.004515     0.000450                No
RMS Force:                 0.002515     0.000300                No
Maximum Displacement:      0.024662     0.001800                No
RMS Displacement:          0.010844     0.001200                No

----------------------------------------------------------------------
                            Iteration: 40                             


                             Coordinates                              
----------------------------------------------------------------------
0    C               -0.8310              -1.1718               0.1972
1    C                1.2164               0.1058               0.0319
2    C               -0.8311               1.7170               0.7832
3    C                1.9367              -0.4627               1.2460
4    C                2.1839               0.4845              -1.0757
5    N                0.2388              -0.8929              -0.5449
6    N               -2.0251              -1.4902              -0.3728
7    O               -1.5431               1.4939              -0.3598
8    H               -1.9106               0.5969              -0.3297
9    H               -0.0561              -0.5552              -1.4748
10   H               -0.7687              -1.0041               1.2720
11   H                0.6095               1.0092               0.3647
12   H               -2.6877              -1.9131               0.2790
13   H               -1.9620              -2.0583              -1.2257
14   H               -0.4778               2.7403               0.8802
15   H               -1.1047               1.2162               1.7119
16   H                2.6362               0.2775               1.6502
17   H                1.6470               0.9142              -1.9287
18   H                2.4897              -1.3716               0.9823
19   H                1.2185              -0.6961               2.0359
20   H                2.9103               1.2270              -0.7299
21   H                2.7308              -0.4027              -1.4140


Energy:                 -383.516555 Convergence criteria  Is converged 
Maximum Force:             0.004623     0.000450                No
RMS Force:                 0.002487     0.000300                No
Maximum Displacement:      0.018444     0.001800                No
RMS Displacement:          0.009005     0.001200                No

----------------------------------------------------------------------
                            Iteration: 41                             


                             Coordinates                              
----------------------------------------------------------------------
0    C               -0.8348              -1.1650               0.1941
1    C                1.2180               0.1041               0.0333
2    C               -0.8305               1.7217               0.7801
3    C                1.9373              -0.4675               1.2467
4    C                2.1833               0.4864              -1.0755
5    N                0.2380              -0.8917              -0.5456
6    N               -2.0252              -1.4946              -0.3784
7    O               -1.5499               1.4967              -0.3598
8    H               -1.9230               0.6015              -0.3214
9    H               -0.0536              -0.5534              -1.4773
10   H               -0.7793              -0.9952               1.2703
11   H                0.6116               1.0080               0.3659
12   H               -2.6848              -1.9166               0.2787
13   H               -1.9516              -2.0814              -1.2199
14   H               -0.4707               2.7444               0.8705
15   H               -1.1015               1.2285               1.7170
16   H                2.6334               0.2737               1.6539
17   H                1.6462               0.9257              -1.9247
18   H                2.4969              -1.3712               0.9821
19   H                1.2200              -0.7110               2.0346
20   H                2.9147               1.2220              -0.7256
21   H                2.7256              -0.4012              -1.4204


Energy:                 -383.516651 Convergence criteria  Is converged 
Maximum Force:             0.004095     0.000450                No
RMS Force:                 0.002622     0.000300                No
Maximum Displacement:      0.023114     0.001800                No
RMS Displacement:          0.010339     0.001200                No

----------------------------------------------------------------------
                            Iteration: 42                             


                             Coordinates                              
----------------------------------------------------------------------
0    C               -0.8374              -1.1600               0.1898
1    C                1.2198               0.1019               0.0344
2    C               -0.8300               1.7226               0.7757
3    C                1.9384              -0.4701               1.2486
4    C                2.1827               0.4884              -1.0752
5    N                0.2392              -0.8918              -0.5464
6    N               -2.0258              -1.4984              -0.3808
7    O               -1.5542               1.5016              -0.3620
8    H               -1.9411               0.6128              -0.3159
9    H               -0.0497              -0.5534              -1.4795
10   H               -0.7908              -0.9900               1.2677
11   H                0.6118               1.0040               0.3659
12   H               -2.6789              -1.9228               0.2823
13   H               -1.9482              -2.0896              -1.2159
14   H               -0.4656               2.7430               0.8651
15   H               -1.0982               1.2318               1.7158
16   H                2.6349               0.2711               1.6521
17   H                1.6475               0.9325              -1.9237
18   H                2.5019              -1.3706               0.9864
19   H                1.2252              -0.7201               2.0377
20   H                2.9157               1.2197              -0.7219
21   H                2.7226              -0.3989              -1.4219


Energy:                 -383.516747 Convergence criteria  Is converged 
Maximum Force:             0.004978     0.000450                No
RMS Force:                 0.002703     0.000300                No
Maximum Displacement:      0.018049     0.001800                No
RMS Displacement:          0.007891     0.001200                No

----------------------------------------------------------------------
                            Iteration: 43                             


                             Coordinates                              
----------------------------------------------------------------------
0    C               -0.8415              -1.1546               0.1852
1    C                1.2199               0.1011               0.0362
2    C               -0.8250               1.7317               0.7727
3    C                1.9374              -0.4765               1.2485
4    C                2.1803               0.4923              -1.0735
5    N                0.2384              -0.8886              -0.5473
6    N               -2.0240              -1.5096              -0.3893
7    O               -1.5587               1.5022              -0.3576
8    H               -1.9473               0.6147              -0.3023
9    H               -0.0481              -0.5493              -1.4809
10   H               -0.8088              -0.9723               1.2625
11   H                0.6118               1.0016               0.3693
12   H               -2.6777              -1.9219               0.2836
13   H               -1.9339              -2.1279              -1.2112
14   H               -0.4623               2.7534               0.8494
15   H               -1.0840               1.2497               1.7203
16   H                2.6285               0.2665               1.6592
17   H                1.6471               0.9498              -1.9176
18   H                2.5103              -1.3694               0.9818
19   H                1.2256              -0.7441               2.0348
20   H                2.9219               1.2125              -0.7149
21   H                2.7099              -0.3975              -1.4305


Energy:                 -383.516827 Convergence criteria  Is converged 
Maximum Force:             0.006343     0.000450                No
RMS Force:                 0.003521     0.000300                No
Maximum Displacement:      0.038349     0.001800                No
RMS Displacement:          0.015897     0.001200                No

----------------------------------------------------------------------
                            Iteration: 44                             


                             Coordinates                              
----------------------------------------------------------------------
0    C               -0.8416              -1.1567               0.1837
1    C                1.2190               0.1007               0.0363
2    C               -0.8232               1.7324               0.7720
3    C                1.9375              -0.4765               1.2487
4    C                2.1797               0.4935              -1.0726
5    N                0.2390              -0.8887              -0.5474
6    N               -2.0234              -1.5136              -0.3891
7    O               -1.5560               1.5025              -0.3565
8    H               -1.9489               0.6179              -0.3002
9    H               -0.0473              -0.5496              -1.4803
10   H               -0.8146              -0.9693               1.2589
11   H                0.6102               0.9996               0.3704
12   H               -2.6758              -1.9220               0.2864
13   H               -1.9361              -2.1274              -1.2117
14   H               -0.4652               2.7536               0.8482
15   H               -1.0787               1.2484               1.7162
16   H                2.6293               0.2667               1.6581
17   H                1.6493               0.9506              -1.9179
18   H                2.5106              -1.3692               0.9822
19   H                1.2275              -0.7457               2.0362
20   H                2.9213               1.2130              -0.7136
21   H                2.7074              -0.3966              -1.4295


Energy:                 -383.516908 Convergence criteria  Is converged 
Maximum Force:             0.003495     0.000450                No
RMS Force:                 0.002145     0.000300                No
Maximum Displacement:      0.005819     0.001800                No
RMS Displacement:          0.003186     0.001200                No

----------------------------------------------------------------------
                            Iteration: 45                             


                             Coordinates                              
----------------------------------------------------------------------
0    C               -0.8435              -1.1580               0.1818
1    C                1.2170               0.1004               0.0371
2    C               -0.8207               1.7379               0.7718
3    C                1.9375              -0.4795               1.2477
4    C                2.1787               0.4953              -1.0709
5    N                0.2377              -0.8877              -0.5474
6    N               -2.0212              -1.5221              -0.3934
7    O               -1.5564               1.5013              -0.3517
8    H               -1.9498               0.6181              -0.2925
9    H               -0.0471              -0.5483              -1.4798
10   H               -0.8241              -0.9575               1.2529
11   H                0.6095               0.9991               0.3743
12   H               -2.6745              -1.9201               0.2859
13   H               -1.9302              -2.1444              -1.2080
14   H               -0.4646               2.7593               0.8393
15   H               -1.0711               1.2578               1.7160
16   H                2.6256               0.2649               1.6630
17   H                1.6506               0.9584              -1.9137
18   H                2.5145              -1.3694               0.9772
19   H                1.2273              -0.7563               2.0331
20   H                2.9247               1.2101              -0.7101
21   H                2.7000              -0.3958              -1.4342


Energy:                 -383.516973 Convergence criteria  Is converged 
Maximum Force:             0.002072     0.000450                No
RMS Force:                 0.001507     0.000300                No
Maximum Displacement:      0.017064     0.001800                No
RMS Displacement:          0.008334     0.001200                No

----------------------------------------------------------------------
                            Iteration: 46                             


                             Coordinates                              
----------------------------------------------------------------------
0    C               -0.8467              -1.1570               0.1795
1    C                1.2158               0.0996               0.0383
2    C               -0.8183               1.7453               0.7714
3    C                1.9377              -0.4842               1.2466
4    C                2.1780               0.4971              -1.0692
5    N                0.2358              -0.8860              -0.5476
6    N               -2.0186              -1.5317              -0.3995
7    O               -1.5593               1.5002              -0.3469
8    H               -1.9518               0.6172              -0.2823
9    H               -0.0463              -0.5467              -1.4803
10   H               -0.8350              -0.9438               1.2470
11   H                0.6109               0.9994               0.3787
12   H               -2.6739              -1.9189               0.2836
13   H               -1.9211              -2.1685              -1.2015
14   H               -0.4621               2.7671               0.8277
15   H               -1.0646               1.2724               1.7191
16   H                2.6200               0.2620               1.6698
17   H                1.6512               0.9692              -1.9076
18   H                2.5201              -1.3696               0.9708
19   H                1.2266              -0.7701               2.0279
20   H                2.9294               1.2054              -0.7054
21   H                2.6920              -0.3947              -1.4418


Energy:                 -383.517018 Convergence criteria  Is converged 
Maximum Force:             0.002573     0.000450                No
RMS Force:                 0.001605     0.000300                No
Maximum Displacement:      0.024022     0.001800                No
RMS Displacement:          0.010996     0.001200                No

----------------------------------------------------------------------
                            Iteration: 47                             


                             Coordinates                              
----------------------------------------------------------------------
0    C               -0.8511              -1.1540               0.1758
1    C                1.2153               0.0984               0.0402
2    C               -0.8153               1.7556               0.7702
3    C                1.9381              -0.4914               1.2449
4    C                2.1775               0.4992              -1.0670
5    N                0.2337              -0.8836              -0.5479
6    N               -2.0148              -1.5453              -0.4077
7    O               -1.5652               1.4990              -0.3407
8    H               -1.9561               0.6161              -0.2671
9    H               -0.0447              -0.5450              -1.4818
10   H               -0.8501              -0.9245               1.2393
11   H                0.6145               1.0000               0.3852
12   H               -2.6735              -1.9184               0.2790
13   H               -1.9074              -2.2030              -1.1906
14   H               -0.4572               2.7781               0.8109
15   H               -1.0581               1.2951               1.7256
16   H                2.6113               0.2571               1.6794
17   H                1.6516               0.9846              -1.8982
18   H                2.5283              -1.3695               0.9610
19   H                1.2254              -0.7898               2.0197
20   H                2.9362               1.1980              -0.6983
21   H                2.6814              -0.3929              -1.4533


Energy:                 -383.517068 Convergence criteria  Is converged 
Maximum Force:             0.002528     0.000450                No
RMS Force:                 0.001661     0.000300                No
Maximum Displacement:      0.034565     0.001800                No
RMS Displacement:          0.015995     0.001200                No

----------------------------------------------------------------------
                            Iteration: 48                             


                             Coordinates                              
----------------------------------------------------------------------
0    C               -0.8540              -1.1508               0.1727
1    C                1.2157               0.0976               0.0417
2    C               -0.8131               1.7631               0.7693
3    C                1.9386              -0.4968               1.2432
4    C                2.1775               0.5004              -1.0653
5    N                0.2330              -0.8819              -0.5482
6    N               -2.0113              -1.5561              -0.4128
7    O               -1.5696               1.4979              -0.3365
8    H               -1.9587               0.6147              -0.2552
9    H               -0.0429              -0.5446              -1.4834
10   H               -0.8610              -0.9107               1.2336
11   H                0.6180               1.0002               0.3902
12   H               -2.6744              -1.9191               0.2748
13   H               -1.8986              -2.2269              -1.1818
14   H               -0.4541               2.7862               0.7988
15   H               -1.0550               1.3132               1.7314
16   H                2.6044               0.2531               1.6859
17   H                1.6521               0.9954              -1.8909
18   H                2.5337              -1.3692               0.9528
19   H                1.2243              -0.8031               2.0126
20   H                2.9405               1.1923              -0.6928
21   H                2.6745              -0.3912              -1.4619


Energy:                 -383.517106 Convergence criteria  Is converged 
Maximum Force:             0.002006     0.000450                No
RMS Force:                 0.001486     0.000300                No
Maximum Displacement:      0.023861     0.001800                No
RMS Displacement:          0.011690     0.001200                No

----------------------------------------------------------------------
                            Iteration: 49                             


                             Coordinates                              
----------------------------------------------------------------------
0    C               -0.8555              -1.1473               0.1698
1    C                1.2166               0.0973               0.0429
2    C               -0.8117               1.7684               0.7684
3    C                1.9389              -0.5008               1.2416
4    C                2.1775               0.5012              -1.0638
5    N                0.2338              -0.8809              -0.5486
6    N               -2.0085              -1.5643              -0.4155
7    O               -1.5732               1.4970              -0.3335
8    H               -1.9612               0.6138              -0.2455
9    H               -0.0408              -0.5450              -1.4849
10   H               -0.8687              -0.8996               1.2296
11   H                0.6201               0.9999               0.3938
12   H               -2.6758              -1.9208               0.2715
13   H               -1.8924              -2.2441              -1.1755
14   H               -0.4514               2.7918               0.7896
15   H               -1.0538               1.3276               1.7361
16   H                2.5992               0.2494               1.6903
17   H                1.6525               1.0035              -1.8849
18   H                2.5375              -1.3688               0.9463
19   H                1.2236              -0.8127               2.0069
20   H                2.9434               1.1875              -0.6884
21   H                2.6699              -0.3896              -1.4676


Energy:                 -383.517136 Convergence criteria  Is converged 
Maximum Force:             0.001662     0.000450                No
RMS Force:                 0.001281     0.000300                No
Maximum Displacement:      0.017251     0.001800                No
RMS Displacement:          0.008818     0.001200                No

----------------------------------------------------------------------
                            Iteration: 50                             


                             Coordinates                              
----------------------------------------------------------------------
0    C               -0.8558              -1.1442               0.1679
1    C                1.2172               0.0976               0.0434
2    C               -0.8111               1.7716               0.7679
3    C                1.9389              -0.5032               1.2398
4    C                2.1776               0.5016              -1.0627
5    N                0.2356              -0.8810              -0.5491
6    N               -2.0062              -1.5703              -0.4155
7    O               -1.5746               1.4957              -0.3319
8    H               -1.9617               0.6126              -0.2384
9    H               -0.0381              -0.5463              -1.4863
10   H               -0.8729              -0.8918               1.2269
11   H                0.6202               0.9993               0.3958
12   H               -2.6781              -1.9230               0.2695
13   H               -1.8906              -2.2522              -1.1724
14   H               -0.4507               2.7951               0.7843
15   H               -1.0540               1.3374               1.7394
16   H                2.5963               0.2466               1.6920
17   H                1.6531               1.0081              -1.8808
18   H                2.5391              -1.3685               0.9413
19   H                1.2230              -0.8176               2.0025
20   H                2.9446               1.1844              -0.6855
21   H                2.6682              -0.3884              -1.4697


Energy:                 -383.517165 Convergence criteria  Is converged 
Maximum Force:             0.002497     0.000450                No
RMS Force:                 0.001494     0.000300                No
Maximum Displacement:      0.009810     0.001800                No
RMS Displacement:          0.005359     0.001200                No

----------------------------------------------------------------------
                            Iteration: 51                             


                             Coordinates                              
----------------------------------------------------------------------
0    C               -0.8567              -1.1401               0.1651
1    C                1.2172               0.0979               0.0440
2    C               -0.8104               1.7764               0.7671
3    C                1.9389              -0.5065               1.2376
4    C                2.1772               0.5028              -1.0609
5    N                0.2376              -0.8814              -0.5501
6    N               -2.0042              -1.5781              -0.4157
7    O               -1.5766               1.4939              -0.3295
8    H               -1.9642               0.6120              -0.2279
9    H               -0.0336              -0.5479              -1.4883
10   H               -0.8790              -0.8788               1.2229
11   H                0.6188               0.9982               0.3979
12   H               -2.6803              -1.9267               0.2678
13   H               -1.8870              -2.2651              -1.1692
14   H               -0.4485               2.7994               0.7760
15   H               -1.0528               1.3509               1.7433
16   H                2.5932               0.2424               1.6945
17   H                1.6537               1.0158              -1.8753
18   H                2.5420              -1.3685               0.9352
19   H                1.2225              -0.8262               1.9973
20   H                2.9471               1.1800              -0.6813
21   H                2.6652              -0.3867              -1.4720


Energy:                 -383.517199 Convergence criteria  Is converged 
Maximum Force:             0.002360     0.000450                No
RMS Force:                 0.001655     0.000300                No
Maximum Displacement:      0.013505     0.001800                No
RMS Displacement:          0.007864     0.001200                No

----------------------------------------------------------------------
                            Iteration: 52                             


                             Coordinates                              
----------------------------------------------------------------------
0    C               -0.8560              -1.1383               0.1639
1    C                1.2163               0.0986               0.0432
2    C               -0.8112               1.7780               0.7676
3    C                1.9387              -0.5070               1.2349
4    C                2.1772               0.5037              -1.0595
5    N                0.2405              -0.8841              -0.5510
6    N               -2.0035              -1.5828              -0.4102
7    O               -1.5743               1.4905              -0.3294
8    H               -1.9633               0.6105              -0.2208
9    H               -0.0269              -0.5526              -1.4908
10   H               -0.8794              -0.8702               1.2196
11   H                0.6144               0.9967               0.3973
12   H               -2.6838              -1.9324               0.2686
13   H               -1.8919              -2.2603              -1.1714
14   H               -0.4507               2.8007               0.7742
15   H               -1.0545               1.3572               1.7449
16   H                2.5948               0.2394               1.6919
17   H                1.6553               1.0175              -1.8733
18   H                2.5410              -1.3690               0.9316
19   H                1.2221              -0.8263               1.9938
20   H                2.9467               1.1791              -0.6789
21   H                2.6683              -0.3850              -1.4679


Energy:                 -383.517245 Convergence criteria  Is converged 
Maximum Force:             0.003083     0.000450                No
RMS Force:                 0.002038     0.000300                No
Maximum Displacement:      0.008609     0.001800                No
RMS Displacement:          0.005139     0.001200                No

----------------------------------------------------------------------
                            Iteration: 53                             


                             Coordinates                              
----------------------------------------------------------------------
0    C               -0.8579              -1.1349               0.1616
1    C                1.2141               0.0985               0.0432
2    C               -0.8106               1.7847               0.7675
3    C                1.9380              -0.5110               1.2320
4    C                2.1763               0.5066              -1.0572
5    N                0.2416              -0.8857              -0.5523
6    N               -2.0018              -1.5937              -0.4098
7    O               -1.5749               1.4864              -0.3260
8    H               -1.9663               0.6090              -0.2063
9    H               -0.0186              -0.5561              -1.4942
10   H               -0.8869              -0.8499               1.2129
11   H                0.6095               0.9947               0.3982
12   H               -2.6859              -1.9378               0.2692
13   H               -1.8882              -2.2740              -1.1704
14   H               -0.4487               2.8071               0.7632
15   H               -1.0516               1.3742               1.7495
16   H                2.5937               0.2338               1.6938
17   H                1.6565               1.0285              -1.8680
18   H                2.5443              -1.3697               0.9245
19   H                1.2212              -0.8391               1.9880
20   H                2.9509               1.1748              -0.6727
21   H                2.6650              -0.3829              -1.4681


Energy:                 -383.517294 Convergence criteria  Is converged 
Maximum Force:             0.003333     0.000450                No
RMS Force:                 0.001992     0.000300                No
Maximum Displacement:      0.020352     0.001800                No
RMS Displacement:          0.010403     0.001200                No

----------------------------------------------------------------------
                            Iteration: 54                             


                             Coordinates                              
----------------------------------------------------------------------
0    C               -0.8599              -1.1355               0.1612
1    C                1.2122               0.0975               0.0420
2    C               -0.8110               1.7860               0.7681
3    C                1.9381              -0.5114               1.2310
4    C                2.1770               0.5086              -1.0563
5    N                0.2405              -0.8877              -0.5530
6    N               -2.0048              -1.5947              -0.4053
7    O               -1.5729               1.4831              -0.3254
8    H               -1.9680               0.6088              -0.2005
9    H               -0.0118              -0.5621              -1.4979
10   H               -0.8872              -0.8414               1.2081
11   H                0.6063               0.9929               0.3965
12   H               -2.6859              -1.9446               0.2716
13   H               -1.8921              -2.2685              -1.1728
14   H               -0.4506               2.8083               0.7615
15   H               -1.0527               1.3780               1.7492
16   H                2.5982               0.2316               1.6911
17   H                1.6581               1.0305              -1.8681
18   H                2.5442              -1.3707               0.9240
19   H                1.2215              -0.8403               1.9871
20   H                2.9520               1.1761              -0.6697
21   H                2.6687              -0.3809              -1.4640


Energy:                 -383.517343 Convergence criteria  Is converged 
Maximum Force:             0.004215     0.000450                No
RMS Force:                 0.001905     0.000300                No
Maximum Displacement:      0.008482     0.001800                No
RMS Displacement:          0.004916     0.001200                No

----------------------------------------------------------------------
                            Iteration: 55                             


                             Coordinates                              
----------------------------------------------------------------------
0    C               -0.8616              -1.1358               0.1609
1    C                1.2106               0.0965               0.0417
2    C               -0.8103               1.7881               0.7689
3    C                1.9377              -0.5126               1.2307
4    C                2.1771               0.5107              -1.0556
5    N                0.2386              -0.8884              -0.5533
6    N               -2.0049              -1.5984              -0.4057
7    O               -1.5728               1.4801              -0.3230
8    H               -1.9686               0.6067              -0.1953
9    H               -0.0077              -0.5659              -1.5006
10   H               -0.8887              -0.8319               1.2045
11   H                0.6047               0.9916               0.3959
12   H               -2.6855              -1.9471               0.2735
13   H               -1.8911              -2.2693              -1.1734
14   H               -0.4501               2.8113               0.7570
15   H               -1.0527               1.3840               1.7513
16   H                2.5995               0.2297               1.6910
17   H                1.6592               1.0341              -1.8681
18   H                2.5439              -1.3712               0.9214
19   H                1.2209              -0.8454               1.9860
20   H                2.9539               1.1768              -0.6664
21   H                2.6678              -0.3799              -1.4631


Energy:                 -383.517378 Convergence criteria  Is converged 
Maximum Force:             0.002117     0.000450                No
RMS Force:                 0.001444     0.000300                No
Maximum Displacement:      0.009471     0.001800                No
RMS Displacement:          0.004184     0.001200                No

----------------------------------------------------------------------
                            Iteration: 56                             


                             Coordinates                              
----------------------------------------------------------------------
0    C               -0.8638              -1.1345               0.1603
1    C                1.2107               0.0951               0.0415
2    C               -0.8093               1.7888               0.7689
3    C                1.9377              -0.5137               1.2314
4    C                2.1780               0.5118              -1.0551
5    N                0.2366              -0.8878              -0.5536
6    N               -2.0071              -1.5978              -0.4060
7    O               -1.5742               1.4789              -0.3210
8    H               -1.9705               0.6056              -0.1927
9    H               -0.0059              -0.5702              -1.5035
10   H               -0.8890              -0.8274               1.2022
11   H                0.6061               0.9902               0.3957
12   H               -2.6838              -1.9505               0.2741
13   H               -1.8902              -2.2692              -1.1723
14   H               -0.4494               2.8123               0.7541
15   H               -1.0542               1.3873               1.7521
16   H                2.6004               0.2286               1.6910
17   H                1.6599               1.0354              -1.8681
18   H                2.5438              -1.3714               0.9206
19   H                1.2213              -0.8474               1.9863
20   H                2.9546               1.1781              -0.6639
21   H                2.6681              -0.3786              -1.4634


Energy:                 -383.517407 Convergence criteria  Is converged 
Maximum Force:             0.002651     0.000450                No
RMS Force:                 0.001453     0.000300                No
Maximum Displacement:      0.004513     0.001800                No
RMS Displacement:          0.002729     0.001200                No

----------------------------------------------------------------------
                            Iteration: 57                             


                             Coordinates                              
----------------------------------------------------------------------
0    C               -0.8658              -1.1314               0.1586
1    C                1.2111               0.0939               0.0414
2    C               -0.8082               1.7893               0.7690
3    C                1.9375              -0.5153               1.2316
4    C                2.1789               0.5133              -1.0541
5    N                0.2354              -0.8873              -0.5543
6    N               -2.0087              -1.5975              -0.4062
7    O               -1.5768               1.4767              -0.3178
8    H               -1.9724               0.6031              -0.1885
9    H               -0.0034              -0.5770              -1.5078
10   H               -0.8889              -0.8196               1.1998
11   H                0.6074               0.9886               0.3959
12   H               -2.6821              -1.9552               0.2750
13   H               -1.8886              -2.2683              -1.1712
14   H               -0.4477               2.8131               0.7491
15   H               -1.0568               1.3932               1.7543
16   H                2.6006               0.2266               1.6909
17   H                1.6614               1.0368              -1.8675
18   H                2.5427              -1.3718               0.9180
19   H                1.2218              -0.8503               1.9865
20   H                2.9545               1.1797              -0.6604
21   H                2.6680              -0.3768              -1.4637


Energy:                 -383.517442 Convergence criteria  Is converged 
Maximum Force:             0.002318     0.000450                No
RMS Force:                 0.001430     0.000300                No
Maximum Displacement:      0.007771     0.001800                No
RMS Displacement:          0.004104     0.001200                No

----------------------------------------------------------------------
                            Iteration: 58                             


                             Coordinates                              
----------------------------------------------------------------------
0    C               -0.8673              -1.1259               0.1572
1    C                1.2115               0.0931               0.0410
2    C               -0.8077               1.7892               0.7692
3    C                1.9370              -0.5169               1.2313
4    C                2.1796               0.5142              -1.0529
5    N                0.2354              -0.8871              -0.5551
6    N               -2.0102              -1.5964              -0.4054
7    O               -1.5795               1.4746              -0.3149
8    H               -1.9740               0.6003              -0.1851
9    H               -0.0005              -0.5852              -1.5122
10   H               -0.8879              -0.8131               1.1981
11   H                0.6080               0.9869               0.3957
12   H               -2.6799              -1.9604               0.2765
13   H               -1.8881              -2.2648              -1.1718
14   H               -0.4463               2.8127               0.7447
15   H               -1.0598               1.3990               1.7570
16   H                2.6006               0.2245               1.6899
17   H                1.6636               1.0372              -1.8673
18   H                2.5407              -1.3731               0.9158
19   H                1.2227              -0.8519               1.9874
20   H                2.9529               1.1817              -0.6572
21   H                2.6690              -0.3748              -1.4634


Energy:                 -383.517474 Convergence criteria  Is converged 
Maximum Force:             0.001988     0.000450                No
RMS Force:                 0.001485     0.000300                No
Maximum Displacement:      0.008139     0.001800                No
RMS Displacement:          0.004247     0.001200                No

----------------------------------------------------------------------
                            Iteration: 59                             


                             Coordinates                              
----------------------------------------------------------------------
0    C               -0.8681              -1.1212               0.1547
1    C                1.2110               0.0929               0.0406
2    C               -0.8083               1.7890               0.7697
3    C                1.9363              -0.5187               1.2303
4    C                2.1798               0.5151              -1.0514
5    N                0.2364              -0.8880              -0.5563
6    N               -2.0111              -1.5953              -0.4039
7    O               -1.5822               1.4723              -0.3122
8    H               -1.9761               0.5980              -0.1806
9    H                0.0031              -0.5944              -1.5164
10   H               -0.8884              -0.8043               1.1961
11   H                0.6072               0.9860               0.3962
12   H               -2.6764              -1.9660               0.2789
13   H               -1.8875              -2.2603              -1.1732
14   H               -0.4443               2.8114               0.7392
15   H               -1.0620               1.4054               1.7601
16   H                2.6004               0.2221               1.6885
17   H                1.6668               1.0378              -1.8669
18   H                2.5385              -1.3754               0.9134
19   H                1.2242              -0.8538               1.9885
20   H                2.9504               1.1838              -0.6539
21   H                2.6701              -0.3725              -1.4628


Energy:                 -383.517505 Convergence criteria  Is converged 
Maximum Force:             0.002309     0.000450                No
RMS Force:                 0.001488     0.000300                No
Maximum Displacement:      0.009217     0.001800                No
RMS Displacement:          0.004884     0.001200                No

----------------------------------------------------------------------
                            Iteration: 60                             


                             Coordinates                              
----------------------------------------------------------------------
0    C               -0.8677              -1.1168               0.1542
1    C                1.2099               0.0928               0.0397
2    C               -0.8098               1.7882               0.7704
3    C                1.9354              -0.5198               1.2292
4    C                2.1795               0.5151              -1.0505
5    N                0.2378              -0.8892              -0.5569
6    N               -2.0113              -1.5931              -0.4022
7    O               -1.5838               1.4707              -0.3110
8    H               -1.9766               0.5963              -0.1792
9    H                0.0057              -0.6019              -1.5189
10   H               -0.8884              -0.8005               1.1949
11   H                0.6055               0.9857               0.3961
12   H               -2.6723              -1.9694               0.2819
13   H               -1.8888              -2.2532              -1.1766
14   H               -0.4438               2.8092               0.7366
15   H               -1.0624               1.4080               1.7623
16   H                2.6002               0.2208               1.6864
17   H                1.6697               1.0369              -1.8679
18   H                2.5360              -1.3783               0.9130
19   H                1.2259              -0.8533               1.9907
20   H                2.9466               1.1864              -0.6522
21   H                2.6725              -0.3711              -1.4615


Energy:                 -383.517532 Convergence criteria  Is converged 
Maximum Force:             0.001704     0.000450                No
RMS Force:                 0.001123     0.000300                No
Maximum Displacement:      0.007555     0.001800                No
RMS Displacement:          0.003926     0.001200                No

----------------------------------------------------------------------
                            Iteration: 61                             


                             Coordinates                              
----------------------------------------------------------------------
0    C               -0.8674              -1.1161               0.1532
1    C                1.2083               0.0930               0.0395
2    C               -0.8112               1.7889               0.7707
3    C                1.9350              -0.5212               1.2281
4    C                2.1789               0.5155              -1.0499
5    N                0.2387              -0.8906              -0.5572
6    N               -2.0107              -1.5931              -0.4017
7    O               -1.5851               1.4700              -0.3103
8    H               -1.9779               0.5960              -0.1765
9    H                0.0079              -0.6063              -1.5201
10   H               -0.8915              -0.7952               1.1925
11   H                0.6038               0.9862               0.3973
12   H               -2.6686              -1.9712               0.2839
13   H               -1.8886              -2.2516              -1.1779
14   H               -0.4430               2.8087               0.7333
15   H               -1.0605               1.4112               1.7642
16   H                2.5996               0.2195               1.6858
17   H                1.6715               1.0382              -1.8679
18   H                2.5354              -1.3807               0.9122
19   H                1.2270              -0.8548               1.9912
20   H                2.9449               1.1873              -0.6505
21   H                2.6733              -0.3701              -1.4614


Energy:                 -383.517549 Convergence criteria  Is converged 
Maximum Force:             0.001853     0.000450                No
RMS Force:                 0.000932     0.000300                No
Maximum Displacement:      0.005248     0.001800                No
RMS Displacement:          0.002854     0.001200                No

----------------------------------------------------------------------
                            Iteration: 62                             


                             Coordinates                              
----------------------------------------------------------------------
0    C               -0.8668              -1.1169               0.1539
1    C                1.2075               0.0930               0.0393
2    C               -0.8121               1.7887               0.7709
3    C                1.9347              -0.5213               1.2278
4    C                2.1785               0.5153              -1.0503
5    N                0.2388              -0.8912              -0.5568
6    N               -2.0103              -1.5917              -0.4016
7    O               -1.5855               1.4701              -0.3105
8    H               -1.9773               0.5959              -0.1773
9    H                0.0083              -0.6076              -1.5197
10   H               -0.8925              -0.7955               1.1917
11   H                0.6030               0.9867               0.3976
12   H               -2.6664              -1.9709               0.2849
13   H               -1.8894              -2.2490              -1.1791
14   H               -0.4432               2.8081               0.7334
15   H               -1.0585               1.4101               1.7644
16   H                2.5996               0.2195               1.6851
17   H                1.6713               1.0378              -1.8689
18   H                2.5346              -1.3818               0.9128
19   H                1.2272              -0.8538               1.9920
20   H                2.9436               1.1882              -0.6504
21   H                2.6747              -0.3701              -1.4608


Energy:                 -383.517558 Convergence criteria  Is converged 
Maximum Force:             0.001436     0.000450                No
RMS Force:                 0.000716     0.000300                No
Maximum Displacement:      0.002584     0.001800                No
RMS Displacement:          0.001405     0.001200                No

----------------------------------------------------------------------
                            Iteration: 63                             


                             Coordinates                              
----------------------------------------------------------------------
0    C               -0.8666              -1.1175               0.1539
1    C                1.2071               0.0927               0.0394
2    C               -0.8123               1.7897               0.7707
3    C                1.9344              -0.5220               1.2275
4    C                2.1782               0.5158              -1.0505
5    N                0.2388              -0.8915              -0.5565
6    N               -2.0100              -1.5918              -0.4022
7    O               -1.5868               1.4701              -0.3096
8    H               -1.9774               0.5953              -0.1758
9    H                0.0094              -0.6090              -1.5199
10   H               -0.8947              -0.7929               1.1901
11   H                0.6026               0.9864               0.3984
12   H               -2.6646              -1.9713               0.2851
13   H               -1.8889              -2.2500              -1.1788
14   H               -0.4428               2.8090               0.7315
15   H               -1.0562               1.4119               1.7652
16   H                2.5991               0.2187               1.6852
17   H                1.6705               1.0391              -1.8687
18   H                2.5345              -1.3825               0.9121
19   H                1.2268              -0.8549               1.9914
20   H                2.9435               1.1882              -0.6493
21   H                2.6752              -0.3697              -1.4607


Energy:                 -383.517565 Convergence criteria  Is converged 
Maximum Force:             0.001027     0.000450                No
RMS Force:                 0.000669     0.000300                No
Maximum Displacement:      0.002659     0.001800                No
RMS Displacement:          0.001559     0.001200                No

----------------------------------------------------------------------
                            Iteration: 64                             


                             Coordinates                              
----------------------------------------------------------------------
0    C               -0.8661              -1.1183               0.1543
1    C                1.2072               0.0924               0.0393
2    C               -0.8123               1.7894               0.7705
3    C                1.9341              -0.5221               1.2277
4    C                2.1780               0.5160              -1.0511
5    N                0.2389              -0.8919              -0.5560
6    N               -2.0101              -1.5897              -0.4027
7    O               -1.5885               1.4704              -0.3087
8    H               -1.9763               0.5942              -0.1765
9    H                0.0102              -0.6108              -1.5199
10   H               -0.8951              -0.7929               1.1897
11   H                0.6024               0.9858               0.3985
12   H               -2.6627              -1.9714               0.2854
13   H               -1.8896              -2.2476              -1.1793
14   H               -0.4428               2.8088               0.7314
15   H               -1.0541               1.4112               1.7653
16   H                2.5994               0.2183               1.6846
17   H                1.6686               1.0384              -1.8696
18   H                2.5331              -1.3830               0.9122
19   H                1.2260              -0.8534               1.9917
20   H                2.9423               1.1892              -0.6490
21   H                2.6773              -0.3695              -1.4593


Energy:                 -383.517573 Convergence criteria  Is converged 
Maximum Force:             0.001275     0.000450                No
RMS Force:                 0.000690     0.000300                No
Maximum Displacement:      0.002439     0.001800                No
RMS Displacement:          0.001553     0.001200                No

----------------------------------------------------------------------
                            Iteration: 65                             


                             Coordinates                              
----------------------------------------------------------------------
0    C               -0.8661              -1.1175               0.1539
1    C                1.2076               0.0920               0.0393
2    C               -0.8118               1.7902               0.7701
3    C                1.9337              -0.5229               1.2275
4    C                2.1778               0.5166              -1.0513
5    N                0.2395              -0.8923              -0.5556
6    N               -2.0103              -1.5891              -0.4035
7    O               -1.5913               1.4705              -0.3065
8    H               -1.9760               0.5926              -0.1750
9    H                0.0122              -0.6136              -1.5206
10   H               -0.8964              -0.7901               1.1888
11   H                0.6023               0.9846               0.3988
12   H               -2.6609              -1.9726               0.2852
13   H               -1.8892              -2.2478              -1.1790
14   H               -0.4420               2.8095               0.7291
15   H               -1.0518               1.4140               1.7663
16   H                2.5992               0.2169               1.6846
17   H                1.6666               1.0390              -1.8691
18   H                2.5320              -1.3836               0.9110
19   H                1.2246              -0.8538               1.9907
20   H                2.9415               1.1895              -0.6477
21   H                2.6789              -0.3685              -1.4584


Energy:                 -383.517581 Convergence criteria  Is converged 
Maximum Force:             0.001247     0.000450                No
RMS Force:                 0.000678     0.000300                No
Maximum Displacement:      0.002843     0.001800                No
RMS Displacement:          0.002038     0.001200                No

----------------------------------------------------------------------
                            Iteration: 66                             


                             Coordinates                              
----------------------------------------------------------------------
0    C               -0.8660              -1.1169               0.1538
1    C                1.2082               0.0916               0.0391
2    C               -0.8114               1.7899               0.7699
3    C                1.9335              -0.5229               1.2276
4    C                2.1776               0.5168              -1.0515
5    N                0.2401              -0.8929              -0.5552
6    N               -2.0107              -1.5873              -0.4039
7    O               -1.5936               1.4710              -0.3047
8    H               -1.9752               0.5914              -0.1754
9    H                0.0137              -0.6159              -1.5208
10   H               -0.8961              -0.7904               1.1895
11   H                0.6022               0.9836               0.3982
12   H               -2.6596              -1.9734               0.2853
13   H               -1.8897              -2.2455              -1.1797
14   H               -0.4419               2.8092               0.7285
15   H               -1.0504               1.4145               1.7666
16   H                2.5999               0.2163               1.6840
17   H                1.6648               1.0378              -1.8693
18   H                2.5304              -1.3843               0.9110
19   H                1.2232              -0.8523               1.9903
20   H                2.9400               1.1907              -0.6477
21   H                2.6811              -0.3674              -1.4571


Energy:                 -383.517587 Convergence criteria  Is converged 
Maximum Force:             0.000879     0.000450                No
RMS Force:                 0.000611     0.000300                No
Maximum Displacement:      0.002368     0.001800                No
RMS Displacement:          0.001694     0.001200                No

----------------------------------------------------------------------
                            Iteration: 67                             


                             Coordinates                              
----------------------------------------------------------------------
0    C               -0.8663              -1.1156               0.1533
1    C                1.2085               0.0912               0.0390
2    C               -0.8109               1.7905               0.7697
3    C                1.9333              -0.5233               1.2274
4    C                2.1774               0.5171              -1.0511
5    N                0.2409              -0.8937              -0.5550
6    N               -2.0108              -1.5873              -0.4043
7    O               -1.5962               1.4714              -0.3026
8    H               -1.9752               0.5905              -0.1745
9    H                0.0157              -0.6179              -1.5211
10   H               -0.8967              -0.7893               1.1897
11   H                0.6021               0.9828               0.3977
12   H               -2.6587              -1.9744               0.2851
13   H               -1.8893              -2.2455              -1.1801
14   H               -0.4412               2.8096               0.7267
15   H               -1.0492               1.4170               1.7674
16   H                2.6003               0.2152               1.6841
17   H                1.6637               1.0374              -1.8685
18   H                2.5294              -1.3852               0.9105
19   H                1.2218              -0.8523               1.9891
20   H                2.9390               1.1915              -0.6475
21   H                2.6824              -0.3660              -1.4566


Energy:                 -383.517592 Convergence criteria  Is converged 
Maximum Force:             0.001009     0.000450                No
RMS Force:                 0.000578     0.000300                No
Maximum Displacement:      0.002560     0.001800                No
RMS Displacement:          0.001609     0.001200                No

----------------------------------------------------------------------
                            Iteration: 68                             


                             Coordinates                              
----------------------------------------------------------------------
0    C               -0.8666              -1.1149               0.1529
1    C                1.2087               0.0906               0.0390
2    C               -0.8105               1.7909               0.7697
3    C                1.9333              -0.5235               1.2274
4    C                2.1771               0.5172              -1.0506
5    N                0.2416              -0.8949              -0.5547
6    N               -2.0108              -1.5872              -0.4046
7    O               -1.5985               1.4724              -0.3007
8    H               -1.9752               0.5902              -0.1740
9    H                0.0175              -0.6195              -1.5212
10   H               -0.8971              -0.7897               1.1901
11   H                0.6020               0.9823               0.3968
12   H               -2.6582              -1.9748               0.2852
13   H               -1.8891              -2.2448              -1.1810
14   H               -0.4409               2.8098               0.7255
15   H               -1.0475               1.4183               1.7679
16   H                2.6011               0.2145               1.6841
17   H                1.6629               1.0361              -1.8681
18   H                2.5284              -1.3863               0.9109
19   H                1.2204              -0.8517               1.9881
20   H                2.9377               1.1930              -0.6479
21   H                2.6836              -0.3645              -1.4562


Energy:                 -383.517598 Convergence criteria  Is converged 
Maximum Force:             0.001166     0.000450                No
RMS Force:                 0.000577     0.000300                No
Maximum Displacement:      0.002286     0.001800                No
RMS Displacement:          0.001455     0.001200                No

----------------------------------------------------------------------
                            Iteration: 69                             


                             Coordinates                              
----------------------------------------------------------------------
0    C               -0.8669              -1.1146               0.1524
1    C                1.2086               0.0901               0.0391
2    C               -0.8102               1.7919               0.7697
3    C                1.9334              -0.5239               1.2274
4    C                2.1768               0.5175              -1.0499
5    N                0.2422              -0.8962              -0.5544
6    N               -2.0105              -1.5880              -0.4050
7    O               -1.6009               1.4734              -0.2987
8    H               -1.9755               0.5903              -0.1727
9    H                0.0194              -0.6209              -1.5212
10   H               -0.8983              -0.7893               1.1895
11   H                0.6019               0.9821               0.3961
12   H               -2.6579              -1.9751               0.2851
13   H               -1.8883              -2.2456              -1.1816
14   H               -0.4401               2.8106               0.7234
15   H               -1.0453               1.4203               1.7687
16   H                2.6018               0.2135               1.6846
17   H                1.6624               1.0353              -1.8673
18   H                2.5277              -1.3874               0.9111
19   H                1.2191              -0.8520               1.9869
20   H                2.9366               1.1948              -0.6482
21   H                2.6840              -0.3630              -1.4564


Energy:                 -383.517603 Convergence criteria  Is converged 
Maximum Force:             0.001111     0.000450                No
RMS Force:                 0.000551     0.000300                No
Maximum Displacement:      0.002439     0.001800                No
RMS Displacement:          0.001636     0.001200                No

----------------------------------------------------------------------
                            Iteration: 70                             


                             Coordinates                              
----------------------------------------------------------------------
0    C               -0.8671              -1.1152               0.1522
1    C                1.2085               0.0896               0.0394
2    C               -0.8100               1.7929               0.7697
3    C                1.9334              -0.5241               1.2276
4    C                2.1767               0.5178              -1.0493
5    N                0.2425              -0.8974              -0.5542
6    N               -2.0103              -1.5887              -0.4053
7    O               -1.6027               1.4746              -0.2974
8    H               -1.9754               0.5906              -0.1717
9    H                0.0207              -0.6219              -1.5211
10   H               -0.8992              -0.7896               1.1887
11   H                0.6017               0.9821               0.3955
12   H               -2.6579              -1.9751               0.2850
13   H               -1.8879              -2.2460              -1.1823
14   H               -0.4396               2.8115               0.7221
15   H               -1.0429               1.4209               1.7691
16   H                2.6025               0.2127               1.6850
17   H                1.6619               1.0342              -1.8672
18   H                2.5269              -1.3884               0.9117
19   H                1.2182              -0.8518               1.9863
20   H                2.9356               1.1969              -0.6487
21   H                2.6844              -0.3621              -1.4566


Energy:                 -383.517608 Convergence criteria  Is converged 
Maximum Force:             0.000717     0.000450                No
RMS Force:                 0.000508     0.000300                No
Maximum Displacement:      0.002488     0.001800                No
RMS Displacement:          0.001341     0.001200                No

----------------------------------------------------------------------
                            Iteration: 71                             


                             Coordinates                              
----------------------------------------------------------------------
0    C               -0.8671              -1.1159               0.1519
1    C                1.2084               0.0894               0.0396
2    C               -0.8099               1.7940               0.7698
3    C                1.9333              -0.5245               1.2279
4    C                2.1767               0.5182              -1.0491
5    N                0.2427              -0.8982              -0.5541
6    N               -2.0100              -1.5896              -0.4057
7    O               -1.6042               1.4754              -0.2961
8    H               -1.9751               0.5908              -0.1703
9    H                0.0216              -0.6229              -1.5212
10   H               -0.9000              -0.7895               1.1876
11   H                0.6014               0.9823               0.3953
12   H               -2.6584              -1.9750               0.2845
13   H               -1.8873              -2.2469              -1.1826
14   H               -0.4390               2.8126               0.7206
15   H               -1.0404               1.4217               1.7697
16   H                2.6029               0.2118               1.6856
17   H                1.6612               1.0336              -1.8672
18   H                2.5263              -1.3892               0.9122
19   H                1.2175              -0.8520               1.9860
20   H                2.9347               1.1991              -0.6490
21   H                2.6845              -0.3616              -1.4569


Energy:                 -383.517611 Convergence criteria  Is converged 
Maximum Force:             0.000770     0.000450                No
RMS Force:                 0.000493     0.000300                No
Maximum Displacement:      0.002491     0.001800                No
RMS Displacement:          0.001293     0.001200                No

----------------------------------------------------------------------
                            Iteration: 72                             


                             Coordinates                              
----------------------------------------------------------------------
0    C               -0.8670              -1.1168               0.1516
1    C                1.2085               0.0894               0.0398
2    C               -0.8096               1.7952               0.7698
3    C                1.9330              -0.5248               1.2283
4    C                2.1768               0.5186              -1.0492
5    N                0.2430              -0.8986              -0.5540
6    N               -2.0097              -1.5903              -0.4061
7    O               -1.6055               1.4762              -0.2948
8    H               -1.9744               0.5907              -0.1689
9    H                0.0224              -0.6242              -1.5215
10   H               -0.9001              -0.7898               1.1866
11   H                0.6010               0.9824               0.3950
12   H               -2.6593              -1.9749               0.2836
13   H               -1.8871              -2.2474              -1.1830
14   H               -0.4385               2.8138               0.7196
15   H               -1.0376               1.4221               1.7702
16   H                2.6031               0.2108               1.6862
17   H                1.6603               1.0326              -1.8677
18   H                2.5254              -1.3900               0.9129
19   H                1.2169              -0.8517               1.9864
20   H                2.9334               1.2017              -0.6494
21   H                2.6850              -0.3613              -1.4569


Energy:                 -383.517616 Convergence criteria  Is converged 
Maximum Force:             0.000814     0.000450                No
RMS Force:                 0.000518     0.000300                No
Maximum Displacement:      0.002758     0.001800                No
RMS Displacement:          0.001383     0.001200                No

----------------------------------------------------------------------
                            Iteration: 73                             


                             Coordinates                              
----------------------------------------------------------------------
0    C               -0.8668              -1.1174               0.1512
1    C                1.2087               0.0896               0.0399
2    C               -0.8092               1.7966               0.7699
3    C                1.9324              -0.5252               1.2288
4    C                2.1770               0.5191              -1.0496
5    N                0.2432              -0.8987              -0.5541
6    N               -2.0095              -1.5912              -0.4066
7    O               -1.6071               1.4769              -0.2930
8    H               -1.9733               0.5903              -0.1669
9    H                0.0234              -0.6261              -1.5222
10   H               -0.8998              -0.7900               1.1859
11   H                0.6005               0.9824               0.3947
12   H               -2.6607              -1.9751               0.2821
13   H               -1.8868              -2.2483              -1.1835
14   H               -0.4379               2.8152               0.7183
15   H               -1.0346               1.4233               1.7709
16   H                2.6032               0.2093               1.6870
17   H                1.6590               1.0317              -1.8685
18   H                2.5241              -1.3910               0.9136
19   H                1.2163              -0.8514               1.9871
20   H                2.9318               1.2046              -0.6499
21   H                2.6861              -0.3610              -1.4567


Energy:                 -383.517620 Convergence criteria  Is converged 
Maximum Force:             0.001125     0.000450                No
RMS Force:                 0.000543     0.000300                No
Maximum Displacement:      0.002963     0.001800                No
RMS Displacement:          0.001730     0.001200                No

----------------------------------------------------------------------
                            Iteration: 74                             


                             Coordinates                              
----------------------------------------------------------------------
0    C               -0.8666              -1.1178               0.1508
1    C                1.2090               0.0898               0.0397
2    C               -0.8086               1.7978               0.7701
3    C                1.9317              -0.5257               1.2292
4    C                2.1770               0.5195              -1.0503
5    N                0.2435              -0.8985              -0.5541
6    N               -2.0092              -1.5920              -0.4073
7    O               -1.6086               1.4775              -0.2909
8    H               -1.9718               0.5896              -0.1649
9    H                0.0243              -0.6283              -1.5231
10   H               -0.8989              -0.7907               1.1859
11   H                0.6002               0.9824               0.3943
12   H               -2.6623              -1.9752               0.2801
13   H               -1.8868              -2.2490              -1.1841
14   H               -0.4376               2.8165               0.7174
15   H               -1.0319               1.4250               1.7717
16   H                2.6031               0.2079               1.6877
17   H                1.6576               1.0305              -1.8696
18   H                2.5226              -1.3921               0.9146
19   H                1.2156              -0.8508               1.9882
20   H                2.9298               1.2075              -0.6507
21   H                2.6877              -0.3604              -1.4562


Energy:                 -383.517625 Convergence criteria  Is converged 
Maximum Force:             0.000901     0.000450                No
RMS Force:                 0.000527     0.000300                No
Maximum Displacement:      0.002860     0.001800                No
RMS Displacement:          0.001874     0.001200                No

----------------------------------------------------------------------
                            Iteration: 75                             


                             Coordinates                              
----------------------------------------------------------------------
0    C               -0.8665              -1.1178               0.1504
1    C                1.2091               0.0900               0.0394
2    C               -0.8079               1.7989               0.7703
3    C                1.9310              -0.5261               1.2295
4    C                2.1768               0.5199              -1.0510
5    N                0.2436              -0.8983              -0.5543
6    N               -2.0088              -1.5928              -0.4080
7    O               -1.6099               1.4777              -0.2888
8    H               -1.9706               0.5889              -0.1629
9    H                0.0253              -0.6303              -1.5241
10   H               -0.8979              -0.7913               1.1864
11   H                0.6001               0.9824               0.3939
12   H               -2.6637              -1.9752               0.2781
13   H               -1.8867              -2.2499              -1.1847
14   H               -0.4372               2.8175               0.7165
15   H               -1.0299               1.4274               1.7727
16   H                2.6029               0.2066               1.6884
17   H                1.6565               1.0295              -1.8706
18   H                2.5212              -1.3932               0.9153
19   H                1.2150              -0.8503               1.9891
20   H                2.9279               1.2095              -0.6517
21   H                2.6895              -0.3595              -1.4555


Energy:                 -383.517629 Convergence criteria  Is converged 
Maximum Force:             0.000806     0.000450                No
RMS Force:                 0.000480     0.000300                No
Maximum Displacement:      0.002349     0.001800                No
RMS Displacement:          0.001757     0.001200                No

----------------------------------------------------------------------
                            Iteration: 76                             


                             Coordinates                              
----------------------------------------------------------------------
0    C               -0.8664              -1.1179               0.1502
1    C                1.2090               0.0900               0.0390
2    C               -0.8072               1.7997               0.7707
3    C                1.9304              -0.5262               1.2296
4    C                2.1762               0.5201              -1.0514
5    N                0.2436              -0.8982              -0.5546
6    N               -2.0083              -1.5934              -0.4088
7    O               -1.6106               1.4779              -0.2871
8    H               -1.9697               0.5883              -0.1612
9    H                0.0261              -0.6318              -1.5249
10   H               -0.8970              -0.7922               1.1871
11   H                0.6003               0.9825               0.3937
12   H               -2.6647              -1.9750               0.2763
13   H               -1.8865              -2.2506              -1.1854
14   H               -0.4369               2.8182               0.7161
15   H               -1.0285               1.4295               1.7735
16   H                2.6028               0.2058               1.6889
17   H                1.6557               1.0284              -1.8716
18   H                2.5200              -1.3941               0.9161
19   H                1.2144              -0.8498               1.9898
20   H                2.9262               1.2109              -0.6528
21   H                2.6911              -0.3584              -1.4547


Energy:                 -383.517632 Convergence criteria  Is converged 
Maximum Force:             0.000536     0.000450                No
RMS Force:                 0.000433     0.000300                No
Maximum Displacement:      0.002092     0.001800                No
RMS Displacement:          0.001488     0.001200                No

----------------------------------------------------------------------
                            Iteration: 77                             


                             Coordinates                              
----------------------------------------------------------------------
0    C               -0.8663              -1.1183               0.1502
1    C                1.2086               0.0898               0.0388
2    C               -0.8066               1.8004               0.7711
3    C                1.9299              -0.5263               1.2297
4    C                2.1754               0.5202              -1.0516
5    N                0.2434              -0.8983              -0.5548
6    N               -2.0077              -1.5940              -0.4095
7    O               -1.6111               1.4779              -0.2856
8    H               -1.9692               0.5880              -0.1596
9    H                0.0266              -0.6327              -1.5256
10   H               -0.8967              -0.7928               1.1874
11   H                0.6007               0.9827               0.3936
12   H               -2.6652              -1.9745               0.2749
13   H               -1.8862              -2.2515              -1.1861
14   H               -0.4365               2.8188               0.7156
15   H               -1.0272               1.4313               1.7743
16   H                2.6027               0.2054               1.6891
17   H                1.6552               1.0273              -1.8725
18   H                2.5188              -1.3948               0.9167
19   H                1.2140              -0.8494               1.9902
20   H                2.9248               1.2118              -0.6539
21   H                2.6924              -0.3572              -1.4538


Energy:                 -383.517635 Convergence criteria  Is converged 
Maximum Force:             0.000794     0.000450                No
RMS Force:                 0.000385     0.000300                No
Maximum Displacement:      0.001846     0.001800                No
RMS Displacement:          0.001257     0.001200                No

----------------------------------------------------------------------
                            Iteration: 78                             


                             Coordinates                              
----------------------------------------------------------------------
0    C               -0.8662              -1.1189               0.1501
1    C                1.2082               0.0895               0.0388
2    C               -0.8061               1.8009               0.7715
3    C                1.9296              -0.5262               1.2299
4    C                2.1746               0.5203              -1.0516
5    N                0.2433              -0.8986              -0.5551
6    N               -2.0073              -1.5944              -0.4103
7    O               -1.6111               1.4779              -0.2847
8    H               -1.9690               0.5880              -0.1582
9    H                0.0269              -0.6332              -1.5261
10   H               -0.8966              -0.7936               1.1874
11   H                0.6010               0.9828               0.3937
12   H               -2.6655              -1.9739               0.2739
13   H               -1.8858              -2.2521              -1.1868
14   H               -0.4360               2.8192               0.7154
15   H               -1.0261               1.4322               1.7749
16   H                2.6028               0.2054               1.6891
17   H                1.6548               1.0262              -1.8735
18   H                2.5179              -1.3952               0.9173
19   H                1.2137              -0.8488               1.9905
20   H                2.9237               1.2126              -0.6549
21   H                2.6933              -0.3562              -1.4529


Energy:                 -383.517637 Convergence criteria  Is converged 
Maximum Force:             0.000725     0.000450                No
RMS Force:                 0.000353     0.000300                No
Maximum Displacement:      0.001344     0.001800                Yes
RMS Displacement:          0.001011     0.001200                Yes

----------------------------------------------------------------------
                            Iteration: 79                             


                             Coordinates                              
----------------------------------------------------------------------
0    C               -0.8662              -1.1197               0.1500
1    C                1.2077               0.0893               0.0390
2    C               -0.8057               1.8013               0.7719
3    C                1.9294              -0.5260               1.2301
4    C                2.1740               0.5203              -1.0515
5    N                0.2432              -0.8989              -0.5553
6    N               -2.0071              -1.5946              -0.4110
7    O               -1.6109               1.4778              -0.2841
8    H               -1.9690               0.5881              -0.1569
9    H                0.0269              -0.6335              -1.5264
10   H               -0.8968              -0.7942               1.1869
11   H                0.6012               0.9829               0.3940
12   H               -2.6657              -1.9733               0.2731
13   H               -1.8854              -2.2526              -1.1873
14   H               -0.4354               2.8196               0.7152
15   H               -1.0250               1.4326               1.7754
16   H                2.6030               0.2056               1.6888
17   H                1.6544               1.0249              -1.8743
18   H                2.5170              -1.3955               0.9178
19   H                1.2135              -0.8481               1.9908
20   H                2.9228               1.2134              -0.6556
21   H                2.6941              -0.3556              -1.4519


Energy:                 -383.517639 Convergence criteria  Is converged 
Maximum Force:             0.000564     0.000450                No
RMS Force:                 0.000367     0.000300                No
Maximum Displacement:      0.001319     0.001800                Yes
RMS Displacement:          0.000899     0.001200                Yes

----------------------------------------------------------------------
                            Iteration: 80                             


                             Coordinates                              
----------------------------------------------------------------------
0    C               -0.8662              -1.1205               0.1495
1    C                1.2073               0.0891               0.0392
2    C               -0.8052               1.8017               0.7724
3    C                1.9291              -0.5257               1.2303
4    C                2.1734               0.5204              -1.0513
5    N                0.2431              -0.8994              -0.5555
6    N               -2.0070              -1.5947              -0.4119
7    O               -1.6104               1.4775              -0.2834
8    H               -1.9692               0.5882              -0.1551
9    H                0.0269              -0.6338              -1.5267
10   H               -0.8969              -0.7952               1.1860
11   H                0.6011               0.9829               0.3943
12   H               -2.6659              -1.9728               0.2723
13   H               -1.8849              -2.2529              -1.1880
14   H               -0.4344               2.8200               0.7150
15   H               -1.0236               1.4328               1.7760
16   H                2.6032               0.2061               1.6881
17   H                1.6538               1.0231              -1.8754
18   H                2.5159              -1.3958               0.9184
19   H                1.2132              -0.8469               1.9911
20   H                2.9215               1.2147              -0.6563
21   H                2.6950              -0.3551              -1.4505


Energy:                 -383.517642 Convergence criteria  Is converged 
Maximum Force:             0.000768     0.000450                No
RMS Force:                 0.000433     0.000300                No
Maximum Displacement:      0.001840     0.001800                No
RMS Displacement:          0.001181     0.001200                Yes

----------------------------------------------------------------------
                            Iteration: 81                             


                             Coordinates                              
----------------------------------------------------------------------
0    C               -0.8663              -1.1212               0.1486
1    C                1.2069               0.0889               0.0393
2    C               -0.8043               1.8025               0.7733
3    C                1.9287              -0.5253               1.2305
4    C                2.1729               0.5204              -1.0512
5    N                0.2432              -0.8999              -0.5559
6    N               -2.0071              -1.5947              -0.4134
7    O               -1.6095               1.4769              -0.2822
8    H               -1.9695               0.5884              -0.1520
9    H                0.0269              -0.6345              -1.5271
10   H               -0.8971              -0.7966               1.1848
11   H                0.6008               0.9826               0.3947
12   H               -2.6663              -1.9722               0.2709
13   H               -1.8842              -2.2535              -1.1890
14   H               -0.4330               2.8206               0.7147
15   H               -1.0218               1.4333               1.7772
16   H                2.6035               0.2068               1.6867
17   H                1.6527               1.0201              -1.8771
18   H                2.5144              -1.3963               0.9192
19   H                1.2126              -0.8448               1.9917
20   H                2.9195               1.2169              -0.6570
21   H                2.6968              -0.3547              -1.4483


Energy:                 -383.517645 Convergence criteria  Is converged 
Maximum Force:             0.001009     0.000450                No
RMS Force:                 0.000516     0.000300                No
Maximum Displacement:      0.003060     0.001800                No
RMS Displacement:          0.001860     0.001200                No

----------------------------------------------------------------------
                            Iteration: 82                             


                             Coordinates                              
----------------------------------------------------------------------
0    C               -0.8667              -1.1217               0.1471
1    C                1.2065               0.0887               0.0392
2    C               -0.8031               1.8033               0.7746
3    C                1.9282              -0.5248               1.2306
4    C                2.1726               0.5204              -1.0513
5    N                0.2434              -0.9005              -0.5563
6    N               -2.0074              -1.5946              -0.4154
7    O               -1.6082               1.4760              -0.2805
8    H               -1.9699               0.5885              -0.1478
9    H                0.0272              -0.6356              -1.5277
10   H               -0.8972              -0.7987               1.1836
11   H                0.6001               0.9820               0.3951
12   H               -2.6669              -1.9718               0.2690
13   H               -1.8834              -2.2540              -1.1903
14   H               -0.4311               2.8212               0.7144
15   H               -1.0197               1.4346               1.7790
16   H                2.6039               0.2077               1.6846
17   H                1.6513               1.0159              -1.8791
18   H                2.5123              -1.3971               0.9202
19   H                1.2118              -0.8418               1.9926
20   H                2.9166               1.2202              -0.6578
21   H                2.6995              -0.3545              -1.4453


Energy:                 -383.517650 Convergence criteria  Is converged 
Maximum Force:             0.001138     0.000450                No
RMS Force:                 0.000522     0.000300                No
Maximum Displacement:      0.004231     0.001800                No
RMS Displacement:          0.002574     0.001200                No

----------------------------------------------------------------------
                            Iteration: 83                             


                             Coordinates                              
----------------------------------------------------------------------
0    C               -0.8672              -1.1215               0.1457
1    C                1.2063               0.0888               0.0388
2    C               -0.8020               1.8039               0.7759
3    C                1.9277              -0.5244               1.2304
4    C                2.1727               0.5202              -1.0515
5    N                0.2436              -0.9007              -0.5566
6    N               -2.0078              -1.5944              -0.4173
7    O               -1.6071               1.4749              -0.2786
8    H               -1.9702               0.5884              -0.1440
9    H                0.0279              -0.6367              -1.5281
10   H               -0.8972              -0.8005               1.1831
11   H                0.5993               0.9813               0.3950
12   H               -2.6673              -1.9718               0.2671
13   H               -1.8828              -2.2544              -1.1915
14   H               -0.4296               2.8215               0.7141
15   H               -1.0184               1.4365               1.7809
16   H                2.6043               0.2084               1.6827
17   H                1.6501               1.0123              -1.8806
18   H                2.5107              -1.3979               0.9209
19   H                1.2109              -0.8391               1.9932
20   H                2.9139               1.2232              -0.6582
21   H                2.7022              -0.3544              -1.4428


Energy:                 -383.517654 Convergence criteria  Is converged 
Maximum Force:             0.000910     0.000450                No
RMS Force:                 0.000405     0.000300                No
Maximum Displacement:      0.003824     0.001800                No
RMS Displacement:          0.002311     0.001200                No

----------------------------------------------------------------------
                            Iteration: 84                             


                             Coordinates                              
----------------------------------------------------------------------
0    C               -0.8675              -1.1211               0.1451
1    C                1.2064               0.0888               0.0383
2    C               -0.8015               1.8040               0.7766
3    C                1.9274              -0.5242               1.2302
4    C                2.1730               0.5200              -1.0517
5    N                0.2437              -0.9007              -0.5568
6    N               -2.0081              -1.5941              -0.4182
7    O               -1.6067               1.4744              -0.2775
8    H               -1.9702               0.5881              -0.1422
9    H                0.0284              -0.6372              -1.5284
10   H               -0.8973              -0.8014               1.1834
11   H                0.5989               0.9809               0.3946
12   H               -2.6674              -1.9720               0.2661
13   H               -1.8827              -2.2545              -1.1921
14   H               -0.4290               2.8214               0.7140
15   H               -1.0183               1.4380               1.7819
16   H                2.6044               0.2087               1.6816
17   H                1.6497               1.0104              -1.8812
18   H                2.5100              -1.3983               0.9212
19   H                1.2105              -0.8377               1.9935
20   H                2.9124               1.2248              -0.6583
21   H                2.7037              -0.3546              -1.4417


Energy:                 -383.517655 Convergence criteria  Is converged 
Maximum Force:             0.000500     0.000450                No
RMS Force:                 0.000296     0.000300                Yes
Maximum Displacement:      0.001879     0.001800                No
RMS Displacement:          0.001206     0.001200                No

----------------------------------------------------------------------
                            Iteration: 85                             


                             Coordinates                              
----------------------------------------------------------------------
0    C               -0.8675              -1.1209               0.1451
1    C                1.2064               0.0888               0.0380
2    C               -0.8013               1.8040               0.7771
3    C                1.9272              -0.5241               1.2300
4    C                2.1732               0.5198              -1.0518
5    N                0.2437              -0.9006              -0.5568
6    N               -2.0081              -1.5940              -0.4186
7    O               -1.6066               1.4741              -0.2769
8    H               -1.9701               0.5878              -0.1417
9    H                0.0288              -0.6372              -1.5285
10   H               -0.8975              -0.8017               1.1838
11   H                0.5987               0.9808               0.3940
12   H               -2.6674              -1.9721               0.2655
13   H               -1.8827              -2.2545              -1.1923
14   H               -0.4288               2.8211               0.7141
15   H               -1.0184               1.4389               1.7825
16   H                2.6045               0.2087               1.6812
17   H                1.6498               1.0096              -1.8813
18   H                2.5098              -1.3984               0.9213
19   H                1.2103              -0.8371               1.9936
20   H                2.9117               1.2255              -0.6584
21   H                2.7043              -0.3548              -1.4413


Energy:                 -383.517657 Convergence criteria  Is converged 
Maximum Force:             0.000507     0.000450                No
RMS Force:                 0.000258     0.000300                Yes
Maximum Displacement:      0.000851     0.001800                Yes
RMS Displacement:          0.000560     0.001200                Yes

----------------------------------------------------------------------
                            Iteration: 86                             


                             Coordinates                              
----------------------------------------------------------------------
0    C               -0.8674              -1.1211               0.1453
1    C                1.2063               0.0888               0.0376
2    C               -0.8012               1.8038               0.7775
3    C                1.9270              -0.5239               1.2298
4    C                2.1733               0.5196              -1.0519
5    N                0.2436              -0.9006              -0.5569
6    N               -2.0080              -1.5937              -0.4189
7    O               -1.6066               1.4740              -0.2763
8    H               -1.9697               0.5875              -0.1414
9    H                0.0289              -0.6369              -1.5286
10   H               -0.8977              -0.8020               1.1843
11   H                0.5985               0.9808               0.3933
12   H               -2.6674              -1.9721               0.2649
13   H               -1.8829              -2.2543              -1.1925
14   H               -0.4286               2.8209               0.7144
15   H               -1.0184               1.4392               1.7829
16   H                2.6047               0.2087               1.6809
17   H                1.6500               1.0087              -1.8816
18   H                2.5096              -1.3983               0.9215
19   H                1.2102              -0.8364               1.9937
20   H                2.9109               1.2262              -0.6586
21   H                2.7048              -0.3551              -1.4409


Energy:                 -383.517658 Convergence criteria  Is converged 
Maximum Force:             0.000445     0.000450                Yes
RMS Force:                 0.000237     0.000300                Yes
Maximum Displacement:      0.000871     0.001800                Yes
RMS Displacement:          0.000547     0.001200                Yes
