
**********************************************************************
*                                                                    *
*                        M   A   P   L   E                           *
*                                                                    *
*      MAchine-learning Potential for Landscape Exploration          *
*                                                                    *
*                                                                    *
*      © 2025 University of Pittsburgh. All rights reserved.         *
*      Licensed under CC BY 4.0 for academic use.                    *
*                                                                    *
*      Principal Developer:  Xujian Wang                             *
*                                                                    *
**********************************************************************


Parsing # commands...
Global parameter: model = uma
Task set to 'opt'
Global parameter: device = gpu0
Parsed configuration:
----------------------------------------
Task: opt
model          : uma
method         : lbfgs
maxiter        : 200
convergence    : 1e-05
lbfgs          : True
device         : gpu0

                             Coordinates                              
**********************************************************************

Group 1 (inline)
--------------------
1    C             -0.778126            -1.067561             0.321059
2    C              1.302553             0.052120            -0.028299
3    C             -0.971993             1.456249             0.823657
4    C              1.981229            -0.418433             1.250175
5    C              2.264033             0.435168            -1.133107
6    N              0.291164            -0.876821            -0.500399
7    N             -2.019163            -1.372006            -0.233112
8    O             -1.664734             1.630223            -0.401837
9    H             -2.258632             0.870139            -0.475899
10   H              0.027849            -0.678312            -1.458495
11   H             -0.609759            -1.367856             1.341178
12   H              0.681264             0.918300             0.286941
13   H             -2.573263            -2.057361             0.257412
14   H             -2.052428            -1.504542            -1.233823
15   H             -0.368993             2.351392             0.991747
16   H             -1.639609             1.294215             1.674653
17   H              2.764449             0.291462             1.522846
18   H              1.725114             0.730695            -2.037794
19   H              2.435593            -1.406098             1.134215
20   H              1.273005            -0.447224             2.080579
21   H              2.850345             1.298697            -0.814322
22   H              2.960009            -0.368806            -1.388910

----------------------------------------------------------------------
                             Iteration: 1                             


                             Coordinates                              
----------------------------------------------------------------------
0    C               -0.7781              -1.0683               0.3210
1    C                1.3024               0.0522              -0.0283
2    C               -0.9715               1.4567               0.8236
3    C                1.9812              -0.4184               1.2503
4    C                2.2640               0.4352              -1.1331
5    N                0.2911              -0.8767              -0.5004
6    N               -2.0193              -1.3721              -0.2332
7    O               -1.6647               1.6302              -0.4019
8    H               -2.2587               0.8701              -0.4759
9    H                0.0279              -0.6783              -1.4585
10   H               -0.6098              -1.3678               1.3412
11   H                0.6812               0.9183               0.2870
12   H               -2.5733              -2.0574               0.2574
13   H               -2.0525              -1.5045              -1.2338
14   H               -0.3690               2.3515               0.9918
15   H               -1.6396               1.2941               1.6747
16   H                2.7645               0.2915               1.5229
17   H                1.7251               0.7307              -2.0378
18   H                2.4356              -1.4061               1.1342
19   H                1.2730              -0.4472               2.0806
20   H                2.8503               1.2987              -0.8143
21   H                2.9600              -0.3688              -1.3889


Energy:                 -383.528090 Convergence criteria  Is converged 
Maximum Force:             0.048670     0.002850                No
RMS Force:                 0.016464     0.001900                No
Maximum Displacement:      0.000694     0.003150                Yes
RMS Displacement:          0.000232     0.002100                Yes

----------------------------------------------------------------------
                             Iteration: 2                             


                             Coordinates                              
----------------------------------------------------------------------
0    C               -0.7865              -0.9512               0.3412
1    C                1.3211               0.0462              -0.0327
2    C               -1.0343               1.3901               0.8305
3    C                1.9862              -0.4237               1.2402
4    C                2.2740               0.4266              -1.1379
5    N                0.3055              -0.8952              -0.5044
6    N               -1.9985              -1.3616              -0.2255
7    O               -1.6696               1.6275              -0.3974
8    H               -2.2590               0.8755              -0.4828
9    H                0.0245              -0.6735              -1.4539
10   H               -0.6090              -1.3710               1.3350
11   H                0.6996               0.9165               0.2734
12   H               -2.5654              -2.0467               0.2594
13   H               -2.0431              -1.5023              -1.2268
14   H               -0.3732               2.3150               0.9883
15   H               -1.6610               1.3082               1.6811
16   H                2.7631               0.2882               1.5217
17   H                1.7264               0.7286              -2.0344
18   H                2.4354              -1.4067               1.1337
19   H                1.2734              -0.4495               2.0750
20   H                2.8508               1.2940              -0.8151
21   H                2.9597              -0.3713              -1.3899


Energy:                 -383.536355 Convergence criteria  Is converged 
Maximum Force:             0.058822     0.002850                No
RMS Force:                 0.024091     0.001900                No
Maximum Displacement:      0.117088     0.003150                No
RMS Displacement:          0.035549     0.002100                No

----------------------------------------------------------------------
                             Iteration: 3                             


                             Coordinates                              
----------------------------------------------------------------------
0    C               -0.7964              -0.8324               0.3692
1    C                1.3334               0.0428              -0.0397
2    C               -1.0830               1.3253               0.8263
3    C                1.9912              -0.4277               1.2342
4    C                2.2831               0.4218              -1.1417
5    N                0.3198              -0.9094              -0.5042
6    N               -1.9825              -1.3455              -0.2174
7    O               -1.6771               1.6269              -0.3900
8    H               -2.2666               0.8763              -0.4957
9    H                0.0222              -0.6678              -1.4485
10   H               -0.6088              -1.3683               1.3249
11   H                0.7264               0.9130               0.2562
12   H               -2.5528              -2.0321               0.2628
13   H               -2.0301              -1.4986              -1.2186
14   H               -0.3815               2.2592               0.9848
15   H               -1.6955               1.3202               1.6963
16   H                2.7630               0.2847               1.5206
17   H                1.7280               0.7259              -2.0313
18   H                2.4366              -1.4101               1.1325
19   H                1.2749              -0.4524               2.0670
20   H                2.8532               1.2893              -0.8163
21   H                2.9627              -0.3775              -1.3928


Energy:                 -383.542630 Convergence criteria  Is converged 
Maximum Force:             0.083576     0.002850                No
RMS Force:                 0.032697     0.001900                No
Maximum Displacement:      0.118798     0.003150                No
RMS Displacement:          0.037001     0.002100                No

----------------------------------------------------------------------
                             Iteration: 4                             


                             Coordinates                              
----------------------------------------------------------------------
0    C               -0.8131              -0.6324               0.4259
1    C                1.3575               0.0342              -0.0546
2    C               -1.1631               1.1908               0.8265
3    C                2.0012              -0.4339               1.2248
4    C                2.3004               0.4138              -1.1494
5    N                0.3279              -0.9174              -0.4894
6    N               -1.9620              -1.2936              -0.2012
7    O               -1.7103               1.6184              -0.3805
8    H               -2.2891               0.8806              -0.5332
9    H                0.0220              -0.6566              -1.4327
10   H               -0.6120              -1.3375               1.2997
11   H                0.7883               0.9144               0.2194
12   H               -2.5217              -1.9982               0.2748
13   H               -1.9967              -1.4870              -1.1982
14   H               -0.3981               2.1199               0.9801
15   H               -1.7635               1.3366               1.7151
16   H                2.7667               0.2793               1.5197
17   H                1.7318               0.7202              -2.0282
18   H                2.4407              -1.4194               1.1290
19   H                1.2783              -0.4593               2.0505
20   H                2.8634               1.2827              -0.8192
21   H                2.9713              -0.3919              -1.4004


Energy:                 -383.553020 Convergence criteria  Is converged 
Maximum Force:             0.106997     0.002850                No
RMS Force:                 0.049173     0.001900                No
Maximum Displacement:      0.200000     0.003150                No
RMS Displacement:          0.071835     0.002100                No

----------------------------------------------------------------------
                             Iteration: 5                             


                             Coordinates                              
----------------------------------------------------------------------
0    C               -0.8404              -0.5009               0.4712
1    C                1.3847               0.0254              -0.0644
2    C               -1.2235               1.0614               0.8153
3    C                2.0162              -0.4413               1.2169
4    C                2.3221               0.4039              -1.1611
5    N                0.3198              -0.8886              -0.4608
6    N               -1.9636              -1.2224              -0.1758
7    O               -1.7331               1.6149              -0.3562
8    H               -2.3394               0.8672              -0.5897
9    H                0.0233              -0.6459              -1.4107
10   H               -0.6197              -1.2655               1.2788
11   H                0.8525               0.9310               0.1842
12   H               -2.4812              -1.9531               0.2899
13   H               -1.9533              -1.4679              -1.1745
14   H               -0.4169               1.9507               0.9802
15   H               -1.8274               1.3337               1.7189
16   H                2.7738               0.2738               1.5198
17   H                1.7374               0.7139              -2.0278
18   H                2.4460              -1.4288               1.1251
19   H                1.2817              -0.4668               2.0339
20   H                2.8779               1.2754              -0.8236
21   H                2.9830              -0.4065              -1.4113


Energy:                 -383.567436 Convergence criteria  Is converged 
Maximum Force:             0.142360     0.002850                No
RMS Force:                 0.063620     0.001900                No
Maximum Displacement:      0.169137     0.003150                No
RMS Displacement:          0.070736     0.002100                No

----------------------------------------------------------------------
                             Iteration: 6                             


                             Coordinates                              
----------------------------------------------------------------------
0    C               -0.8737              -0.4949               0.4901
1    C                1.4025               0.0301              -0.0665
2    C               -1.2394               0.9954               0.8157
3    C                2.0323              -0.4463               1.2179
4    C                2.3423               0.3953              -1.1741
5    N                0.2899              -0.8175              -0.4174
6    N               -2.0012              -1.1314              -0.1655
7    O               -1.7835               1.5746              -0.3450
8    H               -2.3892               0.8735              -0.6551
9    H                0.0258              -0.6345              -1.3846
10   H               -0.6328              -1.1477               1.2749
11   H                0.9192               0.9645               0.1556
12   H               -2.4364              -1.9046               0.3154
13   H               -1.8994              -1.4373              -1.1367
14   H               -0.4376               1.7507               0.9895
15   H               -1.8760               1.2917               1.6970
16   H                2.7873               0.2689               1.5221
17   H                1.7459               0.7067              -2.0320
18   H                2.4554              -1.4418               1.1206
19   H                1.2869              -0.4748               2.0163
20   H                2.8985               1.2672              -0.8310
21   H                3.0031              -0.4243              -1.4289


Energy:                 -383.604622 Convergence criteria  Is converged 
Maximum Force:             0.074592     0.002850                No
RMS Force:                 0.041131     0.001900                No
Maximum Displacement:      0.200000     0.003150                No
RMS Displacement:          0.072428     0.002100                No

----------------------------------------------------------------------
                             Iteration: 7                             


                             Coordinates                              
----------------------------------------------------------------------
0    C               -0.8890              -0.5411               0.4171
1    C                1.3953               0.0620              -0.0455
2    C               -1.2277               1.0223               0.8056
3    C                2.0442              -0.4469               1.2219
4    C                2.3518               0.3805              -1.1825
5    N                0.2463              -0.7537              -0.3972
6    N               -2.0903              -1.0812              -0.1724
7    O               -1.8179               1.5509              -0.3492
8    H               -2.4423               0.8656              -0.7035
9    H                0.0245              -0.6222              -1.3615
10   H               -0.6372              -1.0862               1.3622
11   H                0.9701               1.0197               0.1537
12   H               -2.4016              -1.8659               0.3383
13   H               -1.8508              -1.4054              -1.1003
14   H               -0.4265               1.6008               1.0062
15   H               -1.8995               1.2057               1.6659
16   H                2.8088               0.2663               1.5299
17   H                1.7578               0.7008              -2.0440
18   H                2.4666              -1.4512               1.1161
19   H                1.2912              -0.4810               2.0090
20   H                2.9228               1.2582              -0.8426
21   H                3.0233              -0.4346              -1.4486


Energy:                 -383.617228 Convergence criteria  Is converged 
Maximum Force:             0.123569     0.002850                No
RMS Force:                 0.057109     0.001900                No
Maximum Displacement:      0.149904     0.003150                No
RMS Displacement:          0.065693     0.002100                No

----------------------------------------------------------------------
                             Iteration: 8                             


                             Coordinates                              
----------------------------------------------------------------------
0    C               -0.9054              -0.4767               0.4591
1    C                1.4047               0.0679              -0.0463
2    C               -1.2861               0.9467               0.7959
3    C                2.0518              -0.4483               1.2204
4    C                2.3597               0.3732              -1.1861
5    N                0.2450              -0.7397              -0.3949
6    N               -2.1029              -1.0355              -0.1810
7    O               -1.8571               1.5327              -0.3634
8    H               -2.4549               0.8802              -0.7246
9    H                0.0222              -0.6112              -1.3565
10   H               -0.6485              -1.0423               1.3698
11   H                1.0102               1.0482               0.1444
12   H               -2.3853              -1.8519               0.3571
13   H               -1.8257              -1.3927              -1.0806
14   H               -0.3986               1.5182               1.0168
15   H               -1.9286               1.1742               1.6576
16   H                2.8184               0.2616               1.5329
17   H                1.7655               0.6956              -2.0474
18   H                2.4718              -1.4556               1.1121
19   H                1.2953              -0.4861               2.0021
20   H                2.9353               1.2484              -0.8504
21   H                3.0328              -0.4434              -1.4585


Energy:                 -383.626982 Convergence criteria  Is converged 
Maximum Force:             0.049943     0.002850                No
RMS Force:                 0.027025     0.001900                No
Maximum Displacement:      0.082675     0.003150                No
RMS Displacement:          0.041822     0.002100                No

----------------------------------------------------------------------
                             Iteration: 9                             


                             Coordinates                              
----------------------------------------------------------------------
0    C               -0.8989              -0.5420               0.4733
1    C                1.3926               0.0689              -0.0463
2    C               -1.2671               0.9985               0.7820
3    C                2.0449              -0.4435               1.2242
4    C                2.3478               0.3796              -1.1781
5    N                0.2613              -0.7585              -0.4116
6    N               -2.0918              -1.0791              -0.1866
7    O               -1.8331               1.5552              -0.3728
8    H               -2.4362               0.8765              -0.6941
9    H                0.0182              -0.6124              -1.3803
10   H               -0.6537              -1.0732               1.3677
11   H                0.9777               1.0479               0.1681
12   H               -2.4104              -1.8769               0.3466
13   H               -1.8521              -1.4085              -1.1009
14   H               -0.3744               1.6203               1.0186
15   H               -1.9007               1.1689               1.6606
16   H                2.8152               0.2618               1.5338
17   H                1.7653               0.6975              -2.0479
18   H                2.4680              -1.4465               1.1124
19   H                1.2948              -0.4828               2.0138
20   H                2.9284               1.2470              -0.8519
21   H                3.0241              -0.4350              -1.4519


Energy:                 -383.629984 Convergence criteria  Is converged 
Maximum Force:             0.056688     0.002850                No
RMS Force:                 0.024185     0.001900                No
Maximum Displacement:      0.102097     0.003150                No
RMS Displacement:          0.038080     0.002100                No
Running the DIIS ...
Running the DIIS ...

                             Coordinates                              
----------------------------------------------------------------------
0    C               -0.8807              -0.6150               0.4511
1    C                1.3801               0.0656              -0.0439
2    C               -1.2243               1.0635               0.7892
3    C                2.0355              -0.4400               1.2276
4    C                2.3358               0.3877              -1.1717
5    N                0.2659              -0.7769              -0.4247
6    N               -2.0796              -1.1222              -0.1930
7    O               -1.8080               1.5664              -0.3765
8    H               -2.4097               0.8755              -0.6620
9    H                0.0198              -0.6224              -1.3913
10   H               -0.6467              -1.1176               1.3624
11   H                0.9338               1.0275               0.1848
12   H               -2.4342              -1.9034               0.3331
13   H               -1.8818              -1.4228              -1.1206
14   H               -0.3750               1.7276               1.0140
15   H               -1.8626               1.1898               1.6632
16   H                2.8073               0.2663               1.5320
17   H                1.7591               0.7025              -2.0461
18   H                2.4631              -1.4406               1.1158
19   H                1.2914              -0.4775               2.0234
20   H                2.9165               1.2550              -0.8459
21   H                3.0144              -0.4252              -1.4424


Energy:                  -14.097755 Convergence criteria  Is converged 
Maximum Force:             0.004008     0.000105                No
RMS Force:                 0.000693     0.000070                No
Maximum Displacement:      0.107349     0.003150                No
RMS Displacement:          0.024618     0.002100                No

----------------------------------------------------------------------
                            Iteration: 10                             


                             Coordinates                              
----------------------------------------------------------------------
0    C               -0.8996              -0.5479               0.4659
1    C                1.3888               0.0763              -0.0456
2    C               -1.2479               1.0149               0.7799
3    C                2.0445              -0.4421               1.2249
4    C                2.3467               0.3790              -1.1771
5    N                0.2616              -0.7615              -0.4081
6    N               -2.0961              -1.0862              -0.1710
7    O               -1.8266               1.5637              -0.3737
8    H               -2.4432               0.8713              -0.6959
9    H                0.0144              -0.6079              -1.3892
10   H               -0.6593              -1.0740               1.3798
11   H                0.9783               1.0562               0.1760
12   H               -2.4161              -1.8770               0.3419
13   H               -1.8521              -1.4147              -1.1119
14   H               -0.3767               1.6207               1.0178
15   H               -1.8992               1.1523               1.6572
16   H                2.8175               0.2603               1.5357
17   H                1.7682               0.6965              -2.0496
18   H                2.4679              -1.4432               1.1110
19   H                1.2961              -0.4830               2.0179
20   H                2.9305               1.2435              -0.8555
21   H                3.0223              -0.4335              -1.4519


Energy:                 -383.631197 Convergence criteria  Is converged 
Maximum Force:             0.059269     0.002850                No
RMS Force:                 0.022190     0.001900                No
Maximum Displacement:      0.106904     0.003150                No
RMS Displacement:          0.040855     0.002100                No

----------------------------------------------------------------------
                            Iteration: 11                             


                             Coordinates                              
----------------------------------------------------------------------
0    C               -0.9276              -0.4462               0.4859
1    C                1.4037               0.0976              -0.0423
2    C               -1.2800               0.9434               0.7656
3    C                2.0560              -0.4394               1.2206
4    C                2.3614               0.3640              -1.1884
5    N                0.2416              -0.7306              -0.4001
6    N               -2.1076              -1.0384              -0.1820
7    O               -1.8674               1.5479              -0.3827
8    H               -2.4814               0.8823              -0.7363
9    H                0.0069              -0.5816              -1.3693
10   H               -0.6875              -1.0032               1.4160
11   H                1.0509               1.1088               0.1697
12   H               -2.3991              -1.8538               0.3648
13   H               -1.8171              -1.3942              -1.0659
14   H               -0.3762               1.4604               1.0247
15   H               -1.9532               1.0742               1.6398
16   H                2.8369               0.2487               1.5443
17   H                1.7865               0.6852              -2.0574
18   H                2.4757              -1.4445               1.0998
19   H                1.3069              -0.4921               2.0126
20   H                2.9584               1.2230              -0.8746
21   H                3.0321              -0.4479              -1.4662


Energy:                 -383.631110 Convergence criteria  Is converged 
Maximum Force:             0.106972     0.002850                No
RMS Force:                 0.035030     0.001900                No
Maximum Displacement:      0.160272     0.003150                No
RMS Displacement:          0.063447     0.002100                No

----------------------------------------------------------------------
                            Iteration: 12                             


                             Coordinates                              
----------------------------------------------------------------------
0    C               -0.9131              -0.5049               0.4674
1    C                1.3933               0.0947              -0.0420
2    C               -1.2661               0.9825               0.7683
3    C                2.0492              -0.4374               1.2234
4    C                2.3530               0.3707              -1.1830
5    N                0.2488              -0.7412              -0.4055
6    N               -2.1012              -1.0685              -0.1711
7    O               -1.8469               1.5583              -0.3858
8    H               -2.4609               0.8816              -0.7095
9    H                0.0070              -0.5869              -1.3784
10   H               -0.6840              -1.0345               1.4096
11   H                1.0199               1.0927               0.1819
12   H               -2.4164              -1.8716               0.3527
13   H               -1.8361              -1.4098              -1.0912
14   H               -0.3669               1.5491               1.0236
15   H               -1.9253               1.0895               1.6411
16   H                2.8315               0.2517               1.5432
17   H                1.7819               0.6887              -2.0572
18   H                2.4716              -1.4392               1.1012
19   H                1.3052              -0.4882               2.0198
20   H                2.9510               1.2285              -0.8712
21   H                3.0245              -0.4425              -1.4588


Energy:                 -383.637125 Convergence criteria  Is converged 
Maximum Force:             0.015520     0.002850                No
RMS Force:                 0.009996     0.001900                No
Maximum Displacement:      0.088681     0.003150                No
RMS Displacement:          0.032260     0.002100                No

----------------------------------------------------------------------
                            Iteration: 13                             


                             Coordinates                              
----------------------------------------------------------------------
0    C               -0.9134              -0.5020               0.4724
1    C                1.3927               0.0987              -0.0418
2    C               -1.2627               0.9791               0.7635
3    C                2.0492              -0.4350               1.2235
4    C                2.3529               0.3703              -1.1833
5    N                0.2501              -0.7358              -0.4034
6    N               -2.0995              -1.0769              -0.1698
7    O               -1.8435               1.5623              -0.3871
8    H               -2.4631               0.8835              -0.7071
9    H                0.0034              -0.5790              -1.3786
10   H               -0.6936              -1.0269               1.4107
11   H                1.0258               1.0997               0.1874
12   H               -2.4221              -1.8740               0.3515
13   H               -1.8385              -1.4136              -1.0901
14   H               -0.3679               1.5498               1.0235
15   H               -1.9282               1.0724               1.6363
16   H                2.8347               0.2493               1.5456
17   H                1.7853               0.6869              -2.0605
18   H                2.4711              -1.4353               1.0970
19   H                1.3085              -0.4888               2.0231
20   H                2.9570               1.2246              -0.8764
21   H                3.0218              -0.4457              -1.4581


Energy:                 -383.638308 Convergence criteria  Is converged 
Maximum Force:             0.012594     0.002850                No
RMS Force:                 0.007864     0.001900                No
Maximum Displacement:      0.017192     0.003150                No
RMS Displacement:          0.007344     0.002100                No

----------------------------------------------------------------------
                            Iteration: 14                             


                             Coordinates                              
----------------------------------------------------------------------
0    C               -0.9197              -0.4908               0.4744
1    C                1.3948               0.1223              -0.0370
2    C               -1.2580               0.9674               0.7502
3    C                2.0512              -0.4241               1.2236
4    C                2.3552               0.3662              -1.1875
5    N                0.2490              -0.7085              -0.3971
6    N               -2.0884              -1.0977              -0.1618
7    O               -1.8338               1.5691              -0.3930
8    H               -2.4719               0.8996              -0.6985
9    H               -0.0116              -0.5411              -1.3680
10   H               -0.7349              -0.9904               1.4246
11   H                1.0580               1.1324               0.2095
12   H               -2.4472              -1.8891               0.3522
13   H               -1.8447              -1.4314              -1.0851
14   H               -0.3770               1.5393               1.0242
15   H               -1.9428               0.9923               1.6097
16   H                2.8501               0.2382               1.5564
17   H                1.8018               0.6778              -2.0757
18   H                2.4692              -1.4196               1.0762
19   H                1.3244              -0.4918               2.0371
20   H                2.9874               1.2069              -0.9012
21   H                3.0088              -0.4632              -1.4547


Energy:                 -383.641125 Convergence criteria  Is converged 
Maximum Force:             0.016699     0.002850                No
RMS Force:                 0.008543     0.001900                No
Maximum Displacement:      0.080071     0.003150                No
RMS Displacement:          0.033131     0.002100                No

----------------------------------------------------------------------
                            Iteration: 15                             


                             Coordinates                              
----------------------------------------------------------------------
0    C               -0.9071              -0.4895               0.4601
1    C                1.4042               0.1461              -0.0266
2    C               -1.2808               0.9513               0.7447
3    C                2.0599              -0.4181               1.2282
4    C                2.3643               0.3653              -1.1931
5    N                0.2495              -0.6866              -0.3885
6    N               -2.1031              -1.1213              -0.1683
7    O               -1.8240               1.5677              -0.3898
8    H               -2.4848               0.9184              -0.7000
9    H               -0.0209              -0.5007              -1.3492
10   H               -0.7518              -0.9655               1.4411
11   H                1.0843               1.1571               0.2189
12   H               -2.4532              -1.8865               0.3531
13   H               -1.8487              -1.4478              -1.0776
14   H               -0.3957               1.5285               1.0332
15   H               -1.9645               0.9472               1.5915
16   H                2.8644               0.2342               1.5634
17   H                1.8129               0.6697              -2.0875
18   H                2.4674              -1.4145               1.0526
19   H                1.3392              -0.4921               2.0427
20   H                3.0168               1.1925              -0.9237
21   H                2.9918              -0.4917              -1.4466


Energy:                 -383.641509 Convergence criteria  Is converged 
Maximum Force:             0.046117     0.002850                No
RMS Force:                 0.020186     0.001900                No
Maximum Displacement:      0.045073     0.003150                No
RMS Displacement:          0.027601     0.002100                No

----------------------------------------------------------------------
                            Iteration: 16                             


                             Coordinates                              
----------------------------------------------------------------------
0    C               -0.9140              -0.4987               0.4632
1    C                1.4053               0.1471              -0.0265
2    C               -1.2755               0.9548               0.7456
3    C                2.0611              -0.4171               1.2274
4    C                2.3636               0.3638              -1.1929
5    N                0.2534              -0.6841              -0.3906
6    N               -2.0953              -1.1149              -0.1691
7    O               -1.8251               1.5673              -0.3929
8    H               -2.4831               0.9232              -0.6977
9    H               -0.0214              -0.4952              -1.3479
10   H               -0.7526              -0.9646               1.4390
11   H                1.0842               1.1600               0.2214
12   H               -2.4581              -1.8952               0.3570
13   H               -1.8509              -1.4540              -1.0823
14   H               -0.4011               1.5334               1.0348
15   H               -1.9675               0.9434               1.5909
16   H                2.8663               0.2341               1.5644
17   H                1.8142               0.6688              -2.0884
18   H                2.4667              -1.4132               1.0495
19   H                1.3407              -0.4919               2.0445
20   H                3.0211               1.1915              -0.9265
21   H                2.9881              -0.4949              -1.4444


Energy:                 -383.642895 Convergence criteria  Is converged 
Maximum Force:             0.012338     0.002850                No
RMS Force:                 0.007463     0.001900                No
Maximum Displacement:      0.009202     0.003150                No
RMS Displacement:          0.005866     0.002100                No

----------------------------------------------------------------------
                            Iteration: 17                             


                             Coordinates                              
----------------------------------------------------------------------
0    C               -0.9181              -0.5046               0.4625
1    C                1.4089               0.1513              -0.0247
2    C               -1.2793               0.9531               0.7480
3    C                2.0652              -0.4164               1.2271
4    C                2.3656               0.3618              -1.1932
5    N                0.2576              -0.6806              -0.3903
6    N               -2.0943              -1.1128              -0.1693
7    O               -1.8255               1.5665              -0.3942
8    H               -2.4862               0.9300              -0.6997
9    H               -0.0216              -0.4827              -1.3437
10   H               -0.7498              -0.9635               1.4395
11   H                1.0872               1.1655               0.2221
12   H               -2.4580              -1.8968               0.3596
13   H               -1.8518              -1.4628              -1.0867
14   H               -0.4110               1.5337               1.0402
15   H               -1.9767               0.9409               1.5897
16   H                2.8706               0.2346               1.5656
17   H                1.8162               0.6666              -2.0894
18   H                2.4661              -1.4134               1.0430
19   H                1.3440              -0.4913               2.0449
20   H                3.0294               1.1886              -0.9322
21   H                2.9813              -0.5042              -1.4403


Energy:                 -383.643501 Convergence criteria  Is converged 
Maximum Force:             0.007864     0.002850                No
RMS Force:                 0.005702     0.001900                No
Maximum Displacement:      0.012449     0.003150                No
RMS Displacement:          0.007152     0.002100                No

----------------------------------------------------------------------
                            Iteration: 18                             


                             Coordinates                              
----------------------------------------------------------------------
0    C               -0.9231              -0.5117               0.4619
1    C                1.4172               0.1638              -0.0198
2    C               -1.2932               0.9458               0.7523
3    C                2.0755              -0.4137               1.2265
4    C                2.3716               0.3572              -1.1940
5    N                0.2647              -0.6717              -0.3887
6    N               -2.0935              -1.1142              -0.1759
7    O               -1.8252               1.5657              -0.3963
8    H               -2.4969               0.9465              -0.7065
9    H               -0.0217              -0.4489              -1.3334
10   H               -0.7432              -0.9614               1.4419
11   H                1.0967               1.1804               0.2242
12   H               -2.4563              -1.8982               0.3653
13   H               -1.8542              -1.4829              -1.0912
14   H               -0.4349               1.5321               1.0558
15   H               -2.0021               0.9329               1.5860
16   H                2.8824               0.2352               1.5686
17   H                1.8221               0.6603              -2.0916
18   H                2.4650              -1.4138               1.0260
19   H                1.3538              -0.4901               2.0452
20   H                3.0516               1.1789              -0.9480
21   H                2.9636              -0.5288              -1.4298


Energy:                 -383.644433 Convergence criteria  Is converged 
Maximum Force:             0.021001     0.002850                No
RMS Force:                 0.008978     0.001900                No
Maximum Displacement:      0.033861     0.003150                No
RMS Displacement:          0.018442     0.002100                No

----------------------------------------------------------------------
                            Iteration: 19                             


                             Coordinates                              
----------------------------------------------------------------------
0    C               -0.9267              -0.5135               0.4678
1    C                1.4249               0.1802              -0.0148
2    C               -1.3139               0.9388               0.7579
3    C                2.0902              -0.4085               1.2231
4    C                2.3799               0.3484              -1.1927
5    N                0.2716              -0.6565              -0.3858
6    N               -2.0889              -1.1252              -0.1792
7    O               -1.8266               1.5662              -0.4000
8    H               -2.5150               0.9712              -0.7190
9    H               -0.0193              -0.3939              -1.3229
10   H               -0.7308              -0.9664               1.4393
11   H                1.1087               1.2033               0.2279
12   H               -2.4516              -1.8958               0.3697
13   H               -1.8547              -1.5150              -1.0982
14   H               -0.4717               1.5300               1.0844
15   H               -2.0456               0.9243               1.5806
16   H                2.9022               0.2337               1.5721
17   H                1.8318               0.6492              -2.0917
18   H                2.4644              -1.4115               1.0020
19   H                1.3706              -0.4886               2.0440
20   H                3.0853               1.1586              -0.9730
21   H                2.9354              -0.5653              -1.4132


Energy:                 -383.645665 Convergence criteria  Is converged 
Maximum Force:             0.020264     0.002850                No
RMS Force:                 0.011215     0.001900                No
Maximum Displacement:      0.054956     0.003150                No
RMS Displacement:          0.028804     0.002100                No
Running the DIIS ...
Running the DIIS ...

                             Coordinates                              
----------------------------------------------------------------------
0    C               -0.9178              -0.5035               0.4664
1    C                1.4090               0.1499              -0.0255
2    C               -1.2891               0.9572               0.7559
3    C                2.0698              -0.4169               1.2237
4    C                2.3674               0.3585              -1.1898
5    N                0.2574              -0.6856              -0.3923
6    N               -2.0898              -1.1137              -0.1737
7    O               -1.8291               1.5662              -0.3943
8    H               -2.4918               0.9339              -0.7085
9    H               -0.0135              -0.4714              -1.3455
10   H               -0.7285              -0.9847               1.4312
11   H                1.0790               1.1628               0.2167
12   H               -2.4476              -1.8914               0.3601
13   H               -1.8502              -1.4707              -1.0898
14   H               -0.4228               1.5397               1.0544
15   H               -1.9908               0.9672               1.5966
16   H                2.8743               0.2368               1.5629
17   H                1.8150               0.6644              -2.0820
18   H                2.4669              -1.4167               1.0413
19   H                1.3463              -0.4897               2.0390
20   H                3.0328               1.1840              -0.9345
21   H                2.9730              -0.5124              -1.4339


Energy:                  -14.098673 Convergence criteria  Is converged 
Maximum Force:             0.000228     0.000105                No
RMS Force:                 0.000081     0.000070                No
Maximum Displacement:      0.077532     0.003150                No
RMS Displacement:          0.024618     0.002100                No

----------------------------------------------------------------------
                            Iteration: 20                             


                             Coordinates                              
----------------------------------------------------------------------
0    C               -0.9229              -0.5070               0.4630
1    C                1.4370               0.2165              -0.0006
2    C               -1.3728               0.9249               0.7732
3    C                2.1151              -0.3959               1.2160
4    C                2.3912               0.3288              -1.1899
5    N                0.2728              -0.6145              -0.3869
6    N               -2.0672              -1.1463              -0.2030
7    O               -1.8286               1.5679              -0.4029
8    H               -2.5506               1.0171              -0.7452
9    H               -0.0124              -0.2863              -1.2994
10   H               -0.7029              -0.9876               1.4343
11   H                1.1304               1.2409               0.2337
12   H               -2.4461              -1.9010               0.3858
13   H               -1.8491              -1.5689              -1.0902
14   H               -0.5395               1.5282               1.1473
15   H               -2.1307               0.9131               1.5617
16   H                2.9412               0.2253               1.5736
17   H                1.8505               0.6254              -2.0896
18   H                2.4661              -1.4030               0.9583
19   H                1.4064              -0.4865               2.0392
20   H                3.1503               1.1096              -1.0189
21   H                2.8816              -0.6370              -1.3810


Energy:                 -383.646675 Convergence criteria  Is converged 
Maximum Force:             0.033421     0.002850                No
RMS Force:                 0.015244     0.001900                No
Maximum Displacement:      0.185090     0.003150                No
RMS Displacement:          0.098123     0.002100                No

----------------------------------------------------------------------
                            Iteration: 21                             


                             Coordinates                              
----------------------------------------------------------------------
0    C               -0.9227              -0.5144               0.4672
1    C                1.4431               0.2276               0.0009
2    C               -1.3723               0.9298               0.7724
3    C                2.1189              -0.3937               1.2131
4    C                2.3987               0.3166              -1.1876
5    N                0.2738              -0.5822              -0.3880
6    N               -2.0707              -1.1670              -0.1834
7    O               -1.8365               1.5674              -0.4035
8    H               -2.5498               1.0338              -0.7451
9    H               -0.0164              -0.2524              -1.2991
10   H               -0.7027              -0.9869               1.4209
11   H                1.1374               1.2541               0.2403
12   H               -2.4424              -1.8928               0.3803
13   H               -1.8318              -1.5862              -1.0893
14   H               -0.5668               1.5249               1.1637
15   H               -2.1600               0.8977               1.5497
16   H                2.9528               0.2174               1.5681
17   H                1.8541               0.6173              -2.0946
18   H                2.4686              -1.3912               0.9487
19   H                1.4168              -0.4877               2.0444
20   H                3.1644               1.0795              -1.0290
21   H                2.8632              -0.6478              -1.3716


Energy:                 -383.647105 Convergence criteria  Is converged 
Maximum Force:             0.036151     0.002850                No
RMS Force:                 0.019288     0.001900                No
Maximum Displacement:      0.033951     0.003150                No
RMS Displacement:          0.021064     0.002100                No

----------------------------------------------------------------------
                            Iteration: 22                             


                             Coordinates                              
----------------------------------------------------------------------
0    C               -0.9217              -0.5062               0.4670
1    C                1.4368               0.2176              -0.0029
2    C               -1.3672               0.9298               0.7700
3    C                2.1120              -0.3954               1.2147
4    C                2.3916               0.3234              -1.1887
5    N                0.2698              -0.5974              -0.3884
6    N               -2.0676              -1.1573              -0.1881
7    O               -1.8316               1.5707              -0.4009
8    H               -2.5465               1.0181              -0.7424
9    H               -0.0158              -0.2790              -1.3063
10   H               -0.7052              -0.9889               1.4236
11   H                1.1307               1.2431               0.2375
12   H               -2.4452              -1.8970               0.3812
13   H               -1.8344              -1.5707              -1.0867
14   H               -0.5459               1.5277               1.1514
15   H               -2.1381               0.9064               1.5545
16   H                2.9433               0.2194               1.5673
17   H                1.8504               0.6224              -2.0911
18   H                2.4688              -1.3950               0.9605
19   H                1.4086              -0.4881               2.0430
20   H                3.1490               1.0925              -1.0170
21   H                2.8780              -0.6325              -1.3799


Energy:                 -383.648175 Convergence criteria  Is converged 
Maximum Force:             0.009166     0.002850                No
RMS Force:                 0.005880     0.001900                No
Maximum Displacement:      0.026637     0.003150                No
RMS Displacement:          0.014988     0.002100                No

----------------------------------------------------------------------
                            Iteration: 23                             


                             Coordinates                              
----------------------------------------------------------------------
0    C               -0.9209              -0.5016               0.4671
1    C                1.4354               0.2197              -0.0030
2    C               -1.3702               0.9292               0.7702
3    C                2.1111              -0.3941               1.2142
4    C                2.3892               0.3221              -1.1888
5    N                0.2673              -0.5921              -0.3895
6    N               -2.0640              -1.1598              -0.1881
7    O               -1.8315               1.5731              -0.4004
8    H               -2.5472               1.0186              -0.7427
9    H               -0.0169              -0.2728              -1.3089
10   H               -0.7048              -0.9909               1.4214
11   H                1.1323               1.2453               0.2393
12   H               -2.4462              -1.8986               0.3825
13   H               -1.8288              -1.5721              -1.0830
14   H               -0.5482               1.5280               1.1555
15   H               -2.1425               0.9031               1.5505
16   H                2.9454               0.2170               1.5651
17   H                1.8514               0.6203              -2.0908
18   H                2.4702              -1.3929               0.9600
19   H                1.4106              -0.4886               2.0441
20   H                3.1517               1.0856              -1.0173
21   H                2.8763              -0.6350              -1.3792


Energy:                 -383.648491 Convergence criteria  Is converged 
Maximum Force:             0.009083     0.002850                No
RMS Force:                 0.004066     0.001900                No
Maximum Displacement:      0.006862     0.003150                No
RMS Displacement:          0.004233     0.002100                No

----------------------------------------------------------------------
                            Iteration: 24                             


                             Coordinates                              
----------------------------------------------------------------------
0    C               -0.9203              -0.4912               0.4662
1    C                1.4323               0.2330              -0.0012
2    C               -1.3853               0.9293               0.7728
3    C                2.1111              -0.3887               1.2116
4    C                2.3851               0.3119              -1.1881
5    N                0.2586              -0.5633              -0.3968
6    N               -2.0506              -1.1704              -0.1860
7    O               -1.8331               1.5814              -0.3986
8    H               -2.5507               1.0275              -0.7451
9    H               -0.0226              -0.2342              -1.3146
10   H               -0.7000              -0.9969               1.4122
11   H                1.1424               1.2607               0.2479
12   H               -2.4483              -1.9044               0.3892
13   H               -1.8019              -1.5865              -1.0707
14   H               -0.5688               1.5283               1.1780
15   H               -2.1720               0.8850               1.5320
16   H                2.9583               0.2075               1.5552
17   H                1.8563               0.6097              -2.0929
18   H                2.4756              -1.3832               0.9522
19   H                1.4224              -0.4904               2.0501
20   H                3.1702               1.0512              -1.0226
21   H                2.8610              -0.6527              -1.3723


Energy:                 -383.649199 Convergence criteria  Is converged 
Maximum Force:             0.009359     0.002850                No
RMS Force:                 0.004992     0.001900                No
Maximum Displacement:      0.038572     0.003150                No
RMS Displacement:          0.022224     0.002100                No

----------------------------------------------------------------------
                            Iteration: 25                             


                             Coordinates                              
----------------------------------------------------------------------
0    C               -0.9205              -0.4880               0.4639
1    C                1.4306               0.2440               0.0005
2    C               -1.4008               0.9292               0.7774
3    C                2.1117              -0.3865               1.2104
4    C                2.3839               0.3028              -1.1888
5    N                0.2523              -0.5401              -0.4044
6    N               -2.0469              -1.1810              -0.1891
7    O               -1.8357               1.5880              -0.3964
8    H               -2.5506               1.0369              -0.7475
9    H               -0.0313              -0.1942              -1.3194
10   H               -0.6889              -0.9978               1.4058
11   H                1.1531               1.2771               0.2549
12   H               -2.4439              -1.9041               0.3942
13   H               -1.7710              -1.6030              -1.0581
14   H               -0.5917               1.5304               1.2007
15   H               -2.2025               0.8695               1.5171
16   H                2.9686               0.2027               1.5435
17   H                1.8599               0.6006              -2.0960
18   H                2.4789              -1.3787               0.9434
19   H                1.4333              -0.4907               2.0561
20   H                3.1881               1.0203              -1.0244
21   H                2.8430              -0.6739              -1.3653


Energy:                 -383.649699 Convergence criteria  Is converged 
Maximum Force:             0.010683     0.002850                No
RMS Force:                 0.006003     0.001900                No
Maximum Displacement:      0.040046     0.003150                No
RMS Displacement:          0.021649     0.002100                No

----------------------------------------------------------------------
                            Iteration: 26                             


                             Coordinates                              
----------------------------------------------------------------------
0    C               -0.9258              -0.4803               0.4607
1    C                1.4271               0.2635               0.0029
2    C               -1.4244               0.9283               0.7858
3    C                2.1136              -0.3847               1.2046
4    C                2.3829               0.2815              -1.1883
5    N                0.2373              -0.4973              -0.4268
6    N               -2.0354              -1.1852              -0.1921
7    O               -1.8393               1.6013              -0.3888
8    H               -2.5488               1.0506              -0.7535
9    H               -0.0491              -0.1210              -1.3235
10   H               -0.6635              -0.9961               1.3931
11   H                1.1736               1.3032               0.2657
12   H               -2.4350              -1.9065               0.4052
13   H               -1.7045              -1.6407              -1.0396
14   H               -0.6382               1.5338               1.2426
15   H               -2.2605               0.8418               1.4924
16   H                2.9837               0.1966               1.5184
17   H                1.8659               0.5859              -2.1023
18   H                2.4826              -1.3727               0.9291
19   H                1.4519              -0.4906               2.0690
20   H                3.2195               0.9638              -1.0231
21   H                2.8062              -0.7114              -1.3532


Energy:                 -383.650175 Convergence criteria  Is converged 
Maximum Force:             0.011250     0.002850                No
RMS Force:                 0.007155     0.001900                No
Maximum Displacement:      0.073113     0.003150                No
RMS Displacement:          0.040797     0.002100                No

----------------------------------------------------------------------
                            Iteration: 27                             


                             Coordinates                              
----------------------------------------------------------------------
0    C               -0.9245              -0.4808               0.4601
1    C                1.4268               0.2595              -0.0002
2    C               -1.4268               0.9293               0.7898
3    C                2.1118              -0.3872               1.2036
4    C                2.3853               0.2804              -1.1874
5    N                0.2363              -0.4977              -0.4258
6    N               -2.0365              -1.1852              -0.1989
7    O               -1.8410               1.6001              -0.3862
8    H               -2.5432               1.0503              -0.7546
9    H               -0.0546              -0.1146              -1.3234
10   H               -0.6558              -0.9903               1.3918
11   H                1.1753               1.3011               0.2634
12   H               -2.4287              -1.9011               0.4025
13   H               -1.6943              -1.6455              -1.0330
14   H               -0.6448               1.5340               1.2456
15   H               -2.2621               0.8423               1.4933
16   H                2.9799               0.2007               1.5132
17   H                1.8666               0.5874              -2.1022
18   H                2.4794              -1.3772               0.9294
19   H                1.4530              -0.4890               2.0690
20   H                3.2180               0.9616              -1.0182
21   H                2.8000              -0.7146              -1.3534


Energy:                 -383.650640 Convergence criteria  Is converged 
Maximum Force:             0.005589     0.002850                No
RMS Force:                 0.004390     0.001900                No
Maximum Displacement:      0.010166     0.003150                No
RMS Displacement:          0.006099     0.002100                No

----------------------------------------------------------------------
                            Iteration: 28                             


                             Coordinates                              
----------------------------------------------------------------------
0    C               -0.9233              -0.4788               0.4594
1    C                1.4262               0.2541              -0.0038
2    C               -1.4331               0.9284               0.7939
3    C                2.1092              -0.3912               1.2004
4    C                2.3859               0.2772              -1.1878
5    N                0.2335              -0.4945              -0.4289
6    N               -2.0352              -1.1828              -0.2069
7    O               -1.8418               1.6011              -0.3799
8    H               -2.5357               1.0483              -0.7587
9    H               -0.0645              -0.1008              -1.3200
10   H               -0.6417              -0.9806               1.3892
11   H                1.1792               1.2969               0.2591
12   H               -2.4183              -1.8919               0.3981
13   H               -1.6726              -1.6581              -1.0229
14   H               -0.6572               1.5355               1.2541
15   H               -2.2682               0.8416               1.4952
16   H                2.9731               0.2071               1.5028
17   H                1.8697               0.5893              -2.1004
18   H                2.4731              -1.3846               0.9296
19   H                1.4555              -0.4858               2.0691
20   H                3.2183               0.9560              -1.0095
21   H                2.7876              -0.7226              -1.3535


Energy:                 -383.651076 Convergence criteria  Is converged 
Maximum Force:             0.011105     0.002850                No
RMS Force:                 0.004823     0.001900                No
Maximum Displacement:      0.021779     0.003150                No
RMS Displacement:          0.011454     0.002100                No

----------------------------------------------------------------------
                            Iteration: 29                             


                             Coordinates                              
----------------------------------------------------------------------
0    C               -0.9209              -0.4692               0.4573
1    C                1.4237               0.2522              -0.0079
2    C               -1.4464               0.9253               0.8011
3    C                2.1062              -0.3959               1.1936
4    C                2.3850               0.2675              -1.1870
5    N                0.2264              -0.4794              -0.4357
6    N               -2.0192              -1.1789              -0.2241
7    O               -1.8472               1.6065              -0.3732
8    H               -2.5232               1.0492              -0.7680
9    H               -0.0828              -0.0620              -1.3158
10   H               -0.6181              -0.9681               1.3844
11   H                1.1884               1.2943               0.2539
12   H               -2.4079              -1.8833               0.3982
13   H               -1.6285              -1.6867              -1.0021
14   H               -0.6836               1.5384               1.2784
15   H               -2.2909               0.8328               1.4961
16   H                2.9660               0.2129               1.4824
17   H                1.8779               0.5912              -2.0990
18   H                2.4631              -1.3936               0.9272
19   H                1.4627              -0.4803               2.0700
20   H                3.2265               0.9352              -0.9986
21   H                2.7627              -0.7444              -1.3528


Energy:                 -383.651394 Convergence criteria  Is converged 
Maximum Force:             0.017152     0.002850                No
RMS Force:                 0.007032     0.001900                No
Maximum Displacement:      0.044072     0.003150                No
RMS Displacement:          0.023656     0.002100                No
Running the DIIS ...
Running the DIIS ...

                             Coordinates                              
----------------------------------------------------------------------
0    C               -0.9216              -0.4808               0.4614
1    C                1.4284               0.2462              -0.0035
2    C               -1.4198               0.9275               0.7877
3    C                2.1096              -0.3914               1.2019
4    C                2.3853               0.2866              -1.1878
5    N                0.2411              -0.5141              -0.4194
6    N               -2.0354              -1.1771              -0.2027
7    O               -1.8399               1.5953              -0.3846
8    H               -2.5384               1.0415              -0.7571
9    H               -0.0541              -0.1377              -1.3149
10   H               -0.6566              -0.9828               1.3960
11   H                1.1686               1.2825               0.2532
12   H               -2.4265              -1.8936               0.3943
13   H               -1.7080              -1.6416              -1.0354
14   H               -0.6334               1.5333               1.2338
15   H               -2.2402               0.8547               1.5093
16   H                2.9658               0.2088               1.5165
17   H                1.8679               0.5973              -2.0969
18   H                2.4707              -1.3865               0.9366
19   H                1.4458              -0.4857               2.0621
20   H                3.2039               0.9850              -1.0122
21   H                2.8065              -0.7039              -1.3598


Energy:                  -14.098913 Convergence criteria  Is converged 
Maximum Force:             0.000224     0.000105                No
RMS Force:                 0.000061     0.000070                Yes
Maximum Displacement:      0.079548     0.003150                No
RMS Displacement:          0.024618     0.002100                No

----------------------------------------------------------------------
                            Iteration: 30                             


                             Coordinates                              
----------------------------------------------------------------------
0    C               -0.9166              -0.4622               0.4578
1    C                1.4228               0.2523              -0.0102
2    C               -1.4577               0.9263               0.8062
3    C                2.1039              -0.3972               1.1882
4    C                2.3858               0.2591              -1.1856
5    N                0.2218              -0.4646              -0.4417
6    N               -2.0081              -1.1823              -0.2227
7    O               -1.8483               1.6132              -0.3673
8    H               -2.5198               1.0485              -0.7783
9    H               -0.0928              -0.0332              -1.3110
10   H               -0.6071              -0.9620               1.3808
11   H                1.1936               1.2950               0.2515
12   H               -2.4043              -1.8734               0.3952
13   H               -1.5982              -1.7111              -0.9940
14   H               -0.7015               1.5389               1.2964
15   H               -2.3062               0.8237               1.4956
16   H                2.9642               0.2136               1.4702
17   H                1.8851               0.5934              -2.0986
18   H                2.4561              -1.3974               0.9247
19   H                1.4673              -0.4763               2.0694
20   H                3.2337               0.9180              -0.9953
21   H                2.7462              -0.7588              -1.3527


Energy:                 -383.651626 Convergence criteria  Is converged 
Maximum Force:             0.012695     0.002850                No
RMS Force:                 0.005849     0.001900                No
Maximum Displacement:      0.109802     0.003150                No
RMS Displacement:          0.058454     0.002100                No

----------------------------------------------------------------------
                            Iteration: 31                             


                             Coordinates                              
----------------------------------------------------------------------
0    C               -0.9179              -0.4612               0.4612
1    C                1.4229               0.2543              -0.0117
2    C               -1.4664               0.9305               0.8103
3    C                2.1009              -0.3990               1.1845
4    C                2.3848               0.2504              -1.1910
5    N                0.2168              -0.4489              -0.4577
6    N               -1.9889              -1.1923              -0.2345
7    O               -1.8555               1.6151              -0.3619
8    H               -2.5092               1.0497              -0.7856
9    H               -0.0997              -0.0109              -1.3023
10   H               -0.5980              -0.9561               1.3791
11   H                1.1970               1.2972               0.2494
12   H               -2.4064              -1.8649               0.3971
13   H               -1.5733              -1.7250              -0.9750
14   H               -0.7165               1.5399               1.3115
15   H               -2.3162               0.8150               1.4946
16   H                2.9629               0.2123               1.4583
17   H                1.8931               0.5968              -2.0963
18   H                2.4489              -1.4011               0.9244
19   H                1.4672              -0.4720               2.0692
20   H                3.2398               0.9014              -0.9900
21   H                2.7336              -0.7676              -1.3552


Energy:                 -383.651465 Convergence criteria  Is converged 
Maximum Force:             0.031557     0.002850                No
RMS Force:                 0.012466     0.001900                No
Maximum Displacement:      0.024968     0.003150                No
RMS Displacement:          0.015352     0.002100                No

----------------------------------------------------------------------
                            Iteration: 32                             


                             Coordinates                              
----------------------------------------------------------------------
0    C               -0.9173              -0.4615               0.4586
1    C                1.4229               0.2550              -0.0110
2    C               -1.4610               0.9279               0.8070
3    C                2.1026              -0.3970               1.1872
4    C                2.3852               0.2558              -1.1882
5    N                0.2204              -0.4574              -0.4466
6    N               -1.9970              -1.1886              -0.2260
7    O               -1.8523               1.6145              -0.3657
8    H               -2.5158               1.0492              -0.7819
9    H               -0.0944              -0.0233              -1.3086
10   H               -0.6063              -0.9617               1.3811
11   H                1.1942               1.2974               0.2513
12   H               -2.4098              -1.8709               0.3976
13   H               -1.5898              -1.7162              -0.9862
14   H               -0.7061               1.5393               1.3026
15   H               -2.3095               0.8189               1.4949
16   H                2.9654               0.2105               1.4665
17   H                1.8891               0.5954              -2.0979
18   H                2.4533              -1.3975               0.9247
19   H                1.4659              -0.4744               2.0688
20   H                3.2369               0.9098              -0.9950
21   H                2.7431              -0.7615              -1.3548


Energy:                 -383.651886 Convergence criteria  Is converged 
Maximum Force:             0.006486     0.002850                No
RMS Force:                 0.003208     0.001900                No
Maximum Displacement:      0.016511     0.003150                No
RMS Displacement:          0.009580     0.002100                No

----------------------------------------------------------------------
                            Iteration: 33                             


                             Coordinates                              
----------------------------------------------------------------------
0    C               -0.9167              -0.4610               0.4585
1    C                1.4230               0.2565              -0.0115
2    C               -1.4623               0.9277               0.8074
3    C                2.1020              -0.3966               1.1868
4    C                2.3854               0.2550              -1.1884
5    N                0.2201              -0.4547              -0.4465
6    N               -1.9945              -1.1907              -0.2248
7    O               -1.8534               1.6157              -0.3650
8    H               -2.5150               1.0494              -0.7834
9    H               -0.0952              -0.0183              -1.3090
10   H               -0.6064              -0.9619               1.3811
11   H                1.1947               1.2991               0.2516
12   H               -2.4123              -1.8699               0.3983
13   H               -1.5857              -1.7194              -0.9846
14   H               -0.7081               1.5392               1.3050
15   H               -2.3114               0.8166               1.4941
16   H                2.9666               0.2087               1.4654
17   H                1.8904               0.5961              -2.0984
18   H                2.4525              -1.3971               0.9244
19   H                1.4655              -0.4738               2.0686
20   H                3.2387               0.9059              -0.9955
21   H                2.7419              -0.7630              -1.3556


Energy:                 -383.651961 Convergence criteria  Is converged 
Maximum Force:             0.004373     0.002850                No
RMS Force:                 0.002528     0.001900                No
Maximum Displacement:      0.004961     0.003150                No
RMS Displacement:          0.002610     0.002100                No

----------------------------------------------------------------------
                            Iteration: 34                             


                             Coordinates                              
----------------------------------------------------------------------
0    C               -0.9132              -0.4571               0.4591
1    C                1.4237               0.2643              -0.0151
2    C               -1.4721               0.9262               0.8112
3    C                2.0973              -0.3950               1.1831
4    C                2.3867               0.2482              -1.1908
5    N                0.2168              -0.4350              -0.4504
6    N               -1.9760              -1.2042              -0.2230
7    O               -1.8616               1.6234              -0.3571
8    H               -2.5060               1.0491              -0.7962
9    H               -0.1023               0.0175              -1.3069
10   H               -0.6025              -0.9595               1.3810
11   H                1.1993               1.3081               0.2509
12   H               -2.4279              -1.8591               0.4023
13   H               -1.5523              -1.7455              -0.9685
14   H               -0.7256               1.5388               1.3221
15   H               -2.3240               0.8015               1.4908
16   H                2.9718               0.1984               1.4555
17   H                1.9011               0.6029              -2.1011
18   H                2.4428              -1.3976               0.9231
19   H                1.4620              -0.4672               2.0664
20   H                3.2515               0.8793              -0.9958
21   H                2.7306              -0.7738              -1.3623


Energy:                 -383.652266 Convergence criteria  Is converged 
Maximum Force:             0.004562     0.002850                No
RMS Force:                 0.002995     0.001900                No
Maximum Displacement:      0.035765     0.003150                No
RMS Displacement:          0.019403     0.002100                No

----------------------------------------------------------------------
                            Iteration: 35                             


                             Coordinates                              
----------------------------------------------------------------------
0    C               -0.9107              -0.4567               0.4596
1    C                1.4264               0.2697              -0.0179
2    C               -1.4777               0.9228               0.8143
3    C                2.0932              -0.3934               1.1810
4    C                2.3895               0.2474              -1.1941
5    N                0.2155              -0.4228              -0.4528
6    N               -1.9660              -1.2150              -0.2215
7    O               -1.8717               1.6252              -0.3509
8    H               -2.4937               1.0486              -0.8056
9    H               -0.1059               0.0410              -1.3017
10   H               -0.6003              -0.9562               1.3841
11   H                1.2035               1.3153               0.2479
12   H               -2.4453              -1.8453               0.4033
13   H               -1.5292              -1.7693              -0.9523
14   H               -0.7371               1.5364               1.3299
15   H               -2.3288               0.7898               1.4917
16   H                2.9758               0.1878               1.4521
17   H                1.9108               0.6127              -2.1046
18   H                2.4300              -1.3993               0.9230
19   H                1.4542              -0.4589               2.0617
20   H                3.2634               0.8622              -0.9966
21   H                2.7238              -0.7783              -1.3722


Energy:                 -383.652513 Convergence criteria  Is converged 
Maximum Force:             0.011046     0.002850                No
RMS Force:                 0.005129     0.001900                No
Maximum Displacement:      0.023809     0.003150                No
RMS Displacement:          0.015197     0.002100                No

----------------------------------------------------------------------
                            Iteration: 36                             


                             Coordinates                              
----------------------------------------------------------------------
0    C               -0.9072              -0.4563               0.4622
1    C                1.4313               0.2800              -0.0235
2    C               -1.4906               0.9152               0.8193
3    C                2.0854              -0.3915               1.1763
4    C                2.3951               0.2444              -1.2018
5    N                0.2135              -0.4006              -0.4584
6    N               -1.9438              -1.2320              -0.2256
7    O               -1.8851               1.6324              -0.3335
8    H               -2.4734               1.0417              -0.8275
9    H               -0.1141               0.0865              -1.2908
10   H               -0.5931              -0.9479               1.3894
11   H                1.2132               1.3279               0.2409
12   H               -2.4793              -1.8185               0.4065
13   H               -1.4845              -1.8171              -0.9167
14   H               -0.7591               1.5322               1.3447
15   H               -2.3384               0.7674               1.4951
16   H                2.9823               0.1683               1.4455
17   H                1.9302               0.6328              -2.1107
18   H                2.4029              -1.4044               0.9229
19   H                1.4386              -0.4417               2.0525
20   H                3.2874               0.8311              -0.9965
21   H                2.7086              -0.7860              -1.3918


Energy:                 -383.652882 Convergence criteria  Is converged 
Maximum Force:             0.007703     0.002850                No
RMS Force:                 0.004530     0.001900                No
Maximum Displacement:      0.047759     0.003150                No
RMS Displacement:          0.029960     0.002100                No

----------------------------------------------------------------------
                            Iteration: 37                             


                             Coordinates                              
----------------------------------------------------------------------
0    C               -0.9064              -0.4580               0.4642
1    C                1.4358               0.2841              -0.0278
2    C               -1.4964               0.9082               0.8229
3    C                2.0812              -0.3912               1.1736
4    C                2.4012               0.2464              -1.2082
5    N                0.2149              -0.3955              -0.4606
6    N               -1.9383              -1.2383              -0.2302
7    O               -1.8938               1.6309              -0.3247
8    H               -2.4572               1.0344              -0.8385
9    H               -0.1183               0.1036              -1.2815
10   H               -0.5863              -0.9403               1.3937
11   H                1.2218               1.3320               0.2330
12   H               -2.4983              -1.7938               0.4014
13   H               -1.4663              -1.8490              -0.8887
14   H               -0.7664               1.5272               1.3458
15   H               -2.3397               0.7560               1.5038
16   H                2.9834               0.1569               1.4479
17   H                1.9427               0.6498              -2.1136
18   H                2.3796              -1.4112               0.9240
19   H                1.4252              -0.4275               2.0447
20   H                3.3018               0.8221              -0.9952
21   H                2.6998              -0.7832              -1.4076


Energy:                 -383.653326 Convergence criteria  Is converged 
Maximum Force:             0.008747     0.002850                No
RMS Force:                 0.004191     0.001900                No
Maximum Displacement:      0.031911     0.003150                No
RMS Displacement:          0.018249     0.002100                No

----------------------------------------------------------------------
                            Iteration: 38                             


                             Coordinates                              
----------------------------------------------------------------------
0    C               -0.9036              -0.4610               0.4624
1    C                1.4482               0.2868              -0.0402
2    C               -1.5074               0.8939               0.8323
3    C                2.0698              -0.3915               1.1694
4    C                2.4147               0.2624              -1.2166
5    N                0.2163              -0.3889              -0.4618
6    N               -1.9199              -1.2355              -0.2473
7    O               -1.9136               1.6213              -0.3109
8    H               -2.4208               1.0167              -0.8581
9    H               -0.1288               0.1319              -1.2644
10   H               -0.5686              -0.9261               1.4016
11   H                1.2430               1.3409               0.2152
12   H               -2.5423              -1.7426               0.3932
13   H               -1.4357              -1.9212              -0.8236
14   H               -0.7757               1.5144               1.3454
15   H               -2.3430               0.7332               1.5260
16   H                2.9840               0.1331               1.4576
17   H                1.9692               0.6891              -2.1186
18   H                2.3252              -1.4274               0.9266
19   H                1.3980              -0.3947               2.0266
20   H                3.3289               0.8077              -0.9923
21   H                2.6818              -0.7792              -1.4440


Energy:                 -383.653547 Convergence criteria  Is converged 
Maximum Force:             0.016832     0.002850                No
RMS Force:                 0.010160     0.001900                No
Maximum Displacement:      0.072204     0.003150                No
RMS Displacement:          0.039673     0.002100                No

----------------------------------------------------------------------
                            Iteration: 39                             


                             Coordinates                              
----------------------------------------------------------------------
0    C               -0.9027              -0.4607               0.4635
1    C                1.4449               0.2817              -0.0359
2    C               -1.5006               0.8981               0.8288
3    C                2.0744              -0.3936               1.1717
4    C                2.4117               0.2623              -1.2136
5    N                0.2190              -0.4010              -0.4612
6    N               -1.9362              -1.2279              -0.2454
7    O               -1.9032               1.6178              -0.3178
8    H               -2.4338               1.0143              -0.8477
9    H               -0.1243               0.1012              -1.2709
10   H               -0.5717              -0.9313               1.3960
11   H                1.2394               1.3323               0.2181
12   H               -2.5209              -1.7507               0.3867
13   H               -1.4651              -1.8960              -0.8376
14   H               -0.7599               1.5159               1.3357
15   H               -2.3366               0.7463               1.5259
16   H                2.9787               0.1428               1.4636
17   H                1.9589               0.6813              -2.1141
18   H                2.3364              -1.4251               0.9277
19   H                1.4059              -0.4020               2.0313
20   H                3.3159               0.8289              -0.9913
21   H                2.6899              -0.7708              -1.4348


Energy:                 -383.653936 Convergence criteria  Is converged 
Maximum Force:             0.008765     0.002850                No
RMS Force:                 0.005010     0.001900                No
Maximum Displacement:      0.030741     0.003150                No
RMS Displacement:          0.017280     0.002100                No
Running the DIIS ...
Running the DIIS ...

                             Coordinates                              
----------------------------------------------------------------------
0    C               -0.9089              -0.4601               0.4616
1    C                1.4347               0.2726              -0.0252
2    C               -1.4855               0.9114               0.8196
3    C                2.0862              -0.3943               1.1777
4    C                2.3996               0.2562              -1.2028
5    N                0.2184              -0.4201              -0.4554
6    N               -1.9584              -1.2156              -0.2346
7    O               -1.8823               1.6198              -0.3371
8    H               -2.4695               1.0318              -0.8215
9    H               -0.1123               0.0571              -1.2876
10   H               -0.5875              -0.9446               1.3898
11   H                1.2190               1.3197               0.2339
12   H               -2.4749              -1.8048               0.3942
13   H               -1.5104              -1.8198              -0.9037
14   H               -0.7420               1.5271               1.3265
15   H               -2.3282               0.7748               1.5092
16   H                2.9751               0.1708               1.4608
17   H                1.9297               0.6424              -2.1080
18   H                2.3893              -1.4117               0.9256
19   H                1.4327              -0.4345               2.0483
20   H                3.2838               0.8563              -0.9936
21   H                2.7112              -0.7708              -1.3991


Energy:                  -14.099002 Convergence criteria  Is converged 
Maximum Force:             0.000439     0.000105                No
RMS Force:                 0.000116     0.000070                No
Maximum Displacement:      0.076140     0.003150                No
RMS Displacement:          0.024618     0.002100                No

----------------------------------------------------------------------
                            Iteration: 40                             


                             Coordinates                              
----------------------------------------------------------------------
0    C               -0.9044              -0.4601               0.4637
1    C                1.4398               0.2795              -0.0310
2    C               -1.4948               0.9037               0.8247
3    C                2.0793              -0.3936               1.1737
4    C                2.4062               0.2573              -1.2097
5    N                0.2193              -0.4075              -0.4588
6    N               -1.9467              -1.2231              -0.2385
7    O               -1.8931               1.6215              -0.3236
8    H               -2.4503               1.0198              -0.8390
9    H               -0.1196               0.0852              -1.2788
10   H               -0.5788              -0.9372               1.3933
11   H                1.2306               1.3274               0.2249
12   H               -2.5032              -1.7733               0.3913
13   H               -1.4799              -1.8665              -0.8681
14   H               -0.7535               1.5209               1.3330
15   H               -2.3334               0.7575               1.5181
16   H                2.9778               0.1538               1.4614
17   H                1.9468               0.6653              -2.1121
18   H                2.3589              -1.4194               0.9268
19   H                1.4165              -0.4157               2.0388
20   H                3.3038               0.8390              -0.9922
21   H                2.6987              -0.7709              -1.4199


Energy:                 -383.653824 Convergence criteria  Is converged 
Maximum Force:             0.010862     0.002850                No
RMS Force:                 0.005032     0.001900                No
Maximum Displacement:      0.046627     0.003150                No
RMS Displacement:          0.025414     0.002100                No

----------------------------------------------------------------------
                            Iteration: 41                             


                             Coordinates                              
----------------------------------------------------------------------
0    C               -0.8976              -0.4598               0.4664
1    C                1.4503               0.2907              -0.0423
2    C               -1.5096               0.8903               0.8355
3    C                2.0658              -0.3925               1.1672
4    C                2.4189               0.2629              -1.2218
5    N                0.2207              -0.3857              -0.4653
6    N               -1.9196              -1.2359              -0.2535
7    O               -1.9163               1.6190              -0.3041
8    H               -2.4120               0.9991              -0.8667
9    H               -0.1328               0.1318              -1.2639
10   H               -0.5618              -0.9251               1.3990
11   H                1.2526               1.3416               0.2085
12   H               -2.5572              -1.7146               0.3880
13   H               -1.4308              -1.9493              -0.7966
14   H               -0.7717               1.5086               1.3437
15   H               -2.3421               0.7266               1.5355
16   H                2.9820               0.1223               1.4645
17   H                1.9780               0.7090              -2.1182
18   H                2.3012              -1.4342               0.9297
19   H                1.3870              -0.3802               2.0212
20   H                3.3385               0.8098              -0.9892
21   H                2.6763              -0.7706              -1.4592


Energy:                 -383.653847 Convergence criteria  Is converged 
Maximum Force:             0.013157     0.002850                No
RMS Force:                 0.007648     0.001900                No
Maximum Displacement:      0.082831     0.003150                No
RMS Displacement:          0.046441     0.002100                No

----------------------------------------------------------------------
                            Iteration: 42                             


                             Coordinates                              
----------------------------------------------------------------------
0    C               -0.9009              -0.4596               0.4629
1    C                1.4456               0.2854              -0.0375
2    C               -1.5008               0.8975               0.8312
3    C                2.0712              -0.3932               1.1708
4    C                2.4131               0.2615              -1.2157
5    N                0.2209              -0.3958              -0.4617
6    N               -1.9318              -1.2284              -0.2458
7    O               -1.9061               1.6168              -0.3165
8    H               -2.4300               1.0066              -0.8506
9    H               -0.1268               0.1047              -1.2754
10   H               -0.5690              -0.9343               1.3940
11   H                1.2431               1.3351               0.2169
12   H               -2.5315              -1.7382               0.3891
13   H               -1.4584              -1.9106              -0.8278
14   H               -0.7595               1.5139               1.3385
15   H               -2.3371               0.7422               1.5272
16   H                2.9791               0.1359               1.4646
17   H                1.9629               0.6907              -2.1134
18   H                2.3266              -1.4274               0.9293
19   H                1.4014              -0.3959               2.0302
20   H                3.3202               0.8259              -0.9901
21   H                2.6877              -0.7693              -1.4417


Energy:                 -383.654195 Convergence criteria  Is converged 
Maximum Force:             0.004339     0.002850                No
RMS Force:                 0.002953     0.001900                No
Maximum Displacement:      0.038657     0.003150                No
RMS Displacement:          0.022306     0.002100                No

----------------------------------------------------------------------
                            Iteration: 43                             


                             Coordinates                              
----------------------------------------------------------------------
0    C               -0.8995              -0.4595               0.4625
1    C                1.4464               0.2859              -0.0381
2    C               -1.5002               0.8976               0.8310
3    C                2.0697              -0.3932               1.1710
4    C                2.4136               0.2635              -1.2155
5    N                0.2205              -0.3939              -0.4635
6    N               -1.9296              -1.2276              -0.2463
7    O               -1.9061               1.6153              -0.3162
8    H               -2.4298               1.0012              -0.8502
9    H               -0.1269               0.1011              -1.2787
10   H               -0.5677              -0.9372               1.3911
11   H                1.2448               1.3363               0.2171
12   H               -2.5345              -1.7309               0.3891
13   H               -1.4601              -1.9151              -0.8223
14   H               -0.7568               1.5133               1.3390
15   H               -2.3363               0.7421               1.5275
16   H                2.9786               0.1332               1.4658
17   H                1.9636               0.6950              -2.1119
18   H                2.3224              -1.4282               0.9305
19   H                1.4005              -0.3934               2.0305
20   H                3.3196               0.8266              -0.9894
21   H                2.6877              -0.7682              -1.4445


Energy:                 -383.654331 Convergence criteria  Is converged 
Maximum Force:             0.004992     0.002850                No
RMS Force:                 0.002452     0.001900                No
Maximum Displacement:      0.007273     0.003150                No
RMS Displacement:          0.003660     0.002100                No

----------------------------------------------------------------------
                            Iteration: 44                             


                             Coordinates                              
----------------------------------------------------------------------
0    C               -0.8901              -0.4585               0.4584
1    C                1.4508               0.2928              -0.0441
2    C               -1.4978               0.8949               0.8345
3    C                2.0581              -0.3935               1.1702
4    C                2.4184               0.2720              -1.2181
5    N                0.2215              -0.3797              -0.4715
6    N               -1.9154              -1.2260              -0.2489
7    O               -1.9146               1.6032              -0.3142
8    H               -2.4176               0.9695              -0.8509
9    H               -0.1308               0.0921              -1.2972
10   H               -0.5560              -0.9516               1.3764
11   H                1.2590               1.3455               0.2148
12   H               -2.5627              -1.6754               0.3879
13   H               -1.4569              -1.9598              -0.7781
14   H               -0.7472               1.5066               1.3439
15   H               -2.3334               0.7349               1.5324
16   H                2.9768               0.1107               1.4726
17   H                1.9742               0.7289              -2.1044
18   H                2.2864              -1.4355               0.9380
19   H                1.3887              -0.3717               2.0289
20   H                3.3257               0.8244              -0.9839
21   H                2.6829              -0.7602              -1.4680


Energy:                 -383.654818 Convergence criteria  Is converged 
Maximum Force:             0.005024     0.002850                No
RMS Force:                 0.003905     0.001900                No
Maximum Displacement:      0.055511     0.003150                No
RMS Displacement:          0.027215     0.002100                No

----------------------------------------------------------------------
                            Iteration: 45                             


                             Coordinates                              
----------------------------------------------------------------------
0    C               -0.8795              -0.4577               0.4561
1    C                1.4493               0.3044              -0.0466
2    C               -1.4905               0.8867               0.8397
3    C                2.0450              -0.3926               1.1702
4    C                2.4213               0.2758              -1.2256
5    N                0.2290              -0.3667              -0.4839
6    N               -1.9076              -1.2371              -0.2616
7    O               -1.9234               1.5900              -0.3096
8    H               -2.4033               0.9324              -0.8482
9    H               -0.1305               0.0832              -1.3199
10   H               -0.5384              -0.9669               1.3598
11   H                1.2734               1.3561               0.2135
12   H               -2.5966              -1.6044               0.3894
13   H               -1.4540              -2.0049              -0.7231
14   H               -0.7448               1.5000               1.3453
15   H               -2.3255               0.7282               1.5353
16   H                2.9771               0.0840               1.4746
17   H                1.9842               0.7678              -2.0964
18   H                2.2452              -1.4446               0.9468
19   H                1.3733              -0.3475               2.0295
20   H                3.3401               0.8222              -0.9744
21   H                2.6761              -0.7447              -1.4925


Energy:                 -383.654699 Convergence criteria  Is converged 
Maximum Force:             0.020465     0.002850                No
RMS Force:                 0.011253     0.001900                No
Maximum Displacement:      0.070999     0.003150                No
RMS Displacement:          0.032101     0.002100                No

----------------------------------------------------------------------
                            Iteration: 46                             


                             Coordinates                              
----------------------------------------------------------------------
0    C               -0.8822              -0.4596               0.4526
1    C                1.4509               0.3006              -0.0472
2    C               -1.4915               0.8887               0.8376
3    C                2.0472              -0.3932               1.1709
4    C                2.4213               0.2791              -1.2215
5    N                0.2262              -0.3707              -0.4800
6    N               -1.9106              -1.2293              -0.2549
7    O               -1.9219               1.5901              -0.3127
8    H               -2.4063               0.9409              -0.8457
9    H               -0.1295               0.0822              -1.3172
10   H               -0.5417              -0.9654               1.3624
11   H                1.2696               1.3543               0.2148
12   H               -2.5882              -1.6189               0.3886
13   H               -1.4562              -1.9965              -0.7367
14   H               -0.7436               1.5021               1.3447
15   H               -2.3262               0.7307               1.5344
16   H                2.9769               0.0899               1.4739
17   H                1.9809               0.7593              -2.0974
18   H                2.2543              -1.4420               0.9453
19   H                1.3777              -0.3532               2.0302
20   H                3.3344               0.8230              -0.9766
21   H                2.6785              -0.7488              -1.4870


Energy:                 -383.655116 Convergence criteria  Is converged 
Maximum Force:             0.003203     0.002850                No
RMS Force:                 0.002268     0.001900                No
Maximum Displacement:      0.014433     0.003150                No
RMS Displacement:          0.007663     0.002100                No

----------------------------------------------------------------------
                            Iteration: 47                             


                             Coordinates                              
----------------------------------------------------------------------
0    C               -0.8834              -0.4610               0.4515
1    C                1.4501               0.2997              -0.0462
2    C               -1.4904               0.8887               0.8363
3    C                2.0483              -0.3932               1.1716
4    C                2.4206               0.2794              -1.2202
5    N                0.2262              -0.3738              -0.4795
6    N               -1.9132              -1.2279              -0.2542
7    O               -1.9203               1.5901              -0.3138
8    H               -2.4086               0.9436              -0.8431
9    H               -0.1271               0.0801              -1.3173
10   H               -0.5422              -0.9651               1.3625
11   H                1.2669               1.3533               0.2161
12   H               -2.5848              -1.6234               0.3893
13   H               -1.4594              -1.9902              -0.7420
14   H               -0.7440               1.5037               1.3431
15   H               -2.3250               0.7326               1.5333
16   H                2.9772               0.0925               1.4721
17   H                1.9783               0.7555              -2.0975
18   H                2.2587              -1.4407               0.9449
19   H                1.3797              -0.3561               2.0316
20   H                3.3328               0.8243              -0.9765
21   H                2.6797              -0.7484              -1.4834


Energy:                 -383.655160 Convergence criteria  Is converged 
Maximum Force:             0.002954     0.002850                No
RMS Force:                 0.001985     0.001900                No
Maximum Displacement:      0.006257     0.003150                No
RMS Displacement:          0.003592     0.002100                No

----------------------------------------------------------------------
                            Iteration: 48                             


                             Coordinates                              
----------------------------------------------------------------------
0    C               -0.8828              -0.4649               0.4471
1    C                1.4487               0.2996              -0.0448
2    C               -1.4861               0.8860               0.8336
3    C                2.0469              -0.3930               1.1732
4    C                2.4201               0.2840              -1.2174
5    N                0.2279              -0.3794              -0.4819
6    N               -1.9168              -1.2222              -0.2550
7    O               -1.9180               1.5868              -0.3146
8    H               -2.4108               0.9389              -0.8363
9    H               -0.1197               0.0725              -1.3235
10   H               -0.5378              -0.9684               1.3576
11   H                1.2628               1.3534               0.2190
12   H               -2.5885              -1.6147               0.3927
13   H               -1.4663              -1.9910              -0.7407
14   H               -0.7444               1.5062               1.3389
15   H               -2.3193               0.7345               1.5323
16   H                2.9786               0.0915               1.4668
17   H                1.9746               0.7570              -2.0955
18   H                2.2570              -1.4400               0.9464
19   H                1.3807              -0.3562               2.0354
20   H                3.3329               0.8263              -0.9735
21   H                2.6803              -0.7433              -1.4813


Energy:                 -383.655264 Convergence criteria  Is converged 
Maximum Force:             0.004161     0.002850                No
RMS Force:                 0.002293     0.001900                No
Maximum Displacement:      0.008751     0.003150                No
RMS Displacement:          0.006181     0.002100                No

----------------------------------------------------------------------
                            Iteration: 49                             


                             Coordinates                              
----------------------------------------------------------------------
0    C               -0.8789              -0.4664               0.4438
1    C                1.4474               0.2995              -0.0437
2    C               -1.4820               0.8839               0.8318
3    C                2.0449              -0.3925               1.1745
4    C                2.4199               0.2903              -1.2144
5    N                0.2308              -0.3844              -0.4859
6    N               -1.9211              -1.2212              -0.2567
7    O               -1.9169               1.5827              -0.3157
8    H               -2.4122               0.9320              -0.8310
9    H               -0.1113               0.0653              -1.3295
10   H               -0.5323              -0.9722               1.3513
11   H                1.2576               1.3531               0.2215
12   H               -2.5949              -1.5992               0.3947
13   H               -1.4743              -1.9953              -0.7344
14   H               -0.7437               1.5083               1.3346
15   H               -2.3131               0.7335               1.5329
16   H                2.9805               0.0888               1.4607
17   H                1.9726               0.7617              -2.0925
18   H                2.2515              -1.4403               0.9481
19   H                1.3810              -0.3540               2.0389
20   H                3.3345               0.8277              -0.9697
21   H                2.6799              -0.7377              -1.4808


Energy:                 -383.655341 Convergence criteria  Is converged 
Maximum Force:             0.004367     0.002850                No
RMS Force:                 0.002533     0.001900                No
Maximum Displacement:      0.015428     0.003150                No
RMS Displacement:          0.007409     0.002100                No
Running the DIIS ...
Running the DIIS ...

                             Coordinates                              
----------------------------------------------------------------------
0    C               -0.8860              -0.4625               0.4510
1    C                1.4465               0.2945              -0.0413
2    C               -1.4874               0.8906               0.8319
3    C                2.0540              -0.3928               1.1733
4    C                2.4168               0.2793              -1.2149
5    N                0.2276              -0.3875              -0.4775
6    N               -1.9236              -1.2220              -0.2522
7    O               -1.9120               1.5942              -0.3177
8    H               -2.4207               0.9555              -0.8369
9    H               -0.1178               0.0739              -1.3140
10   H               -0.5462              -0.9619               1.3641
11   H                1.2533               1.3462               0.2206
12   H               -2.5715              -1.6480               0.3930
13   H               -1.4725              -1.9642              -0.7684
14   H               -0.7450               1.5098               1.3363
15   H               -2.3215               0.7382               1.5303
16   H                2.9788               0.1054               1.4643
17   H                1.9684               0.7373              -2.0982
18   H                2.2785              -1.4358               0.9421
19   H                1.3894              -0.3689               2.0366
20   H                3.3268               0.8302              -0.9768
21   H                2.6841              -0.7481              -1.4670


Energy:                  -14.099068 Convergence criteria  Is converged 
Maximum Force:             0.000199     0.000105                No
RMS Force:                 0.000049     0.000070                Yes
Maximum Displacement:      0.048722     0.003150                No
RMS Displacement:          0.012233     0.002100                No

----------------------------------------------------------------------
                            Iteration: 50                             


                             Coordinates                              
----------------------------------------------------------------------
0    C               -0.8764              -0.4671               0.4388
1    C                1.4447               0.2996              -0.0415
2    C               -1.4765               0.8841               0.8305
3    C                2.0447              -0.3927               1.1755
4    C                2.4195               0.2936              -1.2111
5    N                0.2363              -0.3921              -0.4886
6    N               -1.9231              -1.2180              -0.2587
7    O               -1.9164               1.5778              -0.3196
8    H               -2.4156               0.9271              -0.8260
9    H               -0.1011               0.0578              -1.3359
10   H               -0.5266              -0.9762               1.3455
11   H                1.2467               1.3491               0.2246
12   H               -2.6037              -1.5856               0.3991
13   H               -1.4865              -1.9987              -0.7319
14   H               -0.7407               1.5118               1.3291
15   H               -2.3057               0.7303               1.5342
16   H                2.9834               0.0881               1.4524
17   H                1.9700               0.7656              -2.0887
18   H                2.2472              -1.4407               0.9494
19   H                1.3840              -0.3521               2.0433
20   H                3.3366               0.8319              -0.9646
21   H                2.6790              -0.7301              -1.4770


Energy:                 -383.655400 Convergence criteria  Is converged 
Maximum Force:             0.005968     0.002850                No
RMS Force:                 0.003754     0.001900                No
Maximum Displacement:      0.062399     0.003150                No
RMS Displacement:          0.026851     0.002100                No

----------------------------------------------------------------------
                            Iteration: 51                             


                             Coordinates                              
----------------------------------------------------------------------
0    C               -0.8725              -0.4716               0.4361
1    C                1.4458               0.2994              -0.0412
2    C               -1.4735               0.8808               0.8266
3    C                2.0420              -0.3918               1.1763
4    C                2.4216               0.3022              -1.2088
5    N                0.2381              -0.3935              -0.4952
6    N               -1.9239              -1.2158              -0.2569
7    O               -1.9158               1.5756              -0.3167
8    H               -2.4176               0.9120              -0.8264
9    H               -0.0930               0.0506              -1.3429
10   H               -0.5197              -0.9805               1.3367
11   H                1.2397               1.3492               0.2266
12   H               -2.6151              -1.5579               0.3982
13   H               -1.4951              -2.0141              -0.7174
14   H               -0.7358               1.5143               1.3260
15   H               -2.2977               0.7248               1.5363
16   H                2.9858               0.0814               1.4465
17   H                1.9721               0.7776              -2.0834
18   H                2.2341              -1.4435               0.9518
19   H                1.3843              -0.3444               2.0456
20   H                3.3392               0.8331              -0.9593
21   H                2.6770              -0.7243              -1.4802


Energy:                 -383.655377 Convergence criteria  Is converged 
Maximum Force:             0.010151     0.002850                No
RMS Force:                 0.005896     0.001900                No
Maximum Displacement:      0.027630     0.003150                No
RMS Displacement:          0.011656     0.002100                No

----------------------------------------------------------------------
                            Iteration: 52                             


                             Coordinates                              
----------------------------------------------------------------------
0    C               -0.8741              -0.4680               0.4390
1    C                1.4460               0.2992              -0.0421
2    C               -1.4761               0.8833               0.8296
3    C                2.0438              -0.3923               1.1752
4    C                2.4211               0.2972              -1.2105
5    N                0.2366              -0.3910              -0.4912
6    N               -1.9219              -1.2188              -0.2572
7    O               -1.9178               1.5773              -0.3182
8    H               -2.4155               0.9208              -0.8290
9    H               -0.0995               0.0569              -1.3376
10   H               -0.5244              -0.9772               1.3425
11   H                1.2436               1.3489               0.2246
12   H               -2.6092              -1.5727               0.3970
13   H               -1.4893              -2.0078              -0.7239
14   H               -0.7375               1.5121               1.3286
15   H               -2.3031               0.7259               1.5359
16   H                2.9845               0.0846               1.4510
17   H                1.9730               0.7722              -2.0862
18   H                2.2401              -1.4427               0.9501
19   H                1.3842              -0.3472               2.0430
20   H                3.3379               0.8320              -0.9626
21   H                2.6776              -0.7291              -1.4797


Energy:                 -383.655491 Convergence criteria  Is converged 
Maximum Force:             0.002514     0.002850                Yes
RMS Force:                 0.001651     0.001900                Yes
Maximum Displacement:      0.014732     0.003150                No
RMS Displacement:          0.006693     0.002100                No

----------------------------------------------------------------------
                            Iteration: 53                             


                             Coordinates                              
----------------------------------------------------------------------
0    C               -0.8733              -0.4676               0.4387
1    C                1.4462               0.2995              -0.0426
2    C               -1.4758               0.8832               0.8300
3    C                2.0435              -0.3925               1.1748
4    C                2.4217               0.2977              -1.2106
5    N                0.2369              -0.3904              -0.4914
6    N               -1.9205              -1.2195              -0.2571
7    O               -1.9197               1.5762              -0.3184
8    H               -2.4143               0.9196              -0.8302
9    H               -0.0998               0.0575              -1.3381
10   H               -0.5237              -0.9775               1.3422
11   H                1.2428               1.3486               0.2243
12   H               -2.6117              -1.5680               0.3962
13   H               -1.4900              -2.0116              -0.7201
14   H               -0.7365               1.5115               1.3286
15   H               -2.3023               0.7240               1.5367
16   H                2.9849               0.0830               1.4510
17   H                1.9748               0.7752              -2.0854
18   H                2.2370              -1.4435               0.9504
19   H                1.3843              -0.3449               2.0426
20   H                3.3387               0.8320              -0.9619
21   H                2.6769              -0.7287              -1.4811


Energy:                 -383.655515 Convergence criteria  Is converged 
Maximum Force:             0.001975     0.002850                Yes
RMS Force:                 0.001231     0.001900                Yes
Maximum Displacement:      0.004690     0.003150                No
RMS Displacement:          0.002298     0.002100                No

----------------------------------------------------------------------
                            Iteration: 54                             


                             Coordinates                              
----------------------------------------------------------------------
0    C               -0.8709              -0.4680               0.4374
1    C                1.4466               0.2997              -0.0436
2    C               -1.4744               0.8819               0.8300
3    C                2.0433              -0.3930               1.1735
4    C                2.4238               0.2997              -1.2102
5    N                0.2383              -0.3902              -0.4932
6    N               -1.9168              -1.2210              -0.2565
7    O               -1.9253               1.5732              -0.3179
8    H               -2.4118               0.9150              -0.8347
9    H               -0.0995               0.0582              -1.3398
10   H               -0.5210              -0.9779               1.3410
11   H                1.2374               1.3468               0.2239
12   H               -2.6201              -1.5513               0.3928
13   H               -1.4960              -2.0236              -0.7074
14   H               -0.7328               1.5101               1.3264
15   H               -2.2979               0.7170               1.5393
16   H                2.9871               0.0781               1.4492
17   H                1.9806               0.7853              -2.0821
18   H                2.2272              -1.4461               0.9514
19   H                1.3862              -0.3370               2.0419
20   H                3.3410               0.8331              -0.9584
21   H                2.6749              -0.7263              -1.4844


Energy:                 -383.655573 Convergence criteria  Is converged 
Maximum Force:             0.002030     0.002850                Yes
RMS Force:                 0.001245     0.001900                Yes
Maximum Displacement:      0.016712     0.003150                No
RMS Displacement:          0.007859     0.002100                No

----------------------------------------------------------------------
                            Iteration: 55                             


                             Coordinates                              
----------------------------------------------------------------------
0    C               -0.8680              -0.4700               0.4353
1    C                1.4465               0.2992              -0.0447
2    C               -1.4730               0.8786               0.8283
3    C                2.0432              -0.3930               1.1723
4    C                2.4257               0.3039              -1.2085
5    N                0.2397              -0.3928              -0.4956
6    N               -1.9166              -1.2192              -0.2561
7    O               -1.9315               1.5700              -0.3167
8    H               -2.4090               0.9118              -0.8386
9    H               -0.0994               0.0584              -1.3407
10   H               -0.5183              -0.9771               1.3413
11   H                1.2310               1.3450               0.2242
12   H               -2.6289              -1.5350               0.3899
13   H               -1.5028              -2.0366              -0.6959
14   H               -0.7300               1.5082               1.3215
15   H               -2.2914               0.7108               1.5418
16   H                2.9907               0.0731               1.4459
17   H                1.9867               0.7950              -2.0792
18   H                2.2189              -1.4485               0.9523
19   H                1.3898              -0.3291               2.0423
20   H                3.3426               0.8342              -0.9537
21   H                2.6741              -0.7235              -1.4870


Energy:                 -383.655604 Convergence criteria  Is converged 
Maximum Force:             0.005138     0.002850                No
RMS Force:                 0.002682     0.001900                No
Maximum Displacement:      0.016282     0.003150                No
RMS Displacement:          0.008026     0.002100                No

----------------------------------------------------------------------
                            Iteration: 56                             


                             Coordinates                              
----------------------------------------------------------------------
0    C               -0.8671              -0.4714               0.4346
1    C                1.4460               0.2991              -0.0449
2    C               -1.4718               0.8768               0.8268
3    C                2.0437              -0.3930               1.1718
4    C                2.4265               0.3054              -1.2079
5    N                0.2407              -0.3950              -0.4975
6    N               -1.9161              -1.2201              -0.2576
7    O               -1.9340               1.5695              -0.3149
8    H               -2.4084               0.9094              -0.8413
9    H               -0.0990               0.0579              -1.3409
10   H               -0.5169              -0.9764               1.3415
11   H                1.2270               1.3436               0.2245
12   H               -2.6339              -1.5263               0.3888
13   H               -1.5082              -2.0412              -0.6892
14   H               -0.7287               1.5072               1.3179
15   H               -2.2875               0.7075               1.5432
16   H                2.9929               0.0704               1.4433
17   H                1.9899               0.8002              -2.0776
18   H                2.2148              -1.4494               0.9529
19   H                1.3923              -0.3249               2.0431
20   H                3.3436               0.8353              -0.9504
21   H                2.6739              -0.7209              -1.4877


Energy:                 -383.655640 Convergence criteria  Is converged 
Maximum Force:             0.002001     0.002850                Yes
RMS Force:                 0.001062     0.001900                Yes
Maximum Displacement:      0.008715     0.003150                No
RMS Displacement:          0.004449     0.002100                No

----------------------------------------------------------------------
                            Iteration: 57                             


                             Coordinates                              
----------------------------------------------------------------------
0    C               -0.8675              -0.4730               0.4338
1    C                1.4454               0.2988              -0.0447
2    C               -1.4713               0.8755               0.8255
3    C                2.0444              -0.3929               1.1719
4    C                2.4265               0.3063              -1.2074
5    N                0.2412              -0.3975              -0.4983
6    N               -1.9181              -1.2202              -0.2583
7    O               -1.9346               1.5698              -0.3140
8    H               -2.4086               0.9096              -0.8420
9    H               -0.0990               0.0572              -1.3403
10   H               -0.5168              -0.9754               1.3423
11   H                1.2251               1.3429               0.2250
12   H               -2.6349              -1.5242               0.3884
13   H               -1.5111              -2.0415              -0.6879
14   H               -0.7287               1.5068               1.3151
15   H               -2.2852               0.7070               1.5437
16   H                2.9944               0.0696               1.4410
17   H                1.9908               0.8011              -2.0775
18   H                2.2150              -1.4492               0.9532
19   H                1.3943              -0.3239               2.0442
20   H                3.3437               0.8359              -0.9483
21   H                2.6748              -0.7191              -1.4870


Energy:                 -383.655658 Convergence criteria  Is converged 
Maximum Force:             0.001460     0.002850                Yes
RMS Force:                 0.000897     0.001900                Yes
Maximum Displacement:      0.002900     0.003150                Yes
RMS Displacement:          0.001962     0.002100                Yes
