
**********************************************************************
*                                                                    *
*                        M   A   P   L   E                           *
*                                                                    *
*      MAchine-learning Potential for Landscape Exploration          *
*                                                                    *
*                                                                    *
*      © 2025 University of Pittsburgh. All rights reserved.         *
*      Licensed under CC BY 4.0 for academic use.                    *
*                                                                    *
*      Principal Developer:  Xujian Wang                             *
*                                                                    *
**********************************************************************


Parsing # commands...
Global parameter: model = uma
Task set to 'opt'
Global parameter: device = gpu0
Parsed configuration:
----------------------------------------
Task: opt
model          : uma
method         : lbfgs
maxiter        : 200
convergence    : 1e-05
lbfgs          : True
device         : gpu0

                             Coordinates                              
**********************************************************************

Group 1 (inline)
--------------------
1    C             -0.778126            -1.067561             0.321059
2    C              1.302553             0.052120            -0.028299
3    C             -0.971993             1.456249             0.823657
4    C              1.981229            -0.418433             1.250175
5    C              2.264033             0.435168            -1.133107
6    N              0.291164            -0.876821            -0.500399
7    N             -2.019163            -1.372006            -0.233112
8    O             -1.664734             1.630223            -0.401837
9    H             -2.258632             0.870139            -0.475899
10   H              0.027849            -0.678312            -1.458495
11   H             -0.609759            -1.367856             1.341178
12   H              0.681264             0.918300             0.286941
13   H             -2.573263            -2.057361             0.257412
14   H             -2.052428            -1.504542            -1.233823
15   H             -0.368993             2.351392             0.991747
16   H             -1.639609             1.294215             1.674653
17   H              2.764449             0.291462             1.522846
18   H              1.725114             0.730695            -2.037794
19   H              2.435593            -1.406098             1.134215
20   H              1.273005            -0.447224             2.080579
21   H              2.850345             1.298697            -0.814322
22   H              2.960009            -0.368806            -1.388910

----------------------------------------------------------------------
                             Iteration: 1                             


                             Coordinates                              
----------------------------------------------------------------------
0    C               -0.7781              -1.0683               0.3210
1    C                1.3024               0.0522              -0.0283
2    C               -0.9714               1.4567               0.8236
3    C                1.9812              -0.4184               1.2503
4    C                2.2640               0.4352              -1.1331
5    N                0.2911              -0.8767              -0.5004
6    N               -2.0194              -1.3721              -0.2332
7    O               -1.6647               1.6302              -0.4019
8    H               -2.2586               0.8701              -0.4759
9    H                0.0279              -0.6783              -1.4585
10   H               -0.6098              -1.3678               1.3412
11   H                0.6812               0.9183               0.2870
12   H               -2.5733              -2.0574               0.2574
13   H               -2.0525              -1.5045              -1.2338
14   H               -0.3690               2.3515               0.9917
15   H               -1.6396               1.2941               1.6747
16   H                2.7645               0.2915               1.5229
17   H                1.7251               0.7307              -2.0378
18   H                2.4356              -1.4061               1.1342
19   H                1.2730              -0.4472               2.0806
20   H                2.8503               1.2987              -0.8143
21   H                2.9600              -0.3688              -1.3889


Energy:                 -383.593817 Convergence criteria  Is converged 
Maximum Force:             0.048843     0.002850                No
RMS Force:                 0.016698     0.001900                No
Maximum Displacement:      0.000697     0.003150                Yes
RMS Displacement:          0.000235     0.002100                Yes

----------------------------------------------------------------------
                             Iteration: 2                             


                             Coordinates                              
----------------------------------------------------------------------
0    C               -0.7856              -0.9609               0.3401
1    C                1.3186               0.0455              -0.0324
2    C               -1.0309               1.3953               0.8283
3    C                1.9853              -0.4232               1.2401
4    C                2.2724               0.4267              -1.1371
5    N                0.3003              -0.8937              -0.5029
6    N               -1.9983              -1.3576              -0.2253
7    O               -1.6695               1.6275              -0.4001
8    H               -2.2618               0.8723              -0.4823
9    H                0.0253              -0.6734              -1.4589
10   H               -0.6081              -1.3710               1.3378
11   H                0.7001               0.9181               0.2762
12   H               -2.5677              -2.0500               0.2608
13   H               -2.0445              -1.5040              -1.2318
14   H               -0.3706               2.3190               0.9906
15   H               -1.6580               1.3073               1.6824
16   H                2.7633               0.2882               1.5218
17   H                1.7277               0.7291              -2.0348
18   H                2.4362              -1.4061               1.1345
19   H                1.2743              -0.4492               2.0761
20   H                2.8511               1.2940              -0.8150
21   H                2.9603              -0.3703              -1.3897


Energy:                 -383.601570 Convergence criteria  Is converged 
Maximum Force:             0.057000     0.002850                No
RMS Force:                 0.023422     0.001900                No
Maximum Displacement:      0.107327     0.003150                No
RMS Displacement:          0.032679     0.002100                No

----------------------------------------------------------------------
                             Iteration: 3                             


                             Coordinates                              
----------------------------------------------------------------------
0    C               -0.7957              -0.8440               0.3670
1    C                1.3296               0.0412              -0.0395
2    C               -1.0802               1.3332               0.8238
3    C                1.9898              -0.4275               1.2336
4    C                2.2808               0.4212              -1.1404
5    N                0.3119              -0.9073              -0.5026
6    N               -1.9828              -1.3395              -0.2178
7    O               -1.6776               1.6255              -0.3952
8    H               -2.2712               0.8711              -0.4944
9    H                0.0233              -0.6676              -1.4577
10   H               -0.6067              -1.3693               1.3310
11   H                0.7280               0.9160               0.2613
12   H               -2.5563              -2.0371               0.2646
13   H               -2.0322              -1.5017              -1.2259
14   H               -0.3770               2.2658               0.9888
15   H               -1.6895               1.3194               1.6984
16   H                2.7629               0.2845               1.5205
17   H                1.7308               0.7268              -2.0321
18   H                2.4382              -1.4086               1.1342
19   H                1.2768              -0.4518               2.0689
20   H                2.8534               1.2886              -0.8160
21   H                2.9637              -0.3753              -1.3922


Energy:                 -383.607767 Convergence criteria  Is converged 
Maximum Force:             0.082380     0.002850                No
RMS Force:                 0.032917     0.001900                No
Maximum Displacement:      0.116919     0.003150                No
RMS Displacement:          0.036010     0.002100                No

----------------------------------------------------------------------
                             Iteration: 4                             


                             Coordinates                              
----------------------------------------------------------------------
0    C               -0.8134              -0.6440               0.4225
1    C                1.3515               0.0326              -0.0538
2    C               -1.1621               1.2043               0.8211
3    C                1.9991              -0.4340               1.2238
4    C                2.2971               0.4125              -1.1472
5    N                0.3173              -0.9158              -0.4916
6    N               -1.9651              -1.2887              -0.2030
7    O               -1.7098               1.6149              -0.3873
8    H               -2.2966               0.8710              -0.5290
9    H                0.0234              -0.6570              -1.4472
10   H               -0.6081              -1.3417               1.3099
11   H                0.7918               0.9183               0.2287
12   H               -2.5262              -2.0046               0.2752
13   H               -2.0003              -1.4926              -1.2081
14   H               -0.3906               2.1338               0.9859
15   H               -1.7528               1.3367               1.7199
16   H                2.7657               0.2788               1.5187
17   H                1.7371               0.7218              -2.0295
18   H                2.4439              -1.4168               1.1324
19   H                1.2819              -0.4581               2.0543
20   H                2.8627               1.2805              -0.8181
21   H                2.9733              -0.3881              -1.3990


Energy:                 -383.617906 Convergence criteria  Is converged 
Maximum Force:             0.107247     0.002850                No
RMS Force:                 0.049116     0.001900                No
Maximum Displacement:      0.200000     0.003150                No
RMS Displacement:          0.070031     0.002100                No

----------------------------------------------------------------------
                             Iteration: 5                             


                             Coordinates                              
----------------------------------------------------------------------
0    C               -0.8416              -0.5082               0.4631
1    C                1.3767               0.0221              -0.0656
2    C               -1.2197               1.0779               0.8123
3    C                2.0127              -0.4424               1.2163
4    C                2.3180               0.4026              -1.1576
5    N                0.3090              -0.8890              -0.4611
6    N               -1.9639              -1.2179              -0.1809
7    O               -1.7376               1.6067              -0.3689
8    H               -2.3449               0.8578              -0.5802
9    H                0.0237              -0.6458              -1.4324
10   H               -0.6141              -1.2742               1.2914
11   H                0.8563               0.9347               0.1972
12   H               -2.4892              -1.9633               0.2900
13   H               -1.9592              -1.4758              -1.1847
14   H               -0.4088               1.9722               0.9857
15   H               -1.8135               1.3367               1.7265
16   H                2.7719               0.2735               1.5176
17   H                1.7446               0.7163              -2.0296
18   H                2.4507              -1.4256               1.1300
19   H                1.2871              -0.4652               2.0393
20   H                2.8761               1.2722              -0.8212
21   H                2.9856              -0.4016              -1.4087


Energy:                 -383.632387 Convergence criteria  Is converged 
Maximum Force:             0.138754     0.002850                No
RMS Force:                 0.063022     0.001900                No
Maximum Displacement:      0.161522     0.003150                No
RMS Displacement:          0.068601     0.002100                No

----------------------------------------------------------------------
                             Iteration: 6                             


                             Coordinates                              
----------------------------------------------------------------------
0    C               -0.8738              -0.4683               0.4859
1    C                1.3973               0.0262              -0.0682
2    C               -1.2486               0.9965               0.8180
3    C                2.0292              -0.4487               1.2150
4    C                2.3396               0.3921              -1.1710
5    N                0.2816              -0.8242              -0.4252
6    N               -1.9968              -1.1329              -0.1702
7    O               -1.7924               1.5645              -0.3588
8    H               -2.3933               0.8634              -0.6419
9    H                0.0256              -0.6345              -1.4044
10   H               -0.6271              -1.1598               1.2841
11   H                0.9277               0.9641               0.1676
12   H               -2.4435              -1.9111               0.3124
13   H               -1.9056              -1.4460              -1.1442
14   H               -0.4314               1.7722               0.9908
15   H               -1.8637               1.3022               1.7067
16   H                2.7839               0.2684               1.5177
17   H                1.7547               0.7094              -2.0336
18   H                2.4616              -1.4395               1.1267
19   H                1.2932              -0.4736               2.0222
20   H                2.8958               1.2628              -0.8263
21   H                3.0061              -0.4198              -1.4249


Energy:                 -383.666652 Convergence criteria  Is converged 
Maximum Force:             0.108986     0.002850                No
RMS Force:                 0.047532     0.001900                No
Maximum Displacement:      0.200000     0.003150                No
RMS Displacement:          0.072880     0.002100                No

----------------------------------------------------------------------
                             Iteration: 7                             


                             Coordinates                              
----------------------------------------------------------------------
0    C               -0.8908              -0.6154               0.4065
1    C                1.3907               0.0556              -0.0481
2    C               -1.2248               1.0727               0.7868
3    C                2.0473              -0.4524               1.2223
4    C                2.3556               0.3764              -1.1807
5    N                0.2344              -0.7233              -0.3882
6    N               -2.1120              -1.0652              -0.1662
7    O               -1.8042               1.5701              -0.3301
8    H               -2.4928               0.8157              -0.7160
9    H                0.0210              -0.6157              -1.3689
10   H               -0.6441              -1.0478               1.3634
11   H                0.9894               1.0408               0.1656
12   H               -2.3973              -1.8557               0.3411
13   H               -1.8395              -1.4038              -1.0979
14   H               -0.4314               1.5722               1.0028
15   H               -1.8991               1.1911               1.6674
16   H                2.8132               0.2670               1.5259
17   H                1.7693               0.7014              -2.0514
18   H                2.4761              -1.4526               1.1198
19   H                1.2974              -0.4828               2.0143
20   H                2.9287               1.2515              -0.8397
21   H                3.0328              -0.4361              -1.4500


Energy:                 -383.652152 Convergence criteria  Is converged 
Maximum Force:             0.210413     0.002850                No
RMS Force:                 0.105091     0.001900                No
Maximum Displacement:      0.200000     0.003150                No
RMS Displacement:          0.093753     0.002100                No

----------------------------------------------------------------------
                             Iteration: 8                             


                             Coordinates                              
----------------------------------------------------------------------
0    C               -0.8948              -0.5185               0.4599
1    C                1.3973               0.0585              -0.0495
2    C               -1.2804               0.9955               0.7972
3    C                2.0464              -0.4509               1.2196
4    C                2.3545               0.3759              -1.1814
5    N                0.2489              -0.7501              -0.4144
6    N               -2.0860              -1.0634              -0.1820
7    O               -1.8422               1.5459              -0.3627
8    H               -2.4587               0.8512              -0.6992
9    H                0.0220              -0.6152              -1.3710
10   H               -0.6459              -1.0581               1.3486
11   H                0.9983               1.0318               0.1607
12   H               -2.4027              -1.8645               0.3444
13   H               -1.8461              -1.4075              -1.0952
14   H               -0.3997               1.5888               1.0093
15   H               -1.9056               1.2049               1.6737
16   H                2.8099               0.2639               1.5246
17   H                1.7711               0.7003              -2.0477
18   H                2.4760              -1.4527               1.1196
19   H                1.2994              -0.4833               2.0123
20   H                2.9266               1.2482              -0.8399
21   H                3.0315              -0.4372              -1.4487


Energy:                 -383.694186 Convergence criteria  Is converged 
Maximum Force:             0.036168     0.002850                No
RMS Force:                 0.024173     0.001900                No
Maximum Displacement:      0.096977     0.003150                No
RMS Displacement:          0.038249     0.002100                No

----------------------------------------------------------------------
                             Iteration: 9                             


                             Coordinates                              
----------------------------------------------------------------------
0    C               -0.9058              -0.4913               0.4623
1    C                1.3997               0.0624              -0.0509
2    C               -1.2794               0.9792               0.7896
3    C                2.0486              -0.4508               1.2194
4    C                2.3568               0.3734              -1.1814
5    N                0.2506              -0.7477              -0.4040
6    N               -2.0913              -1.0574              -0.1764
7    O               -1.8579               1.5393              -0.3712
8    H               -2.4595               0.8589              -0.7012
9    H                0.0172              -0.6077              -1.3802
10   H               -0.6505              -1.0514               1.3627
11   H                1.0098               1.0458               0.1629
12   H               -2.4011              -1.8603               0.3474
13   H               -1.8387              -1.4075              -1.0951
14   H               -0.3950               1.5657               1.0112
15   H               -1.9171               1.1877               1.6730
16   H                2.8140               0.2613               1.5263
17   H                1.7754               0.6979              -2.0495
18   H                2.4775              -1.4520               1.1175
19   H                1.3015              -0.4852               2.0123
20   H                2.9317               1.2426              -0.8445
21   H                3.0333              -0.4392              -1.4515


Energy:                 -383.697145 Convergence criteria  Is converged 
Maximum Force:             0.036103     0.002850                No
RMS Force:                 0.015152     0.001900                No
Maximum Displacement:      0.027118     0.003150                No
RMS Displacement:          0.013250     0.002100                No

----------------------------------------------------------------------
                            Iteration: 10                             


                             Coordinates                              
----------------------------------------------------------------------
0    C               -0.9137              -0.4982               0.4642
1    C                1.3969               0.0730              -0.0481
2    C               -1.2691               0.9882               0.7765
3    C                2.0495              -0.4478               1.2212
4    C                2.3557               0.3716              -1.1805
5    N                0.2500              -0.7451              -0.4054
6    N               -2.0987              -1.0643              -0.1779
7    O               -1.8629               1.5448              -0.3802
8    H               -2.4617               0.8612              -0.6977
9    H                0.0120              -0.5989              -1.3881
10   H               -0.6602              -1.0488               1.3837
11   H                1.0142               1.0648               0.1741
12   H               -2.4075              -1.8649               0.3500
13   H               -1.8380              -1.4100              -1.0962
14   H               -0.3812               1.5675               1.0141
15   H               -1.9197               1.1564               1.6669
16   H                2.8198               0.2582               1.5297
17   H                1.7812               0.6950              -2.0528
18   H                2.4782              -1.4485               1.1139
19   H                1.3042              -0.4868               2.0163
20   H                2.9380               1.2355              -0.8515
21   H                3.0329              -0.4395              -1.4537


Energy:                 -383.700130 Convergence criteria  Is converged 
Maximum Force:             0.028508     0.002850                No
RMS Force:                 0.013790     0.001900                No
Maximum Displacement:      0.031369     0.003150                No
RMS Displacement:          0.013013     0.002100                No

----------------------------------------------------------------------
                            Iteration: 11                             


                             Coordinates                              
----------------------------------------------------------------------
0    C               -0.9328              -0.4744               0.4772
1    C                1.3931               0.1127              -0.0367
2    C               -1.2702               0.9658               0.7482
3    C                2.0558              -0.4379               1.2223
4    C                2.3608               0.3600              -1.1851
5    N                0.2309              -0.7152              -0.4055
6    N               -2.1203              -1.0602              -0.1665
7    O               -1.8699               1.5668              -0.3925
8    H               -2.4986               0.8578              -0.7093
9    H               -0.0041              -0.5601              -1.3888
10   H               -0.7079              -0.9983               1.4404
11   H                1.0595               1.1325               0.2026
12   H               -2.4226              -1.8694               0.3624
13   H               -1.8219              -1.4168              -1.0905
14   H               -0.3526               1.5121               1.0185
15   H               -1.9356               1.0346               1.6239
16   H                2.8457               0.2444               1.5437
17   H                1.8058               0.6818              -2.0667
18   H                2.4823              -1.4369               1.0966
19   H                1.3182              -0.4949               2.0270
20   H                2.9718               1.2088              -0.8798
21   H                3.0324              -0.4494              -1.4629


Energy:                 -383.703329 Convergence criteria  Is converged 
Maximum Force:             0.041974     0.002850                No
RMS Force:                 0.022419     0.001900                No
Maximum Displacement:      0.121772     0.003150                No
RMS Displacement:          0.049077     0.002100                No

----------------------------------------------------------------------
                            Iteration: 12                             


                             Coordinates                              
----------------------------------------------------------------------
0    C               -0.9268              -0.4959               0.4741
1    C                1.3896               0.1215              -0.0366
2    C               -1.2632               0.9849               0.7493
3    C                2.0537              -0.4306               1.2237
4    C                2.3581               0.3623              -1.1839
5    N                0.2329              -0.7020              -0.4008
6    N               -2.1085              -1.0825              -0.1734
7    O               -1.8732               1.5541              -0.3998
8    H               -2.4865               0.8801              -0.6946
9    H               -0.0111              -0.5432              -1.3847
10   H               -0.7287              -0.9851               1.4408
11   H                1.0669               1.1421               0.2149
12   H               -2.4382              -1.8795               0.3595
13   H               -1.8343              -1.4233              -1.0794
14   H               -0.3597               1.5241               1.0156
15   H               -1.9319               0.9992               1.6078
16   H                2.8521               0.2391               1.5491
17   H                1.8125               0.6780              -2.0731
18   H                2.4800              -1.4284               1.0865
19   H                1.3259              -0.4960               2.0342
20   H                2.9850               1.2019              -0.8909
21   H                3.0253              -0.4572              -1.4598


Energy:                 -383.705990 Convergence criteria  Is converged 
Maximum Force:             0.031639     0.002850                No
RMS Force:                 0.016106     0.001900                No
Maximum Displacement:      0.035436     0.003150                No
RMS Displacement:          0.018674     0.002100                No

----------------------------------------------------------------------
                            Iteration: 13                             


                             Coordinates                              
----------------------------------------------------------------------
0    C               -0.9244              -0.4972               0.4692
1    C                1.3920               0.1183              -0.0365
2    C               -1.2679               0.9803               0.7494
3    C                2.0538              -0.4310               1.2229
4    C                2.3587               0.3631              -1.1844
5    N                0.2369              -0.7008              -0.4012
6    N               -2.1035              -1.0838              -0.1687
7    O               -1.8636               1.5559              -0.3925
8    H               -2.4879               0.8779              -0.6951
9    H               -0.0101              -0.5434              -1.3778
10   H               -0.7261              -0.9863               1.4312
11   H                1.0652               1.1335               0.2113
12   H               -2.4380              -1.8788               0.3567
13   H               -1.8367              -1.4261              -1.0814
14   H               -0.3678               1.5310               1.0147
15   H               -1.9332               1.0105               1.6126
16   H                2.8500               0.2398               1.5482
17   H                1.8104               0.6789              -2.0733
18   H                2.4785              -1.4281               1.0854
19   H                1.3261              -0.4951               2.0340
20   H                2.9851               1.2045              -0.8896
21   H                3.0223              -0.4595              -1.4568


Energy:                 -383.707133 Convergence criteria  Is converged 
Maximum Force:             0.015906     0.002850                No
RMS Force:                 0.008183     0.001900                No
Maximum Displacement:      0.011333     0.003150                No
RMS Displacement:          0.006362     0.002100                No

----------------------------------------------------------------------
                            Iteration: 14                             


                             Coordinates                              
----------------------------------------------------------------------
0    C               -0.9223              -0.4947               0.4647
1    C                1.3970               0.1224              -0.0343
2    C               -1.2724               0.9695               0.7467
3    C                2.0554              -0.4288               1.2224
4    C                2.3610               0.3628              -1.1863
5    N                0.2417              -0.6928              -0.3998
6    N               -2.0957              -1.0898              -0.1654
7    O               -1.8547               1.5566              -0.3885
8    H               -2.4910               0.8837              -0.6936
9    H               -0.0129              -0.5310              -1.3661
10   H               -0.7331              -0.9776               1.4251
11   H                1.0725               1.1335               0.2124
12   H               -2.4440              -1.8821               0.3555
13   H               -1.8415              -1.4343              -1.0806
14   H               -0.3813               1.5348               1.0140
15   H               -1.9407               1.0021               1.6126
16   H                2.8527               0.2379               1.5503
17   H                1.8128               0.6771              -2.0773
18   H                2.4761              -1.4242               1.0770
19   H                1.3311              -0.4950               2.0370
20   H                2.9948               1.2023              -0.8956
21   H                3.0144              -0.4687              -1.4516


Energy:                 -383.708130 Convergence criteria  Is converged 
Maximum Force:             0.009888     0.002850                No
RMS Force:                 0.006281     0.001900                No
Maximum Displacement:      0.013443     0.003150                No
RMS Displacement:          0.009596     0.002100                No

----------------------------------------------------------------------
                            Iteration: 15                             


                             Coordinates                              
----------------------------------------------------------------------
0    C               -0.9190              -0.4930               0.4581
1    C                1.4047               0.1329              -0.0313
2    C               -1.2790               0.9592               0.7471
3    C                2.0595              -0.4243               1.2233
4    C                2.3654               0.3625              -1.1887
5    N                0.2496              -0.6829              -0.3918
6    N               -2.0909              -1.1031              -0.1611
7    O               -1.8459               1.5594              -0.3901
8    H               -2.4970               0.8965              -0.6911
9    H               -0.0193              -0.5037              -1.3565
10   H               -0.7437              -0.9659               1.4253
11   H                1.0849               1.1436               0.2185
12   H               -2.4539              -1.8876               0.3553
13   H               -1.8479              -1.4514              -1.0842
14   H               -0.4002               1.5411               1.0158
15   H               -1.9538               0.9786               1.6081
16   H                2.8603               0.2346               1.5550
17   H                1.8189               0.6726              -2.0840
18   H                2.4728              -1.4185               1.0605
19   H                1.3406              -0.4951               2.0424
20   H                3.0138               1.1950              -0.9091
21   H                3.0001              -0.4866              -1.4430


Energy:                 -383.709101 Convergence criteria  Is converged 
Maximum Force:             0.020528     0.002850                No
RMS Force:                 0.008815     0.001900                No
Maximum Displacement:      0.027270     0.003150                No
RMS Displacement:          0.016590     0.002100                No

----------------------------------------------------------------------
                            Iteration: 16                             


                             Coordinates                              
----------------------------------------------------------------------
0    C               -0.9175              -0.4935               0.4603
1    C                1.4162               0.1537              -0.0228
2    C               -1.2900               0.9497               0.7447
3    C                2.0690              -0.4176               1.2244
4    C                2.3730               0.3593              -1.1928
5    N                0.2584              -0.6712              -0.3957
6    N               -2.0824              -1.1208              -0.1702
7    O               -1.8364               1.5636              -0.3944
8    H               -2.5081               0.9181              -0.6896
9    H               -0.0249              -0.4586              -1.3369
10   H               -0.7544              -0.9530               1.4291
11   H                1.1027               1.1639               0.2287
12   H               -2.4682              -1.9000               0.3608
13   H               -1.8589              -1.4789              -1.0871
14   H               -0.4291               1.5521               1.0240
15   H               -1.9789               0.9434               1.6026
16   H                2.8748               0.2304               1.5626
17   H                1.8294               0.6647              -2.0926
18   H                2.4685              -1.4118               1.0337
19   H                1.3554              -0.4948               2.0499
20   H                3.0452               1.1818              -0.9318
21   H                2.9760              -0.5168              -1.4285


Energy:                 -383.710061 Convergence criteria  Is converged 
Maximum Force:             0.017596     0.002850                No
RMS Force:                 0.011377     0.001900                No
Maximum Displacement:      0.045134     0.003150                No
RMS Displacement:          0.026319     0.002100                No

----------------------------------------------------------------------
                            Iteration: 17                             


                             Coordinates                              
----------------------------------------------------------------------
0    C               -0.9182              -0.4962               0.4592
1    C                1.4192               0.1637              -0.0204
2    C               -1.2979               0.9502               0.7453
3    C                2.0753              -0.4152               1.2249
4    C                2.3775               0.3565              -1.1925
5    N                0.2632              -0.6669              -0.3918
6    N               -2.0835              -1.1309              -0.1719
7    O               -1.8380               1.5636              -0.3986
8    H               -2.5142               0.9316              -0.6917
9    H               -0.0264              -0.4307              -1.3347
10   H               -0.7521              -0.9544               1.4359
11   H                1.1090               1.1782               0.2339
12   H               -2.4699              -1.9008               0.3627
13   H               -1.8612              -1.4959              -1.0927
14   H               -0.4433               1.5578               1.0343
15   H               -1.9947               0.9302               1.5992
16   H                2.8848               0.2294               1.5662
17   H                1.8350               0.6598              -2.0947
18   H                2.4674              -1.4103               1.0197
19   H                1.3635              -0.4942               2.0516
20   H                3.0620               1.1725              -0.9448
21   H                2.9625              -0.5342              -1.4205


Energy:                 -383.711025 Convergence criteria  Is converged 
Maximum Force:             0.009482     0.002850                No
RMS Force:                 0.007175     0.001900                No
Maximum Displacement:      0.027882     0.003150                No
RMS Displacement:          0.014168     0.002100                No

----------------------------------------------------------------------
                            Iteration: 18                             


                             Coordinates                              
----------------------------------------------------------------------
0    C               -0.9190              -0.5038               0.4616
1    C                1.4213               0.1774              -0.0165
2    C               -1.3127               0.9538               0.7512
3    C                2.0856              -0.4113               1.2239
4    C                2.3822               0.3509              -1.1899
5    N                0.2653              -0.6590              -0.3899
6    N               -2.0837              -1.1420              -0.1808
7    O               -1.8439               1.5646              -0.4043
8    H               -2.5269               0.9495              -0.6999
9    H               -0.0239              -0.3893              -1.3329
10   H               -0.7399              -0.9643               1.4431
11   H                1.1137               1.1986               0.2394
12   H               -2.4673              -1.9005               0.3675
13   H               -1.8619              -1.5200              -1.0976
14   H               -0.4648               1.5653               1.0552
15   H               -2.0192               0.9215               1.5916
16   H                2.9004               0.2279               1.5698
17   H                1.8432               0.6519              -2.0937
18   H                2.4673              -1.4101               1.0013
19   H                1.3754              -0.4932               2.0511
20   H                3.0859               1.1561              -0.9634
21   H                2.9427              -0.5604              -1.4084


Energy:                 -383.712138 Convergence criteria  Is converged 
Maximum Force:             0.011376     0.002850                No
RMS Force:                 0.007079     0.001900                No
Maximum Displacement:      0.041416     0.003150                No
RMS Displacement:          0.021002     0.002100                No

----------------------------------------------------------------------
                            Iteration: 19                             


                             Coordinates                              
----------------------------------------------------------------------
0    C               -0.9207              -0.5058               0.4647
1    C                1.4213               0.1907              -0.0106
2    C               -1.3249               0.9535               0.7540
3    C                2.0946              -0.4079               1.2204
4    C                2.3848               0.3416              -1.1861
5    N                0.2634              -0.6427              -0.3928
6    N               -2.0813              -1.1479              -0.1845
7    O               -1.8512               1.5650              -0.4059
8    H               -2.5417               0.9641              -0.7111
9    H               -0.0188              -0.3519              -1.3304
10   H               -0.7246              -0.9781               1.4440
11   H                1.1157               1.2148               0.2429
12   H               -2.4617              -1.8984               0.3720
13   H               -1.8562              -1.5420              -1.0997
14   H               -0.4860               1.5683               1.0791
15   H               -2.0464               0.9197               1.5831
16   H                2.9156               0.2246               1.5702
17   H                1.8505               0.6435              -2.0908
18   H                2.4686              -1.4080               0.9872
19   H                1.3873              -0.4927               2.0488
20   H                3.1077               1.1363              -0.9791
21   H                2.9241              -0.5830              -1.3973


Energy:                 -383.713064 Convergence criteria  Is converged 
Maximum Force:             0.013980     0.002850                No
RMS Force:                 0.007950     0.001900                No
Maximum Displacement:      0.037364     0.003150                No
RMS Displacement:          0.020127     0.002100                No

----------------------------------------------------------------------
                            Iteration: 20                             


                             Coordinates                              
----------------------------------------------------------------------
0    C               -0.9167              -0.5058               0.4665
1    C                1.4256               0.2194              -0.0026
2    C               -1.3705               0.9444               0.7672
3    C                2.1112              -0.3963               1.2143
4    C                2.3881               0.3243              -1.1750
5    N                0.2613              -0.5889              -0.3877
6    N               -2.0639              -1.1617              -0.2060
7    O               -1.8647               1.5654              -0.4057
8    H               -2.5770               0.9980              -0.7368
9    H               -0.0123              -0.2572              -1.3309
10   H               -0.6903              -1.0051               1.4271
11   H                1.1221               1.2518               0.2518
12   H               -2.4508              -1.8980               0.3879
13   H               -1.8345              -1.5860              -1.0787
14   H               -0.5412               1.5683               1.1372
15   H               -2.1143               0.9160               1.5547
16   H                2.9509               0.2110               1.5639
17   H                1.8663               0.6207              -2.0852
18   H                2.4735              -1.3983               0.9545
19   H                1.4191              -0.4936               2.0445
20   H                3.1596               1.0769              -1.0133
21   H                2.8786              -0.6416              -1.3695


Energy:                 -383.713571 Convergence criteria  Is converged 
Maximum Force:             0.048260     0.002850                No
RMS Force:                 0.019506     0.001900                No
Maximum Displacement:      0.094736     0.003150                No
RMS Displacement:          0.050985     0.002100                No

----------------------------------------------------------------------
                            Iteration: 21                             


                             Coordinates                              
----------------------------------------------------------------------
0    C               -0.9181              -0.5020               0.4665
1    C                1.4255               0.2221               0.0007
2    C               -1.3677               0.9437               0.7666
3    C                2.1112              -0.3971               1.2117
4    C                2.3877               0.3190              -1.1766
5    N                0.2578              -0.5812              -0.3987
6    N               -2.0643              -1.1584              -0.1927
7    O               -1.8667               1.5645              -0.4040
8    H               -2.5768               0.9970              -0.7377
9    H               -0.0106              -0.2590              -1.3262
10   H               -0.6881              -1.0064               1.4197
11   H                1.1220               1.2490               0.2507
12   H               -2.4471              -1.8936               0.3858
13   H               -1.8247              -1.5880              -1.0806
14   H               -0.5454               1.5623               1.1390
15   H               -2.1206               0.9195               1.5550
16   H                2.9508               0.2094               1.5600
17   H                1.8652               0.6197              -2.0844
18   H                2.4745              -1.3960               0.9571
19   H                1.4187              -0.4943               2.0455
20   H                3.1594               1.0723              -1.0100
21   H                2.8771              -0.6391              -1.3688


Energy:                 -383.714991 Convergence criteria  Is converged 
Maximum Force:             0.010122     0.002850                No
RMS Force:                 0.006183     0.001900                No
Maximum Displacement:      0.013300     0.003150                No
RMS Displacement:          0.006378     0.002100                No

----------------------------------------------------------------------
                            Iteration: 22                             


                             Coordinates                              
----------------------------------------------------------------------
0    C               -0.9181              -0.4965               0.4644
1    C                1.4265               0.2240               0.0010
2    C               -1.3697               0.9405               0.7661
3    C                2.1097              -0.3971               1.2107
4    C                2.3873               0.3161              -1.1778
5    N                0.2568              -0.5733              -0.4021
6    N               -2.0609              -1.1567              -0.1885
7    O               -1.8661               1.5647              -0.4020
8    H               -2.5764               0.9962              -0.7374
9    H               -0.0122              -0.2560              -1.3258
10   H               -0.6869              -1.0050               1.4108
11   H                1.1237               1.2479               0.2507
12   H               -2.4459              -1.8927               0.3868
13   H               -1.8150              -1.5878              -1.0748
14   H               -0.5505               1.5567               1.1407
15   H               -2.1281               0.9199               1.5543
16   H                2.9513               0.2073               1.5554
17   H                1.8641               0.6182              -2.0851
18   H                2.4756              -1.3932               0.9581
19   H                1.4197              -0.4953               2.0473
20   H                3.1606               1.0657              -1.0068
21   H                2.8746              -0.6399              -1.3676


Energy:                 -383.715416 Convergence criteria  Is converged 
Maximum Force:             0.008578     0.002850                No
RMS Force:                 0.004811     0.001900                No
Maximum Displacement:      0.009681     0.003150                No
RMS Displacement:          0.005382     0.002100                No

----------------------------------------------------------------------
                            Iteration: 23                             


                             Coordinates                              
----------------------------------------------------------------------
0    C               -0.9182              -0.4876               0.4602
1    C                1.4289               0.2321               0.0017
2    C               -1.3852               0.9356               0.7693
3    C                2.1099              -0.3951               1.2090
4    C                2.3870               0.3088              -1.1792
5    N                0.2553              -0.5537              -0.4070
6    N               -2.0541              -1.1579              -0.1848
7    O               -1.8672               1.5663              -0.4006
8    H               -2.5792               1.0013              -0.7390
9    H               -0.0166              -0.2285              -1.3277
10   H               -0.6776              -1.0052               1.3940
11   H                1.1311               1.2560               0.2536
12   H               -2.4415              -1.8903               0.3925
13   H               -1.7899              -1.5981              -1.0633
14   H               -0.5707               1.5481               1.1545
15   H               -2.1561               0.9160               1.5491
16   H                2.9588               0.2024               1.5452
17   H                1.8646               0.6113              -2.0868
18   H                2.4780              -1.3882               0.9519
19   H                1.4273              -0.4968               2.0521
20   H                3.1747               1.0433              -1.0060
21   H                2.8604              -0.6562              -1.3601


Energy:                 -383.715970 Convergence criteria  Is converged 
Maximum Force:             0.014107     0.002850                No
RMS Force:                 0.005460     0.001900                No
Maximum Displacement:      0.028000     0.003150                No
RMS Displacement:          0.016965     0.002100                No

----------------------------------------------------------------------
                            Iteration: 24                             


                             Coordinates                              
----------------------------------------------------------------------
0    C               -0.9211              -0.4779               0.4577
1    C                1.4294               0.2446               0.0025
2    C               -1.4091               0.9373               0.7758
3    C                2.1105              -0.3951               1.2065
4    C                2.3925               0.2946              -1.1820
5    N                0.2456              -0.5258              -0.4274
6    N               -2.0436              -1.1634              -0.1959
7    O               -1.8682               1.5720              -0.3992
8    H               -2.5793               1.0067              -0.7396
9    H               -0.0259              -0.1809              -1.3274
10   H               -0.6592              -0.9996               1.3756
11   H                1.1493               1.2721               0.2590
12   H               -2.4340              -1.8871               0.4061
13   H               -1.7438              -1.6153              -1.0407
14   H               -0.6042               1.5368               1.1772
15   H               -2.2032               0.9016               1.5421
16   H                2.9695               0.1984               1.5269
17   H                1.8654               0.6017              -2.0923
18   H                2.4800              -1.3830               0.9411
19   H                1.4389              -0.4979               2.0625
20   H                3.1969               1.0065              -1.0013
21   H                2.8335              -0.6825              -1.3487


Energy:                 -383.716271 Convergence criteria  Is converged 
Maximum Force:             0.030616     0.002850                No
RMS Force:                 0.012982     0.001900                No
Maximum Displacement:      0.047543     0.003150                No
RMS Displacement:          0.028793     0.002100                No

----------------------------------------------------------------------
                            Iteration: 25                             


                             Coordinates                              
----------------------------------------------------------------------
0    C               -0.9220              -0.4748               0.4537
1    C                1.4296               0.2481               0.0011
2    C               -1.4214               0.9350               0.7787
3    C                2.1111              -0.3938               1.2059
4    C                2.3919               0.2914              -1.1819
5    N                0.2447              -0.5163              -0.4249
6    N               -2.0425              -1.1661              -0.1941
7    O               -1.8695               1.5745              -0.3989
8    H               -2.5809               1.0105              -0.7413
9    H               -0.0307              -0.1572              -1.3325
10   H               -0.6511              -0.9994               1.3724
11   H                1.1559               1.2801               0.2612
12   H               -2.4304              -1.8839               0.4087
13   H               -1.7272              -1.6273              -1.0380
14   H               -0.6159               1.5366               1.1889
15   H               -2.2201               0.8958               1.5375
16   H                2.9744               0.1970               1.5213
17   H                1.8683               0.5974              -2.0927
18   H                2.4804              -1.3823               0.9350
19   H                1.4450              -0.4979               2.0649
20   H                3.2076               0.9926              -1.0025
21   H                2.8227              -0.6963              -1.3441


Energy:                 -383.716847 Convergence criteria  Is converged 
Maximum Force:             0.007385     0.002850                No
RMS Force:                 0.004966     0.001900                No
Maximum Displacement:      0.023762     0.003150                No
RMS Displacement:          0.011736     0.002100                No

----------------------------------------------------------------------
                            Iteration: 26                             


                             Coordinates                              
----------------------------------------------------------------------
0    C               -0.9233              -0.4749               0.4533
1    C                1.4285               0.2489              -0.0002
2    C               -1.4273               0.9354               0.7810
3    C                2.1112              -0.3937               1.2052
4    C                2.3916               0.2895              -1.1816
5    N                0.2420              -0.5121              -0.4256
6    N               -2.0423              -1.1686              -0.1976
7    O               -1.8710               1.5767              -0.3988
8    H               -2.5796               1.0118              -0.7420
9    H               -0.0348              -0.1428              -1.3346
10   H               -0.6459              -0.9966               1.3751
11   H                1.1617               1.2847               0.2621
12   H               -2.4283              -1.8818               0.4101
13   H               -1.7167              -1.6358              -1.0365
14   H               -0.6217               1.5392               1.1960
15   H               -2.2278               0.8895               1.5344
16   H                2.9755               0.1979               1.5179
17   H                1.8714               0.5958              -2.0929
18   H                2.4792              -1.3839               0.9316
19   H                1.4484              -0.4970               2.0664
20   H                3.2129               0.9855              -1.0024
21   H                2.8159              -0.7040              -1.3427


Energy:                 -383.717097 Convergence criteria  Is converged 
Maximum Force:             0.005002     0.002850                No
RMS Force:                 0.004095     0.001900                No
Maximum Displacement:      0.014351     0.003150                No
RMS Displacement:          0.006969     0.002100                No

----------------------------------------------------------------------
                            Iteration: 27                             


                             Coordinates                              
----------------------------------------------------------------------
0    C               -0.9255              -0.4736               0.4536
1    C                1.4262               0.2505              -0.0019
2    C               -1.4358               0.9362               0.7850
3    C                2.1108              -0.3947               1.2024
4    C                2.3912               0.2840              -1.1805
5    N                0.2351              -0.5007              -0.4302
6    N               -2.0395              -1.1725              -0.2048
7    O               -1.8740               1.5813              -0.3961
8    H               -2.5760               1.0125              -0.7440
9    H               -0.0440              -0.1158              -1.3364
10   H               -0.6365              -0.9883               1.3794
11   H                1.1740               1.2912               0.2629
12   H               -2.4245              -1.8776               0.4122
13   H               -1.6934              -1.6533              -1.0312
14   H               -0.6340               1.5434               1.2099
15   H               -2.2426               0.8761               1.5281
16   H                2.9758               0.1997               1.5095
17   H                1.8782               0.5937              -2.0936
18   H                2.4760              -1.3869               0.9265
19   H                1.4548              -0.4949               2.0691
20   H                3.2215               0.9706              -1.0003
21   H                2.8022              -0.7171              -1.3412


Energy:                 -383.717452 Convergence criteria  Is converged 
Maximum Force:             0.008772     0.002850                No
RMS Force:                 0.005241     0.001900                No
Maximum Displacement:      0.027032     0.003150                No
RMS Displacement:          0.013919     0.002100                No

----------------------------------------------------------------------
                            Iteration: 28                             


                             Coordinates                              
----------------------------------------------------------------------
0    C               -0.9252              -0.4670               0.4533
1    C                1.4234               0.2525              -0.0042
2    C               -1.4455               0.9345               0.7897
3    C                2.1080              -0.3970               1.1967
4    C                2.3905               0.2736              -1.1789
5    N                0.2254              -0.4785              -0.4365
6    N               -2.0285              -1.1791              -0.2150
7    O               -1.8806               1.5876              -0.3879
8    H               -2.5684               1.0123              -0.7498
9    H               -0.0611              -0.0750              -1.3349
10   H               -0.6251              -0.9725               1.3849
11   H                1.1920               1.2974               0.2622
12   H               -2.4212              -1.8706               0.4111
13   H               -1.6578              -1.6825              -1.0175
14   H               -0.6543               1.5502               1.2320
15   H               -2.2618               0.8549               1.5181
16   H                2.9727               0.2020               1.4947
17   H                1.8911               0.5927              -2.0940
18   H                2.4686              -1.3922               0.9211
19   H                1.4646              -0.4907               2.0710
20   H                3.2313               0.9461              -0.9962
21   H                2.7817              -0.7349              -1.3415


Energy:                 -383.717985 Convergence criteria  Is converged 
Maximum Force:             0.011716     0.002850                No
RMS Force:                 0.006067     0.001900                No
Maximum Displacement:      0.040788     0.003150                No
RMS Displacement:          0.021858     0.002100                No

----------------------------------------------------------------------
                            Iteration: 29                             


                             Coordinates                              
----------------------------------------------------------------------
0    C               -0.9211              -0.4625               0.4552
1    C                1.4232               0.2605              -0.0116
2    C               -1.4707               0.9416               0.8052
3    C                2.1042              -0.4034               1.1818
4    C                2.3903               0.2519              -1.1789
5    N                0.2121              -0.4326              -0.4546
6    N               -1.9987              -1.1839              -0.2215
7    O               -1.8916               1.6045              -0.3708
8    H               -2.5549               1.0074              -0.7668
9    H               -0.0953               0.0071              -1.3257
10   H               -0.6060              -0.9383               1.3824
11   H                1.2237               1.3113               0.2611
12   H               -2.4207              -1.8560               0.4092
13   H               -1.5784              -1.7450              -0.9884
14   H               -0.7030               1.5536               1.2734
15   H               -2.2994               0.8128               1.5025
16   H                2.9677               0.2024               1.4617
17   H                1.9144               0.5944              -2.0983
18   H                2.4519              -1.4006               0.9134
19   H                1.4759              -0.4824               2.0780
20   H                3.2526               0.8937              -0.9841
21   H                2.7436              -0.7729              -1.3445


Energy:                 -383.717870 Convergence criteria  Is converged 
Maximum Force:             0.027954     0.002850                No
RMS Force:                 0.015048     0.001900                No
Maximum Displacement:      0.082099     0.003150                No
RMS Displacement:          0.045085     0.002100                No

----------------------------------------------------------------------
                            Iteration: 30                             


                             Coordinates                              
----------------------------------------------------------------------
0    C               -0.9191              -0.4561               0.4538
1    C                1.4231               0.2579              -0.0104
2    C               -1.4616               0.9356               0.7991
3    C                2.1013              -0.4024               1.1854
4    C                2.3913               0.2551              -1.1800
5    N                0.2149              -0.4407              -0.4495
6    N               -1.9985              -1.1880              -0.2252
7    O               -1.8936               1.5993              -0.3721
8    H               -2.5524               1.0079              -0.7647
9    H               -0.0912              -0.0107              -1.3241
10   H               -0.6116              -0.9430               1.3862
11   H                1.2168               1.3047               0.2592
12   H               -2.4237              -1.8575               0.4061
13   H               -1.5964              -1.7315              -0.9862
14   H               -0.6920               1.5552               1.2658
15   H               -2.2874               0.8200               1.5071
16   H                2.9654               0.2022               1.4670
17   H                1.9123               0.5973              -2.0970
18   H                2.4526              -1.4013               0.9174
19   H                1.4728              -0.4825               2.0730
20   H                3.2447               0.9041              -0.9849
21   H                2.7524              -0.7617              -1.3476


Energy:                 -383.718751 Convergence criteria  Is converged 
Maximum Force:             0.005788     0.002850                No
RMS Force:                 0.003804     0.001900                No
Maximum Displacement:      0.017958     0.003150                No
RMS Displacement:          0.010300     0.002100                No

----------------------------------------------------------------------
                            Iteration: 31                             


                             Coordinates                              
----------------------------------------------------------------------
0    C               -0.9171              -0.4522               0.4535
1    C                1.4238               0.2586              -0.0113
2    C               -1.4627               0.9341               0.7985
3    C                2.0992              -0.4031               1.1842
4    C                2.3923               0.2527              -1.1816
5    N                0.2149              -0.4363              -0.4512
6    N               -1.9924              -1.1901              -0.2256
7    O               -1.8964               1.6007              -0.3691
8    H               -2.5490               1.0064              -0.7683
9    H               -0.0951              -0.0036              -1.3202
10   H               -0.6107              -0.9396               1.3860
11   H                1.2183               1.3047               0.2580
12   H               -2.4266              -1.8547               0.4042
13   H               -1.5886              -1.7376              -0.9791
14   H               -0.6969               1.5553               1.2696
15   H               -2.2892               0.8161               1.5083
16   H                2.9641               0.2010               1.4632
17   H                1.9153               0.5999              -2.0979
18   H                2.4492              -1.4030               0.9184
19   H                1.4717              -0.4808               2.0716
20   H                3.2458               0.8988              -0.9826
21   H                2.7501              -0.7637              -1.3503


Energy:                 -383.718904 Convergence criteria  Is converged 
Maximum Force:             0.004270     0.002850                No
RMS Force:                 0.002717     0.001900                No
Maximum Displacement:      0.007743     0.003150                No
RMS Displacement:          0.005155     0.002100                No

----------------------------------------------------------------------
                            Iteration: 32                             


                             Coordinates                              
----------------------------------------------------------------------
0    C               -0.9123              -0.4451               0.4529
1    C                1.4261               0.2613              -0.0153
2    C               -1.4700               0.9322               0.8003
3    C                2.0944              -0.4047               1.1808
4    C                2.3953               0.2468              -1.1859
5    N                0.2146              -0.4248              -0.4551
6    N               -1.9774              -1.1946              -0.2269
7    O               -1.9050               1.6049              -0.3626
8    H               -2.5391               1.0033              -0.7784
9    H               -0.1061               0.0215              -1.3119
10   H               -0.6058              -0.9305               1.3848
11   H                1.2235               1.3074               0.2553
12   H               -2.4350              -1.8459               0.4017
13   H               -1.5624              -1.7575              -0.9600
14   H               -0.7130               1.5547               1.2813
15   H               -2.2968               0.8043               1.5113
16   H                2.9628               0.1967               1.4523
17   H                1.9232               0.6068              -2.1009
18   H                2.4397              -1.4071               0.9200
19   H                1.4678              -0.4758               2.0688
20   H                3.2530               0.8822              -0.9765
21   H                2.7422              -0.7724              -1.3574


Energy:                 -383.719160 Convergence criteria  Is converged 
Maximum Force:             0.005313     0.002850                No
RMS Force:                 0.003439     0.001900                No
Maximum Displacement:      0.026245     0.003150                No
RMS Displacement:          0.015293     0.002100                No

----------------------------------------------------------------------
                            Iteration: 33                             


                             Coordinates                              
----------------------------------------------------------------------
0    C               -0.9086              -0.4391               0.4555
1    C                1.4299               0.2652              -0.0219
2    C               -1.4862               0.9283               0.8043
3    C                2.0876              -0.4049               1.1759
4    C                2.4004               0.2411              -1.1938
5    N                0.2120              -0.4085              -0.4650
6    N               -1.9607              -1.2055              -0.2311
7    O               -1.9181               1.6128              -0.3506
8    H               -2.5242               0.9953              -0.7985
9    H               -0.1189               0.0618              -1.2985
10   H               -0.5933              -0.9203               1.3859
11   H                1.2313               1.3131               0.2493
12   H               -2.4506              -1.8238               0.3994
13   H               -1.5172              -1.7908              -0.9273
14   H               -0.7366               1.5550               1.2990
15   H               -2.3083               0.7867               1.5187
16   H                2.9649               0.1859               1.4386
17   H                1.9371               0.6197              -2.1055
18   H                2.4218              -1.4145               0.9224
19   H                1.4569              -0.4653               2.0618
20   H                3.2705               0.8564              -0.9682
21   H                2.7303              -0.7848              -1.3718


Energy:                 -383.719500 Convergence criteria  Is converged 
Maximum Force:             0.011198     0.002850                No
RMS Force:                 0.006799     0.001900                No
Maximum Displacement:      0.045210     0.003150                No
RMS Displacement:          0.025261     0.002100                No

----------------------------------------------------------------------
                            Iteration: 34                             


                             Coordinates                              
----------------------------------------------------------------------
0    C               -0.9063              -0.4351               0.4560
1    C                1.4335               0.2701              -0.0307
2    C               -1.5014               0.9253               0.8119
3    C                2.0803              -0.4064               1.1697
4    C                2.4082               0.2352              -1.2013
5    N                0.2089              -0.3919              -0.4708
6    N               -1.9400              -1.2132              -0.2372
7    O               -1.9379               1.6165              -0.3401
8    H               -2.5033               0.9893              -0.8202
9    H               -0.1329               0.1095              -1.2868
10   H               -0.5777              -0.9104               1.3877
11   H                1.2399               1.3194               0.2414
12   H               -2.4723              -1.7988               0.3999
13   H               -1.4648              -1.8312              -0.8891
14   H               -0.7646               1.5537               1.3173
15   H               -2.3224               0.7672               1.5284
16   H                2.9688               0.1720               1.4253
17   H                1.9533               0.6358              -2.1113
18   H                2.3995              -1.4221               0.9254
19   H                1.4425              -0.4518               2.0528
20   H                3.2916               0.8269              -0.9602
21   H                2.7167              -0.7965              -1.3896


Energy:                 -383.719875 Convergence criteria  Is converged 
Maximum Force:             0.006866     0.002850                No
RMS Force:                 0.004416     0.001900                No
Maximum Displacement:      0.052359     0.003150                No
RMS Displacement:          0.029249     0.002100                No

----------------------------------------------------------------------
                            Iteration: 35                             


                             Coordinates                              
----------------------------------------------------------------------
0    C               -0.9061              -0.4398               0.4581
1    C                1.4351               0.2702              -0.0346
2    C               -1.5072               0.9231               0.8177
3    C                2.0789              -0.4057               1.1679
4    C                2.4115               0.2385              -1.2028
5    N                0.2064              -0.3879              -0.4709
6    N               -1.9375              -1.2175              -0.2385
7    O               -1.9469               1.6122              -0.3368
8    H               -2.4939               0.9865              -0.8281
9    H               -0.1318               0.1207              -1.2854
10   H               -0.5712              -0.9119               1.3878
11   H                1.2414               1.3209               0.2361
12   H               -2.4833              -1.7825               0.3990
13   H               -1.4516              -1.8452              -0.8712
14   H               -0.7699               1.5530               1.3180
15   H               -2.3239               0.7643               1.5335
16   H                2.9728               0.1623               1.4281
17   H                1.9612               0.6443              -2.1115
18   H                2.3877              -1.4246               0.9271
19   H                1.4329              -0.4433               2.0462
20   H                3.3010               0.8198              -0.9613
21   H                2.7144              -0.7936              -1.3999


Energy:                 -383.720174 Convergence criteria  Is converged 
Maximum Force:             0.006294     0.002850                No
RMS Force:                 0.004080     0.001900                No
Maximum Displacement:      0.017856     0.003150                No
RMS Displacement:          0.011051     0.002100                No

----------------------------------------------------------------------
                            Iteration: 36                             


                             Coordinates                              
----------------------------------------------------------------------
0    C               -0.9081              -0.4446               0.4606
1    C                1.4370               0.2714              -0.0381
2    C               -1.5135               0.9183               0.8236
3    C                2.0767              -0.4046               1.1660
4    C                2.4150               0.2427              -1.2039
5    N                0.2037              -0.3826              -0.4710
6    N               -1.9331              -1.2185              -0.2414
7    O               -1.9544               1.6084              -0.3289
8    H               -2.4853               0.9783              -0.8397
9    H               -0.1293               0.1327              -1.2861
10   H               -0.5624              -0.9164               1.3881
11   H                1.2442               1.3224               0.2288
12   H               -2.5000              -1.7625               0.4005
13   H               -1.4372              -1.8653              -0.8490
14   H               -0.7743               1.5525               1.3171
15   H               -2.3273               0.7613               1.5403
16   H                2.9783               0.1488               1.4347
17   H                1.9721               0.6559              -2.1112
18   H                2.3716              -1.4282               0.9286
19   H                1.4211              -0.4311               2.0372
20   H                3.3138               0.8123              -0.9641
21   H                2.7113              -0.7877              -1.4135


Energy:                 -383.720455 Convergence criteria  Is converged 
Maximum Force:             0.008321     0.002850                No
RMS Force:                 0.003977     0.001900                No
Maximum Displacement:      0.022244     0.003150                No
RMS Displacement:          0.014236     0.002100                No

----------------------------------------------------------------------
                            Iteration: 37                             


                             Coordinates                              
----------------------------------------------------------------------
0    C               -0.9101              -0.4464               0.4631
1    C                1.4384               0.2740              -0.0360
2    C               -1.5100               0.9127               0.8262
3    C                2.0764              -0.4029               1.1672
4    C                2.4175               0.2502              -1.2027
5    N                0.2042              -0.3828              -0.4716
6    N               -1.9391              -1.2169              -0.2414
7    O               -1.9580               1.5982              -0.3276
8    H               -2.4810               0.9713              -0.8405
9    H               -0.1194               0.1231              -1.2931
10   H               -0.5579              -0.9299               1.3873
11   H                1.2453               1.3228               0.2236
12   H               -2.5133              -1.7460               0.4025
13   H               -1.4456              -1.8762              -0.8378
14   H               -0.7661               1.5511               1.3067
15   H               -2.3288               0.7661               1.5467
16   H                2.9834               0.1365               1.4513
17   H                1.9780               0.6663              -2.1093
18   H                2.3591              -1.4300               0.9283
19   H                1.4132              -0.4202               2.0306
20   H                3.3206               0.8177              -0.9719
21   H                2.7131              -0.7750              -1.4231


Energy:                 -383.720704 Convergence criteria  Is converged 
Maximum Force:             0.009235     0.002850                No
RMS Force:                 0.005019     0.001900                No
Maximum Displacement:      0.016677     0.003150                No
RMS Displacement:          0.012113     0.002100                No

----------------------------------------------------------------------
                            Iteration: 38                             


                             Coordinates                              
----------------------------------------------------------------------
0    C               -0.9054              -0.4467               0.4628
1    C                1.4420               0.2767              -0.0366
2    C               -1.5116               0.9104               0.8288
3    C                2.0753              -0.4026               1.1685
4    C                2.4201               0.2555              -1.2032
5    N                0.2076              -0.3811              -0.4703
6    N               -1.9388              -1.2159              -0.2423
7    O               -1.9583               1.5945              -0.3246
8    H               -2.4790               0.9612              -0.8414
9    H               -0.1161               0.1185              -1.2992
10   H               -0.5565              -0.9373               1.3825
11   H                1.2479               1.3270               0.2220
12   H               -2.5252              -1.7336               0.4044
13   H               -1.4519              -1.8880              -0.8267
14   H               -0.7616               1.5490               1.3015
15   H               -2.3296               0.7674               1.5494
16   H                2.9845               0.1272               1.4612
17   H                1.9821               0.6761              -2.1087
18   H                2.3481              -1.4320               0.9276
19   H                1.4089              -0.4121               2.0286
20   H                3.3246               0.8198              -0.9759
21   H                2.7127              -0.7702              -1.4299


Energy:                 -383.720973 Convergence criteria  Is converged 
Maximum Force:             0.004419     0.002850                No
RMS Force:                 0.003691     0.001900                No
Maximum Displacement:      0.012383     0.003150                No
RMS Displacement:          0.008785     0.002100                No

----------------------------------------------------------------------
                            Iteration: 39                             


                             Coordinates                              
----------------------------------------------------------------------
0    C               -0.8985              -0.4458               0.4600
1    C                1.4497               0.2848              -0.0379
2    C               -1.5137               0.9080               0.8316
3    C                2.0714              -0.4029               1.1696
4    C                2.4249               0.2603              -1.2080
5    N                0.2147              -0.3736              -0.4737
6    N               -1.9339              -1.2145              -0.2414
7    O               -1.9619               1.5892              -0.3216
8    H               -2.4726               0.9439              -0.8414
9    H               -0.1145               0.1148              -1.3044
10   H               -0.5534              -0.9458               1.3732
11   H                1.2551               1.3360               0.2209
12   H               -2.5450              -1.7100               0.4065
13   H               -1.4564              -1.9148              -0.8057
14   H               -0.7592               1.5448               1.2983
15   H               -2.3325               0.7650               1.5538
16   H                2.9849               0.1120               1.4722
17   H                1.9891               0.6946              -2.1086
18   H                2.3278              -1.4365               0.9266
19   H                1.4022              -0.3990               2.0280
20   H                3.3327               0.8200              -0.9786
21   H                2.7092              -0.7671              -1.4409


Energy:                 -383.721301 Convergence criteria  Is converged 
Maximum Force:             0.006543     0.002850                No
RMS Force:                 0.004329     0.001900                No
Maximum Displacement:      0.026860     0.003150                No
RMS Displacement:          0.015061     0.002100                No

----------------------------------------------------------------------
                            Iteration: 40                             


                             Coordinates                              
----------------------------------------------------------------------
0    C               -0.8948              -0.4446               0.4541
1    C                1.4559               0.2946              -0.0403
2    C               -1.5110               0.9050               0.8300
3    C                2.0657              -0.4030               1.1708
4    C                2.4305               0.2654              -1.2127
5    N                0.2226              -0.3686              -0.4732
6    N               -1.9276              -1.2179              -0.2431
7    O               -1.9650               1.5834              -0.3223
8    H               -2.4672               0.9266              -0.8356
9    H               -0.1142               0.1087              -1.3122
10   H               -0.5508              -0.9523               1.3641
11   H                1.2645               1.3457               0.2230
12   H               -2.5594              -1.6848               0.4071
13   H               -1.4687              -1.9369              -0.7852
14   H               -0.7559               1.5414               1.2979
15   H               -2.3313               0.7618               1.5553
16   H                2.9842               0.0994               1.4804
17   H                1.9929               0.7126              -2.1083
18   H                2.3082              -1.4404               0.9262
19   H                1.3983              -0.3891               2.0311
20   H                3.3378               0.8218              -0.9796
21   H                2.7052              -0.7651              -1.4490


Energy:                 -383.721538 Convergence criteria  Is converged 
Maximum Force:             0.008301     0.002850                No
RMS Force:                 0.005553     0.001900                No
Maximum Displacement:      0.025241     0.003150                No
RMS Displacement:          0.014177     0.002100                No

----------------------------------------------------------------------
                            Iteration: 41                             


                             Coordinates                              
----------------------------------------------------------------------
0    C               -0.8896              -0.4479               0.4517
1    C                1.4601               0.3001              -0.0424
2    C               -1.5114               0.9029               0.8307
3    C                2.0613              -0.4019               1.1706
4    C                2.4342               0.2706              -1.2165
5    N                0.2246              -0.3621              -0.4772
6    N               -1.9257              -1.2194              -0.2429
7    O               -1.9702               1.5778              -0.3228
8    H               -2.4608               0.9124              -0.8326
9    H               -0.1130               0.1064              -1.3149
10   H               -0.5471              -0.9544               1.3569
11   H                1.2734               1.3544               0.2240
12   H               -2.5709              -1.6584               0.4060
13   H               -1.4713              -1.9615              -0.7670
14   H               -0.7562               1.5385               1.2998
15   H               -2.3268               0.7571               1.5552
16   H                2.9841               0.0877               1.4841
17   H                1.9977               0.7280              -2.1075
18   H                2.2893              -1.4433               0.9270
19   H                1.3930              -0.3806               2.0325
20   H                3.3446               0.8203              -0.9792
21   H                2.7007              -0.7631              -1.4572


Energy:                 -383.721748 Convergence criteria  Is converged 
Maximum Force:             0.006488     0.002850                No
RMS Force:                 0.003573     0.001900                No
Maximum Displacement:      0.026395     0.003150                No
RMS Displacement:          0.012869     0.002100                No

----------------------------------------------------------------------
                            Iteration: 42                             


                             Coordinates                              
----------------------------------------------------------------------
0    C               -0.8900              -0.4493               0.4494
1    C                1.4591               0.3023              -0.0426
2    C               -1.5078               0.9018               0.8287
3    C                2.0585              -0.4012               1.1704
4    C                2.4344               0.2720              -1.2173
5    N                0.2243              -0.3605              -0.4795
6    N               -1.9238              -1.2200              -0.2458
7    O               -1.9724               1.5748              -0.3241
8    H               -2.4590               0.9064              -0.8301
9    H               -0.1125               0.1052              -1.3159
10   H               -0.5442              -0.9532               1.3564
11   H                1.2785               1.3569               0.2254
12   H               -2.5740              -1.6458               0.4062
13   H               -1.4733              -1.9711              -0.7601
14   H               -0.7575               1.5376               1.3026
15   H               -2.3217               0.7535               1.5537
16   H                2.9842               0.0843               1.4817
17   H                1.9986               0.7334              -2.1064
18   H                2.2811              -1.4433               0.9285
19   H                1.3917              -0.3791               2.0338
20   H                3.3474               0.8197              -0.9773
21   H                2.6980              -0.7610              -1.4592


Energy:                 -383.721893 Convergence criteria  Is converged 
Maximum Force:             0.003862     0.002850                No
RMS Force:                 0.002771     0.001900                No
Maximum Displacement:      0.012605     0.003150                No
RMS Displacement:          0.005588     0.002100                No

----------------------------------------------------------------------
                            Iteration: 43                             


                             Coordinates                              
----------------------------------------------------------------------
0    C               -0.8880              -0.4502               0.4452
1    C                1.4566               0.3047              -0.0427
2    C               -1.5021               0.8985               0.8247
3    C                2.0533              -0.3997               1.1703
4    C                2.4345               0.2765              -1.2155
5    N                0.2256              -0.3598              -0.4813
6    N               -1.9225              -1.2201              -0.2509
7    O               -1.9755               1.5693              -0.3256
8    H               -2.4566               0.8952              -0.8270
9    H               -0.1121               0.1047              -1.3209
10   H               -0.5384              -0.9506               1.3565
11   H                1.2866               1.3598               0.2273
12   H               -2.5803              -1.6220               0.4066
13   H               -1.4758              -1.9885              -0.7483
14   H               -0.7585               1.5367               1.3068
15   H               -2.3121               0.7461               1.5517
16   H                2.9851               0.0788               1.4759
17   H                2.0002               0.7426              -2.1039
18   H                2.2663              -1.4436               0.9313
19   H                1.3894              -0.3764               2.0350
20   H                3.3512               0.8175              -0.9738
21   H                2.6931              -0.7559              -1.4629


Energy:                 -383.722040 Convergence criteria  Is converged 
Maximum Force:             0.004442     0.002850                No
RMS Force:                 0.002983     0.001900                No
Maximum Displacement:      0.023739     0.003150                No
RMS Displacement:          0.010047     0.002100                No

----------------------------------------------------------------------
                            Iteration: 44                             


                             Coordinates                              
----------------------------------------------------------------------
0    C               -0.8821              -0.4522               0.4437
1    C                1.4558               0.3050              -0.0420
2    C               -1.4988               0.8965               0.8231
3    C                2.0498              -0.3988               1.1703
4    C                2.4330               0.2811              -1.2125
5    N                0.2255              -0.3585              -0.4879
6    N               -1.9175              -1.2220              -0.2589
7    O               -1.9767               1.5644              -0.3257
8    H               -2.4561               0.8842              -0.8268
9    H               -0.1102               0.1038              -1.3240
10   H               -0.5334              -0.9464               1.3555
11   H                1.2911               1.3614               0.2286
12   H               -2.5882              -1.5999               0.4077
13   H               -1.4797              -2.0001              -0.7342
14   H               -0.7586               1.5359               1.3086
15   H               -2.3034               0.7374               1.5504
16   H                2.9858               0.0743               1.4677
17   H                2.0022               0.7501              -2.0997
18   H                2.2525              -1.4443               0.9340
19   H                1.3870              -0.3732               2.0361
20   H                3.3537               0.8147              -0.9695
21   H                2.6882              -0.7498              -1.4661


Energy:                 -383.722063 Convergence criteria  Is converged 
Maximum Force:             0.012358     0.002850                No
RMS Force:                 0.005289     0.001900                No
Maximum Displacement:      0.022132     0.003150                No
RMS Displacement:          0.009577     0.002100                No

----------------------------------------------------------------------
                            Iteration: 45                             


                             Coordinates                              
----------------------------------------------------------------------
0    C               -0.8829              -0.4509               0.4429
1    C                1.4555               0.3044              -0.0420
2    C               -1.4991               0.8966               0.8235
3    C                2.0506              -0.3995               1.1705
4    C                2.4329               0.2800              -1.2120
5    N                0.2267              -0.3599              -0.4858
6    N               -1.9190              -1.2201              -0.2556
7    O               -1.9761               1.5648              -0.3257
8    H               -2.4568               0.8873              -0.8275
9    H               -0.1107               0.1047              -1.3245
10   H               -0.5341              -0.9470               1.3565
11   H                1.2884               1.3596               0.2281
12   H               -2.5863              -1.6046               0.4068
13   H               -1.4785              -1.9970              -0.7377
14   H               -0.7579               1.5363               1.3071
15   H               -2.3057               0.7383               1.5513
16   H                2.9859               0.0761               1.4677
17   H                2.0015               0.7477              -2.0998
18   H                2.2560              -1.4444               0.9335
19   H                1.3879              -0.3738               2.0357
20   H                3.3524               0.8151              -0.9697
21   H                2.6891              -0.7502              -1.4649


Energy:                 -383.722157 Convergence criteria  Is converged 
Maximum Force:             0.004341     0.002850                No
RMS Force:                 0.002049     0.001900                No
Maximum Displacement:      0.004717     0.003150                No
RMS Displacement:          0.002548     0.002100                No

----------------------------------------------------------------------
                            Iteration: 46                             


                             Coordinates                              
----------------------------------------------------------------------
0    C               -0.8815              -0.4502               0.4420
1    C                1.4555               0.3037              -0.0418
2    C               -1.4990               0.8959               0.8238
3    C                2.0506              -0.4002               1.1706
4    C                2.4327               0.2805              -1.2106
5    N                0.2282              -0.3606              -0.4864
6    N               -1.9187              -1.2184              -0.2540
7    O               -1.9760               1.5635              -0.3257
8    H               -2.4571               0.8872              -0.8284
9    H               -0.1103               0.1053              -1.3259
10   H               -0.5332              -0.9465               1.3565
11   H                1.2861               1.3583               0.2279
12   H               -2.5875              -1.6023               0.4060
13   H               -1.4785              -1.9974              -0.7362
14   H               -0.7569               1.5365               1.3054
15   H               -2.3060               0.7362               1.5524
16   H                2.9863               0.0764               1.4653
17   H                2.0016               0.7480              -2.0984
18   H                2.2552              -1.4452               0.9336
19   H                1.3881              -0.3728               2.0356
20   H                3.3518               0.8147              -0.9684
21   H                2.6886              -0.7490              -1.4649


Energy:                 -383.722207 Convergence criteria  Is converged 
Maximum Force:             0.003292     0.002850                No
RMS Force:                 0.001576     0.001900                Yes
Maximum Displacement:      0.002417     0.003150                Yes
RMS Displacement:          0.001693     0.002100                Yes

----------------------------------------------------------------------
                            Iteration: 47                             


                             Coordinates                              
----------------------------------------------------------------------
0    C               -0.8778              -0.4496               0.4402
1    C                1.4552               0.3029              -0.0415
2    C               -1.4977               0.8939               0.8238
3    C                2.0495              -0.4013               1.1706
4    C                2.4325               0.2823              -1.2078
5    N                0.2306              -0.3615              -0.4894
6    N               -1.9165              -1.2160              -0.2524
7    O               -1.9767               1.5598              -0.3261
8    H               -2.4573               0.8843              -0.8300
9    H               -0.1085               0.1061              -1.3290
10   H               -0.5299              -0.9446               1.3555
11   H                1.2817               1.3562               0.2281
12   H               -2.5922              -1.5914               0.4043
13   H               -1.4798              -2.0013              -0.7291
14   H               -0.7548               1.5366               1.3019
15   H               -2.3042               0.7296               1.5543
16   H                2.9874               0.0756               1.4584
17   H                2.0020               0.7513              -2.0943
18   H                2.2502              -1.4476               0.9344
19   H                1.3880              -0.3693               2.0361
20   H                3.3517               0.8137              -0.9641
21   H                2.6863              -0.7458              -1.4657


Energy:                 -383.722277 Convergence criteria  Is converged 
Maximum Force:             0.002803     0.002850                Yes
RMS Force:                 0.002063     0.001900                No
Maximum Displacement:      0.010870     0.003150                No
RMS Displacement:          0.005115     0.002100                No

----------------------------------------------------------------------
                            Iteration: 48                             


                             Coordinates                              
----------------------------------------------------------------------
0    C               -0.8746              -0.4496               0.4380
1    C                1.4539               0.3020              -0.0421
2    C               -1.4959               0.8913               0.8227
3    C                2.0478              -0.4029               1.1698
4    C                2.4338               0.2847              -1.2056
5    N                0.2320              -0.3630              -0.4927
6    N               -1.9133              -1.2142              -0.2514
7    O               -1.9786               1.5559              -0.3260
8    H               -2.4571               0.8792              -0.8316
9    H               -0.1052               0.1068              -1.3326
10   H               -0.5232              -0.9429               1.3532
11   H                1.2742               1.3539               0.2297
12   H               -2.5998              -1.5741               0.4024
13   H               -1.4820              -2.0074              -0.7177
14   H               -0.7527               1.5368               1.2965
15   H               -2.2995               0.7203               1.5557
16   H                2.9889               0.0731               1.4489
17   H                2.0021               0.7585              -2.0891
18   H                2.2427              -1.4515               0.9358
19   H                1.3895              -0.3632               2.0378
20   H                3.3533               0.8137              -0.9563
21   H                2.6835              -0.7439              -1.4670


Energy:                 -383.722359 Convergence criteria  Is converged 
Maximum Force:             0.003912     0.002850                No
RMS Force:                 0.002165     0.001900                No
Maximum Displacement:      0.017377     0.003150                No
RMS Displacement:          0.007744     0.002100                No

----------------------------------------------------------------------
                            Iteration: 49                             


                             Coordinates                              
----------------------------------------------------------------------
0    C               -0.8662              -0.4515               0.4372
1    C                1.4520               0.2995              -0.0406
2    C               -1.4920               0.8882               0.8200
3    C                2.0454              -0.4049               1.1667
4    C                2.4351               0.2899              -1.2019
5    N                0.2337              -0.3647              -0.5052
6    N               -1.9147              -1.2113              -0.2497
7    O               -1.9888               1.5470              -0.3289
8    H               -2.4531               0.8730              -0.8317
9    H               -0.0986               0.1052              -1.3361
10   H               -0.5096              -0.9406               1.3461
11   H                1.2580               1.3485               0.2334
12   H               -2.6157              -1.5396               0.3991
13   H               -1.4850              -2.0237              -0.6969
14   H               -0.7494               1.5369               1.2860
15   H               -2.2886               0.7051               1.5574
16   H                2.9919               0.0653               1.4312
17   H                2.0050               0.7748              -2.0792
18   H                2.2284              -1.4575               0.9392
19   H                1.3969              -0.3497               2.0419
20   H                3.3553               0.8139              -0.9403
21   H                2.6799              -0.7402              -1.4692


Energy:                 -383.722187 Convergence criteria  Is converged 
Maximum Force:             0.014787     0.002850                No
RMS Force:                 0.009162     0.001900                No
Maximum Displacement:      0.034430     0.003150                No
RMS Displacement:          0.015642     0.002100                No

----------------------------------------------------------------------
                            Iteration: 50                             


                             Coordinates                              
----------------------------------------------------------------------
0    C               -0.8708              -0.4507               0.4362
1    C                1.4521               0.3008              -0.0424
2    C               -1.4935               0.8890               0.8204
3    C                2.0459              -0.4044               1.1680
4    C                2.4355               0.2879              -1.2037
5    N                0.2327              -0.3649              -0.4984
6    N               -1.9118              -1.2135              -0.2517
7    O               -1.9838               1.5521              -0.3261
8    H               -2.4556               0.8729              -0.8327
9    H               -0.1010               0.1064              -1.3358
10   H               -0.5137              -0.9418               1.3488
11   H                1.2638               1.3509               0.2325
12   H               -2.6108              -1.5514               0.4009
13   H               -1.4849              -2.0169              -0.7030
14   H               -0.7507               1.5370               1.2897
15   H               -2.2919               0.7103               1.5565
16   H                2.9910               0.0679               1.4375
17   H                2.0035               0.7698              -2.0829
18   H                2.2332              -1.4557               0.9380
19   H                1.3943              -0.3543               2.0407
20   H                3.3553               0.8143              -0.9456
21   H                2.6811              -0.7422              -1.4686


Energy:                 -383.722432 Convergence criteria  Is converged 
Maximum Force:             0.001689     0.002850                Yes
RMS Force:                 0.001219     0.001900                Yes
Maximum Displacement:      0.011792     0.003150                No
RMS Displacement:          0.005746     0.002100                No

----------------------------------------------------------------------
                            Iteration: 51                             


                             Coordinates                              
----------------------------------------------------------------------
0    C               -0.8713              -0.4510               0.4360
1    C                1.4519               0.3008              -0.0425
2    C               -1.4935               0.8893               0.8201
3    C                2.0461              -0.4043               1.1678
4    C                2.4356               0.2880              -1.2039
5    N                0.2323              -0.3651              -0.4983
6    N               -1.9121              -1.2142              -0.2522
7    O               -1.9844               1.5527              -0.3258
8    H               -2.4554               0.8728              -0.8327
9    H               -0.1012               0.1062              -1.3356
10   H               -0.5134              -0.9424               1.3485
11   H                1.2634               1.3509               0.2328
12   H               -2.6112              -1.5514               0.4012
13   H               -1.4853              -2.0171              -0.7027
14   H               -0.7509               1.5372               1.2897
15   H               -2.2914               0.7110               1.5562
16   H                2.9912               0.0673               1.4378
17   H                2.0040               0.7704              -2.0831
18   H                2.2333              -1.4556               0.9381
19   H                1.3952              -0.3539               2.0410
20   H                3.3553               0.8145              -0.9453
21   H                2.6815              -0.7424              -1.4685


Energy:                 -383.722443 Convergence criteria  Is converged 
Maximum Force:             0.001529     0.002850                Yes
RMS Force:                 0.000964     0.001900                Yes
Maximum Displacement:      0.000966     0.003150                Yes
RMS Displacement:          0.000588     0.002100                Yes

LBFGS optimization converged at iteration 51.

Final optimized structure written to: /home/user/software/MaLePSO/example/opt/lbfgs/solv1_opt.xyz
