
**********************************************************************
*                                                                    *
*                        M   A   P   L   E                           *
*                                                                    *
*      MAchine-learning Potential for Landscape Exploration          *
*                                                                    *
*                                                                    *
*      © 2025 University of Pittsburgh. All rights reserved.         *
*      Licensed under CC BY 4.0 for academic use.                    *
*                                                                    *
*      Principal Developer:  Xujian Wang                             *
*                                                                    *
**********************************************************************


Parsing # commands...
Global parameter: model = ANI-1xnr
Task set to 'ts'
Global parameter: device = gpu0
Parsed configuration:
----------------------------------------
Task: ts
model          : ani1xnr
method         : prfo
device         : gpu0

                             Coordinates                              
**********************************************************************

Group 1 (inline)
--------------------
1    C             -0.867500            -1.121200             0.145100
2    C              1.206300             0.088800             0.037500
3    C             -0.801200             1.803900             0.777700
4    C              1.927000            -0.523800             1.229900
5    C              2.173500             0.519400            -1.052000
6    N              0.243600            -0.900600            -0.557000
7    N             -2.008000            -1.593700            -0.419100
8    O             -1.607300             1.474300            -0.275700
9    H             -1.969800             0.587500            -0.141100
10   H              0.029000            -0.637000            -1.528700
11   H             -0.897800            -0.802100             1.184200
12   H              0.598500             0.980900             0.393000
13   H             -2.667500            -1.972100             0.264700
14   H             -1.882900            -2.254500            -1.192700
15   H             -0.428800             2.821000             0.714500
16   H             -1.018100             1.439200             1.783200
17   H              2.604600             0.208900             1.680900
18   H              1.650300             1.008400            -1.881800
19   H              2.509600            -1.398200             0.921700
20   H              1.210100            -0.836300             1.993700
21   H              2.911100             1.226100            -0.658700
22   H              2.705000            -0.355400            -1.440800

Starting Transition State Search (TS) with RS-PRFO...
Trust radius adaptation: eta_shrink=0.75, eta_expand=1.75
Convergence thresholds: f_max=0.002850, f_rms=0.001900, dp_max=0.003150, dp_rms=0.002100

----------------------------------------------------------------------
                             Iteration: 1                             


                             Coordinates                              
----------------------------------------------------------------------
0    C               -0.8698              -1.1412               0.1597
1    C                1.2139               0.0866               0.0352
2    C               -0.8073               1.8064               0.7739
3    C                1.9318              -0.5237               1.2377
4    C                2.1785               0.5244              -1.0565
5    N                0.2415              -0.8985              -0.5598
6    N               -2.0083              -1.6002              -0.4234
7    O               -1.6069               1.4916              -0.2777
8    H               -2.0540               0.6296              -0.1756
9    H                0.0170              -0.6801              -1.5297
10   H               -0.8942              -0.8715               1.2091
11   H                0.5746               1.0034               0.4039
12   H               -2.6894              -1.9474               0.2497
13   H               -1.8854              -2.2486              -1.2025
14   H               -0.4115               2.8162               0.7227
15   H               -1.0198               1.4054               1.7699
16   H                2.6104               0.2077               1.6817
17   H                1.6507               1.0091              -1.8820
18   H                2.5197              -1.3953               0.9345
19   H                1.2274              -0.8354               2.0111
20   H                2.9131               1.2292              -0.6634
21   H                2.7119              -0.3454              -1.4511


Energy:                  -72.416507 Convergence criteria  Is converged 
Maximum Force:             0.036191     0.002850                No
RMS Force:                 0.008964     0.001900                No
Maximum Displacement:      0.084164     0.003150                No
RMS Displacement:          0.019204     0.002100                No

Model change: -8.343301e-03  Actual change: -8.191884e-03  rho: 0.982
Trust radius (MW):  0.200000  Step norm (MW):  0.200000  On boundary: True

----------------------------------------------------------------------
                             Iteration: 2                             


                             Coordinates                              
----------------------------------------------------------------------
0    C               -0.8756              -1.1574               0.1717
1    C                1.2223               0.0833               0.0328
2    C               -0.8120               1.8084               0.7665
3    C                1.9373              -0.5206               1.2468
4    C                2.1848               0.5247              -1.0637
5    N                0.2358              -0.8986              -0.5530
6    N               -2.0074              -1.6117              -0.4241
7    O               -1.6091               1.5143              -0.2839
8    H               -2.1150               0.6825              -0.1877
9    H                0.0199              -0.7318              -1.5342
10   H               -0.8975              -0.9224               1.2318
11   H                0.5815               1.0005               0.3984
12   H               -2.7228              -1.9177               0.2322
13   H               -1.8868              -2.2533              -1.2078
14   H               -0.3897               2.8072               0.7306
15   H               -1.0147               1.3752               1.7510
16   H                2.6152               0.2152               1.6839
17   H                1.6506               1.0059              -1.8863
18   H                2.5292              -1.3918               0.9519
19   H                1.2378              -0.8275               2.0260
20   H                2.9159               1.2330              -0.6718
21   H                2.7224              -0.3408              -1.4616


Energy:                  -72.420962 Convergence criteria  Is converged 
Maximum Force:             0.029690     0.002850                No
RMS Force:                 0.006378     0.001900                No
Maximum Displacement:      0.061034     0.003150                No
RMS Displacement:          0.017266     0.002100                No

Model change: -4.513656e-03  Actual change: -4.454315e-03  rho: 0.987
Trust radius (MW):  0.200000  Step norm (MW):  0.200000  On boundary: True

----------------------------------------------------------------------
                             Iteration: 3                             


                             Coordinates                              
----------------------------------------------------------------------
0    C               -0.8773              -1.1842               0.1828
1    C                1.2287               0.0814               0.0317
2    C               -0.8138               1.8208               0.7572
3    C                1.9439              -0.5171               1.2526
4    C                2.1884               0.5247              -1.0705
5    N                0.2281              -0.8959              -0.5429
6    N               -2.0083              -1.6219              -0.4231
7    O               -1.6120               1.5340              -0.2902
8    H               -2.1361               0.7158              -0.1809
9    H                0.0203              -0.7637              -1.5294
10   H               -0.8923              -1.0020               1.2572
11   H                0.5937               0.9954               0.3929
12   H               -2.7484              -1.9027               0.2138
13   H               -1.8996              -2.2392              -1.2278
14   H               -0.3669               2.8081               0.7237
15   H               -1.0042               1.3717               1.7357
16   H                2.6236               0.2216               1.6821
17   H                1.6485               1.0050              -1.8899
18   H                2.5351              -1.3912               0.9651
19   H                1.2455              -0.8151               2.0360
20   H                2.9174               1.2364              -0.6807
21   H                2.7288              -0.3371              -1.4717


Energy:                  -72.424116 Convergence criteria  Is converged 
Maximum Force:             0.024928     0.002850                No
RMS Force:                 0.005055     0.001900                No
Maximum Displacement:      0.079605     0.003150                No
RMS Displacement:          0.015404     0.002100                No

Model change: -3.200306e-03  Actual change: -3.154695e-03  rho: 0.986
Trust radius (MW):  0.200000  Step norm (MW):  0.200000  On boundary: True

----------------------------------------------------------------------
                             Iteration: 4                             


                             Coordinates                              
----------------------------------------------------------------------
0    C               -0.8775              -1.2156               0.1900
1    C                1.2342               0.0809               0.0309
2    C               -0.8172               1.8309               0.7496
3    C                1.9511              -0.5106               1.2567
4    C                2.1899               0.5244              -1.0775
5    N                0.2230              -0.8956              -0.5318
6    N               -2.0060              -1.6375              -0.4272
7    O               -1.6191               1.5525              -0.2957
8    H               -2.1557               0.7434              -0.1794
9    H                0.0219              -0.7904              -1.5225
10   H               -0.8951              -1.0600               1.2694
11   H                0.6041               0.9928               0.3863
12   H               -2.7674              -1.9047               0.1879
13   H               -1.9090              -2.2112              -1.2652
14   H               -0.3509               2.8086               0.7163
15   H               -0.9941               1.3664               1.7219
16   H                2.6331               0.2305               1.6785
17   H                1.6441               1.0016              -1.8947
18   H                2.5394              -1.3891               0.9772
19   H                1.2519              -0.7979               2.0434
20   H                2.9167               1.2406              -0.6914
21   H                2.7332              -0.3346              -1.4802


Energy:                  -72.426391 Convergence criteria  Is converged 
Maximum Force:             0.017578     0.002850                No
RMS Force:                 0.003803     0.001900                No
Maximum Displacement:      0.058023     0.003150                No
RMS Displacement:          0.013920     0.002100                No

Model change: -2.219117e-03  Actual change: -2.274513e-03  rho: 1.025
Trust radius (MW):  0.200000  Step norm (MW):  0.200000  On boundary: True

----------------------------------------------------------------------
                             Iteration: 5                             


                             Coordinates                              
----------------------------------------------------------------------
0    C               -0.8819              -1.2405               0.1949
1    C                1.2376               0.0791               0.0331
2    C               -0.8128               1.8450               0.7516
3    C                1.9573              -0.5110               1.2587
4    C                2.1891               0.5204              -1.0811
5    N                0.2159              -0.8944              -0.5205
6    N               -2.0072              -1.6442              -0.4321
7    O               -1.6213               1.5755              -0.2916
8    H               -2.1675               0.7731              -0.1701
9    H                0.0160              -0.7994              -1.5125
10   H               -0.9070              -1.1376               1.2829
11   H                0.6135               0.9921               0.3862
12   H               -2.7849              -1.9096               0.1613
13   H               -1.9239              -2.1540              -1.3128
14   H               -0.3318               2.8151               0.7198
15   H               -0.9806               1.3684               1.7183
16   H                2.6455               0.2283               1.6738
17   H                1.6390               0.9976              -1.8954
18   H                2.5383              -1.3951               0.9824
19   H                1.2587              -0.7879               2.0493
20   H                2.9170               1.2374              -0.6988
21   H                2.7311              -0.3380              -1.4866


Energy:                  -72.428206 Convergence criteria  Is converged 
Maximum Force:             0.013930     0.002850                No
RMS Force:                 0.003241     0.001900                No
Maximum Displacement:      0.077585     0.003150                No
RMS Displacement:          0.016307     0.002100                No

Model change: -1.800562e-03  Actual change: -1.815379e-03  rho: 1.008
Trust radius (MW):  0.200000  Step norm (MW):  0.200000  On boundary: True

----------------------------------------------------------------------
                             Iteration: 6                             


                             Coordinates                              
----------------------------------------------------------------------
0    C               -0.8824              -1.2673               0.1954
1    C                1.2389               0.0820               0.0353
2    C               -0.8141               1.8571               0.7488
3    C                1.9648              -0.5028               1.2596
4    C                2.1858               0.5217              -1.0846
5    N                0.2134              -0.8949              -0.5114
6    N               -1.9999              -1.6596              -0.4401
7    O               -1.6275               1.5862              -0.2916
8    H               -2.1838               0.7939              -0.1542
9    H                0.0122              -0.8011              -1.5038
10   H               -0.9190              -1.2221               1.2883
11   H                0.6129               0.9937               0.3862
12   H               -2.7901              -1.9314               0.1322
13   H               -1.9313              -2.0856              -1.3660
14   H               -0.3256               2.8236               0.7105
15   H               -0.9802               1.3865               1.7176
16   H                2.6574               0.2371               1.6661
17   H                1.6313               0.9956              -1.8979
18   H                2.5408              -1.3910               0.9863
19   H                1.2695              -0.7708               2.0557
20   H                2.9134               1.2416              -0.7072
21   H                2.7280              -0.3365              -1.4900


Energy:                  -72.429765 Convergence criteria  Is converged 
Maximum Force:             0.012183     0.002850                No
RMS Force:                 0.003050     0.001900                No
Maximum Displacement:      0.084539     0.003150                No
RMS Displacement:          0.017578     0.002100                No

Model change: -1.613608e-03  Actual change: -1.559198e-03  rho: 0.966
Trust radius (MW):  0.200000  Step norm (MW):  0.200000  On boundary: True

----------------------------------------------------------------------
                             Iteration: 7                             


                             Coordinates                              
----------------------------------------------------------------------
0    C               -0.8843              -1.2899               0.1946
1    C                1.2385               0.0830               0.0383
2    C               -0.8122               1.8659               0.7482
3    C                1.9744              -0.4945               1.2598
4    C                2.1794               0.5212              -1.0885
5    N                0.2126              -0.8988              -0.5029
6    N               -1.9911              -1.6807              -0.4481
7    O               -1.6326               1.5948              -0.2906
8    H               -2.2205               0.8320              -0.1198
9    H                0.0143              -0.8057              -1.4969
10   H               -0.9332              -1.2569               1.2848
11   H                0.6110               0.9935               0.3882
12   H               -2.7921              -1.9590               0.1042
13   H               -1.9429              -2.0014              -1.4172
14   H               -0.3137               2.8273               0.7040
15   H               -0.9775               1.3969               1.7172
16   H                2.6730               0.2466               1.6537
17   H                1.6194               0.9911              -1.9004
18   H                2.5444              -1.3872               0.9894
19   H                1.2850              -0.7518               2.0644
20   H                2.9076               1.2441              -0.7180
21   H                2.7212              -0.3372              -1.4941


Energy:                  -72.431015 Convergence criteria  Is converged 
Maximum Force:             0.012625     0.002850                No
RMS Force:                 0.002757     0.001900                No
Maximum Displacement:      0.084168     0.003150                No
RMS Displacement:          0.017578     0.002100                No

Model change: -1.265785e-03  Actual change: -1.249373e-03  rho: 0.987
Trust radius (MW):  0.200000  Step norm (MW):  0.200000  On boundary: True

----------------------------------------------------------------------
                             Iteration: 8                             


                             Coordinates                              
----------------------------------------------------------------------
0    C               -0.8885              -1.3082               0.1924
1    C                1.2354               0.0840               0.0416
2    C               -0.8083               1.8796               0.7434
3    C                1.9810              -0.4840               1.2611
4    C                2.1701               0.5192              -1.0926
5    N                0.2115              -0.9039              -0.4958
6    N               -1.9838              -1.7054              -0.4600
7    O               -1.6364               1.6049              -0.2920
8    H               -2.2430               0.8629              -0.0991
9    H                0.0134              -0.8081              -1.4908
10   H               -0.9434              -1.2862               1.2816
11   H                0.6073               0.9944               0.3889
12   H               -2.7944              -1.9905               0.0738
13   H               -1.9519              -1.9256              -1.4554
14   H               -0.2979               2.8342               0.6869
15   H               -0.9754               1.4223               1.7174
16   H                2.6863               0.2586               1.6402
17   H                1.6045               0.9850              -1.9029
18   H                2.5445              -1.3821               0.9952
19   H                1.2967              -0.7289               2.0740
20   H                2.9000               1.2445              -0.7301
21   H                2.7098              -0.3407              -1.4980


Energy:                  -72.431951 Convergence criteria  Is converged 
Maximum Force:             0.010698     0.002850                No
RMS Force:                 0.002136     0.001900                No
Maximum Displacement:      0.075802     0.003150                No
RMS Displacement:          0.016130     0.002100                No

Model change: -9.150862e-04  Actual change: -9.357333e-04  rho: 1.023
Trust radius (MW):  0.200000  Step norm (MW):  0.200000  On boundary: True

----------------------------------------------------------------------
                             Iteration: 9                             


                             Coordinates                              
----------------------------------------------------------------------
0    C               -0.8909              -1.3285               0.1923
1    C                1.2309               0.0845               0.0442
2    C               -0.7990               1.8985               0.7352
3    C                1.9837              -0.4732               1.2635
4    C                2.1605               0.5154              -1.0965
5    N                0.2084              -0.9087              -0.4893
6    N               -1.9780              -1.7305              -0.4685
7    O               -1.6366               1.6194              -0.2942
8    H               -2.2437               0.8823              -0.0879
9    H                0.0113              -0.8138              -1.4854
10   H               -0.9442              -1.3270               1.2821
11   H                0.6023               0.9971               0.3882
12   H               -2.7917              -2.0258               0.0545
13   H               -1.9606              -1.8755              -1.4754
14   H               -0.2822               2.8489               0.6668
15   H               -0.9647               1.4506               1.7138
16   H                2.6949               0.2710               1.6279
17   H                1.5909               0.9787              -1.9055
18   H                2.5413              -1.3768               1.0042
19   H                1.3038              -0.7045               2.0842
20   H                2.8925               1.2418              -0.7410
21   H                2.6974              -0.3465              -1.5014


Energy:                  -72.432613 Convergence criteria  Is converged 
Maximum Force:             0.006403     0.002850                No
RMS Force:                 0.001450     0.001900                Yes
Maximum Displacement:      0.050159     0.003150                No
RMS Displacement:          0.013919     0.002100                No

Model change: -6.226216e-04  Actual change: -6.619692e-04  rho: 1.063
Trust radius (MW):  0.200000  Step norm (MW):  0.200000  On boundary: True

----------------------------------------------------------------------
                            Iteration: 10                             


                             Coordinates                              
----------------------------------------------------------------------
0    C               -0.8848              -1.3547               0.1946
1    C                1.2286               0.0858               0.0426
2    C               -0.7945               1.9180               0.7244
3    C                1.9847              -0.4651               1.2624
4    C                2.1562               0.5118              -1.1024
5    N                0.2064              -0.9097              -0.4869
6    N               -1.9767              -1.7391              -0.4697
7    O               -1.6370               1.6341              -0.3012
8    H               -2.2487               0.9039              -0.0831
9    H               -0.0006              -0.7978              -1.4795
10   H               -0.9136              -1.4284               1.2870
11   H                0.6027               1.0002               0.3807
12   H               -2.7835              -2.0584               0.0508
13   H               -1.9756              -1.8315              -1.4817
14   H               -0.2773               2.8678               0.6550
15   H               -0.9453               1.4547               1.6979
16   H                2.6999               0.2796               1.6178
17   H                1.5850               0.9734              -1.9113
18   H                2.5384              -1.3726               1.0085
19   H                1.3070              -0.6864               2.0876
20   H                2.8903               1.2386              -0.7517
21   H                2.6911              -0.3519              -1.5065


Energy:                  -72.433291 Convergence criteria  Is converged 
Maximum Force:             0.007437     0.002850                No
RMS Force:                 0.001544     0.001900                Yes
Maximum Displacement:      0.101407     0.003150                No
RMS Displacement:          0.017151     0.002100                No

Model change: -6.799239e-04  Actual change: -6.788969e-04  rho: 0.998
Trust radius (MW):  0.200000  Step norm (MW):  0.200000  On boundary: True

----------------------------------------------------------------------
                            Iteration: 11                             


                             Coordinates                              
----------------------------------------------------------------------
0    C               -0.8817              -1.3694               0.1872
1    C                1.2316               0.0772               0.0339
2    C               -0.7875               1.9206               0.7000
3    C                1.9846              -0.4685               1.2579
4    C                2.1621               0.4947              -1.1121
5    N                0.2081              -0.9190              -0.4928
6    N               -1.9747              -1.7475              -0.4788
7    O               -1.6282               1.6360              -0.3265
8    H               -2.2563               0.9204              -0.1056
9    H                0.0001              -0.8044              -1.4849
10   H               -0.9076              -1.4534               1.2772
11   H                0.6079               0.9954               0.3643
12   H               -2.7787              -2.0772               0.0393
13   H               -1.9774              -1.8234              -1.4908
14   H               -0.2665               2.8681               0.6291
15   H               -0.9383               1.4578               1.6733
16   H                2.7023               0.2759               1.6087
17   H                1.5930               0.9537              -1.9239
18   H                2.5353              -1.3797               1.0106
19   H                1.3056              -0.6813               2.0841
20   H                2.8977               1.2212              -0.7643
21   H                2.6949              -0.3726              -1.5111


Energy:                  -72.433573 Convergence criteria  Is converged 
Maximum Force:             0.007167     0.002850                No
RMS Force:                 0.001358     0.001900                Yes
Maximum Displacement:      0.025966     0.003150                No
RMS Displacement:          0.011312     0.002100                No

Model change: -2.833328e-04  Actual change: -2.811551e-04  rho: 0.992
Trust radius (MW):  0.200000  Step norm (MW):  0.200000  On boundary: True

----------------------------------------------------------------------
                            Iteration: 12                             


                             Coordinates                              
----------------------------------------------------------------------
0    C               -0.8705              -1.3934               0.1832
1    C                1.2340               0.0771               0.0335
2    C               -0.7775               1.9308               0.6920
3    C                1.9856              -0.4652               1.2594
4    C                2.1660               0.4916              -1.1127
5    N                0.2117              -0.9201              -0.4946
6    N               -1.9678              -1.7548              -0.4845
7    O               -1.6185               1.6551              -0.3381
8    H               -2.3035               0.9936              -0.1022
9    H               -0.0062              -0.7855              -1.4825
10   H               -0.8880              -1.5036               1.2717
11   H                0.6111               0.9971               0.3584
12   H               -2.7571              -2.1265               0.0302
13   H               -1.9796              -1.7949              -1.4988
14   H               -0.2436               2.8711               0.6246
15   H               -0.9276               1.4606               1.6613
16   H                2.7065               0.2784               1.6056
17   H                1.5972               0.9512              -1.9244
18   H                2.5327              -1.3797               1.0167
19   H                1.3065              -0.6704               2.0873
20   H                2.9032               1.2170              -0.7658
21   H                2.6966              -0.3773              -1.5113


Energy:                  -72.434182 Convergence criteria  Is converged 
Maximum Force:             0.005627     0.002850                No
RMS Force:                 0.001236     0.001900                Yes
Maximum Displacement:      0.073136     0.003150                No
RMS Displacement:          0.016388     0.002100                No

Model change: -6.819337e-04  Actual change: -6.092787e-04  rho: 0.893
Trust radius (MW):  0.200000  Step norm (MW):  0.200000  On boundary: True

----------------------------------------------------------------------
                            Iteration: 13                             


                             Coordinates                              
----------------------------------------------------------------------
0    C               -0.8608              -1.4184               0.1796
1    C                1.2301               0.0800               0.0317
2    C               -0.7592               1.9430               0.6833
3    C                1.9813              -0.4559               1.2597
4    C                2.1613               0.4930              -1.1152
5    N                0.2106              -0.9193              -0.4973
6    N               -1.9618              -1.7704              -0.4860
7    O               -1.6130               1.6802              -0.3424
8    H               -2.2821               1.0072              -0.1066
9    H               -0.0175              -0.7676              -1.4807
10   H               -0.8707              -1.5502               1.2653
11   H                0.6022               1.0042               0.3534
12   H               -2.7424              -2.1611               0.0258
13   H               -1.9884              -1.7732              -1.5010
14   H               -0.2261               2.8845               0.6203
15   H               -0.9128               1.4739               1.6524
16   H                2.7054               0.2879               1.5987
17   H                1.5920               0.9521              -1.9268
18   H                2.5248              -1.3742               1.0233
19   H                1.3028              -0.6514               2.0905
20   H                2.8991               1.2185              -0.7696
21   H                2.6911              -0.3765              -1.5135


Energy:                  -72.434625 Convergence criteria  Is converged 
Maximum Force:             0.003448     0.002850                No
RMS Force:                 0.000763     0.001900                Yes
Maximum Displacement:      0.046672     0.003150                No
RMS Displacement:          0.012274     0.002100                No

Model change: -4.471663e-04  Actual change: -4.428029e-04  rho: 0.990
Trust radius (MW):  0.200000  Step norm (MW):  0.200000  On boundary: True

----------------------------------------------------------------------
                            Iteration: 14                             


                             Coordinates                              
----------------------------------------------------------------------
0    C               -0.8596              -1.4402               0.1726
1    C                1.2195               0.0777               0.0323
2    C               -0.7362               1.9439               0.6801
3    C                1.9679              -0.4545               1.2626
4    C                2.1504               0.4964              -1.1115
5    N                0.2039              -0.9208              -0.5015
6    N               -1.9612              -1.7891              -0.4925
7    O               -1.6102               1.7024              -0.3373
8    H               -2.2503               0.9991              -0.1098
9    H               -0.0298              -0.7557              -1.4812
10   H               -0.8608              -1.5931               1.2559
11   H                0.5837               1.0076               0.3554
12   H               -2.7382              -2.1894               0.0168
13   H               -1.9989              -1.7622              -1.5064
14   H               -0.2129               2.8925               0.6288
15   H               -0.8932               1.4747               1.6488
16   H                2.6919               0.2902               1.5992
17   H                1.5808               0.9561              -1.9225
18   H                2.5109              -1.3740               1.0303
19   H                1.2882              -0.6456               2.0933
20   H                2.8850               1.2233              -0.7625
21   H                2.6833              -0.3704              -1.5114


Energy:                  -72.434915 Convergence criteria  Is converged 
Maximum Force:             0.001902     0.002850                Yes
RMS Force:                 0.000594     0.001900                Yes
Maximum Displacement:      0.042892     0.003150                No
RMS Displacement:          0.011905     0.002100                No

Model change: -3.134940e-04  Actual change: -2.905726e-04  rho: 0.927
Trust radius (MW):  0.200000  Step norm (MW):  0.200000  On boundary: True

----------------------------------------------------------------------
                            Iteration: 15                             


                             Coordinates                              
----------------------------------------------------------------------
0    C               -0.8576              -1.4560               0.1614
1    C                1.2115               0.0781               0.0291
2    C               -0.7188               1.9518               0.6817
3    C                1.9545              -0.4531               1.2622
4    C                2.1420               0.5040              -1.1111
5    N                0.1969              -0.9155              -0.5097
6    N               -1.9563              -1.8111              -0.5039
7    O               -1.6053               1.7238              -0.3292
8    H               -2.2168               0.9920              -0.1155
9    H               -0.0391              -0.7432              -1.4874
10   H               -0.8516              -1.6238               1.2425
11   H                0.5786               1.0110               0.3540
12   H               -2.7282              -2.2244               0.0028
13   H               -2.0033              -1.7579              -1.5161
14   H               -0.2004               2.9038               0.6392
15   H               -0.8692               1.4737               1.6468
16   H                2.6776               0.2920               1.6001
17   H                1.5717               0.9649              -1.9210
18   H                2.4978              -1.3735               1.0342
19   H                1.2715              -0.6412               2.0910
20   H                2.8731               1.2328              -0.7583
21   H                2.6790              -0.3589              -1.5142


Energy:                  -72.435094 Convergence criteria  Is converged 
Maximum Force:             0.001099     0.002850                Yes
RMS Force:                 0.000349     0.001900                Yes
Maximum Displacement:      0.035037     0.003150                No
RMS Displacement:          0.011732     0.002100                No

Model change: -1.800440e-04  Actual change: -1.781583e-04  rho: 0.990
Trust radius (MW):  0.200000  Step norm (MW):  0.200000  On boundary: True

----------------------------------------------------------------------
                            Iteration: 16                             


                             Coordinates                              
----------------------------------------------------------------------
0    C               -0.8554              -1.4682               0.1508
1    C                1.2056               0.0788               0.0285
2    C               -0.7004               1.9701               0.6742
3    C                1.9402              -0.4500               1.2670
4    C                2.1399               0.5073              -1.1069
5    N                0.1941              -0.9131              -0.5158
6    N               -1.9485              -1.8321              -0.5176
7    O               -1.6067               1.7247              -0.3167
8    H               -2.1921               0.9758              -0.0920
9    H               -0.0407              -0.7381              -1.4930
10   H               -0.8502              -1.6379               1.2316
11   H                0.5723               1.0165               0.3518
12   H               -2.7155              -2.2592              -0.0150
13   H               -1.9978              -1.7665              -1.5286
14   H               -0.1786               2.9188               0.5977
15   H               -0.8486               1.5314               1.6597
16   H                2.6620               0.2954               1.6068
17   H                1.5714               0.9681              -1.9182
18   H                2.4836              -1.3719               1.0455
19   H                1.2517              -0.6336               2.0922
20   H                2.8680               1.2372              -0.7502
21   H                2.6801              -0.3540              -1.5091


Energy:                  -72.435184 Convergence criteria  Is converged 
Maximum Force:             0.001003     0.002850                Yes
RMS Force:                 0.000285     0.001900                Yes
Maximum Displacement:      0.057703     0.003150                No
RMS Displacement:          0.014375     0.002100                No

Model change: -9.133724e-05  Actual change: -9.083748e-05  rho: 0.995
Trust radius (MW):  0.200000  Step norm (MW):  0.200000  On boundary: True

----------------------------------------------------------------------
                            Iteration: 17                             


                             Coordinates                              
----------------------------------------------------------------------
0    C               -0.8508              -1.4789               0.1398
1    C                1.2025               0.0779               0.0258
2    C               -0.6789               1.9910               0.6617
3    C                1.9318              -0.4496               1.2670
4    C                2.1392               0.5120              -1.1047
5    N                0.1953              -0.9138              -0.5244
6    N               -1.9443              -1.8395              -0.5287
7    O               -1.6095               1.7209              -0.3021
8    H               -2.1782               0.9672              -0.0522
9    H               -0.0432              -0.7284              -1.4987
10   H               -0.8423              -1.6601               1.2187
11   H                0.5668               1.0191               0.3496
12   H               -2.7100              -2.2691              -0.0264
13   H               -1.9975              -1.7662              -1.5390
14   H               -0.1474               2.9297               0.5348
15   H               -0.8230               1.6065               1.6716
16   H                2.6545               0.2950               1.6068
17   H                1.5723               0.9746              -1.9161
18   H                2.4737              -1.3734               1.0496
19   H                1.2407              -0.6287               2.0912
20   H                2.8645               1.2424              -0.7431
21   H                2.6826              -0.3467              -1.5083


Energy:                  -72.435268 Convergence criteria  Is converged 
Maximum Force:             0.001751     0.002850                Yes
RMS Force:                 0.000414     0.001900                Yes
Maximum Displacement:      0.075147     0.003150                No
RMS Displacement:          0.016077     0.002100                No

Model change: -7.174858e-05  Actual change: -8.320808e-05  rho: 1.160
Trust radius (MW):  0.200000  Step norm (MW):  0.200000  On boundary: True

----------------------------------------------------------------------
                            Iteration: 18                             


                             Coordinates                              
----------------------------------------------------------------------
0    C               -0.8447              -1.4994               0.1329
1    C                1.2000               0.0768               0.0277
2    C               -0.6647               2.0130               0.6510
3    C                1.9289              -0.4516               1.2679
4    C                2.1364               0.5159              -1.1011
5    N                0.1946              -0.9152              -0.5265
6    N               -1.9451              -1.8411              -0.5345
7    O               -1.6101               1.7173              -0.2921
8    H               -2.1707               0.9664              -0.0175
9    H               -0.0513              -0.7140              -1.4958
10   H               -0.8235              -1.7227               1.2048
11   H                0.5618               1.0184               0.3542
12   H               -2.7057              -2.2835              -0.0355
13   H               -2.0076              -1.7446              -1.5426
14   H               -0.1193               2.9352               0.4723
15   H               -0.8115               1.6910               1.6832
16   H                2.6549               0.2908               1.6057
17   H                1.5694               0.9839              -1.9092
18   H                2.4669              -1.3778               1.0515
19   H                1.2378              -0.6256               2.0933
20   H                2.8629               1.2435              -0.7361
21   H                2.6787              -0.3411              -1.5096


Energy:                  -72.435404 Convergence criteria  Is converged 
Maximum Force:             0.002445     0.002850                Yes
RMS Force:                 0.000548     0.001900                Yes
Maximum Displacement:      0.084494     0.003150                No
RMS Displacement:          0.017818     0.002100                No

Model change: -1.708777e-04  Actual change: -1.369119e-04  rho: 0.801
Trust radius (MW):  0.200000  Step norm (MW):  0.196061  On boundary: False

----------------------------------------------------------------------
                            Iteration: 19                             


                             Coordinates                              
----------------------------------------------------------------------
0    C               -0.8404              -1.5145               0.1343
1    C                1.1952               0.0780               0.0314
2    C               -0.6443               2.0334               0.6323
3    C                1.9186              -0.4466               1.2754
4    C                2.1334               0.5162              -1.0953
5    N                0.1898              -0.9119              -0.5232
6    N               -1.9454              -1.8470              -0.5307
7    O               -1.6155               1.7149              -0.2781
8    H               -2.1642               0.9678               0.0293
9    H               -0.0632              -0.6994              -1.4882
10   H               -0.8065              -1.7630               1.2001
11   H                0.5577               1.0253               0.3525
12   H               -2.6945              -2.3160              -0.0376
13   H               -2.0173              -1.7272              -1.5357
14   H               -0.1075               2.9534               0.4222
15   H               -0.7599               1.7274               1.6707
16   H                2.6484               0.2936               1.6097
17   H                1.5679               0.9828              -1.9053
18   H                2.4511              -1.3775               1.0657
19   H                1.2251              -0.6108               2.1008
20   H                2.8582               1.2452              -0.7294
21   H                2.6775              -0.3405              -1.5019


Energy:                  -72.435523 Convergence criteria  Is converged 
Maximum Force:             0.001540     0.002850                Yes
RMS Force:                 0.000342     0.001900                Yes
Maximum Displacement:      0.051675     0.003150                No
RMS Displacement:          0.015830     0.002100                No

Model change: -1.269570e-04  Actual change: -1.185536e-04  rho: 0.934
Trust radius (MW):  0.200000  Step norm (MW):  0.200000  On boundary: True

----------------------------------------------------------------------
                            Iteration: 20                             


                             Coordinates                              
----------------------------------------------------------------------
0    C               -0.8354              -1.5221               0.1349
1    C                1.1929               0.0767               0.0309
2    C               -0.6225               2.0455               0.6144
3    C                1.9060              -0.4410               1.2827
4    C                2.1356               0.5121              -1.0917
5    N                0.1880              -0.9095              -0.5237
6    N               -1.9411              -1.8576              -0.5271
7    O               -1.6229               1.7065              -0.2584
8    H               -2.1550               0.9613               0.0804
9    H               -0.0693              -0.6917              -1.4862
10   H               -0.7934              -1.7764               1.1983
11   H                0.5558               1.0329               0.3446
12   H               -2.6835              -2.3373              -0.0349
13   H               -2.0210              -1.7250              -1.5296
14   H               -0.0901               2.9580               0.3631
15   H               -0.7156               1.7757               1.6652
16   H                2.6393               0.2971               1.6140
17   H                1.5732               0.9761              -1.9055
18   H                2.4329              -1.3776               1.0845
19   H                1.2073              -0.5925               2.1064
20   H                2.8577               1.2432              -0.7243
21   H                2.6827              -0.3448              -1.4937


Energy:                  -72.435588 Convergence criteria  Is converged 
Maximum Force:             0.001301     0.002850                Yes
RMS Force:                 0.000306     0.001900                Yes
Maximum Displacement:      0.059148     0.003150                No
RMS Displacement:          0.015458     0.002100                No

Model change: -6.138584e-05  Actual change: -6.461143e-05  rho: 1.053
Trust radius (MW):  0.200000  Step norm (MW):  0.200000  On boundary: True

----------------------------------------------------------------------
                            Iteration: 21                             


                             Coordinates                              
----------------------------------------------------------------------
0    C               -0.8278              -1.5310               0.1356
1    C                1.1884               0.0728               0.0296
2    C               -0.5879               2.0367               0.6034
3    C                1.8929              -0.4284               1.2886
4    C                2.1266               0.5239              -1.0852
5    N                0.1907              -0.9106              -0.5245
6    N               -1.9375              -1.8605              -0.5218
7    O               -1.6174               1.7050              -0.2480
8    H               -2.1389               0.9631               0.1086
9    H               -0.0690              -0.6911              -1.4860
10   H               -0.7759              -1.7970               1.1955
11   H                0.5335               1.0473               0.3471
12   H               -2.6765              -2.3442              -0.0287
13   H               -2.0247              -1.7184              -1.5224
14   H               -0.0610               2.9460               0.3326
15   H               -0.6942               1.8156               1.6647
16   H                2.6212               0.3154               1.6181
17   H                1.5612               0.9813              -1.9006
18   H                2.4248              -1.3648               1.1030
19   H                1.1885              -0.5744               2.1085
20   H                2.8363               1.2650              -0.7130
21   H                2.6880              -0.3242              -1.4869


Energy:                  -72.435686 Convergence criteria  Is converged 
Maximum Force:             0.002602     0.002850                Yes
RMS Force:                 0.000565     0.001900                Yes
Maximum Displacement:      0.039914     0.003150                No
RMS Displacement:          0.013933     0.002100                No

Model change: -7.661638e-05  Actual change: -9.816885e-05  rho: 1.281
Trust radius (MW):  0.200000  Step norm (MW):  0.200000  On boundary: True

----------------------------------------------------------------------
                            Iteration: 22                             


                             Coordinates                              
----------------------------------------------------------------------
0    C               -0.8230              -1.5342               0.1383
1    C                1.1856               0.0648               0.0225
2    C               -0.5533               2.0262               0.5954
3    C                1.8769              -0.4130               1.2913
4    C                2.1146               0.5330              -1.0847
5    N                0.1893              -0.9029              -0.5243
6    N               -1.9341              -1.8625              -0.5153
7    O               -1.6164               1.7070              -0.2419
8    H               -2.1238               0.9654               0.1284
9    H               -0.0693              -0.6915              -1.4886
10   H               -0.7629              -1.8032               1.1963
11   H                0.4987               1.0864               0.3516
12   H               -2.6697              -2.3504              -0.0211
13   H               -2.0266              -1.7154              -1.5146
14   H               -0.0677               2.9604               0.3222
15   H               -0.6855               1.8630               1.6659
16   H                2.5970               0.3396               1.6196
17   H                1.5470               0.9860              -1.9015
18   H                2.4184              -1.3474               1.1217
19   H                1.1661              -0.5562               2.1066
20   H                2.8170               1.2803              -0.7098
21   H                2.6872              -0.3067              -1.4895


Energy:                  -72.435879 Convergence criteria  Is converged 
Maximum Force:             0.006210     0.002850                No
RMS Force:                 0.001222     0.001900                Yes
Maximum Displacement:      0.047347     0.003150                No
RMS Displacement:          0.013919     0.002100                No

Model change: -2.077867e-04  Actual change: -1.934171e-04  rho: 0.931
Trust radius (MW):  0.200000  Step norm (MW):  0.200000  On boundary: True

----------------------------------------------------------------------
                            Iteration: 23                             


                             Coordinates                              
----------------------------------------------------------------------
0    C               -0.8228              -1.5368               0.1407
1    C                1.1851               0.0447               0.0121
2    C               -0.5223               2.0200               0.5922
3    C                1.8585              -0.4013               1.2980
4    C                2.1047               0.5424              -1.0854
5    N                0.1843              -0.8945              -0.5240
6    N               -1.9344              -1.8614              -0.5110
7    O               -1.6112               1.7108              -0.2336
8    H               -2.1151               0.9731               0.1463
9    H               -0.0703              -0.6925              -1.4920
10   H               -0.7543              -1.8133               1.1961
11   H                0.4762               1.1070               0.3505
12   H               -2.6683              -2.3533              -0.0182
13   H               -2.0309              -1.7035              -1.5082
14   H               -0.0538               2.9594               0.3049
15   H               -0.6658               1.8964               1.6676
16   H                2.5690               0.3625               1.6246
17   H                1.5335               0.9970              -1.9001
18   H                2.4113              -1.3353               1.1571
19   H                1.1379              -0.5349               2.1075
20   H                2.7970               1.2962              -0.7020
21   H                2.6933              -0.2815              -1.5029


Energy:                  -72.436315 Convergence criteria  Is converged 
Maximum Force:             0.006237     0.002850                No
RMS Force:                 0.001569     0.001900                Yes
Maximum Displacement:      0.035422     0.003150                No
RMS Displacement:          0.013573     0.002100                No

Model change: -3.179223e-04  Actual change: -4.354119e-04  rho: 1.370
Trust radius (MW):  0.200000  Step norm (MW):  0.200000  On boundary: True

----------------------------------------------------------------------
                            Iteration: 24                             


                             Coordinates                              
----------------------------------------------------------------------
0    C               -0.8227              -1.5404               0.1411
1    C                1.1916               0.0260               0.0071
2    C               -0.5044               2.0030               0.5903
3    C                1.8503              -0.3958               1.3001
4    C                2.0990               0.5458              -1.0793
5    N                0.1865              -0.8909              -0.5215
6    N               -1.9312              -1.8659              -0.5130
7    O               -1.6178               1.7079              -0.2385
8    H               -2.1149               0.9694               0.1437
9    H               -0.0654              -0.6953              -1.4933
10   H               -0.7529              -1.8154               1.1951
11   H                0.3798               1.2035               0.3793
12   H               -2.6657              -2.3587              -0.0217
13   H               -2.0260              -1.7070              -1.5099
14   H               -0.0846               2.9743               0.3133
15   H               -0.6907               1.9239               1.6687
16   H                2.5599               0.3700               1.6250
17   H                1.5252               0.9982              -1.8934
18   H                2.4068              -1.3290               1.1670
19   H                1.1258              -0.5299               2.1061
20   H                2.7892               1.2999              -0.6922
21   H                2.6930              -0.2730              -1.5005


Energy:                  -72.440322 Convergence criteria  Is converged 
Maximum Force:             0.054323     0.002850                No
RMS Force:                 0.008979     0.001900                No
Maximum Displacement:      0.096497     0.003150                No
RMS Displacement:          0.019231     0.002100                No

Model change: -3.301571e-03  Actual change: -4.007161e-03  rho: 1.214
Trust radius (MW):  0.200000  Step norm (MW):  0.200000  On boundary: True

----------------------------------------------------------------------
                            Iteration: 25                             


                             Coordinates                              
----------------------------------------------------------------------
0    C               -0.8214              -1.5400               0.1423
1    C                1.1972               0.0134               0.0035
2    C               -0.5050               2.0012               0.5913
3    C                1.8498              -0.3937               1.3019
4    C                2.0988               0.5483              -1.0773
5    N                0.1900              -0.8885              -0.5192
6    N               -1.9285              -1.8668              -0.5132
7    O               -1.6193               1.7078              -0.2445
8    H               -2.1165               0.9680               0.1356
9    H               -0.0595              -0.6970              -1.4926
10   H               -0.7529              -1.8133               1.1962
11   H                0.3401               1.2591               0.4024
12   H               -2.6636              -2.3591              -0.0224
13   H               -2.0217              -1.7098              -1.5106
14   H               -0.0998               2.9798               0.3200
15   H               -0.7076               1.9308               1.6670
16   H                2.5601               0.3734               1.6265
17   H                1.5239               1.0005              -1.8922
18   H                2.4091              -1.3278               1.1737
19   H                1.1242              -0.5290               2.1083
20   H                2.7885               1.3037              -0.6881
21   H                2.6968              -0.2676              -1.5020


Energy:                  -72.443581 Convergence criteria  Is converged 
Maximum Force:             0.075290     0.002850                No
RMS Force:                 0.011729     0.001900                No
Maximum Displacement:      0.055582     0.003150                No
RMS Displacement:          0.009879     0.002100                No

Model change: -3.903566e-03  Actual change: -3.259361e-03  rho: 0.835
Trust radius (MW):  0.100000  Step norm (MW):  0.100000  On boundary: True

----------------------------------------------------------------------
                            Iteration: 26                             


                             Coordinates                              
----------------------------------------------------------------------
0    C               -0.8213              -1.5394               0.1440
1    C                1.2049              -0.0053              -0.0023
2    C               -0.5066               2.0055               0.5927
3    C                1.8474              -0.3916               1.3038
4    C                2.0981               0.5491              -1.0756
5    N                0.1920              -0.8847              -0.5166
6    N               -1.9266              -1.8668              -0.5130
7    O               -1.6217               1.7078              -0.2496
8    H               -2.1190               0.9677               0.1305
9    H               -0.0535              -0.6979              -1.4925
10   H               -0.7534              -1.8123               1.1976
11   H                0.3304               1.2925               0.4188
12   H               -2.6626              -2.3590              -0.0229
13   H               -2.0185              -1.7103              -1.5105
14   H               -0.1208               2.9924               0.3230
15   H               -0.7272               1.9487               1.6655
16   H                2.5581               0.3780               1.6260
17   H                1.5224               1.0017              -1.8913
18   H                2.4104              -1.3273               1.1865
19   H                1.1199              -0.5263               2.1103
20   H                2.7869               1.3051              -0.6826
21   H                2.7020              -0.2614              -1.5073


Energy:                  -72.446554 Convergence criteria  Is converged 
Maximum Force:             0.070504     0.002850                No
RMS Force:                 0.011219     0.001900                No
Maximum Displacement:      0.033405     0.003150                No
RMS Displacement:          0.007567     0.002100                No

Model change: -3.253853e-03  Actual change: -2.972841e-03  rho: 0.914
Trust radius (MW):  0.100000  Step norm (MW):  0.100000  On boundary: True

----------------------------------------------------------------------
                            Iteration: 27                             


                             Coordinates                              
----------------------------------------------------------------------
0    C               -0.8211              -1.5386               0.1462
1    C                1.2133              -0.0248              -0.0085
2    C               -0.5089               2.0119               0.5946
3    C                1.8445              -0.3894               1.3055
4    C                2.0977               0.5493              -1.0743
5    N                0.1931              -0.8808              -0.5145
6    N               -1.9244              -1.8669              -0.5127
7    O               -1.6244               1.7074              -0.2546
8    H               -2.1208               0.9669               0.1266
9    H               -0.0479              -0.6983              -1.4925
10   H               -0.7535              -1.8112               1.1998
11   H                0.3354               1.3033               0.4259
12   H               -2.6611              -2.3591              -0.0237
13   H               -2.0148              -1.7104              -1.5103
14   H               -0.1417               3.0065               0.3247
15   H               -0.7456               1.9664               1.6647
16   H                2.5532               0.3845               1.6237
17   H                1.5196               1.0039              -1.8882
18   H                2.4116              -1.3258               1.2045
19   H                1.1136              -0.5199               2.1107
20   H                2.7829               1.3063              -0.6754
21   H                2.7089              -0.2519              -1.5158


Energy:                  -72.449170 Convergence criteria  Is converged 
Maximum Force:             0.060812     0.002850                No
RMS Force:                 0.009617     0.001900                No
Maximum Displacement:      0.020814     0.003150                No
RMS Displacement:          0.006690     0.002100                No

Model change: -2.617264e-03  Actual change: -2.615631e-03  rho: 0.999
Trust radius (MW):  0.100000  Step norm (MW):  0.100000  On boundary: True

----------------------------------------------------------------------
                            Iteration: 28                             


                             Coordinates                              
----------------------------------------------------------------------
0    C               -0.8206              -1.5380               0.1483
1    C                1.2224              -0.0438              -0.0141
2    C               -0.5125               2.0187               0.5969
3    C                1.8417              -0.3876               1.3075
4    C                2.0973               0.5499              -1.0730
5    N                0.1933              -0.8777              -0.5132
6    N               -1.9218              -1.8671              -0.5126
7    O               -1.6271               1.7066              -0.2594
8    H               -2.1222               0.9656               0.1229
9    H               -0.0436              -0.6988              -1.4929
10   H               -0.7532              -1.8107               1.2019
11   H                0.3340               1.3176               0.4352
12   H               -2.6594              -2.3597              -0.0251
13   H               -2.0106              -1.7100              -1.5101
14   H               -0.1601               3.0185               0.3261
15   H               -0.7634               1.9826               1.6642
16   H                2.5473               0.3917               1.6213
17   H                1.5159               1.0077              -1.8838
18   H                2.4131              -1.3242               1.2248
19   H                1.1065              -0.5125               2.1107
20   H                2.7779               1.3083              -0.6671
21   H                2.7167              -0.2398              -1.5260


Energy:                  -72.451511 Convergence criteria  Is converged 
Maximum Force:             0.055512     0.002850                No
RMS Force:                 0.008920     0.001900                No
Maximum Displacement:      0.020306     0.003150                No
RMS Displacement:          0.006864     0.002100                No

Model change: -2.314584e-03  Actual change: -2.341449e-03  rho: 1.012
Trust radius (MW):  0.100000  Step norm (MW):  0.100000  On boundary: True

----------------------------------------------------------------------
                            Iteration: 29                             


                             Coordinates                              
----------------------------------------------------------------------
0    C               -0.8210              -1.5378               0.1483
1    C                1.2317              -0.0625              -0.0221
2    C               -0.5138               2.0266               0.6025
3    C                1.8400              -0.3893               1.3051
4    C                2.0953               0.5508              -1.0747
5    N                0.1911              -0.8743              -0.5147
6    N               -1.9215              -1.8662              -0.5133
7    O               -1.6290               1.7071              -0.2564
8    H               -2.1210               0.9651               0.1280
9    H               -0.0442              -0.6963              -1.4951
10   H               -0.7516              -1.8128               1.2010
11   H                0.3314               1.3356               0.4482
12   H               -2.6592              -2.3599              -0.0269
13   H               -2.0107              -1.7056              -1.5101
14   H               -0.1715               3.0286               0.3277
15   H               -0.7727               1.9994               1.6680
16   H                2.5432               0.3947               1.6154
17   H                1.5093               1.0136              -1.8803
18   H                2.4150              -1.3258               1.2386
19   H                1.1012              -0.5089               2.1068
20   H                2.7725               1.3097              -0.6620
21   H                2.7214              -0.2268              -1.5414


Energy:                  -72.453737 Convergence criteria  Is converged 
Maximum Force:             0.052371     0.002850                No
RMS Force:                 0.008641     0.001900                No
Maximum Displacement:      0.018778     0.003150                No
RMS Displacement:          0.006427     0.002100                No

Model change: -2.237594e-03  Actual change: -2.225876e-03  rho: 0.995
Trust radius (MW):  0.100000  Step norm (MW):  0.100000  On boundary: True

----------------------------------------------------------------------
                            Iteration: 30                             


                             Coordinates                              
----------------------------------------------------------------------
0    C               -0.8203              -1.5371               0.1505
1    C                1.2421              -0.0804              -0.0274
2    C               -0.5198               2.0343               0.6049
3    C                1.8376              -0.3882               1.3068
4    C                2.0951               0.5514              -1.0737
5    N                0.1907              -0.8721              -0.5141
6    N               -1.9189              -1.8668              -0.5128
7    O               -1.6313               1.7059              -0.2606
8    H               -2.1211               0.9631               0.1248
9    H               -0.0415              -0.6970              -1.4957
10   H               -0.7504              -1.8116               1.2032
11   H                0.3275               1.3516               0.4602
12   H               -2.6574              -2.3609              -0.0280
13   H               -2.0064              -1.7053              -1.5096
14   H               -0.1862               3.0383               0.3274
15   H               -0.7893               2.0137               1.6679
16   H                2.5373               0.4013               1.6133
17   H                1.5038               1.0181              -1.8740
18   H                2.4161              -1.3244               1.2603
19   H                1.0932              -0.5004               2.1052
20   H                2.7675               1.3118              -0.6543
21   H                2.7287              -0.2129              -1.5534


Energy:                  -72.455846 Convergence criteria  Is converged 
Maximum Force:             0.046516     0.002850                No
RMS Force:                 0.007848     0.001900                No
Maximum Displacement:      0.021643     0.003150                No
RMS Displacement:          0.006892     0.002100                No

Model change: -2.128692e-03  Actual change: -2.109289e-03  rho: 0.991
Trust radius (MW):  0.100000  Step norm (MW):  0.100000  On boundary: True

----------------------------------------------------------------------
                            Iteration: 31                             


                             Coordinates                              
----------------------------------------------------------------------
0    C               -0.8198              -1.5363               0.1526
1    C                1.2523              -0.0979              -0.0326
2    C               -0.5263               2.0427               0.6071
3    C                1.8348              -0.3873               1.3086
4    C                2.0951               0.5519              -1.0730
5    N                0.1898              -0.8700              -0.5139
6    N               -1.9166              -1.8672              -0.5124
7    O               -1.6335               1.7050              -0.2649
8    H               -2.1208               0.9611               0.1216
9    H               -0.0394              -0.6975              -1.4966
10   H               -0.7492              -1.8101               1.2053
11   H                0.3231               1.3660               0.4724
12   H               -2.6558              -2.3618              -0.0292
13   H               -2.0025              -1.7046              -1.5090
14   H               -0.1995               3.0476               0.3259
15   H               -0.8052               2.0280               1.6674
16   H                2.5309               0.4075               1.6112
17   H                1.4973               1.0227              -1.8665
18   H                2.4160              -1.3231               1.2831
19   H                1.0837              -0.4906               2.1026
20   H                2.7624               1.3137              -0.6466
21   H                2.7356              -0.1984              -1.5664


Energy:                  -72.457759 Convergence criteria  Is converged 
Maximum Force:             0.041653     0.002850                No
RMS Force:                 0.007124     0.001900                No
Maximum Displacement:      0.022784     0.003150                No
RMS Displacement:          0.006947     0.002100                No

Model change: -1.903218e-03  Actual change: -1.912713e-03  rho: 1.005
Trust radius (MW):  0.100000  Step norm (MW):  0.100000  On boundary: True

----------------------------------------------------------------------
                            Iteration: 32                             


                             Coordinates                              
----------------------------------------------------------------------
0    C               -0.8187              -1.5356               0.1546
1    C                1.2628              -0.1149              -0.0375
2    C               -0.5336               2.0512               0.6093
3    C                1.8325              -0.3868               1.3108
4    C                2.0955               0.5525              -1.0722
5    N                0.1896              -0.8683              -0.5139
6    N               -1.9138              -1.8680              -0.5118
7    O               -1.6355               1.7036              -0.2691
8    H               -2.1199               0.9584               0.1183
9    H               -0.0373              -0.6985              -1.4975
10   H               -0.7474              -1.8086               1.2074
11   H                0.3190               1.3836               0.4861
12   H               -2.6537              -2.3632              -0.0302
13   H               -1.9982              -1.7044              -1.5083
14   H               -0.2130               3.0567               0.3244
15   H               -0.8209               2.0410               1.6669
16   H                2.5253               0.4130               1.6096
17   H                1.4910               1.0275              -1.8588
18   H                2.4157              -1.3220               1.3055
19   H                1.0745              -0.4811               2.1001
20   H                2.7579               1.3155              -0.6392
21   H                2.7422              -0.1842              -1.5787


Energy:                  -72.459540 Convergence criteria  Is converged 
Maximum Force:             0.038727     0.002850                No
RMS Force:                 0.006772     0.001900                No
Maximum Displacement:      0.022412     0.003150                No
RMS Displacement:          0.006976     0.002100                No

Model change: -1.770994e-03  Actual change: -1.780689e-03  rho: 1.005
Trust radius (MW):  0.100000  Step norm (MW):  0.100000  On boundary: True

----------------------------------------------------------------------
                            Iteration: 33                             


                             Coordinates                              
----------------------------------------------------------------------
0    C               -0.8197              -1.5350               0.1544
1    C                1.2715              -0.1322              -0.0452
2    C               -0.5357               2.0613               0.6150
3    C                1.8306              -0.3900               1.3087
4    C                2.0946               0.5514              -1.0751
5    N                0.1865              -0.8660              -0.5164
6    N               -1.9150              -1.8662              -0.5115
7    O               -1.6357               1.7048              -0.2647
8    H               -2.1158               0.9578               0.1247
9    H               -0.0400              -0.6963              -1.4999
10   H               -0.7456              -1.8100               1.2065
11   H                0.3203               1.4046               0.4992
12   H               -2.6551              -2.3619              -0.0307
13   H               -2.0006              -1.6984              -1.5071
14   H               -0.2203               3.0666               0.3251
15   H               -0.8247               2.0536               1.6716
16   H                2.5214               0.4133               1.6043
17   H                1.4833               1.0318              -1.8536
18   H                2.4145              -1.3249               1.3203
19   H                1.0669              -0.4759               2.0941
20   H                2.7544               1.3138              -0.6362
21   H                2.7446              -0.1734              -1.5951


Energy:                  -72.461176 Convergence criteria  Is converged 
Maximum Force:             0.036226     0.002850                No
RMS Force:                 0.006550     0.001900                No
Maximum Displacement:      0.020916     0.003150                No
RMS Displacement:          0.006340     0.002100                No

Model change: -1.644217e-03  Actual change: -1.636684e-03  rho: 0.995
Trust radius (MW):  0.100000  Step norm (MW):  0.100000  On boundary: True

----------------------------------------------------------------------
                            Iteration: 34                             


                             Coordinates                              
----------------------------------------------------------------------
0    C               -0.8190              -1.5335               0.1575
1    C                1.2818              -0.1484              -0.0487
2    C               -0.5432               2.0715               0.6138
3    C                1.8282              -0.3892               1.3123
4    C                2.0966               0.5496              -1.0739
5    N                0.1870              -0.8651              -0.5153
6    N               -1.9128              -1.8663              -0.5095
7    O               -1.6382               1.7042              -0.2697
8    H               -2.1147               0.9558               0.1212
9    H               -0.0374              -0.6985              -1.4998
10   H               -0.7448              -1.8066               1.2100
11   H                0.3182               1.4239               0.5073
12   H               -2.6537              -2.3618              -0.0298
13   H               -1.9967              -1.6986              -1.5052
14   H               -0.2332               3.0768               0.3191
15   H               -0.8371               2.0672               1.6688
16   H                2.5158               0.4187               1.6040
17   H                1.4793               1.0328              -1.8464
18   H                2.4132              -1.3232               1.3439
19   H                1.0573              -0.4654               2.0922
20   H                2.7519               1.3133              -0.6297
21   H                2.7514              -0.1633              -1.6043


Energy:                  -72.462702 Convergence criteria  Is converged 
Maximum Force:             0.031801     0.002850                No
RMS Force:                 0.005975     0.001900                No
Maximum Displacement:      0.023546     0.003150                No
RMS Displacement:          0.006708     0.002100                No

Model change: -1.541514e-03  Actual change: -1.525402e-03  rho: 0.990
Trust radius (MW):  0.100000  Step norm (MW):  0.100000  On boundary: True

----------------------------------------------------------------------
                            Iteration: 35                             


                             Coordinates                              
----------------------------------------------------------------------
0    C               -0.8174              -1.5330               0.1593
1    C                1.2915              -0.1635              -0.0529
2    C               -0.5526               2.0824               0.6158
3    C                1.8260              -0.3898               1.3146
4    C                2.0975               0.5495              -1.0734
5    N                0.1873              -0.8642              -0.5155
6    N               -1.9101              -1.8674              -0.5081
7    O               -1.6402               1.7023              -0.2736
8    H               -2.1128               0.9519               0.1183
9    H               -0.0350              -0.7003              -1.5006
10   H               -0.7424              -1.8051               1.2119
11   H                0.3158               1.4423               0.5185
12   H               -2.6512              -2.3634              -0.0292
13   H               -1.9936              -1.6990              -1.5037
14   H               -0.2500               3.0885               0.3168
15   H               -0.8539               2.0812               1.6685
16   H                2.5117               0.4214               1.6024
17   H                1.4733               1.0373              -1.8377
18   H                2.4101              -1.3234               1.3651
19   H                1.0481              -0.4551               2.0890
20   H                2.7495               1.3128              -0.6234
21   H                2.7551              -0.1513              -1.6162


Energy:                  -72.464130 Convergence criteria  Is converged 
Maximum Force:             0.026881     0.002850                No
RMS Force:                 0.005238     0.001900                No
Maximum Displacement:      0.021274     0.003150                No
RMS Displacement:          0.006974     0.002100                No

Model change: -1.426776e-03  Actual change: -1.427710e-03  rho: 1.001
Trust radius (MW):  0.100000  Step norm (MW):  0.100000  On boundary: True

----------------------------------------------------------------------
                            Iteration: 36                             


                             Coordinates                              
----------------------------------------------------------------------
0    C               -0.8153              -1.5323               0.1609
1    C                1.3012              -0.1775              -0.0564
2    C               -0.5621               2.0944               0.6174
3    C                1.8238              -0.3905               1.3174
4    C                2.0994               0.5492              -1.0724
5    N                0.1885              -0.8632              -0.5157
6    N               -1.9070              -1.8682              -0.5069
7    O               -1.6417               1.7006              -0.2778
8    H               -2.1102               0.9484               0.1154
9    H               -0.0319              -0.7024              -1.5016
10   H               -0.7396              -1.8034               1.2136
11   H                0.3132               1.4624               0.5295
12   H               -2.6482              -2.3646              -0.0285
13   H               -1.9903              -1.6991              -1.5023
14   H               -0.2674               3.1014               0.3141
15   H               -0.8707               2.0964               1.6678
16   H                2.5088               0.4229               1.6016
17   H                1.4690               1.0418              -1.8289
18   H                2.4058              -1.3244               1.3861
19   H                1.0390              -0.4445               2.0861
20   H                2.7488               1.3117              -0.6167
21   H                2.7590              -0.1405              -1.6267


Energy:                  -72.465400 Convergence criteria  Is converged 
Maximum Force:             0.023051     0.002850                No
RMS Force:                 0.004726     0.001900                No
Maximum Displacement:      0.020943     0.003150                No
RMS Displacement:          0.007050     0.002100                No

Model change: -1.264437e-03  Actual change: -1.270592e-03  rho: 1.005
Trust radius (MW):  0.100000  Step norm (MW):  0.100000  On boundary: True

----------------------------------------------------------------------
                            Iteration: 37                             


                             Coordinates                              
----------------------------------------------------------------------
0    C               -0.8140              -1.5315               0.1633
1    C                1.3104              -0.1917              -0.0592
2    C               -0.5695               2.1078               0.6148
3    C                1.8213              -0.3921               1.3208
4    C                2.1025               0.5460              -1.0715
5    N                0.1890              -0.8625              -0.5151
6    N               -1.9055              -1.8677              -0.5041
7    O               -1.6436               1.7003              -0.2821
8    H               -2.1076               0.9470               0.1146
9    H               -0.0302              -0.7037              -1.5016
10   H               -0.7370              -1.8022               1.2159
11   H                0.3118               1.4831               0.5353
12   H               -2.6467              -2.3642              -0.0257
13   H               -1.9892              -1.6978              -1.4993
14   H               -0.2825               3.1150               0.3050
15   H               -0.8825               2.1151               1.6638
16   H                2.5063               0.4228               1.6014
17   H                1.4670               1.0425              -1.8214
18   H                2.4001              -1.3266               1.4068
19   H                1.0297              -0.4342               2.0837
20   H                2.7499               1.3075              -0.6110
21   H                2.7637              -0.1347              -1.6349


Energy:                  -72.466503 Convergence criteria  Is converged 
Maximum Force:             0.019610     0.002850                No
RMS Force:                 0.004316     0.001900                No
Maximum Displacement:      0.020761     0.003150                No
RMS Displacement:          0.006788     0.002100                No

Model change: -1.104564e-03  Actual change: -1.102984e-03  rho: 0.999
Trust radius (MW):  0.100000  Step norm (MW):  0.100000  On boundary: True

----------------------------------------------------------------------
                            Iteration: 38                             


                             Coordinates                              
----------------------------------------------------------------------
0    C               -0.8124              -1.5310               0.1652
1    C                1.3190              -0.2049              -0.0618
2    C               -0.5781               2.1218               0.6129
3    C                1.8192              -0.3951               1.3236
4    C                2.1057               0.5427              -1.0707
5    N                0.1899              -0.8622              -0.5150
6    N               -1.9041              -1.8673              -0.5014
7    O               -1.6457               1.6998              -0.2865
8    H               -2.1050               0.9453               0.1133
9    H               -0.0280              -0.7057              -1.5021
10   H               -0.7339              -1.8016               1.2176
11   H                0.3095               1.5035               0.5416
12   H               -2.6451              -2.3639              -0.0228
13   H               -1.9885              -1.6968              -1.4963
14   H               -0.2997               3.1297               0.2973
15   H               -0.8965               2.1344               1.6602
16   H                2.5061               0.4196               1.6009
17   H                1.4654               1.0438              -1.8138
18   H                2.3926              -1.3313               1.4254
19   H                1.0214              -0.4246               2.0811
20   H                2.7522               1.3024              -0.6056
21   H                2.7670              -0.1300              -1.6435


Energy:                  -72.467524 Convergence criteria  Is converged 
Maximum Force:             0.018994     0.002850                No
RMS Force:                 0.003906     0.001900                No
Maximum Displacement:      0.020345     0.003150                No
RMS Displacement:          0.006872     0.002100                No

Model change: -1.021341e-03  Actual change: -1.020551e-03  rho: 0.999
Trust radius (MW):  0.100000  Step norm (MW):  0.100000  On boundary: True

----------------------------------------------------------------------
                            Iteration: 39                             


                             Coordinates                              
----------------------------------------------------------------------
0    C               -0.8111              -1.5314               0.1668
1    C                1.3260              -0.2168              -0.0639
2    C               -0.5858               2.1379               0.6121
3    C                1.8162              -0.3980               1.3265
4    C                2.1082               0.5388              -1.0702
5    N                0.1908              -0.8632              -0.5150
6    N               -1.9033              -1.8674              -0.4986
7    O               -1.6459               1.6990              -0.2895
8    H               -2.0993               0.9428               0.1140
9    H               -0.0249              -0.7104              -1.5031
10   H               -0.7314              -1.8019               1.2191
11   H                0.3083               1.5262               0.5501
12   H               -2.6444              -2.3631              -0.0192
13   H               -1.9892              -1.6957              -1.4932
14   H               -0.3169               3.1462               0.2896
15   H               -0.9104               2.1575               1.6576
16   H                2.5065               0.4153               1.6004
17   H                1.4636               1.0454              -1.8062
18   H                2.3827              -1.3369               1.4427
19   H                1.0128              -0.4144               2.0789
20   H                2.7557               1.2954              -0.6013
21   H                2.7676              -0.1276              -1.6525


Energy:                  -72.468492 Convergence criteria  Is converged 
Maximum Force:             0.018413     0.002850                No
RMS Force:                 0.003616     0.001900                No
Maximum Displacement:      0.023081     0.003150                No
RMS Displacement:          0.007283     0.002100                No

Model change: -9.649281e-04  Actual change: -9.683371e-04  rho: 1.004
Trust radius (MW):  0.100000  Step norm (MW):  0.100000  On boundary: True

----------------------------------------------------------------------
                            Iteration: 40                             


                             Coordinates                              
----------------------------------------------------------------------
0    C               -0.8095              -1.5330               0.1669
1    C                1.3317              -0.2270              -0.0668
2    C               -0.5922               2.1556               0.6119
3    C                1.8133              -0.4008               1.3280
4    C                2.1097               0.5356              -1.0711
5    N                0.1920              -0.8651              -0.5161
6    N               -1.9028              -1.8675              -0.4968
7    O               -1.6444               1.6977              -0.2905
8    H               -2.0905               0.9395               0.1173
9    H               -0.0216              -0.7160              -1.5053
10   H               -0.7282              -1.8042               1.2187
11   H                0.3090               1.5530               0.5604
12   H               -2.6440              -2.3620              -0.0165
13   H               -1.9908              -1.6937              -1.4909
14   H               -0.3332               3.1639               0.2808
15   H               -0.9227               2.1840               1.6557
16   H                2.5075               0.4102               1.5990
17   H                1.4613               1.0486              -1.7994
18   H                2.3721              -1.3427               1.4565
19   H                1.0052              -0.4045               2.0759
20   H                2.7599               1.2882              -0.5990
21   H                2.7654              -0.1259              -1.6631


Energy:                  -72.469444 Convergence criteria  Is converged 
Maximum Force:             0.018586     0.002850                No
RMS Force:                 0.003510     0.001900                No
Maximum Displacement:      0.026736     0.003150                No
RMS Displacement:          0.007642     0.002100                No

Model change: -9.493169e-04  Actual change: -9.514093e-04  rho: 1.002
Trust radius (MW):  0.100000  Step norm (MW):  0.100000  On boundary: True

----------------------------------------------------------------------
                            Iteration: 41                             


                             Coordinates                              
----------------------------------------------------------------------
0    C               -0.8069              -1.5330               0.1659
1    C                1.3377              -0.2350              -0.0710
2    C               -0.6041               2.1687               0.6209
3    C                1.8131              -0.4041               1.3268
4    C                2.1113               0.5342              -1.0737
5    N                0.1942              -0.8659              -0.5187
6    N               -1.9006              -1.8684              -0.4965
7    O               -1.6438               1.6965              -0.2893
8    H               -2.0845               0.9344               0.1170
9    H               -0.0177              -0.7199              -1.5086
10   H               -0.7251              -1.8028               1.2179
11   H                0.3039               1.5750               0.5813
12   H               -2.6417              -2.3618              -0.0149
13   H               -1.9901              -1.6940              -1.4903
14   H               -0.3526               3.1779               0.2873
15   H               -0.9455               2.2010               1.6613
16   H                2.5113               0.4044               1.5956
17   H                1.4587               1.0540              -1.7937
18   H                2.3650              -1.3489               1.4641
19   H                1.0018              -0.3975               2.0713
20   H                2.7653               1.2819              -0.5991
21   H                2.7618              -0.1232              -1.6761


Energy:                  -72.470373 Convergence criteria  Is converged 
Maximum Force:             0.018636     0.002850                No
RMS Force:                 0.003408     0.001900                No
Maximum Displacement:      0.022793     0.003150                No
RMS Displacement:          0.007493     0.002100                No

Model change: -9.359391e-04  Actual change: -9.298921e-04  rho: 0.994
Trust radius (MW):  0.100000  Step norm (MW):  0.100000  On boundary: True

----------------------------------------------------------------------
                            Iteration: 42                             


                             Coordinates                              
----------------------------------------------------------------------
0    C               -0.8054              -1.5352               0.1658
1    C                1.3417              -0.2433              -0.0728
2    C               -0.6105               2.1873               0.6209
3    C                1.8105              -0.4081               1.3281
4    C                2.1122               0.5310              -1.0741
5    N                0.1958              -0.8687              -0.5196
6    N               -1.9005              -1.8685              -0.4950
7    O               -1.6410               1.6952              -0.2896
8    H               -2.0743               0.9314               0.1216
9    H               -0.0149              -0.7242              -1.5100
10   H               -0.7225              -1.8060               1.2173
11   H                0.3032               1.5995               0.5931
12   H               -2.6420              -2.3600              -0.0122
13   H               -1.9919              -1.6921              -1.4883
14   H               -0.3668               3.1950               0.2772
15   H               -0.9586               2.2298               1.6588
16   H                2.5146               0.3962               1.5943
17   H                1.4564               1.0584              -1.7860
18   H                2.3526              -1.3572               1.4748
19   H                0.9957              -0.3885               2.0689
20   H                2.7709               1.2731              -0.5972
21   H                2.7565              -0.1232              -1.6865


Energy:                  -72.471239 Convergence criteria  Is converged 
Maximum Force:             0.017821     0.002850                No
RMS Force:                 0.003168     0.001900                No
Maximum Displacement:      0.028799     0.003150                No
RMS Displacement:          0.007746     0.002100                No

Model change: -8.733481e-04  Actual change: -8.656383e-04  rho: 0.991
Trust radius (MW):  0.100000  Step norm (MW):  0.100000  On boundary: True

----------------------------------------------------------------------
                            Iteration: 43                             


                             Coordinates                              
----------------------------------------------------------------------
0    C               -0.8034              -1.5374               0.1658
1    C                1.3453              -0.2500              -0.0743
2    C               -0.6181               2.2055               0.6221
3    C                1.8086              -0.4121               1.3288
4    C                2.1125               0.5278              -1.0753
5    N                0.1976              -0.8716              -0.5205
6    N               -1.8999              -1.8691              -0.4934
7    O               -1.6378               1.6937              -0.2901
8    H               -2.0645               0.9286               0.1254
9    H               -0.0125              -0.7275              -1.5109
10   H               -0.7195              -1.8087               1.2169
11   H                0.3003               1.6219               0.6057
12   H               -2.6418              -2.3586              -0.0091
13   H               -1.9934              -1.6909              -1.4861
14   H               -0.3810               3.2116               0.2692
15   H               -0.9742               2.2565               1.6567
16   H                2.5199               0.3868               1.5922
17   H                1.4534               1.0666              -1.7760
18   H                2.3396              -1.3663               1.4835
19   H                0.9912              -0.3790               2.0666
20   H                2.7800               1.2610              -0.5969
21   H                2.7458              -0.1248              -1.7010


Energy:                  -72.472043 Convergence criteria  Is converged 
Maximum Force:             0.016022     0.002850                No
RMS Force:                 0.002820     0.001900                No
Maximum Displacement:      0.026709     0.003150                No
RMS Displacement:          0.007937     0.002100                No

Model change: -8.063494e-04  Actual change: -8.036494e-04  rho: 0.997
Trust radius (MW):  0.100000  Step norm (MW):  0.100000  On boundary: True

----------------------------------------------------------------------
                            Iteration: 44                             


                             Coordinates                              
----------------------------------------------------------------------
0    C               -0.8012              -1.5397               0.1661
1    C                1.3484              -0.2553              -0.0752
2    C               -0.6267               2.2236               0.6234
3    C                1.8070              -0.4161               1.3297
4    C                2.1134               0.5242              -1.0765
5    N                0.1994              -0.8744              -0.5210
6    N               -1.8991              -1.8699              -0.4912
7    O               -1.6349               1.6924              -0.2907
8    H               -2.0557               0.9263               0.1292
9    H               -0.0107              -0.7297              -1.5111
10   H               -0.7164              -1.8109               1.2169
11   H                0.2955               1.6440               0.6191
12   H               -2.6413              -2.3574              -0.0055
13   H               -1.9947              -1.6902              -1.4835
14   H               -0.3953               3.2277               0.2615
15   H               -0.9913               2.2823               1.6544
16   H                2.5269               0.3759               1.5903
17   H                1.4520               1.0743              -1.7663
18   H                2.3251              -1.3764               1.4914
19   H                0.9877              -0.3686               2.0649
20   H                2.7901               1.2481              -0.5971
21   H                2.7348              -0.1281              -1.7144


Energy:                  -72.472771 Convergence criteria  Is converged 
Maximum Force:             0.014258     0.002850                No
RMS Force:                 0.002509     0.001900                No
Maximum Displacement:      0.025807     0.003150                No
RMS Displacement:          0.008018     0.002100                No

Model change: -7.266172e-04  Actual change: -7.280111e-04  rho: 1.002
Trust radius (MW):  0.100000  Step norm (MW):  0.100000  On boundary: True

----------------------------------------------------------------------
                            Iteration: 45                             


                             Coordinates                              
----------------------------------------------------------------------
0    C               -0.7980              -1.5418               0.1627
1    C                1.3516              -0.2589              -0.0785
2    C               -0.6382               2.2384               0.6305
3    C                1.8060              -0.4196               1.3279
4    C                2.1165               0.5202              -1.0801
5    N                0.2019              -0.8758              -0.5246
6    N               -1.8973              -1.8704              -0.4931
7    O               -1.6335               1.6914              -0.2887
8    H               -2.0489               0.9228               0.1321
9    H               -0.0089              -0.7290              -1.5140
10   H               -0.7121              -1.8140               1.2130
11   H                0.2879               1.6640               0.6378
12   H               -2.6395              -2.3567              -0.0062
13   H               -1.9951              -1.6881              -1.4847
14   H               -0.4117               3.2416               0.2636
15   H               -1.0124               2.3004               1.6576
16   H                2.5335               0.3658               1.5867
17   H                1.4544               1.0798              -1.7617
18   H                2.3124              -1.3852               1.4951
19   H                0.9851              -0.3599               2.0608
20   H                2.8011               1.2360              -0.6000
21   H                2.7279              -0.1327              -1.7271


Energy:                  -72.473433 Convergence criteria  Is converged 
Maximum Force:             0.012816     0.002850                No
RMS Force:                 0.002266     0.001900                No
Maximum Displacement:      0.021131     0.003150                No
RMS Displacement:          0.007603     0.002100                No

Model change: -6.601987e-04  Actual change: -6.620288e-04  rho: 1.003
Trust radius (MW):  0.100000  Step norm (MW):  0.100000  On boundary: True

----------------------------------------------------------------------
                            Iteration: 46                             


                             Coordinates                              
----------------------------------------------------------------------
0    C               -0.7953              -1.5443               0.1593
1    C                1.3540              -0.2621              -0.0820
2    C               -0.6471               2.2538               0.6378
3    C                1.8049              -0.4238               1.3256
4    C                2.1187               0.5163              -1.0842
5    N                0.2035              -0.8771              -0.5282
6    N               -1.8964              -1.8703              -0.4946
7    O               -1.6301               1.6912              -0.2852
8    H               -2.0406               0.9209               0.1373
9    H               -0.0090              -0.7268              -1.5164
10   H               -0.7077              -1.8186               1.2087
11   H                0.2834               1.6861               0.6557
12   H               -2.6385              -2.3559              -0.0067
13   H               -1.9970              -1.6847              -1.4852
14   H               -0.4261               3.2563               0.2658
15   H               -1.0295               2.3184               1.6615
16   H                2.5414               0.3538               1.5826
17   H                1.4561               1.0873              -1.7561
18   H                2.2985              -1.3954               1.4972
19   H                0.9832              -0.3516               2.0567
20   H                2.8133               1.2220              -0.6038
21   H                2.7176              -0.1378              -1.7418


Energy:                  -72.474034 Convergence criteria  Is converged 
Maximum Force:             0.011664     0.002850                No
RMS Force:                 0.002066     0.001900                No
Maximum Displacement:      0.022120     0.003150                No
RMS Displacement:          0.007804     0.002100                No

Model change: -6.018184e-04  Actual change: -6.017685e-04  rho: 1.000
Trust radius (MW):  0.100000  Step norm (MW):  0.100000  On boundary: True

----------------------------------------------------------------------
                            Iteration: 47                             


                             Coordinates                              
----------------------------------------------------------------------
0    C               -0.7927              -1.5477               0.1570
1    C                1.3557              -0.2651              -0.0850
2    C               -0.6560               2.2685               0.6462
3    C                1.8038              -0.4275               1.3237
4    C                2.1206               0.5116              -1.0884
5    N                0.2045              -0.8787              -0.5310
6    N               -1.8957              -1.8712              -0.4949
7    O               -1.6273               1.6906              -0.2798
8    H               -2.0321               0.9182               0.1446
9    H               -0.0103              -0.7247              -1.5178
10   H               -0.7027              -1.8245               1.2054
11   H                0.2800               1.7095               0.6710
12   H               -2.6373              -2.3564              -0.0059
13   H               -1.9994              -1.6818              -1.4844
14   H               -0.4432               3.2715               0.2706
15   H               -1.0445               2.3332               1.6674
16   H                2.5489               0.3424               1.5785
17   H                1.4582               1.0943              -1.7509
18   H                2.2846              -1.4048               1.4992
19   H                0.9817              -0.3430               2.0533
20   H                2.8258               1.2067              -0.6086
21   H                2.7063              -0.1443              -1.7563


Energy:                  -72.474578 Convergence criteria  Is converged 
Maximum Force:             0.010570     0.002850                No
RMS Force:                 0.001872     0.001900                Yes
Maximum Displacement:      0.023344     0.003150                No
RMS Displacement:          0.007804     0.002100                No

Model change: -5.439630e-04  Actual change: -5.437732e-04  rho: 1.000
Trust radius (MW):  0.100000  Step norm (MW):  0.100000  On boundary: True

----------------------------------------------------------------------
                            Iteration: 48                             


                             Coordinates                              
----------------------------------------------------------------------
0    C               -0.7892              -1.5504               0.1547
1    C                1.3581              -0.2672              -0.0873
2    C               -0.6671               2.2827               0.6529
3    C                1.8036              -0.4327               1.3220
4    C                2.1226               0.5090              -1.0913
5    N                0.2062              -0.8792              -0.5333
6    N               -1.8938              -1.8723              -0.4954
7    O               -1.6264               1.6897              -0.2762
8    H               -2.0257               0.9154               0.1501
9    H               -0.0110              -0.7216              -1.5189
10   H               -0.6972              -1.8292               1.2023
11   H                0.2738               1.7316               0.6851
12   H               -2.6347              -2.3575              -0.0055
13   H               -2.0000              -1.6799              -1.4841
14   H               -0.4617               3.2857               0.2731
15   H               -1.0622               2.3489               1.6715
16   H                2.5619               0.3249               1.5746
17   H                1.4607               1.1038              -1.7437
18   H                2.2653              -1.4187               1.5009
19   H                0.9823              -0.3315               2.0507
20   H                2.8384               1.1932              -0.6115
21   H                2.6954              -0.1476              -1.7699


Energy:                  -72.475095 Convergence criteria  Is converged 
Maximum Force:             0.009499     0.002850                No
RMS Force:                 0.001693     0.001900                Yes
Maximum Displacement:      0.022097     0.003150                No
RMS Displacement:          0.008265     0.002100                No

Model change: -5.152799e-04  Actual change: -5.166531e-04  rho: 1.003
Trust radius (MW):  0.100000  Step norm (MW):  0.100000  On boundary: True

----------------------------------------------------------------------
                            Iteration: 49                             


                             Coordinates                              
----------------------------------------------------------------------
0    C               -0.7865              -1.5522               0.1560
1    C                1.3605              -0.2702              -0.0874
2    C               -0.6775               2.2987               0.6529
3    C                1.8026              -0.4361               1.3231
4    C                2.1256               0.5035              -1.0928
5    N                0.2077              -0.8807              -0.5330
6    N               -1.8920              -1.8739              -0.4926
7    O               -1.6256               1.6885              -0.2767
8    H               -2.0197               0.9139               0.1539
9    H               -0.0109              -0.7218              -1.5178
10   H               -0.6933              -1.8301               1.2036
11   H                0.2675               1.7550               0.6951
12   H               -2.6327              -2.3583              -0.0015
13   H               -1.9998              -1.6811              -1.4811
14   H               -0.4785               3.2999               0.2647
15   H               -1.0796               2.3712               1.6684
16   H                2.5744               0.3086               1.5724
17   H                1.4652               1.1094              -1.7366
18   H                2.2434              -1.4306               1.5074
19   H                0.9819              -0.3160               2.0502
20   H                2.8521               1.1769              -0.6141
21   H                2.6854              -0.1551              -1.7804


Energy:                  -72.475579 Convergence criteria  Is converged 
Maximum Force:             0.008842     0.002850                No
RMS Force:                 0.001582     0.001900                Yes
Maximum Displacement:      0.023427     0.003150                No
RMS Displacement:          0.008512     0.002100                No

Model change: -4.827253e-04  Actual change: -4.843473e-04  rho: 1.003
Trust radius (MW):  0.100000  Step norm (MW):  0.100000  On boundary: True

----------------------------------------------------------------------
                            Iteration: 50                             


                             Coordinates                              
----------------------------------------------------------------------
0    C               -0.7840              -1.5537               0.1573
1    C                1.3630              -0.2735              -0.0876
2    C               -0.6866               2.3146               0.6530
3    C                1.8011              -0.4398               1.3240
4    C                2.1286               0.4977              -1.0942
5    N                0.2092              -0.8823              -0.5328
6    N               -1.8905              -1.8753              -0.4897
7    O               -1.6243               1.6875              -0.2761
8    H               -2.0129               0.9127               0.1593
9    H               -0.0112              -0.7222              -1.5168
10   H               -0.6897              -1.8302               1.2051
11   H                0.2624               1.7785               0.7054
12   H               -2.6308              -2.3590               0.0027
13   H               -1.9998              -1.6822              -1.4780
14   H               -0.4938               3.3135               0.2559
15   H               -1.0953               2.3943               1.6655
16   H                2.5873               0.2905               1.5698
17   H                1.4703               1.1151              -1.7293
18   H                2.2187              -1.4431               1.5143
19   H                0.9817              -0.2990               2.0493
20   H                2.8662               1.1598              -0.6168
21   H                2.6753              -0.1627              -1.7909


Energy:                  -72.476043 Convergence criteria  Is converged 
Maximum Force:             0.008313     0.002850                No
RMS Force:                 0.001495     0.001900                Yes
Maximum Displacement:      0.024709     0.003150                No
RMS Displacement:          0.008730     0.002100                No

Model change: -4.636389e-04  Actual change: -4.632473e-04  rho: 0.999
Trust radius (MW):  0.100000  Step norm (MW):  0.100000  On boundary: True

----------------------------------------------------------------------
                            Iteration: 51                             


                             Coordinates                              
----------------------------------------------------------------------
0    C               -0.7791              -1.5557               0.1554
1    C                1.3662              -0.2747              -0.0902
2    C               -0.6992               2.3261               0.6599
3    C                1.8029              -0.4453               1.3212
4    C                2.1306               0.4973              -1.0968
5    N                0.2117              -0.8823              -0.5353
6    N               -1.8871              -1.8765              -0.4896
7    O               -1.6239               1.6872              -0.2745
8    H               -2.0095               0.9112               0.1614
9    H               -0.0114              -0.7189              -1.5179
10   H               -0.6829              -1.8335               1.2026
11   H                0.2528               1.7964               0.7240
12   H               -2.6259              -2.3616               0.0037
13   H               -1.9989              -1.6816              -1.4772
14   H               -0.5101               3.3242               0.2589
15   H               -1.1183               2.4090               1.6681
16   H                2.6017               0.2716               1.5648
17   H                1.4732               1.1281              -1.7197
18   H                2.2003              -1.4564               1.5135
19   H                0.9861              -0.2884               2.0463
20   H                2.8798               1.1466              -0.6200
21   H                2.6628              -0.1623              -1.8057


Energy:                  -72.476464 Convergence criteria  Is converged 
Maximum Force:             0.007650     0.002850                No
RMS Force:                 0.001388     0.001900                Yes
Maximum Displacement:      0.022946     0.003150                No
RMS Displacement:          0.008485     0.002100                No

Model change: -4.228464e-04  Actual change: -4.211068e-04  rho: 0.996
Trust radius (MW):  0.100000  Step norm (MW):  0.100000  On boundary: True

----------------------------------------------------------------------
                            Iteration: 52                             


                             Coordinates                              
----------------------------------------------------------------------
0    C               -0.7744              -1.5574               0.1541
1    C                1.3691              -0.2757              -0.0917
2    C               -0.7119               2.3377               0.6636
3    C                1.8039              -0.4513               1.3195
4    C                2.1330               0.4967              -1.0980
5    N                0.2142              -0.8823              -0.5372
6    N               -1.8833              -1.8784              -0.4890
7    O               -1.6247               1.6866              -0.2745
8    H               -2.0076               0.9102               0.1631
9    H               -0.0113              -0.7161              -1.5187
10   H               -0.6771              -1.8351               1.2012
11   H                0.2413               1.8118               0.7424
12   H               -2.6206              -2.3648               0.0051
13   H               -1.9972              -1.6827              -1.4763
14   H               -0.5234               3.3331               0.2555
15   H               -1.1422               2.4284               1.6666
16   H                2.6176               0.2492               1.5605
17   H                1.4773               1.1415              -1.7086
18   H                2.1773              -1.4712               1.5145
19   H                0.9905              -0.2749               2.0444
20   H                2.8937               1.1327              -0.6214
21   H                2.6505              -0.1617              -1.8190


Energy:                  -72.476860 Convergence criteria  Is converged 
Maximum Force:             0.006848     0.002850                No
RMS Force:                 0.001250     0.001900                Yes
Maximum Displacement:      0.023935     0.003150                No
RMS Displacement:          0.008889     0.002100                No

Model change: -3.984158e-04  Actual change: -3.961921e-04  rho: 0.994
Trust radius (MW):  0.100000  Step norm (MW):  0.100000  On boundary: True

----------------------------------------------------------------------
                            Iteration: 53                             


                             Coordinates                              
----------------------------------------------------------------------
0    C               -0.7711              -1.5579               0.1537
1    C                1.3714              -0.2773              -0.0922
2    C               -0.7228               2.3503               0.6643
3    C                1.8041              -0.4583               1.3188
4    C                2.1361               0.4942              -1.0984
5    N                0.2159              -0.8825              -0.5385
6    N               -1.8804              -1.8798              -0.4879
7    O               -1.6263               1.6863              -0.2743
8    H               -2.0062               0.9105               0.1670
9    H               -0.0115              -0.7140              -1.5190
10   H               -0.6738              -1.8343               1.2012
11   H                0.2296               1.8249               0.7592
12   H               -2.6165              -2.3671               0.0072
13   H               -1.9960              -1.6841              -1.4750
14   H               -0.5317               3.3406               0.2452
15   H               -1.1637               2.4541               1.6616
16   H                2.6347               0.2232               1.5567
17   H                1.4835               1.1537              -1.6967
18   H                2.1512              -1.4869               1.5173
19   H                0.9954              -0.2598               2.0435
20   H                2.9085               1.1159              -0.6220
21   H                2.6382              -0.1635              -1.8310


Energy:                  -72.477220 Convergence criteria  Is converged 
Maximum Force:             0.005970     0.002850                No
RMS Force:                 0.001092     0.001900                Yes
Maximum Displacement:      0.026112     0.003150                No
RMS Displacement:          0.009304     0.002100                No

Model change: -3.609421e-04  Actual change: -3.604293e-04  rho: 0.999
Trust radius (MW):  0.100000  Step norm (MW):  0.100000  On boundary: True

----------------------------------------------------------------------
                            Iteration: 54                             


                             Coordinates                              
----------------------------------------------------------------------
0    C               -0.7690              -1.5588               0.1524
1    C                1.3717              -0.2784              -0.0940
2    C               -0.7304               2.3646               0.6677
3    C                1.8011              -0.4607               1.3178
4    C                2.1378               0.4911              -1.1005
5    N                0.2180              -0.8857              -0.5415
6    N               -1.8783              -1.8822              -0.4879
7    O               -1.6227               1.6841              -0.2701
8    H               -1.9979               0.9088               0.1763
9    H               -0.0093              -0.7192              -1.5223
10   H               -0.6727              -1.8313               1.2008
11   H                0.2213               1.8408               0.7819
12   H               -2.6142              -2.3681               0.0089
13   H               -1.9953              -1.6873              -1.4750
14   H               -0.5364               3.3484               0.2346
15   H               -1.1835               2.4846               1.6579
16   H                2.6460               0.2039               1.5525
17   H                1.4885               1.1630              -1.6887
18   H                2.1254              -1.4957               1.5224
19   H                0.9964              -0.2415               2.0412
20   H                2.9205               1.1003              -0.6248
21   H                2.6263              -0.1666              -1.8423


Energy:                  -72.477540 Convergence criteria  Is converged 
Maximum Force:             0.005133     0.002850                No
RMS Force:                 0.000942     0.001900                Yes
Maximum Displacement:      0.030440     0.003150                No
RMS Displacement:          0.009096     0.002100                No

Model change: -3.196679e-04  Actual change: -3.195405e-04  rho: 1.000
Trust radius (MW):  0.100000  Step norm (MW):  0.100000  On boundary: True

----------------------------------------------------------------------
                            Iteration: 55                             


                             Coordinates                              
----------------------------------------------------------------------
0    C               -0.7673              -1.5595               0.1509
1    C                1.3719              -0.2797              -0.0956
2    C               -0.7375               2.3788               0.6703
3    C                1.7983              -0.4630               1.3169
4    C                2.1389               0.4886              -1.1022
5    N                0.2197              -0.8887              -0.5443
6    N               -1.8765              -1.8848              -0.4883
7    O               -1.6187               1.6815              -0.2658
8    H               -1.9907               0.9081               0.1865
9    H               -0.0070              -0.7248              -1.5256
10   H               -0.6722              -1.8286               1.2004
11   H                0.2114               1.8545               0.8073
12   H               -2.6121              -2.3696               0.0101
13   H               -1.9945              -1.6908              -1.4754
14   H               -0.5367               3.3538               0.2209
15   H               -1.2040               2.5185               1.6517
16   H                2.6569               0.1851               1.5483
17   H                1.4930               1.1735              -1.6792
18   H                2.1014              -1.5033               1.5275
19   H                0.9981              -0.2239               2.0392
20   H                2.9326               1.0845              -0.6277
21   H                2.6129              -0.1685              -1.8539


Energy:                  -72.477820 Convergence criteria  Is converged 
Maximum Force:             0.004414     0.002850                No
RMS Force:                 0.000817     0.001900                Yes
Maximum Displacement:      0.033974     0.003150                No
RMS Displacement:          0.009348     0.002100                No

Model change: -2.798750e-04  Actual change: -2.802610e-04  rho: 1.001
Trust radius (MW):  0.100000  Step norm (MW):  0.100000  On boundary: True

----------------------------------------------------------------------
                            Iteration: 56                             


                             Coordinates                              
----------------------------------------------------------------------
0    C               -0.7658              -1.5606               0.1490
1    C                1.3719              -0.2812              -0.0977
2    C               -0.7438               2.3929               0.6729
3    C                1.7951              -0.4637               1.3159
4    C                2.1397               0.4860              -1.1044
5    N                0.2212              -0.8919              -0.5475
6    N               -1.8747              -1.8876              -0.4893
7    O               -1.6140               1.6785              -0.2608
8    H               -1.9829               0.9073               0.1979
9    H               -0.0045              -0.7309              -1.5295
10   H               -0.6716              -1.8271               1.1992
11   H                0.2018               1.8687               0.8335
12   H               -2.6102              -2.3711               0.0103
13   H               -1.9938              -1.6941              -1.4764
14   H               -0.5354               3.3582               0.2063
15   H               -1.2236               2.5538               1.6446
16   H                2.6647               0.1705               1.5440
17   H                1.4970               1.1831              -1.6704
18   H                2.0802              -1.5079               1.5330
19   H                0.9988              -0.2071               2.0367
20   H                2.9442               1.0687              -0.6317
21   H                2.5994              -0.1705              -1.8657


Energy:                  -72.478062 Convergence criteria  Is converged 
Maximum Force:             0.003864     0.002850                No
RMS Force:                 0.000722     0.001900                Yes
Maximum Displacement:      0.035240     0.003150                No
RMS Displacement:          0.009155     0.002100                No

Model change: -2.408198e-04  Actual change: -2.419949e-04  rho: 1.005
Trust radius (MW):  0.100000  Step norm (MW):  0.100000  On boundary: True

----------------------------------------------------------------------
                            Iteration: 57                             


                             Coordinates                              
----------------------------------------------------------------------
0    C               -0.7643              -1.5622               0.1466
1    C                1.3720              -0.2830              -0.0998
2    C               -0.7498               2.4066               0.6756
3    C                1.7914              -0.4630               1.3152
4    C                2.1409               0.4826              -1.1069
5    N                0.2226              -0.8951              -0.5507
6    N               -1.8730              -1.8905              -0.4912
7    O               -1.6087               1.6750              -0.2553
8    H               -1.9749               0.9064               0.2099
9    H               -0.0020              -0.7364              -1.5334
10   H               -0.6707              -1.8276               1.1972
11   H                0.1922               1.8833               0.8604
12   H               -2.6084              -2.3729               0.0094
13   H               -1.9928              -1.6969              -1.4783
14   H               -0.5333               3.3616               0.1917
15   H               -1.2430               2.5894               1.6366
16   H                2.6695               0.1604               1.5404
17   H                1.5017               1.1913              -1.6624
18   H                2.0620              -1.5097               1.5391
19   H                0.9981              -0.1913               2.0337
20   H                2.9556               1.0526              -0.6363
21   H                2.5864              -0.1733              -1.8771


Energy:                  -72.478275 Convergence criteria  Is converged 
Maximum Force:             0.003594     0.002850                No
RMS Force:                 0.000670     0.001900                Yes
Maximum Displacement:      0.035598     0.003150                No
RMS Displacement:          0.008944     0.002100                No

Model change: -2.117144e-04  Actual change: -2.134442e-04  rho: 1.008
Trust radius (MW):  0.100000  Step norm (MW):  0.100000  On boundary: True

----------------------------------------------------------------------
                            Iteration: 58                             


                             Coordinates                              
----------------------------------------------------------------------
0    C               -0.7633              -1.5646               0.1449
1    C                1.3715              -0.2848              -0.1015
2    C               -0.7545               2.4204               0.6788
3    C                1.7869              -0.4605               1.3152
4    C                2.1417               0.4785              -1.1094
5    N                0.2231              -0.8978              -0.5529
6    N               -1.8722              -1.8930              -0.4923
7    O               -1.6026               1.6713              -0.2481
8    H               -1.9669               0.9062               0.2244
9    H               -0.0019              -0.7391              -1.5355
10   H               -0.6693              -1.8312               1.1952
11   H                0.1837               1.8986               0.8875
12   H               -2.6074              -2.3752               0.0089
13   H               -1.9933              -1.6982              -1.4789
14   H               -0.5298               3.3644               0.1775
15   H               -1.2603               2.6254               1.6288
16   H                2.6708               0.1553               1.5381
17   H                1.5062               1.1979              -1.6556
18   H                2.0467              -1.5085               1.5463
19   H                0.9951              -0.1767               2.0308
20   H                2.9660               1.0366              -0.6412
21   H                2.5737              -0.1772              -1.8873


Energy:                  -72.478466 Convergence criteria  Is converged 
Maximum Force:             0.003388     0.002850                No
RMS Force:                 0.000632     0.001900                Yes
Maximum Displacement:      0.036013     0.003150                No
RMS Displacement:          0.008685     0.002100                No

Model change: -1.901494e-04  Actual change: -1.901984e-04  rho: 1.000
Trust radius (MW):  0.100000  Step norm (MW):  0.100000  On boundary: True

----------------------------------------------------------------------
                            Iteration: 59                             


                             Coordinates                              
----------------------------------------------------------------------
0    C               -0.7619              -1.5682               0.1427
1    C                1.3709              -0.2860              -0.1028
2    C               -0.7589               2.4342               0.6806
3    C                1.7826              -0.4579               1.3154
4    C                2.1430               0.4743              -1.1115
5    N                0.2234              -0.8997              -0.5549
6    N               -1.8714              -1.8953              -0.4939
7    O               -1.5973               1.6672              -0.2405
8    H               -1.9601               0.9067               0.2403
9    H               -0.0027              -0.7390              -1.5370
10   H               -0.6663              -1.8388               1.1918
11   H                0.1741               1.9130               0.9146
12   H               -2.6059              -2.3785               0.0074
13   H               -1.9942              -1.6977              -1.4797
14   H               -0.5238               3.3653               0.1603
15   H               -1.2772               2.6640               1.6183
16   H                2.6705               0.1526               1.5368
17   H                1.5116               1.2033              -1.6498
18   H                2.0345              -1.5065               1.5524
19   H                0.9914              -0.1648               2.0279
20   H                2.9762               1.0212              -0.6457
21   H                2.5625              -0.1817              -1.8959


Energy:                  -72.478648 Convergence criteria  Is converged 
Maximum Force:             0.003172     0.002850                No
RMS Force:                 0.000594     0.001900                Yes
Maximum Displacement:      0.038658     0.003150                No
RMS Displacement:          0.008786     0.002100                No

Model change: -1.836041e-04  Actual change: -1.828671e-04  rho: 0.996
Trust radius (MW):  0.100000  Step norm (MW):  0.100000  On boundary: True

----------------------------------------------------------------------
                            Iteration: 60                             


                             Coordinates                              
----------------------------------------------------------------------
0    C               -0.7602              -1.5723               0.1399
1    C                1.3704              -0.2871              -0.1039
2    C               -0.7629               2.4475               0.6808
3    C                1.7780              -0.4547               1.3158
4    C                2.1452               0.4691              -1.1137
5    N                0.2234              -0.9008              -0.5568
6    N               -1.8705              -1.8976              -0.4960
7    O               -1.5934               1.6628              -0.2323
8    H               -1.9538               0.9068               0.2578
9    H               -0.0045              -0.7364              -1.5378
10   H               -0.6623              -1.8495               1.1872
11   H                0.1652               1.9277               0.9376
12   H               -2.6040              -2.3827               0.0049
13   H               -1.9956              -1.6958              -1.4807
14   H               -0.5183               3.3653               0.1416
15   H               -1.2913               2.7017               1.6064
16   H                2.6688               0.1520               1.5363
17   H                1.5190               1.2078              -1.6450
18   H                2.0235              -1.5034               1.5588
19   H                0.9865              -0.1536               2.0247
20   H                2.9875               1.0042              -0.6506
21   H                2.5519              -0.1880              -1.9039


Energy:                  -72.478818 Convergence criteria  Is converged 
Maximum Force:             0.002875     0.002850                No
RMS Force:                 0.000548     0.001900                Yes
Maximum Displacement:      0.037649     0.003150                No
RMS Displacement:          0.008705     0.002100                No

Model change: -1.698642e-04  Actual change: -1.695752e-04  rho: 0.998
Trust radius (MW):  0.100000  Step norm (MW):  0.100000  On boundary: True

----------------------------------------------------------------------
                            Iteration: 61                             


                             Coordinates                              
----------------------------------------------------------------------
0    C               -0.7584              -1.5770               0.1368
1    C                1.3700              -0.2880              -0.1049
2    C               -0.7659               2.4603               0.6800
3    C                1.7731              -0.4508               1.3165
4    C                2.1480               0.4633              -1.1157
5    N                0.2230              -0.9010              -0.5585
6    N               -1.8698              -1.8997              -0.4984
7    O               -1.5906               1.6582              -0.2231
8    H               -1.9474               0.9069               0.2766
9    H               -0.0071              -0.7320              -1.5382
10   H               -0.6574              -1.8622               1.1816
11   H                0.1579               1.9427               0.9568
12   H               -2.6019              -2.3876               0.0017
13   H               -1.9975              -1.6923              -1.4816
14   H               -0.5134               3.3648               0.1224
15   H               -1.3023               2.7376               1.5944
16   H                2.6661               0.1529               1.5363
17   H                1.5277               1.2116              -1.6406
18   H                2.0134              -1.4995               1.5655
19   H                0.9808              -0.1425               2.0214
20   H                2.9994               0.9866              -0.6554
21   H                2.5420              -0.1953              -1.9111


Energy:                  -72.478973 Convergence criteria  Is converged 
Maximum Force:             0.002627     0.002850                Yes
RMS Force:                 0.000512     0.001900                Yes
Maximum Displacement:      0.035920     0.003150                No
RMS Displacement:          0.008555     0.002100                No

Model change: -1.547196e-04  Actual change: -1.545548e-04  rho: 0.999
Trust radius (MW):  0.100000  Step norm (MW):  0.100000  On boundary: True

----------------------------------------------------------------------
                            Iteration: 62                             


                             Coordinates                              
----------------------------------------------------------------------
0    C               -0.7562              -1.5827               0.1337
1    C                1.3689              -0.2881              -0.1054
2    C               -0.7679               2.4717               0.6783
3    C                1.7697              -0.4489               1.3168
4    C                2.1488               0.4607              -1.1165
5    N                0.2222              -0.9007              -0.5597
6    N               -1.8694              -1.9014              -0.5001
7    O               -1.5869               1.6533              -0.2153
8    H               -1.9459               0.9102               0.2950
9    H               -0.0113              -0.7251              -1.5376
10   H               -0.6511              -1.8772               1.1755
11   H                0.1454               1.9512               0.9850
12   H               -2.5994              -2.3933              -0.0009
13   H               -2.0005              -1.6875              -1.4815
14   H               -0.4961               3.3569               0.0987
15   H               -1.3165               2.7820               1.5752
16   H                2.6640               0.1530               1.5364
17   H                1.5324               1.2160              -1.6361
18   H                2.0068              -1.4975               1.5688
19   H                0.9769              -0.1367               2.0196
20   H                3.0064               0.9754              -0.6580
21   H                2.5338              -0.1981              -1.9160


Energy:                  -72.479138 Convergence criteria  Is converged 
Maximum Force:             0.002615     0.002850                Yes
RMS Force:                 0.000515     0.001900                Yes
Maximum Displacement:      0.044402     0.003150                No
RMS Displacement:          0.009592     0.002100                No

Model change: -1.657583e-04  Actual change: -1.651049e-04  rho: 0.996
Trust radius (MW):  0.100000  Step norm (MW):  0.100000  On boundary: True

----------------------------------------------------------------------
                            Iteration: 63                             


                             Coordinates                              
----------------------------------------------------------------------
0    C               -0.7540              -1.5886               0.1306
1    C                1.3675              -0.2880              -0.1057
2    C               -0.7689               2.4826               0.6760
3    C                1.7666              -0.4476               1.3171
4    C                2.1488               0.4594              -1.1167
5    N                0.2212              -0.9002              -0.5609
6    N               -1.8692              -1.9031              -0.5015
7    O               -1.5829               1.6485              -0.2080
8    H               -1.9464               0.9152               0.3133
9    H               -0.0160              -0.7176              -1.5367
10   H               -0.6446              -1.8924               1.1693
11   H                0.1317               1.9590               1.0143
12   H               -2.5970              -2.3993              -0.0034
13   H               -2.0039              -1.6824              -1.4809
14   H               -0.4752               3.3464               0.0751
15   H               -1.3299               2.8275               1.5528
16   H                2.6614               0.1534               1.5366
17   H                1.5356               1.2206              -1.6314
18   H                2.0023              -1.4962               1.5708
19   H                0.9733              -0.1335               2.0185
20   H                3.0116               0.9667              -0.6597
21   H                2.5261              -0.1991              -1.9201


Energy:                  -72.479297 Convergence criteria  Is converged 
Maximum Force:             0.002522     0.002850                Yes
RMS Force:                 0.000504     0.001900                Yes
Maximum Displacement:      0.045488     0.003150                No
RMS Displacement:          0.009822     0.002100                No

Model change: -1.600989e-04  Actual change: -1.593828e-04  rho: 0.996
Trust radius (MW):  0.100000  Step norm (MW):  0.100000  On boundary: True

----------------------------------------------------------------------
                            Iteration: 64                             


                             Coordinates                              
----------------------------------------------------------------------
0    C               -0.7517              -1.5946               0.1275
1    C                1.3659              -0.2879              -0.1058
2    C               -0.7697               2.4935               0.6731
3    C                1.7641              -0.4476               1.3171
4    C                2.1479               0.4592              -1.1164
5    N                0.2200              -0.8997              -0.5619
6    N               -1.8689              -1.9052              -0.5028
7    O               -1.5786               1.6437              -0.2011
8    H               -1.9479               0.9213               0.3312
9    H               -0.0209              -0.7101              -1.5355
10   H               -0.6381              -1.9071               1.1632
11   H                0.1170               1.9674               1.0436
12   H               -2.5944              -2.4058              -0.0058
13   H               -2.0074              -1.6774              -1.4801
14   H               -0.4532               3.3347               0.0521
15   H               -1.3425               2.8728               1.5280
16   H                2.6598               0.1523               1.5367
17   H                1.5374               1.2257              -1.6264
18   H                1.9984              -1.4964               1.5716
19   H                0.9709              -0.1318               2.0178
20   H                3.0153               0.9599              -0.6606
21   H                2.5186              -0.1984              -1.9237


Energy:                  -72.479442 Convergence criteria  Is converged 
Maximum Force:             0.002304     0.002850                Yes
RMS Force:                 0.000468     0.001900                Yes
Maximum Displacement:      0.045291     0.003150                No
RMS Displacement:          0.009886     0.002100                No

Model change: -1.466838e-04  Actual change: -1.451969e-04  rho: 0.990
Trust radius (MW):  0.100000  Step norm (MW):  0.100000  On boundary: True

----------------------------------------------------------------------
                            Iteration: 65                             


                             Coordinates                              
----------------------------------------------------------------------
0    C               -0.7497              -1.6004               0.1241
1    C                1.3642              -0.2877              -0.1061
2    C               -0.7708               2.5048               0.6697
3    C                1.7620              -0.4485               1.3168
4    C                2.1469               0.4595              -1.1161
5    N                0.2185              -0.8989              -0.5632
6    N               -1.8684              -1.9081              -0.5048
7    O               -1.5742               1.6389              -0.1940
8    H               -1.9495               0.9279               0.3495
9    H               -0.0260              -0.7025              -1.5346
10   H               -0.6323              -1.9202               1.1571
11   H                0.1025               1.9787               1.0711
12   H               -2.5916              -2.4131              -0.0089
13   H               -2.0107              -1.6729              -1.4797
14   H               -0.4333               3.3238               0.0305
15   H               -1.3544               2.9159               1.5024
16   H                2.6599               0.1484               1.5359
17   H                1.5391               1.2318              -1.6208
18   H                1.9927              -1.4980               1.5718
19   H                0.9698              -0.1292               2.0172
20   H                3.0189               0.9532              -0.6614
21   H                2.5105              -0.1966              -1.9277


Energy:                  -72.479564 Convergence criteria  Is converged 
Maximum Force:             0.001912     0.002850                Yes
RMS Force:                 0.000401     0.001900                Yes
Maximum Displacement:      0.043084     0.003150                No
RMS Displacement:          0.009634     0.002100                No

Model change: -1.206867e-04  Actual change: -1.211762e-04  rho: 1.004
Trust radius (MW):  0.100000  Step norm (MW):  0.100000  On boundary: True

----------------------------------------------------------------------
                            Iteration: 66                             


                             Coordinates                              
----------------------------------------------------------------------
0    C               -0.7482              -1.6060               0.1205
1    C                1.3626              -0.2878              -0.1057
2    C               -0.7724               2.5173               0.6643
3    C                1.7608              -0.4518               1.3168
4    C                2.1458               0.4604              -1.1146
5    N                0.2167              -0.8973              -0.5640
6    N               -1.8677              -1.9114              -0.5078
7    O               -1.5716               1.6344              -0.1866
8    H               -1.9500               0.9344               0.3687
9    H               -0.0312              -0.6940              -1.5331
10   H               -0.6274              -1.9340               1.1505
11   H                0.0910               1.9949               1.0911
12   H               -2.5889              -2.4207              -0.0134
13   H               -2.0137              -1.6680              -1.4801
14   H               -0.4200               3.3161               0.0081
15   H               -1.3636               2.9554               1.4775
16   H                2.6641               0.1374               1.5346
17   H                1.5409               1.2391              -1.6130
18   H                1.9827              -1.5032               1.5721
19   H                0.9720              -0.1248               2.0176
20   H                3.0228               0.9463              -0.6609
21   H                2.5020              -0.1934              -1.9314


Energy:                  -72.479663 Convergence criteria  Is converged 
Maximum Force:             0.001542     0.002850                Yes
RMS Force:                 0.000331     0.001900                Yes
Maximum Displacement:      0.039506     0.003150                No
RMS Displacement:          0.009220     0.002100                No

Model change: -9.828636e-05  Actual change: -9.971857e-05  rho: 1.015
Trust radius (MW):  0.100000  Step norm (MW):  0.100000  On boundary: True

----------------------------------------------------------------------
                            Iteration: 67                             


                             Coordinates                              
----------------------------------------------------------------------
0    C               -0.7463              -1.6108               0.1177
1    C                1.3625              -0.2888              -0.1051
2    C               -0.7750               2.5310               0.6579
3    C                1.7612              -0.4561               1.3168
4    C                2.1466               0.4597              -1.1133
5    N                0.2150              -0.8948              -0.5638
6    N               -1.8667              -1.9138              -0.5101
7    O               -1.5710               1.6311              -0.1786
8    H               -1.9491               0.9404               0.3884
9    H               -0.0362              -0.6845              -1.5306
10   H               -0.6217              -1.9488               1.1441
11   H                0.0824               2.0155               1.1047
12   H               -2.5859              -2.4277              -0.0177
13   H               -2.0163              -1.6619              -1.4797
14   H               -0.4139               3.3124              -0.0141
15   H               -1.3714               2.9911               1.4547
16   H                2.6711               0.1238               1.5328
17   H                1.5456               1.2465              -1.6040
18   H                1.9727              -1.5095               1.5729
19   H                0.9768              -0.1200               2.0183
20   H                3.0302               0.9355              -0.6614
21   H                2.4929              -0.1918              -1.9362


Energy:                  -72.479748 Convergence criteria  Is converged 
Maximum Force:             0.001299     0.002850                Yes
RMS Force:                 0.000286     0.001900                Yes
Maximum Displacement:      0.035673     0.003150                No
RMS Displacement:          0.008963     0.002100                No

Model change: -8.426952e-05  Actual change: -8.505583e-05  rho: 1.009
Trust radius (MW):  0.100000  Step norm (MW):  0.100000  On boundary: True

----------------------------------------------------------------------
                            Iteration: 68                             


                             Coordinates                              
----------------------------------------------------------------------
0    C               -0.7441              -1.6159               0.1148
1    C                1.3629              -0.2904              -0.1048
2    C               -0.7788               2.5454               0.6512
3    C                1.7616              -0.4605               1.3168
4    C                2.1481               0.4581              -1.1122
5    N                0.2135              -0.8923              -0.5638
6    N               -1.8655              -1.9161              -0.5124
7    O               -1.5708               1.6276              -0.1700
8    H               -1.9460               0.9449               0.4085
9    H               -0.0410              -0.6751              -1.5282
10   H               -0.6151              -1.9639               1.1374
11   H                0.0766               2.0402               1.1137
12   H               -2.5827              -2.4347              -0.0220
13   H               -2.0188              -1.6558              -1.4792
14   H               -0.4149               3.3125              -0.0354
15   H               -1.3794               3.0217               1.4348
16   H                2.6761               0.1124               1.5319
17   H                1.5517               1.2532              -1.5948
18   H                1.9652              -1.5154               1.5734
19   H                0.9800              -0.1178               2.0184
20   H                3.0384               0.9230              -0.6621
21   H                2.4841              -0.1912              -1.9412


Energy:                  -72.479820 Convergence criteria  Is converged 
Maximum Force:             0.001135     0.002850                Yes
RMS Force:                 0.000255     0.001900                Yes
Maximum Displacement:      0.030629     0.003150                No
RMS Displacement:          0.008495     0.002100                No

Model change: -7.133657e-05  Actual change: -7.146597e-05  rho: 1.002
Trust radius (MW):  0.100000  Step norm (MW):  0.100000  On boundary: True

----------------------------------------------------------------------
                            Iteration: 69                             


                             Coordinates                              
----------------------------------------------------------------------
0    C               -0.7430              -1.6184               0.1123
1    C                1.3641              -0.2929              -0.1041
2    C               -0.7813               2.5584               0.6411
3    C                1.7624              -0.4662               1.3173
4    C                2.1505               0.4564              -1.1099
5    N                0.2125              -0.8898              -0.5637
6    N               -1.8641              -1.9181              -0.5154
7    O               -1.5747               1.6243              -0.1604
8    H               -1.9402               0.9469               0.4304
9    H               -0.0439              -0.6672              -1.5262
10   H               -0.6124              -1.9703               1.1333
11   H                0.0789               2.0650               1.1073
12   H               -2.5802              -2.4399              -0.0268
13   H               -2.0191              -1.6523              -1.4804
14   H               -0.4248               3.3157              -0.0600
15   H               -1.3796               3.0446               1.4201
16   H                2.6816               0.0994               1.5320
17   H                1.5582               1.2591              -1.5853
18   H                1.9580              -1.5227               1.5739
19   H                0.9838              -0.1174               2.0191
20   H                3.0461               0.9119              -0.6607
21   H                2.4781              -0.1900              -1.9445


Energy:                  -72.479874 Convergence criteria  Is converged 
Maximum Force:             0.001000     0.002850                Yes
RMS Force:                 0.000235     0.001900                Yes
Maximum Displacement:      0.024708     0.003150                No
RMS Displacement:          0.007835     0.002100                No

Model change: -5.462787e-05  Actual change: -5.453825e-05  rho: 0.998
Trust radius (MW):  0.100000  Step norm (MW):  0.100000  On boundary: True

----------------------------------------------------------------------
                            Iteration: 70                             


                             Coordinates                              
----------------------------------------------------------------------
0    C               -0.7424              -1.6180               0.1107
1    C                1.3668              -0.2957              -0.1035
2    C               -0.7846               2.5685               0.6312
3    C                1.7642              -0.4718               1.3179
4    C                2.1551               0.4531              -1.1081
5    N                0.2121              -0.8863              -0.5632
6    N               -1.8622              -1.9192              -0.5188
7    O               -1.5830               1.6219              -0.1503
8    H               -1.9352               0.9469               0.4513
9    H               -0.0451              -0.6599              -1.5246
10   H               -0.6124              -1.9701               1.1316
11   H                0.0834               2.0842               1.0929
12   H               -2.5778              -2.4431              -0.0317
13   H               -2.0171              -1.6511              -1.4831
14   H               -0.4401               3.3194              -0.0826
15   H               -1.3761               3.0603               1.4117
16   H                2.6883               0.0862               1.5320
17   H                1.5680               1.2640              -1.5758
18   H                1.9512              -1.5297               1.5750
19   H                0.9889              -0.1161               2.0197
20   H                3.0568               0.8977              -0.6602
21   H                2.4728              -0.1911              -1.9482


Energy:                  -72.479918 Convergence criteria  Is converged 
Maximum Force:             0.000889     0.002850                Yes
RMS Force:                 0.000220     0.001900                Yes
Maximum Displacement:      0.022575     0.003150                No
RMS Displacement:          0.007460     0.002100                No

Model change: -4.386636e-05  Actual change: -4.386902e-05  rho: 1.000
Trust radius (MW):  0.100000  Step norm (MW):  0.100000  On boundary: True

----------------------------------------------------------------------
                            Iteration: 71                             


                             Coordinates                              
----------------------------------------------------------------------
0    C               -0.7423              -1.6160               0.1096
1    C                1.3703              -0.2991              -0.1031
2    C               -0.7890               2.5772               0.6224
3    C                1.7669              -0.4772               1.3184
4    C                2.1608               0.4483              -1.1070
5    N                0.2121              -0.8828              -0.5625
6    N               -1.8601              -1.9196              -0.5221
7    O               -1.5926               1.6202              -0.1406
8    H               -1.9306               0.9462               0.4703
9    H               -0.0451              -0.6537              -1.5232
10   H               -0.6141              -1.9663               1.1313
11   H                0.0874               2.1011               1.0769
12   H               -2.5757              -2.4447              -0.0364
13   H               -2.0135              -1.6517              -1.4866
14   H               -0.4579               3.3237              -0.1022
15   H               -1.3729               3.0725               1.4063
16   H                2.6955               0.0736               1.5315
17   H                1.5797               1.2680              -1.5669
18   H                1.9454              -1.5363               1.5765
19   H                0.9947              -0.1144               2.0201
20   H                3.0691               0.8812              -0.6608
21   H                2.4678              -0.1939              -1.9524


Energy:                  -72.479958 Convergence criteria  Is converged 
Maximum Force:             0.000813     0.002850                Yes
RMS Force:                 0.000205     0.001900                Yes
Maximum Displacement:      0.019656     0.003150                No
RMS Displacement:          0.007292     0.002100                No

Model change: -4.028531e-05  Actual change: -4.011393e-05  rho: 0.996
Trust radius (MW):  0.100000  Step norm (MW):  0.100000  On boundary: True

----------------------------------------------------------------------
                            Iteration: 72                             


                             Coordinates                              
----------------------------------------------------------------------
0    C               -0.7425              -1.6130               0.1088
1    C                1.3743              -0.3027              -0.1030
2    C               -0.7940               2.5852               0.6143
3    C                1.7699              -0.4823               1.3186
4    C                2.1673               0.4426              -1.1065
5    N                0.2124              -0.8791              -0.5619
6    N               -1.8580              -1.9194              -0.5255
7    O               -1.6027               1.6188              -0.1311
8    H               -1.9267               0.9457               0.4882
9    H               -0.0445              -0.6480              -1.5222
10   H               -0.6169              -1.9605               1.1317
11   H                0.0904               2.1165               1.0613
12   H               -2.5741              -2.4451              -0.0411
13   H               -2.0089              -1.6536              -1.4910
14   H               -0.4757               3.3276              -0.1203
15   H               -1.3701               3.0836               1.4019
16   H                2.7028               0.0616               1.5308
17   H                1.5924               1.2708              -1.5592
18   H                1.9402              -1.5425               1.5780
19   H                1.0007              -0.1125               2.0199
20   H                3.0819               0.8640              -0.6622
21   H                2.4635              -0.1980              -1.9569


Energy:                  -72.479995 Convergence criteria  Is converged 
Maximum Force:             0.000698     0.002850                Yes
RMS Force:                 0.000183     0.001900                Yes
Maximum Displacement:      0.018034     0.003150                No
RMS Displacement:          0.007129     0.002100                No

Model change: -3.755607e-05  Actual change: -3.677607e-05  rho: 0.979
Trust radius (MW):  0.100000  Step norm (MW):  0.100000  On boundary: True

----------------------------------------------------------------------
                            Iteration: 73                             


                             Coordinates                              
----------------------------------------------------------------------
0    C               -0.7430              -1.6099               0.1081
1    C                1.3783              -0.3064              -0.1025
2    C               -0.7976               2.5922               0.6046
3    C                1.7734              -0.4885               1.3188
4    C                2.1723               0.4385              -1.1052
5    N                0.2127              -0.8757              -0.5609
6    N               -1.8559              -1.9194              -0.5292
7    O               -1.6130               1.6175              -0.1220
8    H               -1.9229               0.9458               0.5060
9    H               -0.0437              -0.6425              -1.5208
10   H               -0.6206              -1.9541               1.1325
11   H                0.0959               2.1303               1.0407
12   H               -2.5727              -2.4453              -0.0462
13   H               -2.0034              -1.6567              -1.4962
14   H               -0.4942               3.3313              -0.1397
15   H               -1.3638               3.0931               1.3978
16   H                2.7105               0.0485               1.5303
17   H                1.6017               1.2744              -1.5494
18   H                1.9358              -1.5498               1.5787
19   H                1.0077              -0.1123               2.0205
20   H                3.0926               0.8495              -0.6631
21   H                2.4584              -0.1991              -1.9613


Energy:                  -72.480022 Convergence criteria  Is converged 
Maximum Force:             0.000618     0.002850                Yes
RMS Force:                 0.000155     0.001900                Yes
Maximum Displacement:      0.020518     0.003150                No
RMS Displacement:          0.007255     0.002100                No

Model change: -2.716125e-05  Actual change: -2.700090e-05  rho: 0.994
Trust radius (MW):  0.100000  Step norm (MW):  0.100000  On boundary: True

----------------------------------------------------------------------
                            Iteration: 74                             


                             Coordinates                              
----------------------------------------------------------------------
0    C               -0.7438              -1.6067               0.1076
1    C                1.3818              -0.3097              -0.1018
2    C               -0.8010               2.5995               0.5939
3    C                1.7773              -0.4955               1.3189
4    C                2.1766               0.4354              -1.1036
5    N                0.2127              -0.8721              -0.5598
6    N               -1.8540              -1.9193              -0.5329
7    O               -1.6232               1.6161              -0.1130
8    H               -1.9197               0.9470               0.5241
9    H               -0.0434              -0.6368              -1.5192
10   H               -0.6246              -1.9479               1.1333
11   H                0.1008               2.1441               1.0200
12   H               -2.5715              -2.4455              -0.0513
13   H               -1.9977              -1.6605              -1.5014
14   H               -0.5117               3.3340              -0.1604
15   H               -1.3571               3.1041               1.3919
16   H                2.7180               0.0353               1.5298
17   H                1.6098               1.2777              -1.5406
18   H                1.9329              -1.5580               1.5779
19   H                1.0148              -0.1147               2.0217
20   H                3.1015               0.8376              -0.6631
21   H                2.4545              -0.1995              -1.9645


Energy:                  -72.480042 Convergence criteria  Is converged 
Maximum Force:             0.000513     0.002850                Yes
RMS Force:                 0.000125     0.001900                Yes
Maximum Displacement:      0.020779     0.003150                No
RMS Displacement:          0.007187     0.002100                No

Model change: -2.005222e-05  Actual change: -1.996756e-05  rho: 0.996
Trust radius (MW):  0.100000  Step norm (MW):  0.100000  On boundary: True

----------------------------------------------------------------------
                            Iteration: 75                             


                             Coordinates                              
----------------------------------------------------------------------
0    C               -0.7446              -1.6038               0.1071
1    C                1.3849              -0.3132              -0.1012
2    C               -0.8074               2.6087               0.5832
3    C                1.7814              -0.5037               1.3187
4    C                2.1808               0.4318              -1.1021
5    N                0.2126              -0.8689              -0.5588
6    N               -1.8523              -1.9192              -0.5363
7    O               -1.6317               1.6143              -0.1053
8    H               -1.9171               0.9494               0.5411
9    H               -0.0434              -0.6309              -1.5175
10   H               -0.6281              -1.9424               1.1340
11   H                0.1003               2.1620               1.0058
12   H               -2.5706              -2.4457              -0.0560
13   H               -1.9926              -1.6638              -1.5062
14   H               -0.5285               3.3363              -0.1816
15   H               -1.3582               3.1193               1.3810
16   H                2.7245               0.0228               1.5294
17   H                1.6174               1.2796              -1.5330
18   H                1.9328              -1.5674               1.5752
19   H                1.0216              -0.1212               2.0232
20   H                3.1096               0.8265              -0.6628
21   H                2.4519              -0.2005              -1.9669


Energy:                  -72.480058 Convergence criteria  Is converged 
Maximum Force:             0.000345     0.002850                Yes
RMS Force:                 0.000090     0.001900                Yes
Maximum Displacement:      0.021182     0.003150                No
RMS Displacement:          0.007102     0.002100                No

Model change: -1.638669e-05  Actual change: -1.651049e-05  rho: 1.008
Trust radius (MW):  0.100000  Step norm (MW):  0.100000  On boundary: True

----------------------------------------------------------------------
                            Iteration: 76                             


                             Coordinates                              
----------------------------------------------------------------------
0    C               -0.7452              -1.6024               0.1068
1    C                1.3874              -0.3167              -0.1001
2    C               -0.8140               2.6157               0.5702
3    C                1.7859              -0.5140               1.3183
4    C                2.1834               0.4299              -1.0995
5    N                0.2123              -0.8664              -0.5575
6    N               -1.8512              -1.9194              -0.5389
7    O               -1.6414               1.6122              -0.1007
8    H               -1.9149               0.9501               0.5538
9    H               -0.0440              -0.6255              -1.5154
10   H               -0.6305              -1.9402               1.1340
11   H                0.1003               2.1766               0.9864
12   H               -2.5697              -2.4469              -0.0601
13   H               -1.9894              -1.6650              -1.5094
14   H               -0.5467               3.3379              -0.2037
15   H               -1.3581               3.1306               1.3698
16   H                2.7303               0.0099               1.5295
17   H                1.6222               1.2820              -1.5247
18   H                1.9358              -1.5791               1.5699
19   H                1.0282              -0.1334               2.0261
20   H                3.1151               0.8186              -0.6610
21   H                2.4496              -0.1993              -1.9682


Energy:                  -72.480064 Convergence criteria  Is converged 
Maximum Force:             0.000211     0.002850                Yes
RMS Force:                 0.000062     0.001900                Yes
Maximum Displacement:      0.022112     0.003150                No
RMS Displacement:          0.007026     0.002100                No

Model change: -6.180263e-06  Actual change: -6.020069e-06  rho: 0.974
Trust radius (MW):  0.100000  Step norm (MW):  0.100000  On boundary: True

----------------------------------------------------------------------
                            Iteration: 77                             


                             Coordinates                              
----------------------------------------------------------------------
0    C               -0.7489              -1.6015               0.1064
1    C                1.3874              -0.3220              -0.1002
2    C               -0.8241               2.6206               0.5559
3    C                1.7867              -0.5231               1.3173
4    C                2.1846               0.4241              -1.0991
5    N                0.2098              -0.8666              -0.5572
6    N               -1.8534              -1.9199              -0.5412
7    O               -1.6499               1.6107              -0.1071
8    H               -1.9190               0.9513               0.5518
9    H               -0.0459              -0.6245              -1.5149
10   H               -0.6364              -1.9371               1.1346
11   H                0.0909               2.1862               0.9755
12   H               -2.5727              -2.4469              -0.0631
13   H               -1.9892              -1.6678              -1.5126
14   H               -0.5579               3.3373              -0.2234
15   H               -1.3689               3.1407               1.3515
16   H                2.7327              -0.0019               1.5286
17   H                1.6261               1.2796              -1.5209
18   H                1.9342              -1.5891               1.5667
19   H                1.0308              -0.1419               2.0267
20   H                3.1187               0.8078              -0.6614
21   H                2.4465              -0.2039              -1.9701


Energy:                  -72.480066 Convergence criteria  Is converged 
Maximum Force:             0.000153     0.002850                Yes
RMS Force:                 0.000034     0.001900                Yes
Maximum Displacement:      0.019765     0.003150                No
RMS Displacement:          0.006324     0.002100                No

Model change: -1.194082e-06  Actual change: -1.192093e-06  rho: 0.998
Trust radius (MW):  0.100000  Step norm (MW):  0.100000  On boundary: True

----------------------------------------------------------------------
                            Iteration: 78                             


                             Coordinates                              
----------------------------------------------------------------------
0    C               -0.7504              -1.6046               0.1044
1    C                1.3854              -0.3234              -0.1006
2    C               -0.8318               2.6111               0.5485
3    C                1.7863              -0.5283               1.3160
4    C                2.1806               0.4264              -1.0982
5    N                0.2074              -0.8672              -0.5578
6    N               -1.8533              -1.9256              -0.5447
7    O               -1.6646               1.6064              -0.1135
8    H               -1.9288               0.9436               0.5439
9    H               -0.0480              -0.6250              -1.5155
10   H               -0.6386              -1.9402               1.1327
11   H                0.0858               2.1723               0.9578
12   H               -2.5720              -2.4542              -0.0675
13   H               -1.9884              -1.6738              -1.5162
14   H               -0.5705               3.3318              -0.2289
15   H               -1.3691               3.1280               1.3514
16   H                2.7324              -0.0075               1.5276
17   H                1.6201               1.2816              -1.5180
18   H                1.9342              -1.5950               1.5622
19   H                1.0312              -0.1491               2.0272
20   H                3.1141               0.8110              -0.6601
21   H                2.4433              -0.1992              -1.9706


Energy:                  -72.480061 Convergence criteria  Is converged 
Maximum Force:             0.000129     0.002850                Yes
RMS Force:                 0.000033     0.001900                Yes
Maximum Displacement:      0.017647     0.003150                No
RMS Displacement:          0.005684     0.002100                No

Model change:  4.152373e-06  Actual change:  4.172325e-06  rho: 1.005
Trust radius (MW):  0.100000  Step norm (MW):  0.100000  On boundary: True

----------------------------------------------------------------------
                            Iteration: 79                             


                             Coordinates                              
----------------------------------------------------------------------
0    C               -0.7545              -1.6018               0.1044
1    C                1.3849              -0.3265              -0.1019
2    C               -0.8167               2.6151               0.5367
3    C                1.7866              -0.5333               1.3141
4    C                2.1812               0.4216              -1.0999
5    N                0.2051              -0.8671              -0.5583
6    N               -1.8585              -1.9200              -0.5441
7    O               -1.6614               1.6121              -0.1132
8    H               -1.9197               0.9512               0.5486
9    H               -0.0502              -0.6244              -1.5160
10   H               -0.6432              -1.9374               1.1328
11   H                0.1054               2.1739               0.9330
12   H               -2.5785              -2.4465              -0.0665
13   H               -1.9935              -1.6677              -1.5156
14   H               -0.5644               3.3346              -0.2448
15   H               -1.3414               3.1339               1.3468
16   H                2.7345              -0.0155               1.5250
17   H                1.6221               1.2775              -1.5199
18   H                1.9315              -1.6005               1.5597
19   H                1.0335              -0.1523               2.0264
20   H                3.1154               0.8047              -0.6620
21   H                2.4427              -0.2046              -1.9721


Energy:                  -72.480058 Convergence criteria  Is converged 
Maximum Force:             0.000178     0.002850                Yes
RMS Force:                 0.000040     0.001900                Yes
Maximum Displacement:      0.027739     0.003150                No
RMS Displacement:          0.007075     0.002100                No

Model change:  2.964709e-06  Actual change:  2.920628e-06  rho: 0.985
Trust radius (MW):  0.100000  Step norm (MW):  0.100000  On boundary: True

----------------------------------------------------------------------
                            Iteration: 80                             


                             Coordinates                              
----------------------------------------------------------------------
0    C               -0.7580              -1.5983               0.1051
1    C                1.3839              -0.3262              -0.0992
2    C               -0.8066               2.6146               0.5251
3    C                1.7871              -0.5389               1.3155
4    C                2.1794               0.4251              -1.0952
5    N                0.2023              -0.8631              -0.5560
6    N               -1.8619              -1.9148              -0.5445
7    O               -1.6688               1.6176              -0.1109
8    H               -1.9160               0.9553               0.5537
9    H               -0.0528              -0.6181              -1.5132
10   H               -0.6476              -1.9356               1.1330
11   H                0.1233               2.1683               0.8973
12   H               -2.5825              -2.4414              -0.0680
13   H               -1.9965              -1.6606              -1.5155
14   H               -0.5700               3.3376              -0.2582
15   H               -1.3110               3.1311               1.3500
16   H                2.7366              -0.0243               1.5268
17   H                1.6214               1.2842              -1.5100
18   H                1.9295              -1.6074               1.5571
19   H                1.0361              -0.1585               2.0304
20   H                3.1154               0.8041              -0.6575
21   H                2.4377              -0.1976              -1.9709


Energy:                  -72.480054 Convergence criteria  Is converged 
Maximum Force:             0.000329     0.002850                Yes
RMS Force:                 0.000083     0.001900                Yes
Maximum Displacement:      0.035674     0.003150                No
RMS Displacement:          0.007751     0.002100                No

Model change:  4.559287e-06  Actual change:  4.947186e-06  rho: 1.085
Trust radius (MW):  0.100000  Step norm (MW):  0.100000  On boundary: True

----------------------------------------------------------------------
                            Iteration: 81                             


                             Coordinates                              
----------------------------------------------------------------------
0    C               -0.7540              -1.6015               0.1092
1    C                1.3854              -0.3261              -0.1003
2    C               -0.8001               2.6135               0.5138
3    C                1.7935              -0.5403               1.3129
4    C                2.1765               0.4282              -1.0974
5    N                0.2033              -0.8643              -0.5541
6    N               -1.8594              -1.9189              -0.5372
7    O               -1.6728               1.6126              -0.1011
8    H               -1.9066               0.9528               0.5709
9    H               -0.0554              -0.6183              -1.5100
10   H               -0.6399              -1.9393               1.1366
11   H                0.1378               2.1705               0.8692
12   H               -2.5777              -2.4473              -0.0590
13   H               -1.9973              -1.6640              -1.5075
14   H               -0.5802               3.3340              -0.2768
15   H               -1.2889               3.1324               1.3463
16   H                2.7435              -0.0255               1.5216
17   H                1.6160               1.2875              -1.5086
18   H                1.9373              -1.6090               1.5526
19   H                1.0448              -0.1612               2.0307
20   H                3.1134               0.8076              -0.6621
21   H                2.4327              -0.1923              -1.9752


Energy:                  -72.480050 Convergence criteria  Is converged 
Maximum Force:             0.000196     0.002850                Yes
RMS Force:                 0.000062     0.001900                Yes
Maximum Displacement:      0.028136     0.003150                No
RMS Displacement:          0.007374     0.002100                No

Model change:  3.416925e-06  Actual change:  3.635883e-06  rho: 1.064
Trust radius (MW):  0.100000  Step norm (MW):  0.100000  On boundary: True

----------------------------------------------------------------------
                            Iteration: 82                             


                             Coordinates                              
----------------------------------------------------------------------
0    C               -0.7571              -1.6033               0.1172
1    C                1.3816              -0.3278              -0.0993
2    C               -0.7958               2.6162               0.5128
3    C                1.7900              -0.5343               1.3149
4    C                2.1727               0.4206              -1.1009
5    N                0.1996              -0.8688              -0.5501
6    N               -1.8648              -1.9202              -0.5257
7    O               -1.6694               1.6097              -0.0911
8    H               -1.9005               0.9549               0.5865
9    H               -0.0606              -0.6259              -1.5065
10   H               -0.6407              -1.9393               1.1449
11   H                0.1437               2.1769               0.8681
12   H               -2.5823              -2.4470              -0.0448
13   H               -2.0051              -1.6664              -1.4960
14   H               -0.5798               3.3308              -0.2840
15   H               -1.2821               3.1408               1.3430
16   H                2.7397              -0.0179               1.5207
17   H                1.6111               1.2757              -1.5192
18   H                1.9343              -1.6016               1.5603
19   H                1.0412              -0.1517               2.0308
20   H                3.1083               0.8050              -0.6670
21   H                2.4314              -0.2059              -1.9738


Energy:                  -72.480050 Convergence criteria  Is converged 
Maximum Force:             0.000102     0.002850                Yes
RMS Force:                 0.000029     0.001900                Yes
Maximum Displacement:      0.015604     0.003150                No
RMS Displacement:          0.006223     0.002100                No

Model change:  1.373694e-07  Actual change:  1.192093e-07  rho: 0.868
Trust radius (MW):  0.100000  Step norm (MW):  0.100000  On boundary: True

----------------------------------------------------------------------
                            Iteration: 83                             


                             Coordinates                              
----------------------------------------------------------------------
0    C               -0.7574              -1.6021               0.1224
1    C                1.3825              -0.3289              -0.0978
2    C               -0.7956               2.6124               0.5027
3    C                1.7980              -0.5444               1.3130
4    C                2.1693               0.4244              -1.0990
5    N                0.1977              -0.8664              -0.5458
6    N               -1.8652              -1.9205              -0.5195
7    O               -1.6819               1.6103              -0.0903
8    H               -1.9038               0.9543               0.5893
9    H               -0.0651              -0.6209              -1.5008
10   H               -0.6398              -1.9379               1.1501
11   H                0.1471               2.1691               0.8445
12   H               -2.5818              -2.4480              -0.0378
13   H               -2.0066              -1.6672              -1.4897
14   H               -0.5879               3.3274              -0.2960
15   H               -1.2682               3.1381               1.3403
16   H                2.7499              -0.0311               1.5166
17   H                1.6046               1.2790              -1.5137
18   H                1.9413              -1.6134               1.5515
19   H                1.0539              -0.1641               2.0350
20   H                3.1048               0.8100              -0.6660
21   H                2.4280              -0.1988              -1.9741


Energy:                  -72.480044 Convergence criteria  Is converged 
Maximum Force:             0.000215     0.002850                Yes
RMS Force:                 0.000053     0.001900                Yes
Maximum Displacement:      0.023599     0.003150                No
RMS Displacement:          0.006656     0.002100                No

Model change:  5.653177e-06  Actual change:  6.258488e-06  rho: 1.107
Trust radius (MW):  0.100000  Step norm (MW):  0.100000  On boundary: True

----------------------------------------------------------------------
                            Iteration: 84                             


                             Coordinates                              
----------------------------------------------------------------------
0    C               -0.7569              -1.5976               0.1283
1    C                1.3868              -0.3317              -0.0969
2    C               -0.8044               2.6125               0.5025
3    C                1.8085              -0.5554               1.3107
4    C                2.1708               0.4245              -1.0980
5    N                0.1981              -0.8632              -0.5415
6    N               -1.8644              -1.9180              -0.5131
7    O               -1.6891               1.6133              -0.0979
8    H               -1.9149               0.9559               0.5789
9    H               -0.0667              -0.6157              -1.4954
10   H               -0.6395              -1.9308               1.1568
11   H                0.1340               2.1663               0.8521
12   H               -2.5810              -2.4444              -0.0303
13   H               -2.0049              -1.6685              -1.4845
14   H               -0.5880               3.3273              -0.2940
15   H               -1.2821               3.1392               1.3364
16   H                2.7636              -0.0471               1.5118
17   H                1.6062               1.2823              -1.5064
18   H                1.9482              -1.6261               1.5438
19   H                1.0696              -0.1748               2.0380
20   H                3.1091               0.8060              -0.6673
21   H                2.4244              -0.1952              -1.9772


Energy:                  -72.480039 Convergence criteria  Is converged 
Maximum Force:             0.000308     0.002850                Yes
RMS Force:                 0.000065     0.001900                Yes
Maximum Displacement:      0.016017     0.003150                No
RMS Displacement:          0.006490     0.002100                No

Model change:  4.838410e-06  Actual change:  4.589558e-06  rho: 0.949
Trust radius (MW):  0.100000  Step norm (MW):  0.100000  On boundary: True

----------------------------------------------------------------------
                            Iteration: 85                             


                             Coordinates                              
----------------------------------------------------------------------
0    C               -0.7500              -1.5949               0.1257
1    C                1.3925              -0.3269              -0.0982
2    C               -0.8029               2.6129               0.4974
3    C                1.8189              -0.5598               1.3065
4    C                2.1733               0.4360              -1.0968
5    N                0.2031              -0.8567              -0.5427
6    N               -1.8571              -1.9159              -0.5160
7    O               -1.6929               1.6120              -0.0920
8    H               -1.9137               0.9572               0.5891
9    H               -0.0647              -0.6037              -1.4943
10   H               -0.6316              -1.9305               1.1534
11   H                0.1374               2.1675               0.8428
12   H               -2.5722              -2.4455              -0.0345
13   H               -1.9982              -1.6649              -1.4869
14   H               -0.5913               3.3240              -0.3037
15   H               -1.2742               3.1440               1.3322
16   H                2.7755              -0.0541               1.5070
17   H                1.6050               1.2924              -1.5027
18   H                1.9576              -1.6321               1.5327
19   H                1.0834              -0.1821               2.0387
20   H                3.1097               0.8202              -0.6647
21   H                2.4299              -0.1797              -1.9779


Energy:                  -72.480028 Convergence criteria  Is converged 
Maximum Force:             0.000348     0.002850                Yes
RMS Force:                 0.000082     0.001900                Yes
Maximum Displacement:      0.015489     0.003150                No
RMS Displacement:          0.006430     0.002100                No

Model change:  1.140535e-05  Actual change:  1.138449e-05  rho: 0.998
Trust radius (MW):  0.100000  Step norm (MW):  0.100000  On boundary: True

----------------------------------------------------------------------
                            Iteration: 86                             


                             Coordinates                              
----------------------------------------------------------------------
0    C               -0.7424              -1.5934               0.1210
1    C                1.3974              -0.3207              -0.1027
2    C               -0.8014               2.6132               0.4964
3    C                1.8274              -0.5584               1.3000
4    C                2.1749               0.4469              -1.1002
5    N                0.2080              -0.8511              -0.5467
6    N               -1.8503              -1.9139              -0.5195
7    O               -1.6949               1.6098              -0.0833
8    H               -1.9086               0.9559               0.6008
9    H               -0.0628              -0.5940              -1.4963
10   H               -0.6211              -1.9327               1.1472
11   H                0.1418               2.1698               0.8365
12   H               -2.5632              -2.4471              -0.0386
13   H               -1.9937              -1.6600              -1.4894
14   H               -0.5964               3.3221              -0.3083
15   H               -1.2671               3.1464               1.3331
16   H                2.7837              -0.0520               1.5002
17   H                1.6030               1.3014              -1.5051
18   H                1.9682              -1.6313               1.5218
19   H                1.0930              -0.1845               2.0352
20   H                3.1096               0.8345              -0.6675
21   H                2.4343              -0.1663              -1.9822


Energy:                  -72.480020 Convergence criteria  Is converged 
Maximum Force:             0.000377     0.002850                Yes
RMS Force:                 0.000093     0.001900                Yes
Maximum Displacement:      0.014359     0.003150                No
RMS Displacement:          0.005978     0.002100                No

Model change:  7.595277e-06  Actual change:  7.569790e-06  rho: 0.997
Trust radius (MW):  0.100000  Step norm (MW):  0.100000  On boundary: True

----------------------------------------------------------------------
                            Iteration: 87                             


                             Coordinates                              
----------------------------------------------------------------------
0    C               -0.7351              -1.5901               0.1192
1    C                1.4026              -0.3141              -0.1061
2    C               -0.8011               2.6146               0.4900
3    C                1.8376              -0.5578               1.2940
4    C                2.1760               0.4587              -1.1026
5    N                0.2128              -0.8447              -0.5487
6    N               -1.8434              -1.9118              -0.5203
7    O               -1.6988               1.6088              -0.0789
8    H               -1.9060               0.9568               0.6091
9    H               -0.0612              -0.5843              -1.4965
10   H               -0.6117              -1.9308               1.1446
11   H                0.1445               2.1728               0.8256
12   H               -2.5543              -2.4477              -0.0394
13   H               -1.9885              -1.6570              -1.4896
14   H               -0.6019               3.3202              -0.3191
15   H               -1.2608               3.1515               1.3276
16   H                2.7948              -0.0526               1.4930
17   H                1.5993               1.3099              -1.5074
18   H                1.9786              -1.6317               1.5109
19   H                1.1060              -0.1864               2.0333
20   H                3.1082               0.8516              -0.6690
21   H                2.4398              -0.1523              -1.9849


Energy:                  -72.480006 Convergence criteria  Is converged 
Maximum Force:             0.000447     0.002850                Yes
RMS Force:                 0.000111     0.001900                Yes
Maximum Displacement:      0.017089     0.003150                No
RMS Displacement:          0.006287     0.002100                No

Model change:  1.414516e-05  Actual change:  1.424551e-05  rho: 1.007
Trust radius (MW):  0.100000  Step norm (MW):  0.100000  On boundary: True

----------------------------------------------------------------------
                            Iteration: 88                             


                             Coordinates                              
----------------------------------------------------------------------
0    C               -0.7311              -1.5865               0.1174
1    C                1.4075              -0.3116              -0.1079
2    C               -0.7946               2.6198               0.4867
3    C                1.8439              -0.5586               1.2911
4    C                2.1804               0.4623              -1.1038
5    N                0.2159              -0.8391              -0.5497
6    N               -1.8411              -1.9045              -0.5210
7    O               -1.6981               1.6090              -0.0636
8    H               -1.8939               0.9601               0.6307
9    H               -0.0603              -0.5742              -1.4956
10   H               -0.6057              -1.9313               1.1411
11   H                0.1552               2.1815               0.8149
12   H               -2.5509              -2.4427              -0.0411
13   H               -1.9879              -1.6460              -1.4891
14   H               -0.6055               3.3193              -0.3302
15   H               -1.2450               3.1630               1.3254
16   H                2.8025              -0.0559               1.4897
17   H                1.6048               1.3159              -1.5051
18   H                1.9829              -1.6332               1.5062
19   H                1.1140              -0.1867               2.0318
20   H                3.1144               0.8517              -0.6713
21   H                2.4406              -0.1468              -1.9885


Energy:                  -72.479991 Convergence criteria  Is converged 
Maximum Force:             0.000531     0.002850                Yes
RMS Force:                 0.000130     0.001900                Yes
Maximum Displacement:      0.021565     0.003150                No
RMS Displacement:          0.006363     0.002100                No

Model change:  1.489824e-05  Actual change:  1.496077e-05  rho: 1.004
Trust radius (MW):  0.100000  Step norm (MW):  0.100000  On boundary: True

----------------------------------------------------------------------
                            Iteration: 89                             


                             Coordinates                              
----------------------------------------------------------------------
0    C               -0.7296              -1.5804               0.1172
1    C                1.4120              -0.3112              -0.1118
2    C               -0.7896               2.6258               0.4863
3    C                1.8521              -0.5626               1.2852
4    C                2.1838               0.4629              -1.1084
5    N                0.2168              -0.8330              -0.5506
6    N               -1.8423              -1.8943              -0.5186
7    O               -1.6978               1.6129              -0.0519
8    H               -1.8868               0.9663               0.6463
9    H               -0.0623              -0.5639              -1.4945
10   H               -0.6018              -1.9281               1.1397
11   H                0.1623               2.1886               0.8095
12   H               -2.5513              -2.4331              -0.0384
13   H               -1.9910              -1.6335              -1.4858
14   H               -0.6065               3.3211              -0.3355
15   H               -1.2333               3.1734               1.3256
16   H                2.8137              -0.0646               1.4813
17   H                1.6103               1.3206              -1.5040
18   H                1.9869              -1.6381               1.4981
19   H                1.1264              -0.1883               2.0289
20   H                3.1216               0.8464              -0.6787
21   H                2.4372              -0.1442              -1.9965


Energy:                  -72.479975 Convergence criteria  Is converged 
Maximum Force:             0.000589     0.002850                Yes
RMS Force:                 0.000146     0.001900                Yes
Maximum Displacement:      0.015638     0.003150                No
RMS Displacement:          0.006234     0.002100                No

Model change:  1.605694e-05  Actual change:  1.597404e-05  rho: 0.995
Trust radius (MW):  0.100000  Step norm (MW):  0.100000  On boundary: True

----------------------------------------------------------------------
                            Iteration: 90                             


                             Coordinates                              
----------------------------------------------------------------------
0    C               -0.7317              -1.5793               0.1139
1    C                1.4103              -0.3117              -0.1195
2    C               -0.7864               2.6305               0.4849
3    C                1.8510              -0.5597               1.2779
4    C                2.1824               0.4584              -1.1189
5    N                0.2136              -0.8320              -0.5557
6    N               -1.8477              -1.8889              -0.5183
7    O               -1.6979               1.6129              -0.0384
8    H               -1.8757               0.9675               0.6638
9    H               -0.0675              -0.5623              -1.4988
10   H               -0.6004              -1.9301               1.1349
11   H                0.1707               2.1972               0.7981
12   H               -2.5556              -2.4283              -0.0370
13   H               -2.0000              -1.6247              -1.4840
14   H               -0.6154               3.3231              -0.3417
15   H               -1.2216               3.1798               1.3276
16   H                2.8130              -0.0618               1.4721
17   H                1.6109               1.3177              -1.5140
18   H                1.9852              -1.6347               1.4938
19   H                1.1259              -0.1830               2.0209
20   H                3.1226               0.8392              -0.6919
21   H                2.4314              -0.1507              -2.0069


Energy:                  -72.479970 Convergence criteria  Is converged 
Maximum Force:             0.000591     0.002850                Yes
RMS Force:                 0.000149     0.001900                Yes
Maximum Displacement:      0.017514     0.003150                No
RMS Displacement:          0.006293     0.002100                No

Model change:  5.089378e-06  Actual change:  5.364418e-06  rho: 1.054
Trust radius (MW):  0.100000  Step norm (MW):  0.100000  On boundary: True

----------------------------------------------------------------------
                            Iteration: 91                             


                             Coordinates                              
----------------------------------------------------------------------
0    C               -0.7309              -1.5745               0.1121
1    C                1.4153              -0.3154              -0.1279
2    C               -0.7876               2.6331               0.4864
3    C                1.8607              -0.5674               1.2673
4    C                2.1859               0.4541              -1.1289
5    N                0.2140              -0.8287              -0.5596
6    N               -1.8486              -1.8825              -0.5178
7    O               -1.6980               1.6166              -0.0404
8    H               -1.8785               0.9710               0.6610
9    H               -0.0697              -0.5564              -1.5011
10   H               -0.5982              -1.9252               1.1329
11   H                0.1680               2.1986               0.8025
12   H               -2.5564              -2.4208              -0.0350
13   H               -2.0018              -1.6196              -1.4837
14   H               -0.6132               3.3259              -0.3392
15   H               -1.2250               3.1823               1.3279
16   H                2.8263              -0.0750               1.4580
17   H                1.6184               1.3205              -1.5145
18   H                1.9898              -1.6434               1.4815
19   H                1.1408              -0.1872               2.0138
20   H                3.1325               0.8248              -0.7072
21   H                2.4229              -0.1520              -2.0222


Energy:                  -72.479961 Convergence criteria  Is converged 
Maximum Force:             0.000620     0.002850                Yes
RMS Force:                 0.000161     0.001900                Yes
Maximum Displacement:      0.015375     0.003150                No
RMS Displacement:          0.006618     0.002100                No

Model change:  8.434027e-06  Actual change:  8.225441e-06  rho: 0.975
Trust radius (MW):  0.100000  Step norm (MW):  0.100000  On boundary: True

----------------------------------------------------------------------
                            Iteration: 92                             


                             Coordinates                              
----------------------------------------------------------------------
0    C               -0.7324              -1.5765               0.1072
1    C                1.4115              -0.3131              -0.1317
2    C               -0.7806               2.6347               0.4829
3    C                1.8536              -0.5586               1.2658
4    C                2.1841               0.4522              -1.1344
5    N                0.2119              -0.8299              -0.5644
6    N               -1.8526              -1.8800              -0.5205
7    O               -1.6965               1.6145              -0.0269
8    H               -1.8645               0.9699               0.6785
9    H               -0.0716              -0.5585              -1.5062
10   H               -0.5971              -1.9314               1.1263
11   H                0.1809               2.2035               0.7857
12   H               -2.5595              -2.4196              -0.0379
13   H               -2.0086              -1.6121              -1.4846
14   H               -0.6205               3.3252              -0.3477
15   H               -1.2065               3.1855               1.3293
16   H                2.8164              -0.0613               1.4577
17   H                1.6159               1.3148              -1.5273
18   H                1.9869              -1.6332               1.4839
19   H                1.1298              -0.1793               2.0088
20   H                3.1281               0.8276              -0.7113
21   H                2.4258              -0.1586              -2.0232


Energy:                  -72.479959 Convergence criteria  Is converged 
Maximum Force:             0.000668     0.002850                Yes
RMS Force:                 0.000161     0.001900                Yes
Maximum Displacement:      0.018452     0.003150                No
RMS Displacement:          0.006909     0.002100                No

Model change:  1.068598e-06  Actual change:  1.847744e-06  rho: 1.729
Trust radius (MW):  0.100000  Step norm (MW):  0.100000  On boundary: True

----------------------------------------------------------------------
                            Iteration: 93                             


                             Coordinates                              
----------------------------------------------------------------------
0    C               -0.7320              -1.5713               0.1088
1    C                1.4166              -0.3169              -0.1349
2    C               -0.7881               2.6357               0.4892
3    C                1.8624              -0.5671               1.2606
4    C                2.1881               0.4486              -1.1382
5    N                0.2128              -0.8265              -0.5640
6    N               -1.8520              -1.8757              -0.5187
7    O               -1.6988               1.6187              -0.0359
8    H               -1.8768               0.9723               0.6654
9    H               -0.0721              -0.5532              -1.5049
10   H               -0.5974              -1.9239               1.1288
11   H                0.1688               2.2019               0.8025
12   H               -2.5596              -2.4135              -0.0351
13   H               -2.0065              -1.6119              -1.4842
14   H               -0.6163               3.3291              -0.3366
15   H               -1.2238               3.1840               1.3322
16   H                2.8287              -0.0755               1.4500
17   H                1.6253               1.3204              -1.5189
18   H                1.9904              -1.6428               1.4766
19   H                1.1433              -0.1848               2.0066
20   H                3.1398               0.8111              -0.7206
21   H                2.4155              -0.1576              -2.0340


Energy:                  -72.479957 Convergence criteria  Is converged 
Maximum Force:             0.000712     0.002850                Yes
RMS Force:                 0.000168     0.001900                Yes
Maximum Displacement:      0.017258     0.003150                No
RMS Displacement:          0.007378     0.002100                No

Model change:  3.060617e-06  Actual change:  2.801418e-06  rho: 0.915
Trust radius (MW):  0.100000  Step norm (MW):  0.100000  On boundary: True

----------------------------------------------------------------------
                            Iteration: 94                             


                             Coordinates                              
----------------------------------------------------------------------
0    C               -0.7324              -1.5729               0.1066
1    C                1.4145              -0.3154              -0.1358
2    C               -0.7837               2.6361               0.4863
3    C                1.8585              -0.5622               1.2609
4    C                2.1870               0.4485              -1.1396
5    N                0.2123              -0.8276              -0.5660
6    N               -1.8532              -1.8758              -0.5204
7    O               -1.6972               1.6171              -0.0301
8    H               -1.8703               0.9723               0.6738
9    H               -0.0723              -0.5551              -1.5072
10   H               -0.5969              -1.9272               1.1258
11   H                0.1756               2.2038               0.7941
12   H               -2.5604              -2.4144              -0.0371
13   H               -2.0089              -1.6095              -1.4850
14   H               -0.6183               3.3275              -0.3423
15   H               -1.2142               3.1861               1.3309
16   H                2.8234              -0.0683               1.4511
17   H                1.6230               1.3170              -1.5256
18   H                1.9884              -1.6373               1.4789
19   H                1.1373              -0.1804               2.0052
20   H                3.1362               0.8154              -0.7204
21   H                2.4192              -0.1604              -2.0322


Energy:                  -72.479958 Convergence criteria  Is converged 
Maximum Force:             0.000658     0.002850                Yes
RMS Force:                 0.000165     0.001900                Yes
Maximum Displacement:      0.009578     0.003150                No
RMS Displacement:          0.003586     0.002100                No

Model change: -9.501996e-07  Actual change: -8.940697e-07  rho: 0.941
Trust radius (MW):  0.050000  Step norm (MW):  0.050000  On boundary: True

----------------------------------------------------------------------
                            Iteration: 95                             


                             Coordinates                              
----------------------------------------------------------------------
0    C               -0.7333              -1.5724               0.1035
1    C                1.4134              -0.3142              -0.1381
2    C               -0.7799               2.6360               0.4811
3    C                1.8567              -0.5604               1.2589
4    C                2.1867               0.4485              -1.1421
5    N                0.2114              -0.8269              -0.5688
6    N               -1.8553              -1.8726              -0.5227
7    O               -1.6983               1.6163              -0.0248
8    H               -1.8665               0.9737               0.6822
9    H               -0.0734              -0.5535              -1.5097
10   H               -0.5970              -1.9291               1.1218
11   H                0.1815               2.2040               0.7828
12   H               -2.5623              -2.4119              -0.0399
13   H               -2.0119              -1.6040              -1.4865
14   H               -0.6203               3.3247              -0.3510
15   H               -1.2032               3.1892               1.3272
16   H                2.8211              -0.0655               1.4495
17   H                1.6218               1.3146              -1.5319
18   H                1.9876              -1.6353               1.4772
19   H                1.1348              -0.1792               2.0027
20   H                3.1341               0.8185              -0.7217
21   H                2.4224              -0.1624              -2.0325


Energy:                  -72.479949 Convergence criteria  Is converged 
Maximum Force:             0.000680     0.002850                Yes
RMS Force:                 0.000171     0.001900                Yes
Maximum Displacement:      0.011248     0.003150                No
RMS Displacement:          0.003518     0.002100                No

Model change:  8.613308e-06  Actual change:  8.523464e-06  rho: 0.990
Trust radius (MW):  0.050000  Step norm (MW):  0.050000  On boundary: True

----------------------------------------------------------------------
                            Iteration: 96                             


                             Coordinates                              
----------------------------------------------------------------------
0    C               -0.7336              -1.5691               0.1022
1    C                1.4160              -0.3160              -0.1405
2    C               -0.7836               2.6371               0.4806
3    C                1.8603              -0.5649               1.2557
4    C                2.1896               0.4465              -1.1443
5    N                0.2118              -0.8244              -0.5700
6    N               -1.8560              -1.8679              -0.5240
7    O               -1.7013               1.6175              -0.0265
8    H               -1.8710               0.9755               0.6808
9    H               -0.0736              -0.5489              -1.5101
10   H               -0.5977              -1.9261               1.1205
11   H                0.1766               2.2048               0.7855
12   H               -2.5634              -2.4068              -0.0413
13   H               -2.0118              -1.6001              -1.4881
14   H               -0.6213               3.3246              -0.3520
15   H               -1.2088               3.1918               1.3248
16   H                2.8266              -0.0736               1.4456
17   H                1.6277               1.3170              -1.5289
18   H                1.9877              -1.6404               1.4730
19   H                1.1406              -0.1817               2.0007
20   H                3.1403               0.8102              -0.7258
21   H                2.4190              -0.1623              -2.0377


Energy:                  -72.479938 Convergence criteria  Is converged 
Maximum Force:             0.000698     0.002850                Yes
RMS Force:                 0.000180     0.001900                Yes
Maximum Displacement:      0.008255     0.003150                No
RMS Displacement:          0.003349     0.002100                No

Model change:  1.101633e-05  Actual change:  1.096725e-05  rho: 0.996
Trust radius (MW):  0.050000  Step norm (MW):  0.050000  On boundary: True

----------------------------------------------------------------------
                            Iteration: 97                             


                             Coordinates                              
----------------------------------------------------------------------
0    C               -0.7341              -1.5702               0.0988
1    C                1.4141              -0.3142              -0.1419
2    C               -0.7793               2.6368               0.4780
3    C                1.8560              -0.5597               1.2557
4    C                2.1892               0.4464              -1.1460
5    N                0.2115              -0.8252              -0.5729
6    N               -1.8573              -1.8668              -0.5269
7    O               -1.6999               1.6164              -0.0221
8    H               -1.8656               0.9753               0.6870
9    H               -0.0731              -0.5505              -1.5134
10   H               -0.5975              -1.9293               1.1162
11   H                0.1829               2.2052               0.7775
12   H               -2.5646              -2.4063              -0.0447
13   H               -2.0140              -1.5965              -1.4902
14   H               -0.6223               3.3232              -0.3565
15   H               -1.1995               3.1925               1.3241
16   H                2.8203              -0.0652               1.4469
17   H                1.6262               1.3139              -1.5358
18   H                1.9862              -1.6346               1.4748
19   H                1.1335              -0.1779               1.9986
20   H                3.1375               0.8142              -0.7257
21   H                2.4232              -0.1651              -2.0363


Energy:                  -72.479938 Convergence criteria  Is converged 
Maximum Force:             0.000700     0.002850                Yes
RMS Force:                 0.000180     0.001900                Yes
Maximum Displacement:      0.009332     0.003150                No
RMS Displacement:          0.003544     0.002100                No

Model change: -3.765364e-07  Actual change: -2.980232e-07  rho: 0.791
Trust radius (MW):  0.050000  Step norm (MW):  0.050000  On boundary: True

----------------------------------------------------------------------
                            Iteration: 98                             


                             Coordinates                              
----------------------------------------------------------------------
0    C               -0.7344              -1.5671               0.0981
1    C                1.4164              -0.3159              -0.1437
2    C               -0.7842               2.6378               0.4794
3    C                1.8592              -0.5636               1.2532
4    C                2.1917               0.4447              -1.1477
5    N                0.2118              -0.8228              -0.5736
6    N               -1.8577              -1.8632              -0.5279
7    O               -1.7025               1.6180              -0.0260
8    H               -1.8721               0.9768               0.6820
9    H               -0.0732              -0.5466              -1.5135
10   H               -0.5984              -1.9257               1.1158
11   H                0.1761               2.2056               0.7839
12   H               -2.5654              -2.4020              -0.0457
13   H               -2.0133              -1.5945              -1.4918
14   H               -0.6223               3.3244              -0.3540
15   H               -1.2087               3.1933               1.3234
16   H                2.8253              -0.0722               1.4437
17   H                1.6321               1.3171              -1.5315
18   H                1.9863              -1.6390               1.4715
19   H                1.1386              -0.1799               1.9970
20   H                3.1437               0.8055              -0.7297
21   H                2.4186              -0.1645              -2.0415


Energy:                  -72.479932 Convergence criteria  Is converged 
Maximum Force:             0.000724     0.002850                Yes
RMS Force:                 0.000184     0.001900                Yes
Maximum Displacement:      0.009213     0.003150                No
RMS Displacement:          0.003553     0.002100                No

Model change:  6.095677e-06  Actual change:  6.079674e-06  rho: 0.997
Trust radius (MW):  0.050000  Step norm (MW):  0.050000  On boundary: True

----------------------------------------------------------------------
                            Iteration: 99                             


                             Coordinates                              
----------------------------------------------------------------------
0    C               -0.7348              -1.5682               0.0946
1    C                1.4147              -0.3141              -0.1447
2    C               -0.7797               2.6373               0.4767
3    C                1.8550              -0.5590               1.2534
4    C                2.1915               0.4449              -1.1488
5    N                0.2117              -0.8236              -0.5763
6    N               -1.8589              -1.8618              -0.5310
7    O               -1.7013               1.6167              -0.0212
8    H               -1.8668               0.9766               0.6888
9    H               -0.0726              -0.5478              -1.5167
10   H               -0.5982              -1.9291               1.1114
11   H                0.1826               2.2055               0.7757
12   H               -2.5666              -2.4014              -0.0495
13   H               -2.0153              -1.5904              -1.4941
14   H               -0.6233               3.3225              -0.3589
15   H               -1.1987               3.1942               1.3225
16   H                2.8193              -0.0645               1.4455
17   H                1.6307               1.3142              -1.5379
18   H                1.9849              -1.6338               1.4731
19   H                1.1318              -0.1767               1.9954
20   H                3.1409               0.8099              -0.7287
21   H                2.4234              -0.1669              -2.0395


Energy:                  -72.479931 Convergence criteria  Is converged 
Maximum Force:             0.000726     0.002850                Yes
RMS Force:                 0.000185     0.001900                Yes
Maximum Displacement:      0.009946     0.003150                No
RMS Displacement:          0.003561     0.002100                No

Model change:  1.244898e-06  Actual change:  1.251698e-06  rho: 1.005
Trust radius (MW):  0.050000  Step norm (MW):  0.050000  On boundary: True

----------------------------------------------------------------------
                            Iteration: 100                            


                             Coordinates                              
----------------------------------------------------------------------
0    C               -0.7351              -1.5704               0.0924
1    C                1.4121              -0.3120              -0.1449
2    C               -0.7742               2.6359               0.4764
3    C                1.8503              -0.5535               1.2545
4    C                2.1897               0.4461              -1.1491
5    N                0.2114              -0.8255              -0.5782
6    N               -1.8596              -1.8630              -0.5330
7    O               -1.6981               1.6160              -0.0186
8    H               -1.8620               0.9759               0.6916
9    H               -0.0719              -0.5514              -1.5194
10   H               -0.5980              -1.9325               1.1087
11   H                0.1893               2.2038               0.7710
12   H               -2.5672              -2.4028              -0.0516
13   H               -2.0168              -1.5897              -1.4953
14   H               -0.6212               3.3218              -0.3592
15   H               -1.1897               3.1921               1.3244
16   H                2.8122              -0.0551               1.4480
17   H                1.6266               1.3112              -1.5441
18   H                1.9841              -1.6275               1.4757
19   H                1.1242              -0.1735               1.9947
20   H                3.1358               0.8171              -0.7267
21   H                2.4279              -0.1684              -2.0362


Energy:                  -72.479938 Convergence criteria  Is converged 
Maximum Force:             0.000742     0.002850                Yes
RMS Force:                 0.000180     0.001900                Yes
Maximum Displacement:      0.009478     0.003150                No
RMS Displacement:          0.003551     0.002100                No

Model change: -7.485325e-06  Actual change: -7.390976e-06  rho: 0.987
Trust radius (MW):  0.050000  Step norm (MW):  0.050000  On boundary: True

----------------------------------------------------------------------
                            Iteration: 101                            


                             Coordinates                              
----------------------------------------------------------------------
0    C               -0.7353              -1.5722               0.0895
1    C                1.4101              -0.3101              -0.1451
2    C               -0.7690               2.6348               0.4739
3    C                1.8460              -0.5490               1.2555
4    C                2.1887               0.4474              -1.1490
5    N                0.2114              -0.8271              -0.5804
6    N               -1.8603              -1.8630              -0.5357
7    O               -1.6959               1.6144              -0.0145
8    H               -1.8570               0.9758               0.6977
9    H               -0.0708              -0.5538              -1.5221
10   H               -0.5980              -1.9360               1.1051
11   H                0.1961               2.2030               0.7636
12   H               -2.5680              -2.4034              -0.0550
13   H               -2.0183              -1.5872              -1.4973
14   H               -0.6206               3.3194              -0.3637
15   H               -1.1796               3.1924               1.3234
16   H                2.8061              -0.0476               1.4504
17   H                1.6234               1.3081              -1.5502
18   H                1.9825              -1.6224               1.4778
19   H                1.1174              -0.1706               1.9940
20   H                3.1313               0.8243              -0.7240
21   H                2.4336              -0.1696              -2.0326


Energy:                  -72.479937 Convergence criteria  Is converged 
Maximum Force:             0.000783     0.002850                Yes
RMS Force:                 0.000179     0.001900                Yes
Maximum Displacement:      0.010043     0.003150                No
RMS Displacement:          0.003610     0.002100                No

Model change:  1.486233e-06  Actual change:  1.549721e-06  rho: 1.043
Trust radius (MW):  0.050000  Step norm (MW):  0.050000  On boundary: True

----------------------------------------------------------------------
                            Iteration: 102                            


                             Coordinates                              
----------------------------------------------------------------------
0    C               -0.7348              -1.5738               0.0865
1    C                1.4087              -0.3079              -0.1459
2    C               -0.7631               2.6343               0.4732
3    C                1.8424              -0.5439               1.2559
4    C                2.1880               0.4492              -1.1495
5    N                0.2122              -0.8286              -0.5830
6    N               -1.8605              -1.8628              -0.5383
7    O               -1.6912               1.6133              -0.0113
8    H               -1.8518               0.9763               0.7024
9    H               -0.0691              -0.5566              -1.5254
10   H               -0.5970              -1.9391               1.1016
11   H                0.2029               2.2030               0.7606
12   H               -2.5680              -2.4036              -0.0579
13   H               -2.0192              -1.5850              -1.4991
14   H               -0.6173               3.3180              -0.3656
15   H               -1.1713               3.1929               1.3232
16   H                2.8008              -0.0398               1.4521
17   H                1.6208               1.3062              -1.5558
18   H                1.9814              -1.6167               1.4796
19   H                1.1114              -0.1669               1.9928
20   H                3.1275               0.8313              -0.7224
21   H                2.4386              -0.1699              -2.0300


Energy:                  -72.479938 Convergence criteria  Is converged 
Maximum Force:             0.000835     0.002850                Yes
RMS Force:                 0.000177     0.001900                Yes
Maximum Displacement:      0.008274     0.003150                No
RMS Displacement:          0.003300     0.002100                No

Model change: -9.718185e-07  Actual change: -9.536743e-07  rho: 0.981
Trust radius (MW):  0.050000  Step norm (MW):  0.050000  On boundary: True

----------------------------------------------------------------------
                            Iteration: 103                            


                             Coordinates                              
----------------------------------------------------------------------
0    C               -0.7330              -1.5743               0.0835
1    C                1.4092              -0.3059              -0.1460
2    C               -0.7579               2.6347               0.4716
3    C                1.8406              -0.5402               1.2568
4    C                2.1897               0.4508              -1.1490
5    N                0.2144              -0.8289              -0.5851
6    N               -1.8595              -1.8607              -0.5412
7    O               -1.6874               1.6114              -0.0057
8    H               -1.8461               0.9775               0.7110
9    H               -0.0659              -0.5573              -1.5279
10   H               -0.5950              -1.9418               1.0977
11   H                0.2093               2.2050               0.7571
12   H               -2.5671              -2.4023              -0.0617
13   H               -2.0187              -1.5803              -1.5012
14   H               -0.6156               3.3153              -0.3703
15   H               -1.1634               3.1962               1.3210
16   H                2.7978              -0.0344               1.4545
17   H                1.6216               1.3054              -1.5589
18   H                1.9810              -1.6125               1.4815
19   H                1.1076              -0.1640               1.9921
20   H                3.1269               0.8362              -0.7198
21   H                2.4447              -0.1696              -2.0273


Energy:                  -72.479929 Convergence criteria  Is converged 
Maximum Force:             0.000881     0.002850                Yes
RMS Force:                 0.000180     0.001900                Yes
Maximum Displacement:      0.008632     0.003150                No
RMS Displacement:          0.003211     0.002100                No

Model change:  8.567746e-06  Actual change:  8.583069e-06  rho: 1.002
Trust radius (MW):  0.050000  Step norm (MW):  0.050000  On boundary: True

----------------------------------------------------------------------
                            Iteration: 104                            


                             Coordinates                              
----------------------------------------------------------------------
0    C               -0.7308              -1.5741               0.0794
1    C                1.4107              -0.3040              -0.1472
2    C               -0.7532               2.6357               0.4719
3    C                1.8395              -0.5364               1.2567
4    C                2.1925               0.4524              -1.1494
5    N                0.2174              -0.8289              -0.5883
6    N               -1.8577              -1.8583              -0.5455
7    O               -1.6820               1.6109              -0.0036
8    H               -1.8418               0.9790               0.7147
9    H               -0.0615              -0.5580              -1.5317
10   H               -0.5930              -1.9432               1.0931
11   H                0.2142               2.2069               0.7582
12   H               -2.5656              -2.4002              -0.0669
13   H               -2.0169              -1.5761              -1.5050
14   H               -0.6114               3.3148              -0.3712
15   H               -1.1592               3.1984               1.3202
16   H                2.7954              -0.0289               1.4560
17   H                1.6244               1.3060              -1.5614
18   H                1.9812              -1.6083               1.4825
19   H                1.1044              -0.1610               1.9903
20   H                3.1285               0.8392              -0.7188
21   H                2.4498              -0.1688              -2.0265


Energy:                  -72.479926 Convergence criteria  Is converged 
Maximum Force:             0.000929     0.002850                Yes
RMS Force:                 0.000182     0.001900                Yes
Maximum Displacement:      0.005529     0.003150                No
RMS Displacement:          0.002830     0.002100                No

Model change:  2.965899e-06  Actual change:  2.920628e-06  rho: 0.985
Trust radius (MW):  0.050000  Step norm (MW):  0.050000  On boundary: True

----------------------------------------------------------------------
                            Iteration: 105                            


                             Coordinates                              
----------------------------------------------------------------------
0    C               -0.7287              -1.5743               0.0747
1    C                1.4118              -0.3024              -0.1488
2    C               -0.7497               2.6359               0.4716
3    C                1.8378              -0.5326               1.2563
4    C                2.1952               0.4536              -1.1502
5    N                0.2202              -0.8291              -0.5919
6    N               -1.8563              -1.8557              -0.5502
7    O               -1.6781               1.6090              -0.0000
8    H               -1.8380               0.9798               0.7206
9    H               -0.0573              -0.5589              -1.5359
10   H               -0.5909              -1.9455               1.0876
11   H                0.2185               2.2087               0.7577
12   H               -2.5645              -2.3981              -0.0725
13   H               -2.0157              -1.5712              -1.5089
14   H               -0.6095               3.3128              -0.3736
15   H               -1.1551               3.2006               1.3188
16   H                2.7925              -0.0233               1.4574
17   H                1.6270               1.3060              -1.5645
18   H                1.9810              -1.6041               1.4835
19   H                1.1005              -0.1580               1.9880
20   H                3.1298               0.8420              -0.7179
21   H                2.4551              -0.1684              -2.0259


Energy:                  -72.479918 Convergence criteria  Is converged 
Maximum Force:             0.000969     0.002850                Yes
RMS Force:                 0.000186     0.001900                Yes
Maximum Displacement:      0.005927     0.003150                No
RMS Displacement:          0.002919     0.002100                No

Model change:  7.952777e-06  Actual change:  7.867813e-06  rho: 0.989
Trust radius (MW):  0.050000  Step norm (MW):  0.050000  On boundary: True

----------------------------------------------------------------------
                            Iteration: 106                            


                             Coordinates                              
----------------------------------------------------------------------
0    C               -0.7270              -1.5745               0.0702
1    C                1.4129              -0.3011              -0.1503
2    C               -0.7475               2.6356               0.4698
3    C                1.8359              -0.5290               1.2561
4    C                2.1978               0.4542              -1.1509
5    N                0.2229              -0.8296              -0.5955
6    N               -1.8556              -1.8524              -0.5544
7    O               -1.6759               1.6058               0.0047
8    H               -1.8354               0.9806               0.7289
9    H               -0.0530              -0.5604              -1.5402
10   H               -0.5891              -1.9481               1.0823
11   H                0.2217               2.2105               0.7558
12   H               -2.5640              -2.3953              -0.0776
13   H               -2.0152              -1.5655              -1.5124
14   H               -0.6096               3.3088              -0.3787
15   H               -1.1517               3.2037               1.3154
16   H                2.7892              -0.0179               1.4589
17   H                1.6298               1.3055              -1.5677
18   H                1.9804              -1.5999               1.4848
19   H                1.0963              -0.1549               1.9857
20   H                3.1311               0.8440              -0.7172
21   H                2.4603              -0.1687              -2.0252


Energy:                  -72.479904 Convergence criteria  Is converged 
Maximum Force:             0.001005     0.002850                Yes
RMS Force:                 0.000192     0.001900                Yes
Maximum Displacement:      0.008267     0.003150                No
RMS Displacement:          0.003061     0.002100                No

Model change:  1.397925e-05  Actual change:  1.394749e-05  rho: 0.998
Trust radius (MW):  0.050000  Step norm (MW):  0.050000  On boundary: True

----------------------------------------------------------------------
                            Iteration: 107                            


                             Coordinates                              
----------------------------------------------------------------------
0    C               -0.7250              -1.5751               0.0648
1    C                1.4138              -0.2996              -0.1530
2    C               -0.7460               2.6350               0.4726
3    C                1.8342              -0.5256               1.2545
4    C                2.1996               0.4560              -1.1527
5    N                0.2255              -0.8304              -0.6001
6    N               -1.8544              -1.8503              -0.5598
7    O               -1.6719               1.6040               0.0049
8    H               -1.8345               0.9800               0.7294
9    H               -0.0490              -0.5622              -1.5456
10   H               -0.5873              -1.9504               1.0762
11   H                0.2230               2.2110               0.7606
12   H               -2.5632              -2.3933              -0.0836
13   H               -2.0138              -1.5622              -1.5175
14   H               -0.6070               3.3086              -0.3754
15   H               -1.1529               3.2023               1.3173
16   H                2.7861              -0.0125               1.4590
17   H                1.6315               1.3069              -1.5702
18   H                1.9803              -1.5961               1.4843
19   H                1.0923              -0.1526               1.9823
20   H                3.1320               0.8465              -0.7177
21   H                2.4636              -0.1669              -2.0265


Energy:                  -72.479903 Convergence criteria  Is converged 
Maximum Force:             0.001013     0.002850                Yes
RMS Force:                 0.000193     0.001900                Yes
Maximum Displacement:      0.006098     0.003150                No
RMS Displacement:          0.002769     0.002100                No

Model change:  8.974897e-07  Actual change:  9.536743e-07  rho: 1.063
Trust radius (MW):  0.050000  Step norm (MW):  0.050000  On boundary: True

----------------------------------------------------------------------
                            Iteration: 108                            


                             Coordinates                              
----------------------------------------------------------------------
0    C               -0.7233              -1.5753               0.0585
1    C                1.4148              -0.2983              -0.1565
2    C               -0.7458               2.6342               0.4741
3    C                1.8339              -0.5246               1.2513
4    C                2.2009               0.4587              -1.1549
5    N                0.2276              -0.8300              -0.6052
6    N               -1.8533              -1.8481              -0.5661
7    O               -1.6700               1.6028               0.0040
8    H               -1.8341               0.9786               0.7280
9    H               -0.0464              -0.5612              -1.5507
10   H               -0.5855              -1.9527               1.0691
11   H                0.2232               2.2108               0.7629
12   H               -2.5623              -2.3916              -0.0908
13   H               -2.0125              -1.5586              -1.5233
14   H               -0.6063               3.3088              -0.3731
15   H               -1.1545               3.2001               1.3188
16   H                2.7850              -0.0106               1.4572
17   H                1.6326               1.3097              -1.5719
18   H                1.9810              -1.5950               1.4806
19   H                1.0907              -0.1530               1.9785
20   H                3.1328               0.8493              -0.7189
21   H                2.4659              -0.1632              -2.0291


Energy:                  -72.479902 Convergence criteria  Is converged 
Maximum Force:             0.001009     0.002850                Yes
RMS Force:                 0.000194     0.001900                Yes
Maximum Displacement:      0.007107     0.003150                No
RMS Displacement:          0.002685     0.002100                No

Model change:  1.196203e-06  Actual change:  1.132488e-06  rho: 0.947
Trust radius (MW):  0.050000  Step norm (MW):  0.050000  On boundary: True

----------------------------------------------------------------------
                            Iteration: 109                            


                             Coordinates                              
----------------------------------------------------------------------
0    C               -0.7218              -1.5748               0.0523
1    C                1.4162              -0.2972              -0.1600
2    C               -0.7461               2.6334               0.4746
3    C                1.8347              -0.5254               1.2477
4    C                2.2025               0.4617              -1.1568
5    N                0.2294              -0.8287              -0.6100
6    N               -1.8522              -1.8455              -0.5724
7    O               -1.6696               1.6023               0.0025
8    H               -1.8344               0.9774               0.7257
9    H               -0.0443              -0.5583              -1.5551
10   H               -0.5839              -1.9544               1.0622
11   H                0.2229               2.2100               0.7636
12   H               -2.5613              -2.3895              -0.0981
13   H               -2.0112              -1.5545              -1.5293
14   H               -0.6062               3.3092              -0.3716
15   H               -1.1556               3.1981               1.3197
16   H                2.7855              -0.0112               1.4548
17   H                1.6340               1.3132              -1.5727
18   H                1.9822              -1.5961               1.4755
19   H                1.0910              -0.1552               1.9751
20   H                3.1341               0.8520              -0.7198
21   H                2.4680              -0.1587              -2.0320


Energy:                  -72.479901 Convergence criteria  Is converged 
Maximum Force:             0.000997     0.002850                Yes
RMS Force:                 0.000195     0.001900                Yes
Maximum Displacement:      0.007339     0.003150                No
RMS Displacement:          0.002734     0.002100                No

Model change:  1.725702e-06  Actual change:  1.788139e-06  rho: 1.036
Trust radius (MW):  0.050000  Step norm (MW):  0.050000  On boundary: True

----------------------------------------------------------------------
                            Iteration: 110                            


                             Coordinates                              
----------------------------------------------------------------------
0    C               -0.7205              -1.5742               0.0464
1    C                1.4175              -0.2962              -0.1627
2    C               -0.7453               2.6332               0.4719
3    C                1.8347              -0.5258               1.2452
4    C                2.2048               0.4635              -1.1581
5    N                0.2311              -0.8272              -0.6143
6    N               -1.8513              -1.8424              -0.5789
7    O               -1.6702               1.6007               0.0054
8    H               -1.8328               0.9777               0.7308
9    H               -0.0419              -0.5556              -1.5593
10   H               -0.5827              -1.9564               1.0552
11   H                0.2246               2.2106               0.7591
12   H               -2.5605              -2.3876              -0.1060
13   H               -2.0103              -1.5487              -1.5349
14   H               -0.6081               3.3067              -0.3765
15   H               -1.1522               3.2001               1.3168
16   H                2.7851              -0.0116               1.4538
17   H                1.6366               1.3150              -1.5742
18   H                1.9823              -1.5967               1.4720
19   H                1.0902              -0.1565               1.9722
20   H                3.1357               0.8538              -0.7197
21   H                2.4716              -0.1563              -2.0332


Energy:                  -72.479887 Convergence criteria  Is converged 
Maximum Force:             0.001024     0.002850                Yes
RMS Force:                 0.000200     0.001900                Yes
Maximum Displacement:      0.007863     0.003150                No
RMS Displacement:          0.002886     0.002100                No

Model change:  1.344575e-05  Actual change:  1.335144e-05  rho: 0.993
Trust radius (MW):  0.050000  Step norm (MW):  0.050000  On boundary: True

----------------------------------------------------------------------
                            Iteration: 111                            


                             Coordinates                              
----------------------------------------------------------------------
0    C               -0.7196              -1.5732               0.0409
1    C                1.4188              -0.2952              -0.1649
2    C               -0.7438               2.6338               0.4682
3    C                1.8344              -0.5258               1.2433
4    C                2.2076               0.4645              -1.1591
5    N                0.2325              -0.8252              -0.6180
6    N               -1.8504              -1.8393              -0.5851
7    O               -1.6707               1.5998               0.0093
8    H               -1.8300               0.9790               0.7373
9    H               -0.0397              -0.5524              -1.5629
10   H               -0.5820              -1.9579               1.0488
11   H                0.2272               2.2121               0.7530
12   H               -2.5597              -2.3858              -0.1138
13   H               -2.0095              -1.5426              -1.5402
14   H               -0.6100               3.3042              -0.3832
15   H               -1.1472               3.2037               1.3127
16   H                2.7845              -0.0117               1.4534
17   H                1.6402               1.3163              -1.5757
18   H                1.9817              -1.5968               1.4696
19   H                1.0890              -0.1571               1.9698
20   H                3.1381               0.8543              -0.7194
21   H                2.4752              -0.1552              -2.0340


Energy:                  -72.479871 Convergence criteria  Is converged 
Maximum Force:             0.001067     0.002850                Yes
RMS Force:                 0.000206     0.001900                Yes
Maximum Displacement:      0.007801     0.003150                No
RMS Displacement:          0.003049     0.002100                No

Model change:  1.609795e-05  Actual change:  1.609325e-05  rho: 1.000
Trust radius (MW):  0.050000  Step norm (MW):  0.050000  On boundary: True

----------------------------------------------------------------------
                            Iteration: 112                            


                             Coordinates                              
----------------------------------------------------------------------
0    C               -0.7184              -1.5720               0.0348
1    C                1.4204              -0.2941              -0.1677
2    C               -0.7424               2.6344               0.4674
3    C                1.8350              -0.5268               1.2405
4    C                2.2102               0.4665              -1.1603
5    N                0.2340              -0.8226              -0.6222
6    N               -1.8488              -1.8372              -0.5923
7    O               -1.6698               1.6009               0.0086
8    H               -1.8284               0.9794               0.7362
9    H               -0.0378              -0.5479              -1.5666
10   H               -0.5814              -1.9585               1.0421
11   H                0.2286               2.2124               0.7515
12   H               -2.5582              -2.3849              -0.1225
13   H               -2.0074              -1.5386              -1.5469
14   H               -0.6089               3.3051              -0.3837
15   H               -1.1452               3.2041               1.3124
16   H                2.7852              -0.0134               1.4519
17   H                1.6438               1.3196              -1.5757
18   H                1.9819              -1.5983               1.4652
19   H                1.0893              -0.1590               1.9670
20   H                3.1409               0.8546              -0.7198
21   H                2.4774              -0.1520              -2.0363


Energy:                  -72.479868 Convergence criteria  Is converged 
Maximum Force:             0.001101     0.002850                Yes
RMS Force:                 0.000209     0.001900                Yes
Maximum Displacement:      0.008780     0.003150                No
RMS Displacement:          0.002749     0.002100                No

Model change:  3.412614e-06  Actual change:  3.457069e-06  rho: 1.013
Trust radius (MW):  0.050000  Step norm (MW):  0.050000  On boundary: True

----------------------------------------------------------------------
                            Iteration: 113                            


                             Coordinates                              
----------------------------------------------------------------------
0    C               -0.7172              -1.5711               0.0285
1    C                1.4219              -0.2930              -0.1705
2    C               -0.7409               2.6348               0.4661
3    C                1.8353              -0.5276               1.2376
4    C                2.2127               0.4684              -1.1617
5    N                0.2356              -0.8207              -0.6266
6    N               -1.8473              -1.8349              -0.5996
7    O               -1.6689               1.6010               0.0088
8    H               -1.8265               0.9797               0.7367
9    H               -0.0355              -0.5445              -1.5708
10   H               -0.5805              -1.9596               1.0351
11   H                0.2304               2.2129               0.7494
12   H               -2.5569              -2.3836              -0.1313
13   H               -2.0056              -1.5341              -1.5536
14   H               -0.6084               3.3051              -0.3855
15   H               -1.1429               3.2049               1.3112
16   H                2.7853              -0.0144               1.4505
17   H                1.6469               1.3222              -1.5765
18   H                1.9820              -1.5993               1.4612
19   H                1.0889              -0.1607               1.9639
20   H                3.1433               0.8557              -0.7200
21   H                2.4803              -0.1491              -2.0382


Energy:                  -72.479861 Convergence criteria  Is converged 
Maximum Force:             0.001119     0.002850                Yes
RMS Force:                 0.000211     0.001900                Yes
Maximum Displacement:      0.008763     0.003150                No
RMS Displacement:          0.002748     0.002100                No

Model change:  6.426159e-06  Actual change:  6.437302e-06  rho: 1.002
Trust radius (MW):  0.050000  Step norm (MW):  0.050000  On boundary: True

----------------------------------------------------------------------
                            Iteration: 114                            


                             Coordinates                              
----------------------------------------------------------------------
0    C               -0.7159              -1.5706               0.0223
1    C                1.4232              -0.2920              -0.1730
2    C               -0.7396               2.6349               0.4634
3    C                1.8348              -0.5276               1.2355
4    C                2.2153               0.4700              -1.1627
5    N                0.2374              -0.8191              -0.6310
6    N               -1.8461              -1.8321              -0.6066
7    O               -1.6684               1.6000               0.0106
8    H               -1.8241               0.9801               0.7401
9    H               -0.0329              -0.5417              -1.5750
10   H               -0.5795              -1.9617               1.0279
11   H                0.2324               2.2139               0.7456
12   H               -2.5558              -2.3821              -0.1399
13   H               -2.0042              -1.5287              -1.5597
14   H               -0.6091               3.3034              -0.3900
15   H               -1.1398               3.2068               1.3082
16   H                2.7843              -0.0142               1.4501
17   H                1.6502               1.3241              -1.5777
18   H                1.9817              -1.5994               1.4584
19   H                1.0873              -0.1616               1.9611
20   H                3.1454               0.8569              -0.7195
21   H                2.4840              -0.1471              -2.0392


Energy:                  -72.479849 Convergence criteria  Is converged 
Maximum Force:             0.001145     0.002850                Yes
RMS Force:                 0.000216     0.001900                Yes
Maximum Displacement:      0.008623     0.003150                No
RMS Displacement:          0.002868     0.002100                No

Model change:  1.223200e-05  Actual change:  1.233816e-05  rho: 1.009
Trust radius (MW):  0.050000  Step norm (MW):  0.050000  On boundary: True

----------------------------------------------------------------------
                            Iteration: 115                            


                             Coordinates                              
----------------------------------------------------------------------
0    C               -0.7145              -1.5709               0.0163
1    C                1.4241              -0.2911              -0.1752
2    C               -0.7381               2.6350               0.4601
3    C                1.8335              -0.5269               1.2340
4    C                2.2178               0.4711              -1.1634
5    N                0.2391              -0.8182              -0.6351
6    N               -1.8451              -1.8300              -0.6131
7    O               -1.6676               1.5978               0.0138
8    H               -1.8203               0.9800               0.7457
9    H               -0.0303              -0.5397              -1.5790
10   H               -0.5782              -1.9648               1.0208
11   H                0.2351               2.2156               0.7406
12   H               -2.5547              -2.3816              -0.1482
13   H               -2.0033              -1.5234              -1.5652
14   H               -0.6109               3.3006              -0.3961
15   H               -1.1361               3.2095               1.3041
16   H                2.7822              -0.0128               1.4504
17   H                1.6532               1.3252              -1.5793
18   H                1.9810              -1.5987               1.4567
19   H                1.0844              -0.1620               1.9584
20   H                3.1471               0.8580              -0.7188
21   H                2.4879              -0.1458              -2.0396


Energy:                  -72.479833 Convergence criteria  Is converged 
Maximum Force:             0.001174     0.002850                Yes
RMS Force:                 0.000221     0.001900                Yes
Maximum Displacement:      0.008254     0.003150                No
RMS Displacement:          0.003015     0.002100                No

Model change:  1.603376e-05  Actual change:  1.591444e-05  rho: 0.993
Trust radius (MW):  0.050000  Step norm (MW):  0.050000  On boundary: True

----------------------------------------------------------------------
                            Iteration: 116                            


                             Coordinates                              
----------------------------------------------------------------------
0    C               -0.7136              -1.5730               0.0106
1    C                1.4232              -0.2898              -0.1770
2    C               -0.7356               2.6360               0.4593
3    C                1.8300              -0.5242               1.2332
4    C                2.2182               0.4725              -1.1642
5    N                0.2399              -0.8188              -0.6391
6    N               -1.8439              -1.8312              -0.6194
7    O               -1.6633               1.5963               0.0150
8    H               -1.8135               0.9787               0.7475
9    H               -0.0285              -0.5401              -1.5833
10   H               -0.5771              -1.9688               1.0144
11   H                0.2390               2.2190               0.7384
12   H               -2.5531              -2.3846              -0.1560
13   H               -2.0025              -1.5220              -1.5706
14   H               -0.6113               3.3015              -0.3974
15   H               -1.1337               3.2099               1.3036
16   H                2.7770              -0.0078               1.4516
17   H                1.6538               1.3259              -1.5816
18   H                1.9795              -1.5955               1.4566
19   H                1.0784              -0.1607               1.9558
20   H                3.1464               0.8603              -0.7180
21   H                2.4904              -0.1447              -2.0395


Energy:                  -72.479828 Convergence criteria  Is converged 
Maximum Force:             0.001210     0.002850                Yes
RMS Force:                 0.000223     0.001900                Yes
Maximum Displacement:      0.007834     0.003150                No
RMS Displacement:          0.002917     0.002100                No

Model change:  5.091524e-06  Actual change:  5.125999e-06  rho: 1.007
Trust radius (MW):  0.050000  Step norm (MW):  0.050000  On boundary: True

----------------------------------------------------------------------
                            Iteration: 117                            


                             Coordinates                              
----------------------------------------------------------------------
0    C               -0.7137              -1.5757               0.0081
1    C                1.4209              -0.2888              -0.1780
2    C               -0.7331               2.6382               0.4620
3    C                1.8260              -0.5206               1.2332
4    C                2.2162               0.4734              -1.1650
5    N                0.2393              -0.8205              -0.6412
6    N               -1.8433              -1.8356              -0.6225
7    O               -1.6572               1.5972               0.0130
8    H               -1.8072               0.9772               0.7436
9    H               -0.0283              -0.5435              -1.5861
10   H               -0.5772              -1.9710               1.0121
11   H                0.2422               2.2228               0.7409
12   H               -2.5520              -2.3899              -0.1595
13   H               -2.0022              -1.5256              -1.5734
14   H               -0.6096               3.3068              -0.3923
15   H               -1.1339               3.2081               1.3078
16   H                2.7713              -0.0017               1.4527
17   H                1.6514               1.3259              -1.5838
18   H                1.9778              -1.5913               1.4581
19   H                1.0723              -0.1582               1.9542
20   H                3.1435               0.8627              -0.7181
21   H                2.4901              -0.1443              -2.0394


Energy:                  -72.479838 Convergence criteria  Is converged 
Maximum Force:             0.001193     0.002850                Yes
RMS Force:                 0.000216     0.001900                Yes
Maximum Displacement:      0.006295     0.003150                No
RMS Displacement:          0.002956     0.002100                No

Model change: -1.041032e-05  Actual change: -1.049042e-05  rho: 1.008
Trust radius (MW):  0.050000  Step norm (MW):  0.050000  On boundary: True

----------------------------------------------------------------------
                            Iteration: 118                            


                             Coordinates                              
----------------------------------------------------------------------
0    C               -0.7139              -1.5782               0.0054
1    C                1.4187              -0.2879              -0.1792
2    C               -0.7303               2.6410               0.4639
3    C                1.8215              -0.5164               1.2332
4    C                2.2148               0.4735              -1.1662
5    N                0.2388              -0.8224              -0.6436
6    N               -1.8430              -1.8391              -0.6257
7    O               -1.6509               1.5979               0.0128
8    H               -1.7996               0.9764               0.7423
9    H               -0.0278              -0.5472              -1.5893
10   H               -0.5774              -1.9734               1.0094
11   H                0.2464               2.2281               0.7416
12   H               -2.5512              -2.3944              -0.1630
13   H               -2.0024              -1.5280              -1.5761
14   H               -0.6090               3.3117              -0.3891
15   H               -1.1329               3.2078               1.3108
16   H                2.7651               0.0053               1.4538
17   H                1.6499               1.3251              -1.5868
18   H                1.9758              -1.5864               1.4602
19   H                1.0654              -0.1550               1.9520
20   H                3.1413               0.8639              -0.7187
21   H                2.4901              -0.1452              -2.0395


Energy:                  -72.479842 Convergence criteria  Is converged 
Maximum Force:             0.001194     0.002850                Yes
RMS Force:                 0.000212     0.001900                Yes
Maximum Displacement:      0.007686     0.003150                No
RMS Displacement:          0.002993     0.002100                No

Model change: -3.903553e-06  Actual change: -3.933907e-06  rho: 1.008
Trust radius (MW):  0.050000  Step norm (MW):  0.050000  On boundary: True

----------------------------------------------------------------------
                            Iteration: 119                            


                             Coordinates                              
----------------------------------------------------------------------
0    C               -0.7144              -1.5797               0.0028
1    C                1.4169              -0.2874              -0.1810
2    C               -0.7271               2.6446               0.4667
3    C                1.8181              -0.5133               1.2323
4    C                2.2136               0.4733              -1.1682
5    N                0.2382              -0.8237              -0.6461
6    N               -1.8429              -1.8419              -0.6288
7    O               -1.6443               1.6004               0.0111
8    H               -1.7927               0.9767               0.7388
9    H               -0.0276              -0.5502              -1.5926
10   H               -0.5781              -1.9742               1.0070
11   H                0.2505               2.2333               0.7438
12   H               -2.5510              -2.3975              -0.1662
13   H               -2.0026              -1.5302              -1.5790
14   H               -0.6069               3.3185              -0.3840
15   H               -1.1320               3.2074               1.3151
16   H                2.7605               0.0103               1.4536
17   H                1.6488               1.3246              -1.5896
18   H                1.9739              -1.5827               1.4610
19   H                1.0603              -0.1522               1.9495
20   H                3.1398               0.8641              -0.7205
21   H                2.4893              -0.1460              -2.0409


Energy:                  -72.479850 Convergence criteria  Is converged 
Maximum Force:             0.001168     0.002850                Yes
RMS Force:                 0.000205     0.001900                Yes
Maximum Displacement:      0.006811     0.003150                No
RMS Displacement:          0.002861     0.002100                No

Model change: -7.412885e-06  Actual change: -7.390976e-06  rho: 0.997
Trust radius (MW):  0.050000  Step norm (MW):  0.050000  On boundary: True

----------------------------------------------------------------------
                            Iteration: 120                            


                             Coordinates                              
----------------------------------------------------------------------
0    C               -0.7150              -1.5808              -0.0001
1    C                1.4152              -0.2870              -0.1835
2    C               -0.7242               2.6487               0.4689
3    C                1.8153              -0.5107               1.2305
4    C                2.2123               0.4731              -1.1709
5    N                0.2373              -0.8247              -0.6490
6    N               -1.8428              -1.8448              -0.6323
7    O               -1.6381               1.6034               0.0089
8    H               -1.7868               0.9777               0.7348
9    H               -0.0276              -0.5526              -1.5961
10   H               -0.5791              -1.9742               1.0046
11   H                0.2541               2.2389               0.7458
12   H               -2.5507              -2.4007              -0.1697
13   H               -2.0028              -1.5327              -1.5823
14   H               -0.6047               3.3253              -0.3796
15   H               -1.1317               3.2077               1.3186
16   H                2.7568               0.0142               1.4522
17   H                1.6478               1.3245              -1.5926
18   H                1.9720              -1.5797               1.4608
19   H                1.0563              -0.1496               1.9465
20   H                3.1386               0.8639              -0.7231
21   H                2.4881              -0.1466              -2.0432


Energy:                  -72.479857 Convergence criteria  Is converged 
Maximum Force:             0.001153     0.002850                Yes
RMS Force:                 0.000200     0.001900                Yes
Maximum Displacement:      0.006829     0.003150                No
RMS Displacement:          0.002768     0.002100                No

Model change: -7.164133e-06  Actual change: -7.212162e-06  rho: 1.007
Trust radius (MW):  0.050000  Step norm (MW):  0.050000  On boundary: True

----------------------------------------------------------------------
                            Iteration: 121                            


                             Coordinates                              
----------------------------------------------------------------------
0    C               -0.7155              -1.5828              -0.0039
1    C                1.4133              -0.2867              -0.1862
2    C               -0.7227               2.6523               0.4709
3    C                1.8124              -0.5090               1.2283
4    C                2.2106               0.4736              -1.1734
5    N                0.2364              -0.8257              -0.6524
6    N               -1.8423              -1.8489              -0.6370
7    O               -1.6329               1.6050               0.0078
8    H               -1.7809               0.9777               0.7325
9    H               -0.0279              -0.5548              -1.6000
10   H               -0.5799              -1.9754               1.0011
11   H                0.2566               2.2449               0.7479
12   H               -2.5496              -2.4058              -0.1750
13   H               -2.0026              -1.5357              -1.5866
14   H               -0.6045               3.3309              -0.3761
15   H               -1.1327               3.2082               1.3213
16   H                2.7531               0.0172               1.4506
17   H                1.6460               1.3248              -1.5953
18   H                1.9703              -1.5776               1.4595
19   H                1.0522              -0.1483               1.9433
20   H                3.1367               0.8646              -0.7254
21   H                2.4867              -0.1461              -2.0457


Energy:                  -72.479861 Convergence criteria  Is converged 
Maximum Force:             0.001151     0.002850                Yes
RMS Force:                 0.000196     0.001900                Yes
Maximum Displacement:      0.006025     0.003150                No
RMS Displacement:          0.002774     0.002100                No

Model change: -3.758502e-06  Actual change: -3.755093e-06  rho: 0.999
Trust radius (MW):  0.050000  Step norm (MW):  0.050000  On boundary: True

----------------------------------------------------------------------
                            Iteration: 122                            


                             Coordinates                              
----------------------------------------------------------------------
0    C               -0.7162              -1.5850              -0.0079
1    C                1.4112              -0.2864              -0.1890
2    C               -0.7223               2.6563               0.4730
3    C                1.8094              -0.5077               1.2260
4    C                2.2084               0.4744              -1.1758
5    N                0.2351              -0.8268              -0.6559
6    N               -1.8421              -1.8529              -0.6418
7    O               -1.6281               1.6061               0.0075
8    H               -1.7751               0.9778               0.7315
9    H               -0.0286              -0.5567              -1.6039
10   H               -0.5806              -1.9773               0.9972
11   H                0.2582               2.2523               0.7505
12   H               -2.5488              -2.4111              -0.1804
13   H               -2.0030              -1.5382              -1.5908
14   H               -0.6057               3.3363              -0.3731
15   H               -1.1354               3.2094               1.3237
16   H                2.7492               0.0198               1.4488
17   H                1.6436               1.3257              -1.5974
18   H                1.9684              -1.5760               1.4578
19   H                1.0481              -0.1477               1.9402
20   H                3.1343               0.8656              -0.7275
21   H                2.4848              -0.1449              -2.0483


Energy:                  -72.479862 Convergence criteria  Is converged 
Maximum Force:             0.001149     0.002850                Yes
RMS Force:                 0.000192     0.001900                Yes
Maximum Displacement:      0.007408     0.003150                No
RMS Displacement:          0.002827     0.002100                No

Model change: -1.461383e-06  Actual change: -1.490116e-06  rho: 1.020
Trust radius (MW):  0.050000  Step norm (MW):  0.050000  On boundary: True

----------------------------------------------------------------------
                            Iteration: 123                            


                             Coordinates                              
----------------------------------------------------------------------
0    C               -0.7167              -1.5875              -0.0112
1    C                1.4090              -0.2863              -0.1913
2    C               -0.7231               2.6617               0.4747
3    C                1.8063              -0.5062               1.2242
4    C                2.2062               0.4750              -1.1779
5    N                0.2339              -0.8282              -0.6588
6    N               -1.8420              -1.8568              -0.6455
7    O               -1.6228               1.6067               0.0080
8    H               -1.7683               0.9782               0.7321
9    H               -0.0295              -0.5588              -1.6071
10   H               -0.5810              -1.9797               0.9939
11   H                0.2592               2.2630               0.7535
12   H               -2.5481              -2.4162              -0.1845
13   H               -2.0038              -1.5404              -1.5937
14   H               -0.6089               3.3421              -0.3714
15   H               -1.1402               3.2127               1.3247
16   H                2.7452               0.0229               1.4475
17   H                1.6412               1.3264              -1.5991
18   H                1.9667              -1.5741               1.4569
19   H                1.0439              -0.1466               1.9374
20   H                3.1320               0.8660              -0.7295
21   H                2.4826              -0.1440              -2.0507


Energy:                  -72.479860 Convergence criteria  Is converged 
Maximum Force:             0.001148     0.002850                Yes
RMS Force:                 0.000190     0.001900                Yes
Maximum Displacement:      0.010676     0.003150                No
RMS Displacement:          0.002989     0.002100                No

Model change:  1.470418e-06  Actual change:  1.549721e-06  rho: 1.054
Trust radius (MW):  0.050000  Step norm (MW):  0.050000  On boundary: True

----------------------------------------------------------------------
                            Iteration: 124                            


                             Coordinates                              
----------------------------------------------------------------------
0    C               -0.7171              -1.5888              -0.0111
1    C                1.4079              -0.2868              -0.1925
2    C               -0.7252               2.6657               0.4800
3    C                1.8062              -0.5063               1.2229
4    C                2.2039               0.4756              -1.1793
5    N                0.2331              -0.8296              -0.6595
6    N               -1.8416              -1.8606              -0.6455
7    O               -1.6176               1.6089               0.0030
8    H               -1.7680               0.9786               0.7245
9    H               -0.0306              -0.5608              -1.6078
10   H               -0.5813              -1.9790               0.9948
11   H                0.2566               2.2697               0.7649
12   H               -2.5476              -2.4193              -0.1837
13   H               -2.0035              -1.5455              -1.5942
14   H               -0.6070               3.3491              -0.3630
15   H               -1.1506               3.2121               1.3288
16   H                2.7451               0.0229               1.4453
17   H                1.6385               1.3279              -1.5981
18   H                1.9668              -1.5742               1.4557
19   H                1.0443              -0.1466               1.9366
20   H                3.1306               0.8657              -0.7317
21   H                2.4787              -0.1422              -2.0534


Energy:                  -72.479876 Convergence criteria  Is converged 
Maximum Force:             0.001065     0.002850                Yes
RMS Force:                 0.000180     0.001900                Yes
Maximum Displacement:      0.011371     0.003150                No
RMS Displacement:          0.003302     0.002100                No

Model change: -1.530379e-05  Actual change: -1.543760e-05  rho: 1.009
Trust radius (MW):  0.050000  Step norm (MW):  0.050000  On boundary: True

----------------------------------------------------------------------
                            Iteration: 125                            


                             Coordinates                              
----------------------------------------------------------------------
0    C               -0.7173              -1.5899              -0.0105
1    C                1.4070              -0.2873              -0.1934
2    C               -0.7280               2.6691               0.4858
3    C                1.8063              -0.5065               1.2217
4    C                2.2018               0.4762              -1.1804
5    N                0.2324              -0.8310              -0.6597
6    N               -1.8413              -1.8640              -0.6450
7    O               -1.6129               1.6109              -0.0023
8    H               -1.7689               0.9787               0.7164
9    H               -0.0318              -0.5625              -1.6081
10   H               -0.5817              -1.9780               0.9962
11   H                0.2528               2.2757               0.7776
12   H               -2.5473              -2.4218              -0.1821
13   H               -2.0031              -1.5505              -1.5942
14   H               -0.6050               3.3556              -0.3540
15   H               -1.1624               3.2111               1.3328
16   H                2.7455               0.0227               1.4433
17   H                1.6362               1.3297              -1.5968
18   H                1.9671              -1.5744               1.4546
19   H                1.0451              -0.1466               1.9360
20   H                3.1295               0.8650              -0.7339
21   H                2.4746              -0.1404              -2.0560


Energy:                  -72.479891 Convergence criteria  Is converged 
Maximum Force:             0.001002     0.002850                Yes
RMS Force:                 0.000170     0.001900                Yes
Maximum Displacement:      0.012691     0.003150                No
RMS Displacement:          0.003446     0.002100                No

Model change: -1.536893e-05  Actual change: -1.531839e-05  rho: 0.997
Trust radius (MW):  0.050000  Step norm (MW):  0.050000  On boundary: True

----------------------------------------------------------------------
                            Iteration: 126                            


                             Coordinates                              
----------------------------------------------------------------------
0    C               -0.7176              -1.5904              -0.0096
1    C                1.4065              -0.2879              -0.1943
2    C               -0.7307               2.6712               0.4919
3    C                1.8072              -0.5074               1.2204
4    C                2.2000               0.4766              -1.1817
5    N                0.2317              -0.8318              -0.6598
6    N               -1.8410              -1.8667              -0.6441
7    O               -1.6089               1.6132              -0.0085
8    H               -1.7716               0.9788               0.7069
9    H               -0.0333              -0.5634              -1.6079
10   H               -0.5821              -1.9764               0.9979
11   H                0.2483               2.2789               0.7912
12   H               -2.5473              -2.4233              -0.1801
13   H               -2.0027              -1.5551              -1.5940
14   H               -0.6014               3.3611              -0.3442
15   H               -1.1739               3.2090               1.3370
16   H                2.7468               0.0214               1.4410
17   H                1.6345               1.3316              -1.5951
18   H                1.9677              -1.5753               1.4530
19   H                1.0469              -0.1472               1.9356
20   H                3.1291               0.8637              -0.7363
21   H                2.4703              -0.1386              -2.0590


Energy:                  -72.479908 Convergence criteria  Is converged 
Maximum Force:             0.000934     0.002850                Yes
RMS Force:                 0.000159     0.001900                Yes
Maximum Displacement:      0.013588     0.003150                No
RMS Displacement:          0.003563     0.002100                No

Model change: -1.672195e-05  Actual change: -1.674891e-05  rho: 1.002
Trust radius (MW):  0.050000  Step norm (MW):  0.050000  On boundary: True

----------------------------------------------------------------------
                            Iteration: 127                            


                             Coordinates                              
----------------------------------------------------------------------
0    C               -0.7182              -1.5909              -0.0095
1    C                1.4057              -0.2885              -0.1958
2    C               -0.7339               2.6739               0.4979
3    C                1.8074              -0.5079               1.2186
4    C                2.1983               0.4766              -1.1835
5    N                0.2308              -0.8327              -0.6606
6    N               -1.8412              -1.8689              -0.6439
7    O               -1.6046               1.6152              -0.0141
8    H               -1.7739               0.9790               0.6982
9    H               -0.0349              -0.5641              -1.6084
10   H               -0.5828              -1.9752               0.9987
11   H                0.2432               2.2832               0.8056
12   H               -2.5477              -2.4244              -0.1789
13   H               -2.0028              -1.5588              -1.5942
14   H               -0.5981               3.3664              -0.3349
15   H               -1.1866               3.2080               1.3403
16   H                2.7473               0.0208               1.4385
17   H                1.6333               1.3333              -1.5941
18   H                1.9679              -1.5759               1.4512
19   H                1.0478              -0.1475               1.9345
20   H                3.1290               0.8613              -0.7395
21   H                2.4656              -0.1375              -2.0626


Energy:                  -72.479922 Convergence criteria  Is converged 
Maximum Force:             0.000888     0.002850                Yes
RMS Force:                 0.000151     0.001900                Yes
Maximum Displacement:      0.014447     0.003150                No
RMS Displacement:          0.003596     0.002100                No

Model change: -1.377112e-05  Actual change: -1.370907e-05  rho: 0.995
Trust radius (MW):  0.050000  Step norm (MW):  0.050000  On boundary: True

----------------------------------------------------------------------
                            Iteration: 128                            


                             Coordinates                              
----------------------------------------------------------------------
0    C               -0.7186              -1.5904              -0.0081
1    C                1.4056              -0.2889              -0.1965
2    C               -0.7363               2.6735               0.5039
3    C                1.8091              -0.5092               1.2173
4    C                2.1973               0.4766              -1.1847
5    N                0.2302              -0.8328              -0.6602
6    N               -1.8411              -1.8705              -0.6426
7    O               -1.6025               1.6175              -0.0213
8    H               -1.7802               0.9790               0.6869
9    H               -0.0364              -0.5640              -1.6077
10   H               -0.5834              -1.9728               1.0008
11   H                0.2375               2.2810               0.8196
12   H               -2.5478              -2.4246              -0.1764
13   H               -2.0021              -1.5628              -1.5938
14   H               -0.5919               3.3695              -0.3245
15   H               -1.1970               3.2042               1.3441
16   H                2.7498               0.0186               1.4360
17   H                1.6327               1.3347              -1.5929
18   H                1.9691              -1.5775               1.4491
19   H                1.0510              -0.1485               1.9345
20   H                3.1294               0.8594              -0.7421
21   H                2.4619              -0.1366              -2.0652


Energy:                  -72.479939 Convergence criteria  Is converged 
Maximum Force:             0.000817     0.002850                Yes
RMS Force:                 0.000140     0.001900                Yes
Maximum Displacement:      0.014022     0.003150                No
RMS Displacement:          0.003735     0.002100                No

Model change: -1.758759e-05  Actual change: -1.764297e-05  rho: 1.003
Trust radius (MW):  0.050000  Step norm (MW):  0.050000  On boundary: True

----------------------------------------------------------------------
                            Iteration: 129                            


                             Coordinates                              
----------------------------------------------------------------------
0    C               -0.7182              -1.5887              -0.0054
1    C                1.4068              -0.2887              -0.1952
2    C               -0.7355               2.6694               0.5071
3    C                1.8125              -0.5116               1.2175
4    C                2.1973               0.4780              -1.1836
5    N                0.2306              -0.8315              -0.6580
6    N               -1.8399              -1.8708              -0.6404
7    O               -1.6039               1.6202              -0.0281
8    H               -1.7882               0.9789               0.6759
9    H               -0.0367              -0.5623              -1.6053
10   H               -0.5838              -1.9691               1.0044
11   H                0.2352               2.2707               0.8246
12   H               -2.5472              -2.4234              -0.1734
13   H               -1.9999              -1.5660              -1.5927
14   H               -0.5845               3.3697              -0.3165
15   H               -1.1975               3.1972               1.3483
16   H                2.7546               0.0142               1.4351
17   H                1.6323               1.3363              -1.5905
18   H                1.9709              -1.5804               1.4474
19   H                1.0565              -0.1505               1.9368
20   H                3.1298               0.8606              -0.7414
21   H                2.4614              -0.1344              -2.0648


Energy:                  -72.479956 Convergence criteria  Is converged 
Maximum Force:             0.000797     0.002850                Yes
RMS Force:                 0.000135     0.001900                Yes
Maximum Displacement:      0.011072     0.003150                No
RMS Displacement:          0.003512     0.002100                No

Model change: -1.686397e-05  Actual change: -1.686811e-05  rho: 1.000
Trust radius (MW):  0.050000  Step norm (MW):  0.050000  On boundary: True

----------------------------------------------------------------------
                            Iteration: 130                            


                             Coordinates                              
----------------------------------------------------------------------
0    C               -0.7183              -1.5881              -0.0040
1    C                1.4075              -0.2895              -0.1961
2    C               -0.7372               2.6665               0.5124
3    C                1.8153              -0.5140               1.2158
4    C                2.1968               0.4777              -1.1849
5    N                0.2303              -0.8315              -0.6576
6    N               -1.8394              -1.8722              -0.6390
7    O               -1.6033               1.6219              -0.0353
8    H               -1.7957               0.9781               0.6641
9    H               -0.0378              -0.5622              -1.6046
10   H               -0.5842              -1.9665               1.0065
11   H                0.2298               2.2640               0.8362
12   H               -2.5472              -2.4232              -0.1709
13   H               -1.9987              -1.5702              -1.5924
14   H               -0.5775               3.3704              -0.3066
15   H               -1.2052               3.1914               1.3522
16   H                2.7584               0.0103               1.4321
17   H                1.6318               1.3370              -1.5898
18   H                1.9727              -1.5832               1.4445
19   H                1.0611              -0.1525               1.9367
20   H                3.1304               0.8590              -0.7440
21   H                2.4587              -0.1338              -2.0674


Energy:                  -72.479973 Convergence criteria  Is converged 
Maximum Force:             0.000724     0.002850                Yes
RMS Force:                 0.000126     0.001900                Yes
Maximum Displacement:      0.011717     0.003150                No
RMS Displacement:          0.003743     0.002100                No

Model change: -1.677473e-05  Actual change: -1.686811e-05  rho: 1.006
Trust radius (MW):  0.050000  Step norm (MW):  0.050000  On boundary: True

----------------------------------------------------------------------
                            Iteration: 131                            


                             Coordinates                              
----------------------------------------------------------------------
0    C               -0.7189              -1.5856              -0.0014
1    C                1.4079              -0.2889              -0.1953
2    C               -0.7386               2.6646               0.5168
3    C                1.8174              -0.5150               1.2158
4    C                2.1965               0.4787              -1.1845
5    N                0.2299              -0.8299              -0.6557
6    N               -1.8392              -1.8716              -0.6369
7    O               -1.6039               1.6257              -0.0426
8    H               -1.8037               0.9792               0.6523
9    H               -0.0386              -0.5605              -1.6026
10   H               -0.5857              -1.9618               1.0100
11   H                0.2246               2.2573               0.8458
12   H               -2.5478              -2.4207              -0.1677
13   H               -1.9974              -1.5726              -1.5914
14   H               -0.5704               3.3721              -0.2974
15   H               -1.2110               3.1869               1.3557
16   H                2.7618               0.0076               1.4311
17   H                1.6316               1.3388              -1.5880
18   H                1.9734              -1.5847               1.4435
19   H                1.0649              -0.1528               1.9382
20   H                3.1309               0.8590              -0.7445
21   H                2.4568              -0.1322              -2.0678


Energy:                  -72.479989 Convergence criteria  Is converged 
Maximum Force:             0.000669     0.002850                Yes
RMS Force:                 0.000117     0.001900                Yes
Maximum Displacement:      0.011858     0.003150                No
RMS Displacement:          0.003535     0.002100                No

Model change: -1.569041e-05  Actual change: -1.561642e-05  rho: 0.995
Trust radius (MW):  0.050000  Step norm (MW):  0.050000  On boundary: True

----------------------------------------------------------------------
                            Iteration: 132                            


                             Coordinates                              
----------------------------------------------------------------------
0    C               -0.7194              -1.5830               0.0012
1    C                1.4085              -0.2884              -0.1946
2    C               -0.7400               2.6628               0.5212
3    C                1.8196              -0.5159               1.2157
4    C                2.1964               0.4793              -1.1843
5    N                0.2296              -0.8283              -0.6540
6    N               -1.8391              -1.8708              -0.6346
7    O               -1.6044               1.6294              -0.0500
8    H               -1.8112               0.9801               0.6403
9    H               -0.0394              -0.5591              -1.6008
10   H               -0.5870              -1.9571               1.0135
11   H                0.2192               2.2506               0.8557
12   H               -2.5484              -2.4180              -0.1643
13   H               -1.9962              -1.5750              -1.5903
14   H               -0.5632               3.3737              -0.2881
15   H               -1.2172               3.1826               1.3590
16   H                2.7651               0.0051               1.4299
17   H                1.6317               1.3402              -1.5865
18   H                1.9741              -1.5859               1.4426
19   H                1.0687              -0.1528               1.9393
20   H                3.1317               0.8585              -0.7453
21   H                2.4550              -0.1311              -2.0684


Energy:                  -72.480003 Convergence criteria  Is converged 
Maximum Force:             0.000597     0.002850                Yes
RMS Force:                 0.000106     0.001900                Yes
Maximum Displacement:      0.011996     0.003150                No
RMS Displacement:          0.003531     0.002100                No

Model change: -1.442905e-05  Actual change: -1.436472e-05  rho: 0.996
Trust radius (MW):  0.050000  Step norm (MW):  0.050000  On boundary: True

----------------------------------------------------------------------
                            Iteration: 133                            


                             Coordinates                              
----------------------------------------------------------------------
0    C               -0.7198              -1.5804               0.0037
1    C                1.4093              -0.2879              -0.1943
2    C               -0.7417               2.6610               0.5257
3    C                1.8219              -0.5164               1.2153
4    C                2.1964               0.4798              -1.1847
5    N                0.2293              -0.8267              -0.6524
6    N               -1.8390              -1.8699              -0.6322
7    O               -1.6048               1.6332              -0.0571
8    H               -1.8183               0.9809               0.6283
9    H               -0.0401              -0.5578              -1.5992
10   H               -0.5880              -1.9523               1.0170
11   H                0.2135               2.2441               0.8658
12   H               -2.5490              -2.4151              -0.1606
13   H               -1.9952              -1.5772              -1.5889
14   H               -0.5562               3.3753              -0.2787
15   H               -1.2239               3.1785               1.3623
16   H                2.7685               0.0031               1.4285
17   H                1.6320               1.3415              -1.5855
18   H                1.9750              -1.5868               1.4416
19   H                1.0724              -0.1525               1.9401
20   H                3.1327               0.8578              -0.7468
21   H                2.4532              -0.1303              -2.0695


Energy:                  -72.480016 Convergence criteria  Is converged 
Maximum Force:             0.000515     0.002850                Yes
RMS Force:                 0.000093     0.001900                Yes
Maximum Displacement:      0.011950     0.003150                No
RMS Displacement:          0.003540     0.002100                No

Model change: -1.297801e-05  Actual change: -1.299381e-05  rho: 1.001
Trust radius (MW):  0.050000  Step norm (MW):  0.050000  On boundary: True

----------------------------------------------------------------------
                            Iteration: 134                            


                             Coordinates                              
----------------------------------------------------------------------
0    C               -0.7199              -1.5797               0.0051
1    C                1.4101              -0.2890              -0.1952
2    C               -0.7442               2.6572               0.5313
3    C                1.8245              -0.5188               1.2138
4    C                2.1963               0.4790              -1.1860
5    N                0.2292              -0.8267              -0.6520
6    N               -1.8386              -1.8708              -0.6307
7    O               -1.6054               1.6347              -0.0637
8    H               -1.8252               0.9792               0.6167
9    H               -0.0408              -0.5580              -1.5986
10   H               -0.5884              -1.9498               1.0191
11   H                0.2070               2.2358               0.8772
12   H               -2.5492              -2.4143              -0.1580
13   H               -1.9942              -1.5807              -1.5884
14   H               -0.5500               3.3750              -0.2680
15   H               -1.2317               3.1719               1.3664
16   H                2.7720              -0.0007               1.4259
17   H                1.6321               1.3415              -1.5852
18   H                1.9766              -1.5895               1.4392
19   H                1.0764              -0.1544               1.9397
20   H                3.1337               0.8558              -0.7493
21   H                2.4512              -0.1305              -2.0719


Energy:                  -72.480027 Convergence criteria  Is converged 
Maximum Force:             0.000429     0.002850                Yes
RMS Force:                 0.000080     0.001900                Yes
Maximum Displacement:      0.011661     0.003150                No
RMS Displacement:          0.003786     0.002100                No

Model change: -1.141817e-05  Actual change: -1.138449e-05  rho: 0.997
Trust radius (MW):  0.050000  Step norm (MW):  0.050000  On boundary: True

----------------------------------------------------------------------
                            Iteration: 135                            


                             Coordinates                              
----------------------------------------------------------------------
0    C               -0.7203              -1.5818               0.0035
1    C                1.4108              -0.2927              -0.1961
2    C               -0.7450               2.6530               0.5315
3    C                1.8247              -0.5231               1.2128
4    C                2.1977               0.4750              -1.1867
5    N                0.2296              -0.8296              -0.6533
6    N               -1.8384              -1.8733              -0.6333
7    O               -1.6049               1.6334              -0.0705
8    H               -1.8287               0.9764               0.6072
9    H               -0.0397              -0.5610              -1.6002
10   H               -0.5901              -1.9511               1.0179
11   H                0.2034               2.2290               0.8817
12   H               -2.5499              -2.4157              -0.1606
13   H               -1.9927              -1.5846              -1.5916
14   H               -0.5452               3.3722              -0.2650
15   H               -1.2362               3.1667               1.3651
16   H                2.7725              -0.0057               1.4252
17   H                1.6341               1.3380              -1.5858
18   H                1.9757              -1.5940               1.4381
19   H                1.0766              -0.1581               1.9385
20   H                3.1352               0.8510              -0.7497
21   H                2.4522              -0.1346              -2.0726


Energy:                  -72.480033 Convergence criteria  Is converged 
Maximum Force:             0.000423     0.002850                Yes
RMS Force:                 0.000076     0.001900                Yes
Maximum Displacement:      0.009529     0.003150                No
RMS Displacement:          0.003034     0.002100                No

Model change: -5.256119e-06  Actual change: -5.245209e-06  rho: 0.998
Trust radius (MW):  0.050000  Step norm (MW):  0.050000  On boundary: True

----------------------------------------------------------------------
                            Iteration: 136                            


                             Coordinates                              
----------------------------------------------------------------------
0    C               -0.7205              -1.5810               0.0052
1    C                1.4116              -0.2941              -0.1969
2    C               -0.7482               2.6502               0.5362
3    C                1.8266              -0.5246               1.2118
4    C                2.1981               0.4729              -1.1883
5    N                0.2296              -0.8301              -0.6528
6    N               -1.8383              -1.8741              -0.6315
7    O               -1.6047               1.6350              -0.0778
8    H               -1.8354               0.9754               0.5952
9    H               -0.0399              -0.5623              -1.5998
10   H               -0.5907              -1.9483               1.0204
11   H                0.1956               2.2226               0.8945
12   H               -2.5503              -2.4147              -0.1576
13   H               -1.9918              -1.5882              -1.5908
14   H               -0.5385               3.3717              -0.2558
15   H               -1.2463               3.1623               1.3667
16   H                2.7751              -0.0081               1.4232
17   H                1.6350               1.3363              -1.5870
18   H                1.9768              -1.5955               1.4371
19   H                1.0794              -0.1587               1.9379
20   H                3.1364               0.8481              -0.7523
21   H                2.4513              -0.1370              -2.0744


Energy:                  -72.480042 Convergence criteria  Is converged 
Maximum Force:             0.000305     0.002850                Yes
RMS Force:                 0.000061     0.001900                Yes
Maximum Displacement:      0.012811     0.003150                No
RMS Displacement:          0.003759     0.002100                No

Model change: -9.076574e-06  Actual change: -9.179115e-06  rho: 1.011
Trust radius (MW):  0.050000  Step norm (MW):  0.050000  On boundary: True

----------------------------------------------------------------------
                            Iteration: 137                            


                             Coordinates                              
----------------------------------------------------------------------
0    C               -0.7204              -1.5797               0.0066
1    C                1.4125              -0.2946              -0.1979
2    C               -0.7521               2.6491               0.5403
3    C                1.8282              -0.5243               1.2106
4    C                2.1990               0.4710              -1.1905
5    N                0.2299              -0.8302              -0.6527
6    N               -1.8379              -1.8743              -0.6299
7    O               -1.6037               1.6369              -0.0854
8    H               -1.8415               0.9756               0.5834
9    H               -0.0396              -0.5636              -1.6001
10   H               -0.5910              -1.9447               1.0227
11   H                0.1867               2.2190               0.9087
12   H               -2.5504              -2.4131              -0.1548
13   H               -1.9908              -1.5912              -1.5901
14   H               -0.5320               3.3718              -0.2477
15   H               -1.2586               3.1605               1.3662
16   H                2.7770              -0.0082               1.4212
17   H                1.6361               1.3344              -1.5897
18   H                1.9779              -1.5952               1.4367
19   H                1.0814              -0.1574               1.9368
20   H                3.1378               0.8461              -0.7554
21   H                2.4514              -0.1398              -2.0762


Energy:                  -72.480050 Convergence criteria  Is converged 
Maximum Force:             0.000233     0.002850                Yes
RMS Force:                 0.000054     0.001900                Yes
Maximum Displacement:      0.014164     0.003150                No
RMS Displacement:          0.003785     0.002100                No

Model change: -7.815470e-06  Actual change: -7.808208e-06  rho: 0.999
Trust radius (MW):  0.050000  Step norm (MW):  0.050000  On boundary: True

----------------------------------------------------------------------
                            Iteration: 138                            


                             Coordinates                              
----------------------------------------------------------------------
0    C               -0.7199              -1.5787               0.0080
1    C                1.4134              -0.2948              -0.1992
2    C               -0.7567               2.6491               0.5449
3    C                1.8296              -0.5230               1.2094
4    C                2.1999               0.4692              -1.1931
5    N                0.2305              -0.8306              -0.6528
6    N               -1.8373              -1.8746              -0.6280
7    O               -1.6017               1.6383              -0.0918
8    H               -1.8468               0.9760               0.5733
9    H               -0.0392              -0.5652              -1.6004
10   H               -0.5906              -1.9416               1.0248
11   H                0.1770               2.2181               0.9250
12   H               -2.5501              -2.4120              -0.1517
13   H               -1.9899              -1.5941              -1.5890
14   H               -0.5260               3.3721              -0.2399
15   H               -1.2729               3.1605               1.3647
16   H                2.7786              -0.0067               1.4191
17   H                1.6372               1.3323              -1.5932
18   H                1.9792              -1.5937               1.4367
19   H                1.0830              -0.1551               1.9353
20   H                3.1390               0.8445              -0.7588
21   H                2.4517              -0.1429              -2.0782


Energy:                  -72.480057 Convergence criteria  Is converged 
Maximum Force:             0.000222     0.002850                Yes
RMS Force:                 0.000051     0.001900                Yes
Maximum Displacement:      0.016341     0.003150                No
RMS Displacement:          0.003929     0.002100                No

Model change: -6.992445e-06  Actual change: -6.973743e-06  rho: 0.997
Trust radius (MW):  0.050000  Step norm (MW):  0.050000  On boundary: True

----------------------------------------------------------------------
                            Iteration: 139                            


                             Coordinates                              
----------------------------------------------------------------------
0    C               -0.7199              -1.5783               0.0086
1    C                1.4140              -0.2958              -0.2002
2    C               -0.7607               2.6494               0.5531
3    C                1.8304              -0.5233               1.2085
4    C                2.2006               0.4671              -1.1948
5    N                0.2307              -0.8312              -0.6531
6    N               -1.8376              -1.8743              -0.6268
7    O               -1.5982               1.6392              -0.0946
8    H               -1.8508               0.9762               0.5670
9    H               -0.0394              -0.5660              -1.6007
10   H               -0.5905              -1.9405               1.0257
11   H                0.1677               2.2181               0.9455
12   H               -2.5506              -2.4107              -0.1498
13   H               -1.9901              -1.5949              -1.5882
14   H               -0.5197               3.3724              -0.2285
15   H               -1.2873               3.1608               1.3662
16   H                2.7796              -0.0071               1.4177
17   H                1.6386               1.3309              -1.5946
18   H                1.9798              -1.5939               1.4364
19   H                1.0840              -0.1547               1.9342
20   H                3.1404               0.8415              -0.7612
21   H                2.4512              -0.1454              -2.0799


Energy:                  -72.480063 Convergence criteria  Is converged 
Maximum Force:             0.000220     0.002850                Yes
RMS Force:                 0.000051     0.001900                Yes
Maximum Displacement:      0.020433     0.003150                No
RMS Displacement:          0.004092     0.002100                No

Model change: -6.587335e-06  Actual change: -6.556511e-06  rho: 0.995
Trust radius (MW):  0.050000  Step norm (MW):  0.050000  On boundary: True

----------------------------------------------------------------------
                            Iteration: 140                            


                             Coordinates                              
----------------------------------------------------------------------
0    C               -0.7195              -1.5786               0.0087
1    C                1.4146              -0.2969              -0.2018
2    C               -0.7647               2.6503               0.5603
3    C                1.8312              -0.5232               1.2070
4    C                2.2015               0.4647              -1.1973
5    N                0.2311              -0.8324              -0.6540
6    N               -1.8376              -1.8746              -0.6260
7    O               -1.5937               1.6392              -0.0970
8    H               -1.8536               0.9762               0.5619
9    H               -0.0394              -0.5674              -1.6015
10   H               -0.5897              -1.9401               1.0260
11   H                0.1586               2.2199               0.9659
12   H               -2.5507              -2.4102              -0.1482
13   H               -1.9903              -1.5960              -1.5876
14   H               -0.5135               3.3723              -0.2189
15   H               -1.3021               3.1624               1.3658
16   H                2.7804              -0.0068               1.4157
17   H                1.6403               1.3294              -1.5966
18   H                1.9806              -1.5935               1.4359
19   H                1.0848              -0.1538               1.9324
20   H                3.1422               0.8378              -0.7647
21   H                2.4503              -0.1483              -2.0826


Energy:                  -72.480070 Convergence criteria  Is converged 
Maximum Force:             0.000233     0.002850                Yes
RMS Force:                 0.000054     0.001900                Yes
Maximum Displacement:      0.020387     0.003150                No
RMS Displacement:          0.004044     0.002100                No

Model change: -6.680187e-06  Actual change: -6.794930e-06  rho: 1.017
Trust radius (MW):  0.050000  Step norm (MW):  0.050000  On boundary: True

----------------------------------------------------------------------
                            Iteration: 141                            


                             Coordinates                              
----------------------------------------------------------------------
0    C               -0.7196              -1.5790               0.0085
1    C                1.4146              -0.2979              -0.2024
2    C               -0.7692               2.6516               0.5676
3    C                1.8305              -0.5228               1.2068
4    C                2.2024               0.4623              -1.1984
5    N                0.2314              -0.8337              -0.6546
6    N               -1.8378              -1.8748              -0.6260
7    O               -1.5890               1.6389              -0.0987
8    H               -1.8564               0.9766               0.5578
9    H               -0.0392              -0.5685              -1.6021
10   H               -0.5899              -1.9401               1.0259
11   H                0.1484               2.2229               0.9875
12   H               -2.5512              -2.4097              -0.1479
13   H               -1.9903              -1.5966              -1.5877
14   H               -0.5074               3.3719              -0.2098
15   H               -1.3180               3.1654               1.3642
16   H                2.7796              -0.0062               1.4155
17   H                1.6426               1.3280              -1.5975
18   H                1.9799              -1.5929               1.4369
19   H                1.0837              -0.1527               1.9313
20   H                3.1440               0.8339              -0.7662
21   H                2.4499              -0.1513              -2.0837


Energy:                  -72.480077 Convergence criteria  Is converged 
Maximum Force:             0.000278     0.002850                Yes
RMS Force:                 0.000063     0.001900                Yes
Maximum Displacement:      0.021644     0.003150                No
RMS Displacement:          0.004178     0.002100                No

Model change: -7.409349e-06  Actual change: -7.450581e-06  rho: 1.006
Trust radius (MW):  0.050000  Step norm (MW):  0.050000  On boundary: True

----------------------------------------------------------------------
                            Iteration: 142                            


                             Coordinates                              
----------------------------------------------------------------------
0    C               -0.7195              -1.5790               0.0089
1    C                1.4144              -0.2979              -0.2038
2    C               -0.7738               2.6543               0.5726
3    C                1.8300              -0.5204               1.2060
4    C                2.2029               0.4601              -1.2009
5    N                0.2315              -0.8347              -0.6554
6    N               -1.8381              -1.8751              -0.6249
7    O               -1.5842               1.6388              -0.1008
8    H               -1.8588               0.9779               0.5541
9    H               -0.0395              -0.5702              -1.6029
10   H               -0.5894              -1.9390               1.0267
11   H                0.1379               2.2279               1.0075
12   H               -2.5515              -2.4092              -0.1459
13   H               -1.9909              -1.5977              -1.5868
14   H               -0.5015               3.3715              -0.2039
15   H               -1.3338               3.1708               1.3595
16   H                2.7788              -0.0031               1.4141
17   H                1.6441               1.3260              -1.6012
18   H                1.9797              -1.5901               1.4378
19   H                1.0827              -0.1493               1.9295
20   H                3.1449               0.8313              -0.7695
21   H                2.4495              -0.1549              -2.0855


Energy:                  -72.480086 Convergence criteria  Is converged 
Maximum Force:             0.000327     0.002850                Yes
RMS Force:                 0.000070     0.001900                Yes
Maximum Displacement:      0.019945     0.003150                No
RMS Displacement:          0.004145     0.002100                No

Model change: -8.490932e-06  Actual change: -8.404255e-06  rho: 0.990
Trust radius (MW):  0.050000  Step norm (MW):  0.049020  On boundary: False

----------------------------------------------------------------------
                            Iteration: 143                            


                             Coordinates                              
----------------------------------------------------------------------
0    C               -0.7191              -1.5789               0.0092
1    C                1.4139              -0.2971              -0.2062
2    C               -0.7782               2.6569               0.5773
3    C                1.8298              -0.5170               1.2039
4    C                2.2022               0.4590              -1.2048
5    N                0.2315              -0.8356              -0.6568
6    N               -1.8383              -1.8755              -0.6232
7    O               -1.5794               1.6385              -0.1026
8    H               -1.8608               0.9791               0.5511
9    H               -0.0403              -0.5721              -1.6044
10   H               -0.5881              -1.9380               1.0272
11   H                0.1283               2.2333               1.0255
12   H               -2.5515              -2.4090              -0.1430
13   H               -1.9921              -1.5989              -1.5852
14   H               -0.4967               3.3716              -0.1982
15   H               -1.3486               3.1756               1.3550
16   H                2.7782               0.0014               1.4111
17   H                1.6437               1.3243              -1.6068
18   H                1.9804              -1.5862               1.4376
19   H                1.0823              -0.1452               1.9269
20   H                3.1444               0.8309              -0.7741
21   H                2.4488              -0.1577              -2.0882


Energy:                  -72.480094 Convergence criteria  Is converged 
Maximum Force:             0.000347     0.002850                Yes
RMS Force:                 0.000068     0.001900                Yes
Maximum Displacement:      0.018082     0.003150                No
RMS Displacement:          0.004015     0.002100                No

Model change: -8.517604e-06  Actual change: -8.285046e-06  rho: 0.973
Trust radius (MW):  0.050000  Step norm (MW):  0.050000  On boundary: True

----------------------------------------------------------------------
                            Iteration: 144                            


                             Coordinates                              
----------------------------------------------------------------------
0    C               -0.7198              -1.5798               0.0092
1    C                1.4131              -0.2980              -0.2052
2    C               -0.7808               2.6588               0.5821
3    C                1.8270              -0.5155               1.2058
4    C                2.2031               0.4563              -1.2040
5    N                0.2318              -0.8380              -0.6569
6    N               -1.8390              -1.8759              -0.6236
7    O               -1.5727               1.6381              -0.1054
8    H               -1.8619               0.9801               0.5462
9    H               -0.0391              -0.5753              -1.6050
10   H               -0.5896              -1.9382               1.0275
11   H                0.1204               2.2374               1.0428
12   H               -2.5529              -2.4082              -0.1433
13   H               -1.9921              -1.5996              -1.5857
14   H               -0.4903               3.3719              -0.1915
15   H               -1.3615               3.1787               1.3513
16   H                2.7749               0.0037               1.4136
17   H                1.6453               1.3209              -1.6087
18   H                1.9778              -1.5842               1.4415
19   H                1.0783              -0.1427               1.9270
20   H                3.1445               0.8292              -0.7723
21   H                2.4514              -0.1621              -2.0857


Energy:                  -72.480101 Convergence criteria  Is converged 
Maximum Force:             0.000312     0.002850                Yes
RMS Force:                 0.000058     0.001900                Yes
Maximum Displacement:      0.017214     0.003150                No
RMS Displacement:          0.003780     0.002100                No

Model change: -7.047457e-06  Actual change: -6.794930e-06  rho: 0.964
Trust radius (MW):  0.050000  Step norm (MW):  0.050000  On boundary: True

----------------------------------------------------------------------
                            Iteration: 145                            


                             Coordinates                              
----------------------------------------------------------------------
0    C               -0.7201              -1.5818               0.0093
1    C                1.4119              -0.2988              -0.2057
2    C               -0.7818               2.6603               0.5862
3    C                1.8248              -0.5134               1.2061
4    C                2.2025               0.4541              -1.2049
5    N                0.2320              -0.8414              -0.6578
6    N               -1.8398              -1.8774              -0.6228
7    O               -1.5645               1.6373              -0.1082
8    H               -1.8609               0.9805               0.5415
9    H               -0.0388              -0.5797              -1.6062
10   H               -0.5897              -1.9396               1.0278
11   H                0.1155               2.2415               1.0569
12   H               -2.5541              -2.4084              -0.1417
13   H               -1.9932              -1.6013              -1.5850
14   H               -0.4845               3.3728              -0.1853
15   H               -1.3715               3.1801               1.3485
16   H                2.7718               0.0074               1.4139
17   H                1.6447               1.3175              -1.6123
18   H                1.9766              -1.5815               1.4439
19   H                1.0749              -0.1403               1.9260
20   H                3.1430               0.8288              -0.7727
21   H                2.4526              -0.1660              -2.0850


Energy:                  -72.480106 Convergence criteria  Is converged 
Maximum Force:             0.000244     0.002850                Yes
RMS Force:                 0.000043     0.001900                Yes
Maximum Displacement:      0.014120     0.003150                No
RMS Displacement:          0.003278     0.002100                No

Model change: -5.454426e-06  Actual change: -5.424023e-06  rho: 0.994
Trust radius (MW):  0.050000  Step norm (MW):  0.050000  On boundary: True

----------------------------------------------------------------------
                            Iteration: 146                            


                             Coordinates                              
----------------------------------------------------------------------
0    C               -0.7202              -1.5848               0.0090
1    C                1.4100              -0.2993              -0.2062
2    C               -0.7817               2.6615               0.5901
3    C                1.8223              -0.5117               1.2062
4    C                2.2008               0.4532              -1.2057
5    N                0.2319              -0.8452              -0.6589
6    N               -1.8406              -1.8797              -0.6221
7    O               -1.5560               1.6360              -0.1102
8    H               -1.8586               0.9804               0.5378
9    H               -0.0392              -0.5838              -1.6073
10   H               -0.5891              -1.9424               1.0275
11   H                0.1126               2.2454               1.0688
12   H               -2.5551              -2.4098              -0.1402
13   H               -1.9948              -1.6031              -1.5840
14   H               -0.4794               3.3739              -0.1795
15   H               -1.3793               3.1804               1.3467
16   H                2.7682               0.0113               1.4141
17   H                1.6422               1.3150              -1.6153
18   H                1.9763              -1.5792               1.4452
19   H                1.0712              -0.1393               1.9252
20   H                3.1400               0.8301              -0.7729
21   H                2.4531              -0.1680              -2.0845


Energy:                  -72.480110 Convergence criteria  Is converged 
Maximum Force:             0.000162     0.002850                Yes
RMS Force:                 0.000028     0.001900                Yes
Maximum Displacement:      0.011977     0.003150                No
RMS Displacement:          0.002962     0.002100                No

Model change: -3.602734e-06  Actual change: -3.635883e-06  rho: 1.009
Trust radius (MW):  0.050000  Step norm (MW):  0.050000  On boundary: True

----------------------------------------------------------------------
                            Iteration: 147                            


                             Coordinates                              
----------------------------------------------------------------------
0    C               -0.7208              -1.5866               0.0089
1    C                1.4069              -0.2974              -0.2057
2    C               -0.7831               2.6646               0.5923
3    C                1.8187              -0.5081               1.2071
4    C                2.1975               0.4557              -1.2050
5    N                0.2311              -0.8472              -0.6594
6    N               -1.8416              -1.8814              -0.6218
7    O               -1.5490               1.6356              -0.1124
8    H               -1.8571               0.9817               0.5346
9    H               -0.0403              -0.5860              -1.6078
10   H               -0.5892              -1.9443               1.0272
11   H                0.1085               2.2522               1.0791
12   H               -2.5560              -2.4111              -0.1394
13   H               -1.9964              -1.6041              -1.5833
14   H               -0.4766               3.3763              -0.1762
15   H               -1.3883               3.1832               1.3429
16   H                2.7628               0.0179               1.4157
17   H                1.6375               1.3154              -1.6170
18   H                1.9758              -1.5751               1.4467
19   H                1.0660              -0.1378               1.9255
20   H                3.1349               0.8358              -0.7710
21   H                2.4532              -0.1662              -2.0823


Energy:                  -72.480112 Convergence criteria  Is converged 
Maximum Force:             0.000084     0.002850                Yes
RMS Force:                 0.000017     0.001900                Yes
Maximum Displacement:      0.010281     0.003150                No
RMS Displacement:          0.003235     0.002100                No

Model change: -1.948891e-06  Actual change: -1.907349e-06  rho: 0.979
Trust radius (MW):  0.050000  Step norm (MW):  0.050000  On boundary: True

----------------------------------------------------------------------
                            Iteration: 148                            


                             Coordinates                              
----------------------------------------------------------------------
0    C               -0.7239              -1.5897               0.0098
1    C                1.4024              -0.2986              -0.2058
2    C               -0.7838               2.6659               0.5943
3    C                1.8154              -0.5094               1.2066
4    C                2.1920               0.4553              -1.2054
5    N                0.2276              -0.8505              -0.6595
6    N               -1.8455              -1.8838              -0.6196
7    O               -1.5447               1.6341              -0.1117
8    H               -1.8563               0.9820               0.5355
9    H               -0.0450              -0.5888              -1.6073
10   H               -0.5911              -1.9477               1.0279
11   H                0.1063               2.2562               1.0863
12   H               -2.5596              -2.4131              -0.1365
13   H               -2.0016              -1.6057              -1.5808
14   H               -0.4748               3.3763              -0.1744
15   H               -1.3934               3.1851               1.3408
16   H                2.7587               0.0181               1.4149
17   H                1.6307               1.3137              -1.6184
18   H                1.9746              -1.5762               1.4455
19   H                1.0626              -0.1409               1.9257
20   H                3.1285               0.8375              -0.7713
21   H                2.4493              -0.1667              -2.0821


Energy:                  -72.480112 Convergence criteria  Is converged 
Maximum Force:             0.000043     0.002850                Yes
RMS Force:                 0.000010     0.001900                Yes
Maximum Displacement:      0.007189     0.003150                No
RMS Displacement:          0.002849     0.002100                No

Model change: -5.281086e-07  Actual change: -5.364418e-07  rho: 1.016
Trust radius (MW):  0.050000  Step norm (MW):  0.050000  On boundary: True

----------------------------------------------------------------------
                            Iteration: 149                            


                             Coordinates                              
----------------------------------------------------------------------
0    C               -0.7239              -1.5897               0.0098
1    C                1.4024              -0.2986              -0.2058
2    C               -0.7838               2.6659               0.5943
3    C                1.8154              -0.5094               1.2066
4    C                2.1919               0.4553              -1.2054
5    N                0.2276              -0.8506              -0.6595
6    N               -1.8456              -1.8838              -0.6195
7    O               -1.5445               1.6341              -0.1117
8    H               -1.8563               0.9820               0.5355
9    H               -0.0450              -0.5887              -1.6073
10   H               -0.5910              -1.9478               1.0278
11   H                0.1062               2.2563               1.0865
12   H               -2.5596              -2.4132              -0.1364
13   H               -2.0017              -1.6057              -1.5807
14   H               -0.4747               3.3763              -0.1743
15   H               -1.3936               3.1852               1.3407
16   H                2.7586               0.0181               1.4149
17   H                1.6306               1.3138              -1.6183
18   H                1.9746              -1.5763               1.4455
19   H                1.0625              -0.1409               1.9257
20   H                3.1284               0.8376              -0.7712
21   H                2.4493              -0.1666              -2.0822


Energy:                  -72.480112 Convergence criteria  Is converged 
Maximum Force:             0.000013     0.002850                Yes
RMS Force:                 0.000002     0.001900                Yes
Maximum Displacement:      0.000201     0.003150                Yes
RMS Displacement:          0.000068     0.002100                Yes

Model change: -7.745222e-09  Actual change:  1.192093e-07  rho: -15.391
Trust radius (MW):  0.001000  Step norm (MW):  0.001000  On boundary: True


----------------------------------------------------------------------
                          Normal Termination                          




Program started: 2026-01-13 14:47:48

======================================================================
                      TIMING SUMMARY
======================================================================
Input Reading.......................................   0.111 s  (   0.1 %)
  Settings Parsing....................................   0.110 s  (  99.3 %)
  Coordinate Section Parsing..........................   0.000 s  (   0.2 %)
  Post-Processing Expansion...........................   0.000 s  (   0.0 %)
MLP Initialization..................................   0.182 s  (   0.1 %)
Job Dispatching..................................... 210.774 s  (  99.9 %)
  Transition State Optimization....................... 210.773 s  ( 100.0 %)
======================================================================
Total wall time: 211.067 s
Total CPU time: 210.486 s
======================================================================

Program ended: 2026-01-13 14:51:19
TOTAL RUN TIME: 0 days 0 hours 3 minutes 31 seconds 66 msec
