Preprocessing the settings ...
Model: ANI-1xnr.
Job type: ts.
GPU ID is not set. Using CPU to calculate.

                             Coordinates                              
**********************************************************************
1    C               47.0460              45.9990              44.1650
2    O               44.3270              43.8910              45.4550
3    C               47.8680              45.0690              43.5200
4    O               48.1690              42.8040              42.7530
5    C               45.8010              45.6890              44.7100
6    O               50.0810              52.2570              42.3260
7    C               47.3590              43.7510              43.4490
8    O               48.6990              47.7830              43.7040
9    C               45.4170              44.3330              44.7090
10   O               47.3760              35.0080              48.2000
11   C               46.0980              43.3060              43.9620
12   O               43.9980              38.3610              48.1930
13   C               45.5690              41.9960              43.8350
14   O               48.2650              40.8840              44.8070
15   C               44.1130              41.7570              43.7460
16   O               50.1910              39.7650              46.0630
17   C               43.5490              40.5600              43.8860
18   O               49.5760              38.5970              50.6030
19   C               44.3660              39.4220              44.1790
20   C               42.0740              40.4000              43.8690
21   C               47.4920              49.5970              44.1220
22   C               48.7120              49.1130              43.5960
23   C               49.6620              49.9580              43.1180
24   C               49.3230              51.3300              43.0680
25   C               48.1800              51.9050              43.5890
26   C               47.2980              50.9930              44.2140
27   C               46.6540              48.5290              44.4780
28   C               47.3820              47.3910              44.1200
29   C               45.8110              36.8220              48.2170
30   C               46.7180              36.0850              47.5380
31   C               47.0030              36.4030              46.1790
32   C               46.4810              37.6440              45.7190
33   C               45.4760              38.3760              46.2960
34   C               45.0190              37.7820              47.4940
35   C               45.0370              39.6730              45.7470
36   C               45.9920              40.8950              45.6540
37   C               47.4480              40.7380              45.7390
38   C               48.0770              40.3810              47.0540
39   C               47.3400              40.5210              48.2820
40   C               49.3630              39.8320              47.1770
41   C               47.8310              39.9520              49.4490
42   C               49.9210              39.3080              48.3880
43   C               49.0770              39.2960              49.4890
44   C               51.4330              38.8870              48.5200
45   C               52.3980              39.9870              48.6540
46   C               52.9370              40.4370              49.8420
47   C               53.8660              41.6840              49.7960
48   C               52.8080              39.8430              51.2180
49   H               48.7590              45.4160              43.0050
50   H               45.1200              46.4360              45.1070
51   H               44.0500              44.5720              46.0910
52   H               48.8560              42.5820              43.4050
53   H               46.3030              41.3940              43.2850
54   H               43.5530              42.5640              43.2770
55   H               43.7800              38.4940              44.2280
56   H               45.2200              39.3160              43.4980
57   H               41.7120              41.2750              44.4210
58   H               41.7200              39.4210              44.2140
59   H               41.7120              40.6420              42.8630
60   H               50.5400              49.5310              42.6430
61   H               48.0890              52.9780              43.7360
62   H               46.4120              51.4040              44.6880
63   H               45.6130              48.6130              44.7660
64   H               50.6780              51.7800              41.7240
65   H               45.8040              36.7790              49.3020
66   H               47.6380              35.7900              45.5450
67   H               46.9410              38.0510              44.8240
68   H               48.2220              34.8350              47.7530
69   H               43.7170              37.7920              48.9300
70   H               44.2830              39.9120              46.5090
71   H               45.6050              41.8510              46.0310
72   H               46.4470              41.1380              48.3280
73   H               47.2390              39.9900              50.3590
74   H               49.8720              40.4450              45.4450
75   H               49.1360              38.8950              51.4180
76   H               51.4910              38.0150              49.1810
77   H               51.6170              38.5480              47.4940
78   H               52.5660              40.5930              47.7660
79   H               54.0020              42.1210              50.7920
80   H               53.5360              42.5010              49.1440
81   H               54.8660              41.3680              49.4770
82   H               52.5120              38.7880              51.2360
83   H               52.0970              40.4310              51.8100
84   H               53.6720              39.9810              51.8790

Loading the Machine Learning Potential Model...
Loading ANI model (ANI-1xnr) successfully.
Using CPU for calculation.
----------------------------------------------------------------------
                             Iteration: 1                             

lambda1: N/A(PRFO), lambda2: N/A(PRFO)
lowest eigenvalue: -7.293688005144945, second lowest eigenvalue: -0.743127333083448

                             Coordinates                              
----------------------------------------------------------------------
0    C               47.0451              46.0061              44.1638
1    O               44.3268              43.8914              45.4552
2    C               47.8641              45.0647              43.5210
3    O               48.1680              42.8052              42.7536
4    C               45.7985              45.6821              44.7112
5    O               50.0827              52.2555              42.3262
6    C               47.3630              43.7496              43.4452
7    O               48.7007              47.7755              43.7018
8    C               45.4160              44.3322              44.7091
9    O               47.3748              35.0105              48.1988
10   C               46.0991              43.3158              43.9624
11   O               43.9952              38.3629              48.1922
12   C               45.5656              41.9986              43.8248
13   O               48.2638              40.8859              44.8024
14   C               44.1195              41.7634              43.7408
15   O               50.1916              39.7655              46.0656
16   C               43.5458              40.5567              43.8863
17   O               49.5750              38.5982              50.6036
18   C               44.3716              39.4199              44.1864
19   C               42.0732              40.4046              43.8672
20   C               47.4885              49.6047              44.1243
21   C               48.7103              49.1207              43.5985
22   C               49.6638              49.9584              43.1150
23   C               49.3266              51.3340              43.0619
24   C               48.1766              51.8990              43.5972
25   C               47.2955              50.9962              44.2126
26   C               46.6561              48.5266              44.4750
27   C               47.3809              47.3884              44.1233
28   C               45.8063              36.8253              48.2172
29   C               46.7228              36.0797              47.5353
30   C               47.0017              36.4069              46.1802
31   C               46.4882              37.6383              45.7121
32   C               45.4790              38.3697              46.3002
33   C               45.0228              37.7829              47.5015
34   C               45.0344              39.6731              45.7452
35   C               45.9942              40.8913              45.6576
36   C               47.4508              40.7369              45.7441
37   C               48.0710              40.3806              47.0612
38   C               47.3424              40.5196              48.2814
39   C               49.3715              39.8294              47.1751
40   C               47.8301              39.9513              49.4519
41   C               49.9186              39.3105              48.3849
42   C               49.0811              39.2945              49.4898
43   C               51.4244              38.8844              48.5130
44   C               52.4016              39.9916              48.6617
45   C               52.9412              40.4412              49.8406
46   C               53.8649              41.6815              49.7963
47   C               52.8057              39.8429              51.2188
48   H               48.7621              45.4016              43.0110
49   H               45.1301              46.4360              45.1095
50   H               44.0479              44.5777              46.0905
51   H               48.8626              42.5692              43.3989
52   H               46.2867              41.3748              43.2911
53   H               43.5418              42.5777              43.3043
54   H               43.7904              38.4982              44.2275
55   H               45.2240              39.3166              43.5140
56   H               41.6862              41.2566              44.4392
57   H               41.7182              39.4313              44.2161
58   H               41.7035              40.6256              42.8578
59   H               50.5522              49.5399              42.6467
60   H               48.0889              52.9754              43.7160
61   H               46.4074              51.3975              44.6933
62   H               45.6195              48.6119              44.7725
63   H               50.6877              51.7811              41.7236
64   H               45.7919              36.7678              49.3027
65   H               47.6363              35.7910              45.5482
66   H               46.9377              38.0499              44.8118
67   H               48.2223              34.8278              47.7491
68   H               43.7119              37.7922              48.9346
69   H               44.2534              39.9301              46.4789
70   H               45.6050              41.8237              46.0586
71   H               46.4445              41.1299              48.3233
72   H               47.2346              39.9922              50.3600
73   H               49.8537              40.4332              45.4235
74   H               49.1255              38.8931              51.4169
75   H               51.4976              38.0341              49.1993
76   H               51.6188              38.5285              47.4912
77   H               52.5663              40.5898              47.7651
78   H               53.9943              42.1146              50.7936
79   H               53.5275              42.4878              49.1357
80   H               54.8655              41.3702              49.4704
81   H               52.5090              38.7898              51.2300
82   H               52.0799              40.4266              51.8009
83   H               53.6905              39.9730              51.8551


Energy:                -10507.389878 Convergence criteria  Is converged 
Maximum Force:             2.160185     0.012245                No
RMS Force:                 0.615447     0.008163                No
Maximum Displacement:      0.030082     0.001800                No
RMS Displacement:          0.007969     0.001200                No

Model change: -7.623473e-01  Actual change: -7.626356e-01  rho:  1.000
Trust radius (MW):  0.200000  Step norm (MW):  0.200000  On boundary: True

----------------------------------------------------------------------
                             Iteration: 2                             

lambda1: N/A(PRFO), lambda2: N/A(PRFO)
lowest eigenvalue: -5.945084737054891, second lowest eigenvalue: -0.5366881634491146

                             Coordinates                              
----------------------------------------------------------------------
0    C               47.0431              46.0121              44.1624
1    O               44.3261              43.8919              45.4555
2    C               47.8599              45.0606              43.5221
3    O               48.1672              42.8062              42.7540
4    C               45.7965              45.6755              44.7125
5    O               50.0851              52.2541              42.3260
6    C               47.3669              43.7481              43.4414
7    O               48.7029              47.7679              43.6991
8    C               45.4147              44.3312              44.7092
9    O               47.3737              35.0132              48.1972
10   C               46.1006              43.3248              43.9622
11   O               43.9915              38.3652              48.1916
12   C               45.5625              42.0019              43.8148
13   O               48.2622              40.8880              44.7975
14   C               44.1256              41.7691              43.7352
15   O               50.1923              39.7665              46.0678
16   C               43.5437              40.5547              43.8863
17   O               49.5738              38.5996              50.6046
18   C               44.3775              39.4184              44.1951
19   C               42.0715              40.4093              43.8653
20   C               47.4847              49.6118              44.1269
21   C               48.7089              49.1286              43.6014
22   C               49.6659              49.9596              43.1113
23   C               49.3297              51.3379              43.0554
24   C               48.1744              51.8932              43.6056
25   C               47.2913              50.9999              44.2119
26   C               46.6584              48.5247              44.4718
27   C               47.3801              47.3861              44.1270
28   C               45.8022              36.8274              48.2175
29   C               46.7266              36.0754              47.5332
30   C               47.0014              36.4102              46.1812
31   C               46.4950              37.6330              45.7045
32   C               45.4831              38.3630              46.3045
33   C               45.0275              37.7849              47.5100
34   C               45.0313              39.6724              45.7433
35   C               45.9969              40.8872              45.6607
36   C               47.4540              40.7360              45.7494
37   C               48.0661              40.3796              47.0679
38   C               47.3445              40.5178              48.2818
39   C               49.3793              39.8273              47.1732
40   C               47.8296              39.9502              49.4552
41   C               49.9166              39.3129              48.3814
42   C               49.0848              39.2933              49.4906
43   C               51.4157              38.8823              48.5057
44   C               52.4042              39.9960              48.6688
45   C               52.9458              40.4454              49.8399
46   C               53.8638              41.6787              49.7963
47   C               52.8031              39.8429              51.2189
48   H               48.7661              45.3857              43.0184
49   H               45.1384              46.4351              45.1146
50   H               44.0463              44.5819              46.0880
51   H               48.8638              42.5544              43.3924
52   H               46.2746              41.3564              43.2984
53   H               43.5316              42.5917              43.3367
54   H               43.7993              38.4975              44.2280
55   H               45.2322              39.3173              43.5288
56   H               41.6625              41.2395              44.4542
57   H               41.7177              39.4377              44.2177
58   H               41.6954              40.6112              42.8539
59   H               50.5638              49.5485              42.6526
60   H               48.0860              52.9717              43.6954
61   H               46.4023              51.3928              44.6983
62   H               45.6261              48.6096              44.7806
63   H               50.6973              51.7832              41.7259
64   H               45.7769              36.7537              49.3024
65   H               47.6354              35.7914              45.5511
66   H               46.9339              38.0456              44.7986
67   H               48.2191              34.8194              47.7453
68   H               43.7069              37.7957              48.9364
69   H               44.2269              39.9470              46.4471
70   H               45.6046              41.8006              46.0913
71   H               46.4411              41.1206              48.3191
72   H               47.2309              39.9942              50.3611
73   H               49.8314              40.4122              45.4068
74   H               49.1134              38.8895              51.4144
75   H               51.4993              38.0544              49.2174
76   H               51.6201              38.5084              47.4918
77   H               52.5682              40.5871              47.7661
78   H               53.9869              42.1100              50.7945
79   H               53.5184              42.4745              49.1277
80   H               54.8646              41.3729              49.4644
81   H               52.5058              38.7904              51.2227
82   H               52.0662              40.4209              51.7931
83   H               53.7048              39.9645              51.8325


Energy:                -10507.964066 Convergence criteria  Is converged 
Maximum Force:             1.614537     0.012245                No
RMS Force:                 0.461047     0.008163                No
Maximum Displacement:      0.032649     0.001800                No
RMS Displacement:          0.007991     0.001200                No

Model change: -5.744397e-01  Actual change: -5.741874e-01  rho:  1.000
Trust radius (MW):  0.200000  Step norm (MW):  0.200000  On boundary: True

----------------------------------------------------------------------
                             Iteration: 3                             

lambda1: N/A(PRFO), lambda2: N/A(PRFO)
lowest eigenvalue: -6.588533196709507, second lowest eigenvalue: -0.49135530986019677

                             Coordinates                              
----------------------------------------------------------------------
0    C               47.0398              46.0163              44.1606
1    O               44.3248              43.8925              45.4563
2    C               47.8554              45.0567              43.5233
3    O               48.1664              42.8071              42.7537
4    C               45.7948              45.6694              44.7139
5    O               50.0884              52.2529              42.3254
6    C               47.3703              43.7462              43.4382
7    O               48.7051              47.7607              43.6959
8    C               45.4134              44.3295              44.7095
9    O               47.3726              35.0162              48.1954
10   C               46.1028              43.3318              43.9628
11   O               43.9870              38.3682              48.1905
12   C               45.5616              42.0034              43.8103
13   O               48.2605              40.8901              44.7923
14   C               44.1317              41.7732              43.7298
15   O               50.1933              39.7680              46.0697
16   C               43.5425              40.5537              43.8859
17   O               49.5725              38.6016              50.6057
18   C               44.3829              39.4168              44.2051
19   C               42.0687              40.4141              43.8631
20   C               47.4809              49.6181              44.1297
21   C               48.7080              49.1363              43.6045
22   C               49.6679              49.9617              43.1070
23   C               49.3323              51.3413              43.0488
24   C               48.1735              51.8876              43.6139
25   C               47.2852              51.0039              44.2120
26   C               46.6608              48.5233              44.4683
27   C               47.3801              47.3842              44.1308
28   C               45.7985              36.8282              48.2180
29   C               46.7292              36.0725              47.5313
30   C               47.0026              36.4129              46.1818
31   C               46.5014              37.6283              45.6962
32   C               45.4883              38.3571              46.3084
33   C               45.0332              37.7888              47.5190
34   C               45.0279              39.6707              45.7405
35   C               45.9993              40.8849              45.6608
36   C               47.4578              40.7358              45.7540
37   C               48.0624              40.3781              47.0735
38   C               47.3460              40.5153              48.2831
39   C               49.3861              39.8257              47.1712
40   C               47.8294              39.9488              49.4589
41   C               49.9149              39.3154              48.3776
42   C               49.0879              39.2929              49.4914
43   C               51.4071              38.8811              48.4982
44   C               52.4055              40.0001              48.6753
45   C               52.9506              40.4492              49.8401
46   C               53.8627              41.6760              49.7959
47   C               52.8003              39.8427              51.2181
48   H               48.7706              45.3695              43.0277
49   H               45.1450              46.4325              45.1220
50   H               44.0442              44.5861              46.0846
51   H               48.8603              42.5364              43.3873
52   H               46.2664              41.3406              43.3069
53   H               43.5248              42.6043              43.3705
54   H               43.8071              38.4948              44.2305
55   H               45.2409              39.3168              43.5433
56   H               41.6404              41.2250              44.4653
57   H               41.7186              39.4416              44.2177
58   H               41.6880              40.5996              42.8503
59   H               50.5752              49.5566              42.6605
60   H               48.0804              52.9674              43.6751
61   H               46.3961              51.3907              44.7028
62   H               45.6328              48.6061              44.7903
63   H               50.7086              51.7853              41.7302
64   H               45.7586              36.7352              49.3011
65   H               47.6358              35.7910              45.5539
66   H               46.9295              38.0381              44.7836
67   H               48.2134              34.8094              47.7399
68   H               43.7014              37.8013              48.9372
69   H               44.2063              39.9583              46.4188
70   H               45.6059              41.7780              46.1299
71   H               46.4366              41.1093              48.3158
72   H               47.2279              39.9957              50.3628
73   H               49.8025              40.3835              45.3915
74   H               49.0990              38.8838              51.4112
75   H               51.4952              38.0758              49.2348
76   H               51.6213              38.4881              47.4944
77   H               52.5719              40.5853              47.7685
78   H               53.9801              42.1078              50.7941
79   H               53.5092              42.4617              49.1201
80   H               54.8638              41.3762              49.4589
81   H               52.5022              38.7904              51.2135
82   H               52.0554              40.4149              51.7875
83   H               53.7153              39.9552              51.8128


Energy:                -10508.391819 Convergence criteria  Is converged 
Maximum Force:             1.173162     0.012245                No
RMS Force:                 0.336906     0.008163                No
Maximum Displacement:      0.038683     0.001800                No
RMS Displacement:          0.008068     0.001200                No

Model change: -4.281870e-01  Actual change: -4.277535e-01  rho:  0.999
Trust radius (MW):  0.200000  Step norm (MW):  0.195949  On boundary: False

----------------------------------------------------------------------
                             Iteration: 4                             

lambda1: N/A(PRFO), lambda2: N/A(PRFO)
lowest eigenvalue: -6.693449734169525, second lowest eigenvalue: -0.4785402536469285

                             Coordinates                              
----------------------------------------------------------------------
0    C               47.0353              46.0188              44.1584
1    O               44.3230              43.8930              45.4573
2    C               47.8507              45.0530              43.5245
3    O               48.1656              42.8077              42.7523
4    C               45.7932              45.6639              44.7156
5    O               50.0926              52.2521              42.3244
6    C               47.3729              43.7438              43.4357
7    O               48.7073              47.7544              43.6920
8    C               45.4123              44.3272              44.7102
9    O               47.3715              35.0195              48.1932
10   C               46.1060              43.3365              43.9647
11   O               43.9820              38.3721              48.1888
12   C               45.5637              42.0022              43.8131
13   O               48.2589              40.8921              44.7867
14   C               44.1377              41.7755              43.7248
15   O               50.1942              39.7701              46.0709
16   C               43.5422              40.5537              43.8851
17   O               49.5708              38.6043              50.6071
18   C               44.3876              39.4149              44.2161
19   C               42.0652              40.4187              43.8605
20   C               47.4771              49.6237              44.1328
21   C               48.7077              49.1435              43.6078
22   C               49.6696              49.9645              43.1022
23   C               49.3341              51.3443              43.0422
24   C               48.1738              51.8828              43.6218
25   C               47.2775              51.0082              44.2129
26   C               46.6632              48.5224              44.4649
27   C               47.3813              47.3824              44.1346
28   C               45.7951              36.8276              48.2188
29   C               46.7308              36.0713              47.5295
30   C               47.0053              36.4149              46.1820
31   C               46.5071              37.6239              45.6875
32   C               45.4949              38.3524              46.3120
33   C               45.0401              37.7950              47.5285
34   C               45.0248              39.6681              45.7372
35   C               46.0014              40.8847              45.6574
36   C               47.4618              40.7365              45.7577
37   C               48.0597              40.3762              47.0776
38   C               47.3468              40.5117              48.2854
39   C               49.3916              39.8248              47.1689
40   C               47.8295              39.9470              49.4628
41   C               49.9134              39.3179              48.3737
42   C               49.0903              39.2932              49.4921
43   C               51.3987              38.8811              48.4912
44   C               52.4053              40.0038              48.6807
45   C               52.9552              40.4522              49.8408
46   C               53.8618              41.6735              49.7950
47   C               52.7970              39.8422              51.2162
48   H               48.7753              45.3541              43.0391
49   H               45.1498              46.4279              45.1320
50   H               44.0411              44.5903              46.0808
51   H               48.8499              42.5126              43.3853
52   H               46.2617              41.3281              43.3155
53   H               43.5214              42.6142              43.4022
54   H               43.8138              38.4916              44.2353
55   H               45.2480              39.3147              43.5571
56   H               41.6209              41.2139              44.4723
57   H               41.7207              39.4437              44.2157
58   H               41.6816              40.5917              42.8466
59   H               50.5861              49.5639              42.6702
60   H               48.0729              52.9627              43.6561
61   H               46.3885              51.3917              44.7062
62   H               45.6399              48.6014              44.8012
63   H               50.7220              51.7867              41.7368
64   H               45.7367              36.7110              49.2990
65   H               47.6382              35.7899              45.5568
66   H               46.9241              38.0271              44.7666
67   H               48.2052              34.7972              47.7316
68   H               43.6952              37.8088              48.9376
69   H               44.1922              39.9631              46.3982
70   H               45.6090              41.7561              46.1668
71   H               46.4308              41.0957              48.3142
72   H               47.2263              39.9966              50.3655
73   H               49.7680              40.3486              45.3760
74   H               49.0821              38.8752              51.4077
75   H               51.4859              38.0975              49.2508
76   H               51.6226              38.4685              47.4984
77   H               52.5770              40.5843              47.7716
78   H               53.9745              42.1081              50.7924
79   H               53.5004              42.4503              49.1130
80   H               54.8635              41.3800              49.4541
81   H               52.4976              38.7900              51.2025
82   H               52.0473              40.4090              51.7843
83   H               53.7216              39.9450              51.7974


Energy:                -10508.702600 Convergence criteria  Is converged 
Maximum Force:             0.909455     0.012245                No
RMS Force:                 0.241679     0.008163                No
Maximum Displacement:      0.036839     0.001800                No
RMS Displacement:          0.008106     0.001200                No

Model change: -3.113108e-01  Actual change: -3.107803e-01  rho:  0.998
Trust radius (MW):  0.200000  Step norm (MW):  0.195473  On boundary: False

----------------------------------------------------------------------
                             Iteration: 5                             

lambda1: N/A(PRFO), lambda2: N/A(PRFO)
lowest eigenvalue: -6.593241326982101, second lowest eigenvalue: -0.5558855692170956

                             Coordinates                              
----------------------------------------------------------------------
0    C               47.0302              46.0199              44.1558
1    O               44.3207              43.8933              45.4587
2    C               47.8461              45.0498              43.5257
3    O               48.1650              42.8082              42.7497
4    C               45.7916              45.6592              44.7181
5    O               50.0979              52.2518              42.3231
6    C               47.3749              43.7413              43.4336
7    O               48.7085              47.7500              43.6877
8    C               45.4109              44.3247              44.7112
9    O               47.3704              35.0230              48.1907
10   C               46.1089              43.3390              43.9665
11   O               43.9766              38.3771              48.1862
12   C               45.5661              42.0018              43.8155
13   O               48.2572              40.8939              44.7814
14   C               44.1431              41.7770              43.7203
15   O               50.1948              39.7730              46.0712
16   C               43.5430              40.5546              43.8841
17   O               49.5692              38.6077              50.6090
18   C               44.3921              39.4136              44.2273
19   C               42.0621              40.4230              43.8576
20   C               47.4737              49.6284              44.1360
21   C               48.7083              49.1496              43.6112
22   C               49.6706              49.9676              43.0972
23   C               49.3351              51.3468              43.0359
24   C               48.1748              51.8790              43.6290
25   C               47.2690              51.0126              44.2143
26   C               46.6656              48.5217              44.4620
27   C               47.3838              47.3808              44.1380
28   C               45.7915              36.8255              48.2202
29   C               46.7315              36.0716              47.5278
30   C               47.0100              36.4163              46.1818
31   C               46.5117              37.6191              45.6787
32   C               45.5025              38.3486              46.3153
33   C               45.0482              37.8032              47.5385
34   C               45.0226              39.6640              45.7347
35   C               46.0039              40.8835              45.6560
36   C               47.4655              40.7370              45.7611
37   C               48.0584              40.3737              47.0807
38   C               47.3472              40.5067              48.2887
39   C               49.3958              39.8246              47.1667
40   C               47.8299              39.9450              49.4673
41   C               49.9121              39.3204              48.3701
42   C               49.0921              39.2943              49.4927
43   C               51.3911              38.8822              48.4855
44   C               52.4035              40.0071              48.6851
45   C               52.9590              40.4542              49.8418
46   C               53.8612              41.6715              49.7935
47   C               52.7935              39.8409              51.2135
48   H               48.7800              45.3412              43.0526
49   H               45.1534              46.4217              45.1450
50   H               44.0375              44.5943              46.0775
51   H               48.8304              42.4812              43.3875
52   H               46.2599              41.3182              43.3249
53   H               43.5192              42.6223              43.4324
54   H               43.8201              38.4890              44.2414
55   H               45.2537              39.3127              43.5694
56   H               41.6057              41.2064              44.4760
57   H               41.7233              39.4448              44.2112
58   H               41.6771              40.5884              42.8429
59   H               50.5960              49.5702              42.6806
60   H               48.0650              52.9584              43.6402
61   H               46.3798              51.3955              44.7077
62   H               45.6470              48.5961              44.8128
63   H               50.7377              51.7871              41.7460
64   H               45.7116              36.6805              49.2957
65   H               47.6435              35.7883              45.5603
66   H               46.9168              38.0127              44.7482
67   H               48.1939              34.7827              47.7200
68   H               43.6889              37.8185              48.9379
69   H               44.1846              39.9629              46.3869
70   H               45.6128              41.7365              46.1959
71   H               46.4242              41.0796              48.3143
72   H               47.2264              39.9965              50.3696
73   H               49.7303              40.3096              45.3615
74   H               49.0632              38.8632              51.4042
75   H               51.4732              38.1175              49.2640
76   H               51.6234              38.4515              47.5032
77   H               52.5825              40.5838              47.7748
78   H               53.9703              42.1104              50.7893
79   H               53.4929              42.4408              49.1065
80   H               54.8637              41.3840              49.4498
81   H               52.4916              38.7893              51.1905
82   H               52.0415              40.4035              51.7825
83   H               53.7237              39.9338              51.7869


Energy:                -10508.926445 Convergence criteria  Is converged 
Maximum Force:             0.671255     0.012245                No
RMS Force:                 0.174251     0.008163                No
Maximum Displacement:      0.038912     0.001800                No
RMS Displacement:          0.008196     0.001200                No

Model change: -2.240237e-01  Actual change: -2.238451e-01  rho:  0.999
Trust radius (MW):  0.200000  Step norm (MW):  0.195134  On boundary: False

----------------------------------------------------------------------
                             Iteration: 6                             

lambda1: N/A(PRFO), lambda2: N/A(PRFO)
lowest eigenvalue: -6.911655096606543, second lowest eigenvalue: -0.725397755256786

                             Coordinates                              
----------------------------------------------------------------------
0    C               47.0250              46.0197              44.1529
1    O               44.3176              43.8934              45.4604
2    C               47.8419              45.0465              43.5273
3    O               48.1637              42.8075              42.7462
4    C               45.7900              45.6551              44.7210
5    O               50.1039              52.2517              42.3216
6    C               47.3755              43.7380              43.4327
7    O               48.7092              47.7475              43.6827
8    C               45.4098              44.3215              44.7131
9    O               47.3692              35.0266              48.1880
10   C               46.1123              43.3388              43.9710
11   O               43.9716              38.3834              48.1822
12   C               45.5729              41.9954              43.8300
13   O               48.2556              40.8952              44.7763
14   C               44.1485              41.7762              43.7174
15   O               50.1948              39.7764              46.0701
16   C               43.5443              40.5555              43.8834
17   O               49.5676              38.6121              50.6110
18   C               44.3948              39.4117              44.2387
19   C               42.0593              40.4271              43.8536
20   C               47.4709              49.6322              44.1394
21   C               48.7092              49.1549              43.6143
22   C               49.6709              49.9707              43.0924
23   C               49.3355              51.3489              43.0302
24   C               48.1761              51.8766              43.6350
25   C               47.2608              51.0167              44.2156
26   C               46.6681              48.5209              44.4601
27   C               47.3869              47.3792              44.1406
28   C               45.7872              36.8225              48.2215
29   C               46.7317              36.0735              47.5260
30   C               47.0162              36.4176              46.1813
31   C               46.5153              37.6143              45.6701
32   C               45.5116              38.3468              46.3181
33   C               45.0575              37.8135              47.5482
34   C               45.0219              39.6597              45.7324
35   C               46.0053              40.8858              45.6493
36   C               47.4686              40.7385              45.7624
37   C               48.0574              40.3713              47.0823
38   C               47.3467              40.5001              48.2917
39   C               49.3983              39.8254              47.1643
40   C               47.8302              39.9429              49.4715
41   C               49.9107              39.3233              48.3671
42   C               49.0933              39.2961              49.4934
43   C               51.3844              38.8845              48.4814
44   C               52.4003              40.0103              48.6883
45   C               52.9618              40.4551              49.8424
46   C               53.8608              41.6701              49.7914
47   C               52.7895              39.8386              51.2101
48   H               48.7840              45.3310              43.0668
49   H               45.1560              46.4146              45.1595
50   H               44.0325              44.5980              46.0741
51   H               48.8211              42.4648              43.3836
52   H               46.2617              41.3124              43.3308
53   H               43.5225              42.6268              43.4529
54   H               43.8229              38.4866              44.2499
55   H               45.2560              39.3076              43.5802
56   H               41.5947              41.2024              44.4763
57   H               41.7246              39.4462              44.2039
58   H               41.6749              40.5895              42.8383
59   H               50.6039              49.5755              42.6904
60   H               48.0585              52.9551              43.6291
61   H               46.3706              51.4009              44.7068
62   H               45.6540              48.5905              44.8241
63   H               50.7555              51.7867              41.7580
64   H               45.6836              36.6459              49.2904
65   H               47.6521              35.7874              45.5642
66   H               46.9076              37.9968              44.7294
67   H               48.1795              34.7660              47.7051
68   H               43.6836              37.8306              48.9378
69   H               44.1838              39.9603              46.3841
70   H               45.6168              41.7184              46.2212
71   H               46.4163              41.0612              48.3144
72   H               47.2274              39.9958              50.3742
73   H               49.6992              40.2728              45.3484
74   H               49.0431              38.8483              51.4004
75   H               51.4590              38.1342              49.2743
76   H               51.6231              38.4388              47.5079
77   H               52.5867              40.5835              47.7772
78   H               53.9673              42.1134              50.7854
79   H               53.4869              42.4334              49.1005
80   H               54.8642              41.3876              49.4460
81   H               52.4839              38.7882              51.1784
82   H               52.0372              40.3985              51.7813
83   H               53.7223              39.9217              51.7807


Energy:                -10509.083441 Convergence criteria  Is converged 
Maximum Force:             0.479976     0.012245                No
RMS Force:                 0.127702     0.008163                No
Maximum Displacement:      0.036809     0.001800                No
RMS Displacement:          0.007704     0.001200                No

Model change: -1.570930e-01  Actual change: -1.569959e-01  rho:  0.999
Trust radius (MW):  0.200000  Step norm (MW):  0.200000  On boundary: True

----------------------------------------------------------------------
                             Iteration: 7                             

lambda1: N/A(PRFO), lambda2: N/A(PRFO)
lowest eigenvalue: -6.860199568531, second lowest eigenvalue: -0.7813526105736275

                             Coordinates                              
----------------------------------------------------------------------
0    C               47.0202              46.0187              44.1503
1    O               44.3138              43.8933              45.4623
2    C               47.8385              45.0428              43.5296
3    O               48.1606              42.8047              42.7416
4    C               45.7886              45.6515              44.7250
5    O               50.1106              52.2519              42.3204
6    C               47.3750              43.7341              43.4327
7    O               48.7093              47.7468              43.6769
8    C               45.4082              44.3184              44.7158
9    O               47.3680              35.0302              48.1851
10   C               46.1144              43.3373              43.9752
11   O               43.9678              38.3912              48.1767
12   C               45.5788              41.9899              43.8409
13   O               48.2526              40.8957              44.7720
14   C               44.1539              41.7750              43.7157
15   O               50.1944              39.7800              46.0680
16   C               43.5465              40.5563              43.8832
17   O               49.5666              38.6174              50.6136
18   C               44.3970              39.4101              44.2497
19   C               42.0582              40.4313              43.8485
20   C               47.4688              49.6353              44.1429
21   C               48.7099              49.1595              43.6169
22   C               49.6704              49.9738              43.0880
23   C               49.3356              51.3511              43.0250
24   C               48.1773              51.8758              43.6394
25   C               47.2537              51.0206              44.2163
26   C               46.6707              48.5198              44.4595
27   C               47.3900              47.3776              44.1421
28   C               45.7817              36.8183              48.2226
29   C               46.7318              36.0762              47.5244
30   C               47.0243              36.4189              46.1809
31   C               46.5179              37.6087              45.6620
32   C               45.5217              38.3454              46.3210
33   C               45.0673              37.8247              47.5574
34   C               45.0232              39.6550              45.7325
35   C               46.0068              40.8863              45.6466
36   C               47.4710              40.7391              45.7629
37   C               48.0571              40.3684              47.0836
38   C               47.3456              40.4918              48.2946
39   C               49.3996              39.8271              47.1621
40   C               47.8305              39.9405              49.4760
41   C               49.9092              39.3267              48.3650
42   C               49.0944              39.2985              49.4945
43   C               51.3785              38.8875              48.4791
44   C               52.3959              40.0136              48.6901
45   C               52.9633              40.4551              49.8422
46   C               53.8605              41.6690              49.7887
47   C               52.7848              39.8351              51.2061
48   H               48.7877              45.3233              43.0816
49   H               45.1590              46.4077              45.1757
50   H               44.0272              44.6008              46.0721
51   H               48.8436              42.4859              43.3651
52   H               46.2660              41.3081              43.3378
53   H               43.5269              42.6302              43.4703
54   H               43.8243              38.4853              44.2596
55   H               45.2570              39.3025              43.5899
56   H               41.5885              41.2004              44.4752
57   H               41.7247              39.4477              44.1929
58   H               41.6760              40.5961              42.8329
59   H               50.6092              49.5797              42.6982
60   H               48.0543              52.9536              43.6232
61   H               46.3618              51.4066              44.7035
62   H               45.6606              48.5849              44.8349
63   H               50.7756              51.7857              41.7734
64   H               45.6519              36.6085              49.2828
65   H               47.6649              35.7880              45.5692
66   H               46.8963              37.9804              44.7112
67   H               48.1618              34.7467              47.6876
68   H               43.6802              37.8462              48.9379
69   H               44.1871              39.9557              46.3868
70   H               45.6205              41.7050              46.2390
71   H               46.4077              41.0401              48.3153
72   H               47.2293              39.9950              50.3797
73   H               49.6774              40.2416              45.3370
74   H               49.0220              38.8301              51.3962
75   H               51.4458              38.1478              49.2824
76   H               51.6220              38.4302              47.5125
77   H               52.5882              40.5839              47.7784
78   H               53.9656              42.1161              50.7811
79   H               53.4824              42.4279              49.0951
80   H               54.8645              41.3902              49.4419
81   H               52.4739              38.7865              51.1661
82   H               52.0332              40.3938              51.7795
83   H               53.7181              39.9083              51.7772


Energy:                -10509.189865 Convergence criteria  Is converged 
Maximum Force:             0.334460     0.012245                No
RMS Force:                 0.094741     0.008163                No
Maximum Displacement:      0.037432     0.001800                No
RMS Displacement:          0.007792     0.001200                No

Model change: -1.064664e-01  Actual change: -1.064242e-01  rho:  1.000
Trust radius (MW):  0.200000  Step norm (MW):  0.200000  On boundary: True

----------------------------------------------------------------------
                             Iteration: 8                             

lambda1: N/A(PRFO), lambda2: N/A(PRFO)
lowest eigenvalue: -8.143005914220653, second lowest eigenvalue: -0.6251048190149131

                             Coordinates                              
----------------------------------------------------------------------
0    C               47.0165              46.0172              44.1485
1    O               44.3094              43.8928              45.4642
2    C               47.8361              45.0387              43.5325
3    O               48.1566              42.8004              42.7374
4    C               45.7877              45.6482              44.7298
5    O               50.1174              52.2522              42.3200
6    C               47.3739              43.7297              43.4337
7    O               48.7088              47.7475              43.6704
8    C               45.4065              44.3153              44.7192
9    O               47.3668              35.0333              48.1823
10   C               46.1156              43.3348              43.9800
11   O               43.9660              38.4007              48.1700
12   C               45.5847              41.9838              43.8517
13   O               48.2491              40.8967              44.7683
14   C               44.1591              41.7732              43.7157
15   O               50.1935              39.7839              46.0653
16   C               43.5492              40.5564              43.8840
17   O               49.5667              38.6236              50.6167
18   C               44.3983              39.4085              44.2598
19   C               42.0588              40.4355              43.8421
20   C               47.4675              49.6376              44.1463
21   C               48.7102              49.1633              43.6186
22   C               49.6692              49.9765              43.0841
23   C               49.3358              51.3535              43.0209
24   C               48.1781              51.8763              43.6419
25   C               47.2485              51.0239              44.2161
26   C               46.6735              48.5184              44.4606
27   C               47.3925              47.3760              44.1424
28   C               45.7750              36.8134              48.2227
29   C               46.7321              36.0790              47.5228
30   C               47.0336              36.4208              46.1808
31   C               46.5202              37.6032              45.6549
32   C               45.5320              38.3446              46.3237
33   C               45.0768              37.8352              47.5650
34   C               45.0261              39.6509              45.7348
35   C               46.0077              40.8866              45.6455
36   C               47.4726              40.7393              45.7629
37   C               48.0566              40.3655              47.0843
38   C               47.3435              40.4820              48.2965
39   C               49.4001              39.8295              47.1602
40   C               47.8304              39.9380              49.4799
41   C               49.9076              39.3306              48.3637
42   C               49.0952              39.3014              49.4961
43   C               51.3735              38.8909              48.4782
44   C               52.3908              40.0173              48.6904
45   C               52.9635              40.4547              49.8411
46   C               53.8603              41.6678              49.7856
47   C               52.7795              39.8307              51.2017
48   H               48.7906              45.3171              43.0947
49   H               45.1626              46.4017              45.1916
50   H               44.0219              44.6023              46.0712
51   H               48.8711              42.5146              43.3418
52   H               46.2709              41.3044              43.3440
53   H               43.5327              42.6317              43.4818
54   H               43.8241              38.4845              44.2700
55   H               45.2571              39.2967              43.5988
56   H               41.5860              41.1994              44.4731
57   H               41.7234              39.4495              44.1778
58   H               41.6807              40.6075              42.8261
59   H               50.6114              49.5827              42.7024
60   H               48.0528              52.9539              43.6217
61   H               46.3545              51.4115              44.6984
62   H               45.6664              48.5799              44.8447
63   H               50.7964              51.7847              41.7915
64   H               45.6187              36.5727              49.2726
65   H               47.6810              35.7908              45.5753
66   H               46.8860              37.9666              44.6962
67   H               48.1424              34.7269              47.6698
68   H               43.6798              37.8659              48.9388
69   H               44.1928              39.9509              46.3928
70   H               45.6230              41.6966              46.2504
71   H               46.3983              41.0176              48.3156
72   H               47.2311              39.9945              50.3847
73   H               49.6637              40.2206              45.3284
74   H               49.0019              38.8102              51.3917
75   H               51.4359              38.1583              49.2882
76   H               51.6199              38.4257              47.5163
77   H               52.5859              40.5859              47.7783
78   H               53.9652              42.1172              50.7770
79   H               53.4792              42.4241              49.0907
80   H               54.8643              41.3913              49.4372
81   H               52.4619              38.7842              51.1541
82   H               52.0291              40.3895              51.7767
83   H               53.7122              39.8939              51.7746


Energy:                -10509.264902 Convergence criteria  Is converged 
Maximum Force:             0.285852     0.012245                No
RMS Force:                 0.073684     0.008163                No
Maximum Displacement:      0.035805     0.001800                No
RMS Displacement:          0.007700     0.001200                No

Model change: -7.507078e-02  Actual change: -7.503674e-02  rho:  1.000
Trust radius (MW):  0.200000  Step norm (MW):  0.200000  On boundary: True

----------------------------------------------------------------------
                             Iteration: 9                             

lambda1: N/A(PRFO), lambda2: N/A(PRFO)
lowest eigenvalue: -9.804418880512518, second lowest eigenvalue: -0.4242255571819553

                             Coordinates                              
----------------------------------------------------------------------
0    C               47.0145              46.0153              44.1478
1    O               44.3050              43.8924              45.4657
2    C               47.8346              45.0344              43.5355
3    O               48.1523              42.7953              42.7363
4    C               45.7876              45.6453              44.7342
5    O               50.1231              52.2526              42.3204
6    C               47.3723              43.7251              43.4363
7    O               48.7078              47.7484              43.6643
8    C               45.4052              44.3122              44.7227
9    O               47.3656              35.0355              48.1800
10   C               46.1172              43.3314              43.9872
11   O               43.9665              38.4101              48.1634
12   C               45.5937              41.9712              43.8743
13   O               48.2468              40.8982              44.7650
14   C               44.1638              41.7693              43.7177
15   O               50.1924              39.7876              46.0627
16   C               43.5512              40.5557              43.8854
17   O               49.5675              38.6300              50.6193
18   C               44.3977              39.4056              44.2683
19   C               42.0598              40.4391              43.8352
20   C               47.4670              49.6390              44.1491
21   C               48.7099              49.1659              43.6190
22   C               49.6678              49.9786              43.0811
23   C               49.3362              51.3556              43.0183
24   C               48.1786              51.8773              43.6426
25   C               47.2457              51.0261              44.2152
26   C               46.6759              48.5169              44.4627
27   C               47.3942              47.3745              44.1419
28   C               45.7688              36.8093              48.2216
29   C               46.7323              36.0814              47.5216
30   C               47.0421              36.4233              46.1813
31   C               46.5224              37.5996              45.6499
32   C               45.5410              38.3458              46.3254
33   C               45.0843              37.8436              47.5696
34   C               45.0292              39.6489              45.7363
35   C               46.0061              40.8929              45.6366
36   C               47.4734              40.7411              45.7610
37   C               48.0552              40.3636              47.0833
38   C               47.3404              40.4728              48.2965
39   C               49.3997              39.8322              47.1583
40   C               47.8294              39.9357              49.4818
41   C               49.9059              39.3345              48.3627
42   C               49.0955              39.3044              49.4972
43   C               51.3697              38.8941              48.4777
44   C               52.3860              40.0208              48.6896
45   C               52.9627              40.4542              49.8393
46   C               53.8600              41.6665              49.7830
47   C               52.7743              39.8263              51.1974
48   H               48.7925              45.3112              43.1040
49   H               45.1660              46.3971              45.2035
50   H               44.0166              44.6034              46.0703
51   H               48.8957              42.5420              43.3201
52   H               46.2756              41.3032              43.3448
53   H               43.5418              42.6300              43.4821
54   H               43.8213              38.4830              44.2802
55   H               45.2553              39.2893              43.6062
56   H               41.5851              41.1984              44.4703
57   H               41.7209              39.4510              44.1612
58   H               41.6870              40.6200              42.8188
59   H               50.6113              49.5844              42.7029
60   H               48.0528              52.9550              43.6221
61   H               46.3498              51.4147              44.6933
62   H               45.6711              48.5759              44.8529
63   H               50.8143              51.7843              41.8086
64   H               45.5911              36.5461              49.2622
65   H               47.6966              35.7954              45.5811
66   H               46.8792              37.9570              44.6856
67   H               48.1254              34.7106              47.6555
68   H               43.6821              37.8859              48.9401
69   H               44.1998              39.9475              46.3996
70   H               45.6234              41.6906              46.2597
71   H               46.3886              40.9965              48.3137
72   H               47.2310              39.9931              50.3871
73   H               49.6568              40.2107              45.3227
74   H               48.9859              38.7929              51.3870
75   H               51.4300              38.1656              49.2917
76   H               51.6174              38.4240              47.5186
77   H               52.5812              40.5894              47.7775
78   H               53.9660              42.1166              50.7739
79   H               53.4773              42.4221              49.0882
80   H               54.8636              41.3909              49.4325
81   H               52.4502              38.7821              51.1435
82   H               52.0254              40.3860              51.7736
83   H               53.7064              39.8809              51.7721


Energy:                -10509.324971 Convergence criteria  Is converged 
Maximum Force:             0.474728     0.012245                No
RMS Force:                 0.070045     0.008163                No
Maximum Displacement:      0.027617     0.001800                No
RMS Displacement:          0.006834     0.001200                No

Model change: -6.004235e-02  Actual change: -6.006961e-02  rho:  1.000
Trust radius (MW):  0.200000  Step norm (MW):  0.200000  On boundary: True

----------------------------------------------------------------------
                            Iteration: 10                             

lambda1: N/A(PRFO), lambda2: N/A(PRFO)
lowest eigenvalue: -8.917144484914095, second lowest eigenvalue: -0.45250129387571464

                             Coordinates                              
----------------------------------------------------------------------
0    C               47.0135              46.0137              44.1478
1    O               44.3018              43.8918              45.4666
2    C               47.8335              45.0314              43.5375
3    O               48.1482              42.7918              42.7360
4    C               45.7879              45.6430              44.7374
5    O               50.1273              52.2530              42.3212
6    C               47.3705              43.7215              43.4389
7    O               48.7067              47.7491              43.6596
8    C               45.4048              44.3093              44.7259
9    O               47.3646              35.0367              48.1786
10   C               46.1197              43.3281              43.9958
11   O               43.9679              38.4178              48.1582
12   C               45.6048              41.9545              43.9047
13   O               48.2460              40.8969              44.7625
14   C               44.1679              41.7642              43.7211
15   O               50.1917              39.7903              46.0613
16   C               43.5521              40.5548              43.8869
17   O               49.5685              38.6352              50.6213
18   C               44.3957              39.4019              44.2748
19   C               42.0604              40.4418              43.8290
20   C               47.4668              49.6397              44.1509
21   C               48.7093              49.1675              43.6187
22   C               49.6666              49.9799              43.0790
23   C               49.3366              51.3571              43.0168
24   C               48.1789              51.8784              43.6425
25   C               47.2443              51.0275              44.2142
26   C               46.6777              48.5159              44.4647
27   C               47.3950              47.3735              44.1413
28   C               45.7640              36.8066              48.2199
29   C               46.7324              36.0830              47.5208
30   C               47.0484              36.4257              46.1820
31   C               46.5243              37.5979              45.6469
32   C               45.5479              38.3486              46.3260
33   C               45.0894              37.8496              47.5717
34   C               45.0315              39.6487              45.7361
35   C               46.0027              40.9045              45.6212
36   C               47.4739              40.7439              45.7580
37   C               48.0531              40.3628              47.0816
38   C               47.3372              40.4659              48.2953
39   C               49.3990              39.8344              47.1568
40   C               47.8280              39.9340              49.4822
41   C               49.9045              39.3376              48.3621
42   C               49.0955              39.3070              49.4980
43   C               51.3670              38.8965              48.4774
44   C               52.3823              40.0236              48.6883
45   C               52.9616              40.4538              49.8377
46   C               53.8599              41.6654              49.7812
47   C               52.7702              39.8229              51.1940
48   H               48.7927              45.3076              43.1086
49   H               45.1684              46.3938              45.2110
50   H               44.0123              44.6042              46.0689
51   H               48.9188              42.5724              43.2983
52   H               46.2785              41.3043              43.3408
53   H               43.5535              42.6264              43.4749
54   H               43.8169              38.4811              44.2890
55   H               45.2520              39.2814              43.6116
56   H               41.5841              41.1975              44.4674
57   H               41.7181              39.4523              44.1468
58   H               41.6926              40.6304              42.8124
59   H               50.6102              49.5853              42.7016
60   H               48.0530              52.9561              43.6228
61   H               46.3471              51.4167              44.6896
62   H               45.6744              48.5735              44.8590
63   H               50.8272              51.7843              41.8219
64   H               45.5715              36.5289              49.2538
65   H               47.7086              35.8001              45.5857
66   H               46.8756              37.9507              44.6789
67   H               48.1132              34.6994              47.6461
68   H               43.6854              37.9022              48.9413
69   H               44.2068              39.9465              46.4049
70   H               45.6233              41.6862              46.2679
71   H               46.3803              40.9800              48.3107
72   H               47.2299              39.9917              50.3876
73   H               49.6542              40.2063              45.3192
74   H               48.9750              38.7802              51.3832
75   H               51.4267              38.1703              49.2934
76   H               51.6151              38.4238              47.5197
77   H               52.5765              40.5929              47.7766
78   H               53.9672              42.1151              50.7721
79   H               53.4761              42.4212              49.0870
80   H               54.8627              41.3899              49.4286
81   H               52.4410              38.7805              51.1357
82   H               52.0227              40.3836              51.7711
83   H               53.7018              39.8711              51.7699


Energy:                -10509.386248 Convergence criteria  Is converged 
Maximum Force:             0.623099     0.012245                No
RMS Force:                 0.075581     0.008163                No
Maximum Displacement:      0.030438     0.001800                No
RMS Displacement:          0.005970     0.001200                No

Model change: -6.364928e-02  Actual change: -6.127633e-02  rho:  0.963
Trust radius (MW):  0.200000  Step norm (MW):  0.200000  On boundary: True

----------------------------------------------------------------------
                            Iteration: 11                             

lambda1: N/A(PRFO), lambda2: N/A(PRFO)
lowest eigenvalue: -2.008561535437326, second lowest eigenvalue: -0.6439603682882916

                             Coordinates                              
----------------------------------------------------------------------
0    C               47.0127              46.0123              44.1481
1    O               44.2988              43.8909              45.4672
2    C               47.8321              45.0291              43.5385
3    O               48.1435              42.7900              42.7344
4    C               45.7883              45.6407              44.7405
5    O               50.1312              52.2535              42.3224
6    C               47.3684              43.7184              43.4415
7    O               48.7052              47.7497              43.6549
8    C               45.4051              44.3059              44.7297
9    O               47.3635              35.0377              48.1774
10   C               46.1238              43.3244              44.0067
11   O               43.9702              38.4258              48.1533
12   C               45.6168              41.9373              43.9348
13   O               48.2457              40.8934              44.7603
14   C               44.1726              41.7579              43.7263
15   O               50.1913              39.7927              46.0605
16   C               43.5527              40.5534              43.8889
17   O               49.5695              38.6407              50.6231
18   C               44.3927              39.3977              44.2812
19   C               42.0606              40.4445              43.8223
20   C               47.4668              49.6404              44.1524
21   C               48.7086              49.1687              43.6179
22   C               49.6655              49.9810              43.0770
23   C               49.3372              51.3585              43.0157
24   C               48.1792              51.8794              43.6420
25   C               47.2435              51.0286              44.2131
26   C               46.6792              48.5152              44.4671
27   C               47.3952              47.3728              44.1406
28   C               45.7595              36.8045              48.2175
29   C               46.7324              36.0845              47.5200
30   C               47.0542              36.4285              46.1829
31   C               46.5265              37.5971              45.6445
32   C               45.5544              38.3524              46.3260
33   C               45.0940              37.8551              47.5723
34   C               45.0336              39.6492              45.7348
35   C               46.0002              40.9151              45.6082
36   C               47.4748              40.7468              45.7549
37   C               48.0503              40.3622              47.0794
38   C               47.3331              40.4593              48.2934
39   C               49.3978              39.8365              47.1556
40   C               47.8261              39.9323              49.4818
41   C               49.9029              39.3407              48.3617
42   C               49.0951              39.3095              49.4985
43   C               51.3645              38.8988              48.4768
44   C               52.3788              40.0264              48.6868
45   C               52.9603              40.4534              49.8358
46   C               53.8598              41.6641              49.7795
47   C               52.7662              39.8198              51.1905
48   H               48.7916              45.3051              43.1102
49   H               45.1700              46.3908              45.2168
50   H               44.0079              44.6046              46.0672
51   H               48.9390              42.6032              43.2731
52   H               46.2833              41.3063              43.3393
53   H               43.5693              42.6222              43.4658
54   H               43.8106              38.4790              44.2991
55   H               45.2467              39.2714              43.6161
56   H               41.5828              41.1966              44.4637
57   H               41.7147              39.4537              44.1313
58   H               41.6988              40.6410              42.8052
59   H               50.6086              49.5857              42.6993
60   H               48.0534              52.9573              43.6232
61   H               46.3454              51.4183              44.6863
62   H               45.6773              48.5717              44.8651
63   H               50.8390              51.7848              41.8344
64   H               45.5541              36.5149              49.2456
65   H               47.7199              35.8054              45.5901
66   H               46.8736              37.9460              44.6736
67   H               48.1025              34.6898              47.6384
68   H               43.6896              37.9183              48.9422
69   H               44.2146              39.9478              46.4091
70   H               45.6240              41.6826              46.2752
71   H               46.3711              40.9638              48.3074
72   H               47.2279              39.9901              50.3872
73   H               49.6533              40.2035              45.3166
74   H               48.9655              38.7691              51.3796
75   H               51.4243              38.1743              49.2944
76   H               51.6126              38.4241              47.5202
77   H               52.5713              40.5969              47.7754
78   H               53.9690              42.1128              50.7707
79   H               53.4752              42.4208              49.0867
80   H               54.8617              41.3885              49.4247
81   H               52.4322              38.7790              51.1283
82   H               52.0202              40.3815              51.7687
83   H               53.6974              39.8618              51.7673


Energy:                -10509.452208 Convergence criteria  Is converged 
Maximum Force:             0.686867     0.012245                No
RMS Force:                 0.078814     0.008163                No
Maximum Displacement:      0.030713     0.001800                No
RMS Displacement:          0.005904     0.001200                No

Model change: -6.638843e-02  Actual change: -6.596045e-02  rho:  0.994
Trust radius (MW):  0.200000  Step norm (MW):  0.200000  On boundary: True

----------------------------------------------------------------------
                            Iteration: 12                             

lambda1: N/A(PRFO), lambda2: N/A(PRFO)
lowest eigenvalue: -5.699753652609764, second lowest eigenvalue: -0.6532738833452415

                             Coordinates                              
----------------------------------------------------------------------
0    C               47.0114              46.0119              44.1486
1    O               44.2971              43.8898              45.4675
2    C               47.8301              45.0289              43.5383
3    O               48.1423              42.7922              42.7265
4    C               45.7886              45.6389              44.7431
5    O               50.1341              52.2539              42.3235
6    C               47.3677              43.7173              43.4425
7    O               48.7037              47.7502              43.6514
8    C               45.4063              44.3031              44.7329
9    O               47.3627              35.0383              48.1766
10   C               46.1282              43.3211              44.0159
11   O               43.9725              38.4321              48.1497
12   C               45.6259              41.9243              43.9586
13   O               48.2463              40.8946              44.7587
14   C               44.1771              41.7534              43.7306
15   O               50.1907              39.7945              46.0600
16   C               43.5536              40.5525              43.8904
17   O               49.5706              38.6450              50.6246
18   C               44.3905              39.3946              44.2860
19   C               42.0613              40.4468              43.8169
20   C               47.4668              49.6411              44.1535
21   C               48.7078              49.1696              43.6170
22   C               49.6646              49.9818              43.0755
23   C               49.3378              51.3595              43.0151
24   C               48.1794              51.8804              43.6413
25   C               47.2431              51.0296              44.2122
26   C               46.6801              48.5152              44.4693
27   C               47.3949              47.3728              44.1403
28   C               45.7560              36.8027              48.2154
29   C               46.7324              36.0853              47.5195
30   C               47.0588              36.4308              46.1838
31   C               46.5284              37.5968              45.6430
32   C               45.5590              38.3551              46.3258
33   C               45.0971              37.8589              47.5724
34   C               45.0352              39.6494              45.7339
35   C               45.9988              40.9229              45.5979
36   C               47.4749              40.7475              45.7550
37   C               48.0476              40.3611              47.0775
38   C               47.3295              40.4538              48.2921
39   C               49.3968              39.8378              47.1550
40   C               47.8244              39.9309              49.4815
41   C               49.9017              39.3429              48.3614
42   C               49.0948              39.3113              49.4991
43   C               51.3627              38.9005              48.4763
44   C               52.3760              40.0286              48.6853
45   C               52.9591              40.4532              49.8343
46   C               53.8597              41.6629              49.7784
47   C               52.7631              39.8174              51.1878
48   H               48.7898              45.3026              43.1094
49   H               45.1707              46.3882              45.2211
50   H               44.0050              44.6044              46.0658
51   H               48.8738              42.5057              43.3220
52   H               46.2860              41.3054              43.3428
53   H               43.5826              42.6192              43.4593
54   H               43.8058              38.4776              44.3067
55   H               45.2428              39.2638              43.6194
56   H               41.5822              41.1957              44.4609
57   H               41.7124              39.4548              44.1186
58   H               41.7042              40.6499              42.7995
59   H               50.6071              49.5858              42.6970
60   H               48.0538              52.9583              43.6231
61   H               46.3444              51.4197              44.6840
62   H               45.6794              48.5710              44.8702
63   H               50.8477              51.7854              41.8441
64   H               45.5414              36.5051              49.2392
65   H               47.7288              35.8099              45.5936
66   H               46.8730              37.9431              44.6702
67   H               48.0949              34.6830              47.6334
68   H               43.6930              37.9307              48.9428
69   H               44.2208              39.9497              46.4119
70   H               45.6253              41.6793              46.2800
71   H               46.3635              40.9502              48.3050
72   H               47.2264              39.9888              50.3870
73   H               49.6525              40.2034              45.3154
74   H               48.9590              38.7609              51.3770
75   H               51.4228              38.1770              49.2946
76   H               51.6105              38.4247              47.5201
77   H               52.5669              40.6004              47.7745
78   H               53.9707              42.1105              50.7698
79   H               53.4747              42.4207              49.0870
80   H               54.8609              41.3871              49.4214
81   H               52.4253              38.7780              51.1228
82   H               52.0184              40.3800              51.7668
83   H               53.6941              39.8548              51.7651


Energy:                -10509.527355 Convergence criteria  Is converged 
Maximum Force:             0.884840     0.012245                No
RMS Force:                 0.096695     0.008163                No
Maximum Displacement:      0.097471     0.001800                No
RMS Displacement:          0.008965     0.001200                No

Model change: -7.587524e-02  Actual change: -7.514703e-02  rho:  0.990
Trust radius (MW):  0.200000  Step norm (MW):  0.200000  On boundary: True

----------------------------------------------------------------------
                            Iteration: 13                             

lambda1: N/A(PRFO), lambda2: N/A(PRFO)
lowest eigenvalue: -8.430640753323104, second lowest eigenvalue: -0.0746307792936105

                             Coordinates                              
----------------------------------------------------------------------
0    C               47.0105              46.0116              44.1502
1    O               44.2952              43.8885              45.4687
2    C               47.8283              45.0291              43.5380
3    O               48.1389              42.7964              42.7179
4    C               45.7900              45.6368              44.7486
5    O               50.1388              52.2548              42.3261
6    C               47.3679              43.7174              43.4413
7    O               48.7009              47.7510              43.6454
8    C               45.4077              44.3010              44.7378
9    O               47.3614              35.0381              48.1760
10   C               46.1308              43.3187              44.0201
11   O               43.9771              38.4423              48.1452
12   C               45.6261              41.9274              43.9511
13   O               48.2453              40.8927              44.7590
14   C               44.1808              41.7522              43.7306
15   O               50.1895              39.7977              46.0598
16   C               43.5561              40.5512              43.8926
17   O               49.5734              38.6520              50.6278
18   C               44.3900              39.3931              44.2924
19   C               42.0641              40.4495              43.8092
20   C               47.4669              49.6421              44.1549
21   C               48.7064              49.1707              43.6148
22   C               49.6631              49.9827              43.0728
23   C               49.3389              51.3609              43.0144
24   C               48.1798              51.8817              43.6398
25   C               47.2430              51.0311              44.2107
26   C               46.6816              48.5154              44.4731
27   C               47.3944              47.3728              44.1401
28   C               45.7505              36.7985              48.2127
29   C               46.7325              36.0856              47.5190
30   C               47.0667              36.4338              46.1858
31   C               46.5320              37.5958              45.6417
32   C               45.5640              38.3537              46.3265
33   C               45.1006              37.8615              47.5727
34   C               45.0385              39.6479              45.7389
35   C               46.0021              40.9157              45.6085
36   C               47.4743              40.7446              45.7589
37   C               48.0462              40.3583              47.0790
38   C               47.3252              40.4445              48.2926
39   C               49.3963              39.8396              47.1556
40   C               47.8224              39.9275              49.4830
41   C               49.9009              39.3458              48.3622
42   C               49.0951              39.3138              49.5008
43   C               51.3607              38.9028              48.4751
44   C               52.3719              40.0322              48.6826
45   C               52.9570              40.4529              49.8315
46   C               53.8597              41.6609              49.7767
47   C               52.7579              39.8137              51.1832
48   H               48.7881              45.3009              43.1087
49   H               45.1733              46.3852              45.2299
50   H               44.0018              44.6034              46.0660
51   H               48.7929              42.4154              43.3475
52   H               46.2881              41.3007              43.3462
53   H               43.5836              42.6170              43.4607
54   H               43.8025              38.4779              44.3170
55   H               45.2406              39.2573              43.6244
56   H               41.5831              41.1931              44.4581
57   H               41.7103              39.4554              44.0982
58   H               41.7135              40.6648              42.7918
59   H               50.6044              49.5856              42.6922
60   H               48.0544              52.9597              43.6221
61   H               46.3435              51.4216              44.6807
62   H               45.6828              48.5705              44.8789
63   H               50.8611              51.7868              41.8592
64   H               45.5236              36.4899              49.2307
65   H               47.7444              35.8170              45.6000
66   H               46.8729              37.9394              44.6667
67   H               48.0848              34.6731              47.6274
68   H               43.6976              37.9502              48.9441
69   H               44.2237              39.9459              46.4180
70   H               45.6278              41.6787              46.2822
71   H               46.3528              40.9283              48.3038
72   H               47.2245              39.9851              50.3886
73   H               49.6479              40.2036              45.3152
74   H               48.9508              38.7489              51.3740
75   H               51.4225              38.1803              49.2942
76   H               51.6073              38.4261              47.5192
77   H               52.5594              40.6065              47.7727
78   H               53.9743              42.1056              50.7691
79   H               53.4738              42.4213              49.0886
80   H               54.8592              41.3846              49.4156
81   H               52.4139              38.7766              51.1139
82   H               52.0157              40.3780              51.7637
83   H               53.6888              39.8435              51.7609


Energy:                -10509.564186 Convergence criteria  Is converged 
Maximum Force:             0.805900     0.012245                No
RMS Force:                 0.086942     0.008163                No
Maximum Displacement:      0.090275     0.001800                No
RMS Displacement:          0.009277     0.001200                No

Model change: -3.456714e-02  Actual change: -3.683067e-02  rho:  1.065
Trust radius (MW):  0.200000  Step norm (MW):  0.200000  On boundary: True

----------------------------------------------------------------------
                            Iteration: 14                             

lambda1: N/A(PRFO), lambda2: N/A(PRFO)
lowest eigenvalue: -8.011529352062922, second lowest eigenvalue: -0.19638423433048824

                             Coordinates                              
----------------------------------------------------------------------
0    C               47.0099              46.0114              44.1516
1    O               44.2944              43.8871              45.4694
2    C               47.8267              45.0296              43.5369
3    O               48.1386              42.8020              42.7130
4    C               45.7912              45.6349              44.7529
5    O               50.1422              52.2555              42.3282
6    C               47.3686              43.7182              43.4391
7    O               48.6987              47.7514              43.6410
8    C               45.4091              44.2991              44.7410
9    O               47.3603              35.0376              48.1758
10   C               46.1327              43.3165              44.0225
11   O               43.9808              38.4494              48.1428
12   C               45.6255              41.9301              43.9454
13   O               48.2460              40.8920              44.7585
14   C               44.1833              41.7522              43.7314
15   O               50.1885              39.8003              46.0598
16   C               43.5582              40.5507              43.8940
17   O               49.5755              38.6572              50.6302
18   C               44.3903              39.3927              44.2963
19   C               42.0665              40.4514              43.8034
20   C               47.4670              49.6428              44.1556
21   C               48.7052              49.1713              43.6129
22   C               49.6621              49.9831              43.0707
23   C               49.3398              51.3619              43.0140
24   C               48.1801              51.8826              43.6386
25   C               47.2430              51.0321              44.2097
26   C               46.6826              48.5156              44.4760
27   C               47.3938              47.3729              44.1401
28   C               45.7467              36.7953              48.2106
29   C               46.7325              36.0856              47.5186
30   C               47.0726              36.4360              46.1875
31   C               46.5348              37.5953              45.6411
32   C               45.5671              38.3523              46.3269
33   C               45.1025              37.8627              47.5725
34   C               45.0405              39.6468              45.7423
35   C               46.0045              40.9104              45.6166
36   C               47.4731              40.7429              45.7622
37   C               48.0450              40.3565              47.0799
38   C               47.3219              40.4379              48.2931
39   C               49.3958              39.8410              47.1562
40   C               47.8208              39.9249              49.4840
41   C               49.9003              39.3478              48.3629
42   C               49.0953              39.3154              49.5021
43   C               51.3594              38.9044              48.4740
44   C               52.3689              40.0348              48.6804
45   C               52.9553              40.4527              49.8295
46   C               53.8598              41.6593              49.7757
47   C               52.7541              39.8111              51.1798
48   H               48.7863              45.3000              43.1068
49   H               45.1753              46.3826              45.2366
50   H               44.0005              44.6018              46.0666
51   H               48.6819              42.2985              43.3753
52   H               46.2860              41.2941              43.3497
53   H               43.5834              42.6164              43.4639
54   H               43.8013              38.4783              44.3228
55   H               45.2406              39.2548              43.6281
56   H               41.5838              41.1905              44.4563
57   H               41.7096              39.4556              44.0826
58   H               41.7205              40.6759              42.7864
59   H               50.6024              49.5853              42.6885
60   H               48.0547              52.9606              43.6210
61   H               46.3432              51.4230              44.6787
62   H               45.6853              48.5703              44.8855
63   H               50.8703              51.7880              41.8699
64   H               45.5120              36.4800              49.2247
65   H               47.7558              35.8225              45.6049
66   H               46.8736              37.9373              44.6648
67   H               48.0783              34.6666              47.6241
68   H               43.7006              37.9630              48.9448
69   H               44.2253              39.9433              46.4219
70   H               45.6282              41.6786              46.2829
71   H               46.3451              40.9125              48.3028
72   H               47.2230              39.9820              50.3898
73   H               49.6442              40.2041              45.3151
74   H               48.9460              38.7411              51.3720
75   H               51.4227              38.1823              49.2932
76   H               51.6049              38.4275              47.5179
77   H               52.5538              40.6112              47.7714
78   H               53.9774              42.1015              50.7687
79   H               53.4732              42.4219              49.0903
80   H               54.8579              41.3825              49.4110
81   H               52.4058              38.7757              51.1077
82   H               52.0138              40.3767              51.7615
83   H               53.6850              39.8356              51.7577


Energy:                -10509.606297 Convergence criteria  Is converged 
Maximum Force:             0.755396     0.012245                No
RMS Force:                 0.089050     0.008163                No
Maximum Displacement:      0.116939     0.001800                No
RMS Displacement:          0.010913     0.001200                No

Model change: -4.506293e-02  Actual change: -4.211166e-02  rho:  0.935
Trust radius (MW):  0.200000  Step norm (MW):  0.200000  On boundary: True

----------------------------------------------------------------------
                            Iteration: 15                             

lambda1: N/A(PRFO), lambda2: N/A(PRFO)
lowest eigenvalue: -5.802153854472263, second lowest eigenvalue: -0.08340428132752524

                             Coordinates                              
----------------------------------------------------------------------
0    C               47.0094              46.0112              44.1534
1    O               44.2941              43.8847              45.4703
2    C               47.8250              45.0307              43.5343
3    O               48.1382              42.8067              42.7103
4    C               45.7933              45.6326              44.7589
5    O               50.1468              52.2565              42.3317
6    C               47.3701              43.7190              43.4356
7    O               48.6955              47.7520              43.6351
8    C               45.4108              44.2969              44.7444
9    O               47.3589              35.0363              48.1759
10   C               46.1340              43.3147              44.0227
11   O               43.9861              38.4581              48.1411
12   C               45.6234              41.9339              43.9379
13   O               48.2453              40.8893              44.7586
14   C               44.1848              41.7536              43.7322
15   O               50.1869              39.8041              46.0603
16   C               43.5608              40.5506              43.8951
17   O               49.5791              38.6639              50.6337
18   C               44.3913              39.3929              44.3003
19   C               42.0698              40.4530              43.7960
20   C               47.4670              49.6437              44.1564
21   C               48.7035              49.1719              43.6099
22   C               49.6607              49.9835              43.0676
23   C               49.3411              51.3629              43.0136
24   C               48.1805              51.8837              43.6368
25   C               47.2432              51.0333              44.2083
26   C               46.6839              48.5161              44.4800
27   C               47.3929              47.3731              44.1403
28   C               45.7416              36.7904              48.2079
29   C               46.7326              36.0847              47.5184
30   C               47.0804              36.4388              46.1902
31   C               46.5386              37.5947              45.6410
32   C               45.5701              38.3500              46.3271
33   C               45.1043              37.8629              47.5722
34   C               45.0426              39.6454              45.7463
35   C               46.0070              40.9059              45.6245
36   C               47.4709              40.7411              45.7668
37   C               48.0431              40.3542              47.0816
38   C               47.3178              40.4293              48.2945
39   C               49.3950              39.8428              47.1573
40   C               47.8189              39.9210              49.4860
41   C               49.8996              39.3502              48.3639
42   C               49.0959              39.3172              49.5041
43   C               51.3580              38.9063              48.4721
44   C               52.3653              40.0382              48.6773
45   C               52.9531              40.4524              49.8267
46   C               53.8600              41.6572              49.7744
47   C               52.7492              39.8080              51.1752
48   H               48.7834              45.3036              43.1022
49   H               45.1789              46.3790              45.2468
50   H               44.0010              44.5984              46.0691
51   H               48.5736              42.2083              43.3745
52   H               46.2809              41.2845              43.3530
53   H               43.5807              42.6172              43.4710
54   H               43.8009              38.4794              44.3281
55   H               45.2410              39.2522              43.6316
56   H               41.5844              41.1849              44.4552
57   H               41.7103              39.4544              44.0616
58   H               41.7290              40.6902              42.7801
59   H               50.5995              49.5846              42.6830
60   H               48.0551              52.9617              43.6191
61   H               46.3432              51.4247              44.6765
62   H               45.6886              48.5705              44.8946
63   H               50.8816              51.7899              41.8833
64   H               45.4984              36.4678              49.2177
65   H               47.7713              35.8300              45.6118
66   H               46.8758              37.9356              44.6637
67   H               48.0714              34.6590              47.6213
68   H               43.7042              37.9772              48.9457
69   H               44.2269              39.9404              46.4262
70   H               45.6283              41.6792              46.2833
71   H               46.3355              40.8925              48.3025
72   H               47.2213              39.9770              50.3919
73   H               49.6406              40.2064              45.3156
74   H               48.9416              38.7323              51.3704
75   H               51.4237              38.1843              49.2911
76   H               51.6019              38.4297              47.5155
77   H               52.5466              40.6175              47.7695
78   H               53.9823              42.0952              50.7687
79   H               53.4724              42.4233              49.0935
80   H               54.8560              41.3798              49.4044
81   H               52.3950              38.7749              51.0997
82   H               52.0116              40.3755              51.7586
83   H               53.6802              39.8255              51.7533


Energy:                -10509.645743 Convergence criteria  Is converged 
Maximum Force:             0.708623     0.012245                No
RMS Force:                 0.079775     0.008163                No
Maximum Displacement:      0.108336     0.001800                No
RMS Displacement:          0.009980     0.001200                No

Model change: -3.752162e-02  Actual change: -3.944522e-02  rho:  1.051
Trust radius (MW):  0.200000  Step norm (MW):  0.200000  On boundary: True

----------------------------------------------------------------------
                            Iteration: 16                             

lambda1: N/A(PRFO), lambda2: N/A(PRFO)
lowest eigenvalue: -2.9086025439280805, second lowest eigenvalue: -0.09807853626830788

                             Coordinates                              
----------------------------------------------------------------------
0    C               47.0094              46.0117              44.1552
1    O               44.2951              43.8821              45.4707
2    C               47.8229              45.0335              43.5296
3    O               48.1389              42.8109              42.7105
4    C               45.7964              45.6307              44.7658
5    O               50.1521              52.2580              42.3360
6    C               47.3720              43.7202              43.4309
7    O               48.6920              47.7529              43.6284
8    C               45.4124              44.2954              44.7457
9    O               47.3576              35.0336              48.1766
10   C               46.1343              43.3146              44.0191
11   O               43.9923              38.4657              48.1415
12   C               45.6207              41.9377              43.9310
13   O               48.2427              40.8855              44.7594
14   C               44.1837              41.7563              43.7326
15   O               50.1848              39.8088              46.0620
16   C               43.5632              40.5511              43.8947
17   O               49.5848              38.6708              50.6385
18   C               44.3942              39.3941              44.3018
19   C               42.0730              40.4524              43.7896
20   C               47.4671              49.6449              44.1569
21   C               48.7015              49.1728              43.6059
22   C               49.6591              49.9839              43.0637
23   C               49.3426              51.3641              43.0132
24   C               48.1811              51.8849              43.6348
25   C               47.2436              51.0348              44.2069
26   C               46.6855              48.5171              44.4847
27   C               47.3923              47.3739              44.1409
28   C               45.7360              36.7837              48.2050
29   C               46.7327              36.0824              47.5188
30   C               47.0888              36.4414              46.1940
31   C               46.5425              37.5936              45.6419
32   C               45.5720              38.3472              46.3272
33   C               45.1053              37.8615              47.5718
34   C               45.0439              39.6439              45.7489
35   C               46.0073              40.9046              45.6288
36   C               47.4676              40.7405              45.7711
37   C               48.0403              40.3518              47.0845
38   C               47.3133              40.4193              48.2974
39   C               49.3935              39.8447              47.1594
40   C               47.8177              39.9156              49.4893
41   C               49.8992              39.3521              48.3656
42   C               49.0975              39.3183              49.5073
43   C               51.3571              38.9082              48.4694
44   C               52.3619              40.0418              48.6737
45   C               52.9509              40.4522              49.8235
46   C               53.8606              41.6548              49.7733
47   C               52.7438              39.8049              51.1703
48   H               48.7806              45.3063              43.0953
49   H               45.1851              46.3751              45.2606
50   H               44.0047              44.5934              46.0735
51   H               48.4711              42.1309              43.3581
52   H               46.2745              41.2776              43.3541
53   H               43.5763              42.6199              43.4786
54   H               43.8040              38.4804              44.3283
55   H               45.2449              39.2538              43.6340
56   H               41.5842              41.1739              44.4579
57   H               41.7137              39.4496              44.0393
58   H               41.7350              40.7044              42.7762
59   H               50.5963              49.5838              42.6763
60   H               48.0557              52.9629              43.6166
61   H               46.3436              51.4269              44.6745
62   H               45.6926              48.5711              44.9052
63   H               50.8933              51.7923              41.8974
64   H               45.4847              36.4545              49.2108
65   H               47.7887              35.8383              45.6201
66   H               46.8790              37.9341              44.6641
67   H               48.0658              34.6512              47.6200
68   H               43.7085              37.9887              48.9477
69   H               44.2274              39.9374              46.4287
70   H               45.6257              41.6807              46.2822
71   H               46.3254              40.8705              48.3037
72   H               47.2205              39.9701              50.3957
73   H               49.6369              40.2099              45.3174
74   H               48.9402              38.7239              51.3702
75   H               51.4261              38.1855              49.2875
76   H               51.5989              38.4327              47.5118
77   H               52.5396              40.6244              47.7674
78   H               53.9890              42.0873              50.7692
79   H               53.4714              42.4254              49.0984
80   H               54.8538              41.3771              49.3961
81   H               52.3824              38.7746              51.0913
82   H               52.0099              40.3752              51.7556
83   H               53.6749              39.8142              51.7481


Energy:                -10509.675417 Convergence criteria  Is converged 
Maximum Force:             0.680421     0.012245                No
RMS Force:                 0.074651     0.008163                No
Maximum Displacement:      0.102454     0.001800                No
RMS Displacement:          0.009526     0.001200                No

Model change: -2.849368e-02  Actual change: -2.967474e-02  rho:  1.041
Trust radius (MW):  0.200000  Step norm (MW):  0.200000  On boundary: True

----------------------------------------------------------------------
                            Iteration: 17                             

lambda1: N/A(PRFO), lambda2: N/A(PRFO)
lowest eigenvalue: -1.5511187669371977, second lowest eigenvalue: -0.11615866047654609

                             Coordinates                              
----------------------------------------------------------------------
0    C               47.0100              46.0131              44.1560
1    O               44.2964              43.8805              45.4700
2    C               47.8200              45.0371              43.5223
3    O               48.1405              42.8146              42.7103
4    C               45.8007              45.6297              44.7729
5    O               50.1587              52.2604              42.3415
6    C               47.3723              43.7221              43.4259
7    O               48.6885              47.7547              43.6206
8    C               45.4138              44.2953              44.7455
9    O               47.3560              35.0290              48.1782
10   C               46.1336              43.3157              44.0143
11   O               43.9992              38.4717              48.1437
12   C               45.6175              41.9406              43.9274
13   O               48.2377              40.8839              44.7617
14   C               44.1824              41.7585              43.7316
15   O               50.1817              39.8146              46.0652
16   C               43.5654              40.5509              43.8925
17   O               49.5934              38.6780              50.6446
18   C               44.3975              39.3946              44.3015
19   C               42.0758              40.4494              43.7845
20   C               47.4677              49.6470              44.1572
21   C               48.6994              49.1745              43.6009
22   C               49.6576              49.9850              43.0587
23   C               49.3446              51.3660              43.0126
24   C               48.1821              51.8868              43.6323
25   C               47.2445              51.0372              44.2053
26   C               46.6879              48.5190              44.4903
27   C               47.3922              47.3756              44.1415
28   C               45.7294              36.7749              48.2016
29   C               46.7325              36.0783              47.5196
30   C               47.0978              36.4433              46.1990
31   C               46.5468              37.5920              45.6438
32   C               45.5736              38.3441              46.3270
33   C               45.1058              37.8586              47.5712
34   C               45.0449              39.6423              45.7497
35   C               46.0049              40.9048              45.6315
36   C               47.4635              40.7404              45.7752
37   C               48.0358              40.3483              47.0888
38   C               47.3076              40.4066              48.3018
39   C               49.3907              39.8464              47.1628
40   C               47.8168              39.9080              49.4941
41   C               49.8988              39.3536              48.3679
42   C               49.1001              39.3185              49.5117
43   C               51.3567              38.9104              48.4654
44   C               52.3589              40.0457              48.6693
45   C               52.9486              40.4520              49.8199
46   C               53.8616              41.6519              49.7721
47   C               52.7375              39.8021              51.1648
48   H               48.7756              45.3099              43.0833
49   H               45.1941              46.3717              45.2771
50   H               44.0093              44.5890              46.0776
51   H               48.3997              42.0844              43.3308
52   H               46.2654              41.2719              43.3540
53   H               43.5724              42.6215              43.4822
54   H               43.8078              38.4805              44.3265
55   H               45.2488              39.2542              43.6344
56   H               41.5837              41.1558              44.4667
57   H               41.7195              39.4406              44.0142
58   H               41.7377              40.7203              42.7760
59   H               50.5927              49.5834              42.6679
60   H               48.0567              52.9649              43.6135
61   H               46.3447              51.4299              44.6727
62   H               45.6979              48.5726              44.9177
63   H               50.9060              51.7958              41.9123
64   H               45.4697              36.4391              49.2031
65   H               47.8076              35.8472              45.6301
66   H               46.8835              37.9320              44.6658
67   H               48.0613              34.6430              47.6206
68   H               43.7140              37.9975              48.9510
69   H               44.2271              39.9334              46.4290
70   H               45.6207              41.6820              46.2817
71   H               46.3132              40.8435              48.3066
72   H               47.2203              39.9603              50.4011
73   H               49.6324              40.2141              45.3207
74   H               48.9430              38.7162              51.3721
75   H               51.4301              38.1862              49.2817
76   H               51.5955              38.4371              47.5061
77   H               52.5331              40.6320              47.7647
78   H               53.9984              42.0770              50.7702
79   H               53.4697              42.4287              49.1057
80   H               54.8510              41.3743              49.3849
81   H               52.3638              38.7766              51.0822
82   H               52.0111              40.3784              51.7536
83   H               53.6698              39.7987              51.7409


Energy:                -10509.695588 Convergence criteria  Is converged 
Maximum Force:             0.655404     0.012245                No
RMS Force:                 0.067319     0.008163                No
Maximum Displacement:      0.071386     0.001800                No
RMS Displacement:          0.008130     0.001200                No

Model change: -1.923192e-02  Actual change: -2.017026e-02  rho:  1.049
Trust radius (MW):  0.200000  Step norm (MW):  0.200000  On boundary: True

----------------------------------------------------------------------
                            Iteration: 18                             

lambda1: N/A(PRFO), lambda2: N/A(PRFO)
lowest eigenvalue: -1.540417115285253, second lowest eigenvalue: -0.1274715401425888

                             Coordinates                              
----------------------------------------------------------------------
0    C               47.0104              46.0142              44.1561
1    O               44.2977              43.8793              45.4698
2    C               47.8161              45.0398              43.5140
3    O               48.1430              42.8181              42.7099
4    C               45.8053              45.6287              44.7801
5    O               50.1657              52.2632              42.3479
6    C               47.3724              43.7227              43.4224
7    O               48.6849              47.7564              43.6121
8    C               45.4155              44.2952              44.7466
9    O               47.3535              35.0240              48.1797
10   C               46.1328              43.3163              44.0116
11   O               44.0064              38.4775              48.1463
12   C               45.6133              41.9444              43.9248
13   O               48.2325              40.8839              44.7646
14   C               44.1807              41.7609              43.7320
15   O               50.1787              39.8208              46.0686
16   C               43.5677              40.5504              43.8896
17   O               49.6025              38.6860              50.6507
18   C               44.4009              39.3949              44.2998
19   C               42.0786              40.4456              43.7781
20   C               47.4683              49.6490              44.1572
21   C               48.6972              49.1760              43.5951
22   C               49.6559              49.9860              43.0529
23   C               49.3468              51.3679              43.0120
24   C               48.1832              51.8887              43.6299
25   C               47.2457              51.0394              44.2039
26   C               46.6907              48.5207              44.4958
27   C               47.3922              47.3771              44.1415
28   C               45.7228              36.7663              48.1977
29   C               46.7321              36.0741              47.5203
30   C               47.1069              36.4456              46.2041
31   C               46.5517              37.5909              45.6458
32   C               45.5748              38.3409              46.3263
33   C               45.1063              37.8559              47.5702
34   C               45.0453              39.6401              45.7498
35   C               46.0023              40.9041              45.6364
36   C               47.4595              40.7405              45.7792
37   C               48.0314              40.3452              47.0932
38   C               47.3018              40.3939              48.3060
39   C               49.3877              39.8484              47.1663
40   C               47.8153              39.8994              49.4985
41   C               49.8982              39.3550              48.3701
42   C               49.1025              39.3186              49.5159
43   C               51.3562              38.9127              48.4610
44   C               52.3562              40.0496              48.6646
45   C               52.9463              40.4518              49.8162
46   C               53.8630              41.6488              49.7710
47   C               52.7308              39.7999              51.1594
48   H               48.7681              45.3126              43.0675
49   H               45.2037              46.3686              45.2936
50   H               44.0131              44.5851              46.0818
51   H               48.3490              42.0504              43.3015
52   H               46.2581              41.2676              43.3576
53   H               43.5676              42.6233              43.4882
54   H               43.8117              38.4804              44.3233
55   H               45.2530              39.2546              43.6334
56   H               41.5827              41.1352              44.4749
57   H               41.7257              39.4308              43.9859
58   H               41.7404              40.7369              42.7753
59   H               50.5888              49.5830              42.6582
60   H               48.0578              52.9667              43.6107
61   H               46.3462              51.4328              44.6715
62   H               45.7039              48.5740              44.9307
63   H               50.9180              51.7995              41.9265
64   H               45.4543              36.4239              49.1946
65   H               47.8266              35.8564              45.6404
66   H               46.8889              37.9304              44.6679
67   H               48.0577              34.6359              47.6223
68   H               43.7223              38.0077              48.9564
69   H               44.2253              39.9283              46.4279
70   H               45.6157              41.6824              46.2835
71   H               46.3011              40.8167              48.3101
72   H               47.2191              39.9484              50.4058
73   H               49.6280              40.2186              45.3244
74   H               48.9482              38.7122              51.3752
75   H               51.4343              38.1869              49.2753
76   H               51.5921              38.4419              47.4998
77   H               52.5274              40.6393              47.7619
78   H               54.0100              42.0649              50.7713
79   H               53.4677              42.4327              49.1147
80   H               54.8477              41.3716              49.3717
81   H               52.3399              38.7812              51.0735
82   H               52.0160              40.3853              51.7535
83   H               53.6651              39.7794              51.7320


Energy:                -10509.708680 Convergence criteria  Is converged 
Maximum Force:             0.629170     0.012245                No
RMS Force:                 0.063758     0.008163                No
Maximum Displacement:      0.050695     0.001800                No
RMS Displacement:          0.007618     0.001200                No

Model change: -1.262669e-02  Actual change: -1.309218e-02  rho:  1.037
Trust radius (MW):  0.200000  Step norm (MW):  0.200000  On boundary: True

----------------------------------------------------------------------
                            Iteration: 19                             

lambda1: N/A(PRFO), lambda2: N/A(PRFO)
lowest eigenvalue: -1.509683893246769, second lowest eigenvalue: -0.10115953374177358

                             Coordinates                              
----------------------------------------------------------------------
0    C               47.0108              46.0154              44.1557
1    O               44.2993              43.8785              45.4704
2    C               47.8120              45.0425              43.5054
3    O               48.1460              42.8225              42.7090
4    C               45.8100              45.6280              44.7871
5    O               50.1728              52.2661              42.3549
6    C               47.3724              43.7235              43.4190
7    O               48.6813              47.7580              43.6031
8    C               45.4175              44.2954              44.7484
9    O               47.3503              35.0186              48.1809
10   C               46.1324              43.3167              44.0100
11   O               44.0138              38.4829              48.1492
12   C               45.6094              41.9481              43.9223
13   O               48.2267              40.8850              44.7682
14   C               44.1788              41.7629              43.7330
15   O               50.1756              39.8273              46.0722
16   C               43.5695              40.5494              43.8864
17   O               49.6114              38.6947              50.6567
18   C               44.4046              39.3949              44.2972
19   C               42.0811              40.4410              43.7711
20   C               47.4691              49.6508              44.1570
21   C               48.6951              49.1775              43.5888
22   C               49.6541              49.9870              43.0465
23   C               49.3489              51.3699              43.0114
24   C               48.1845              51.8905              43.6278
25   C               47.2471              51.0416              44.2027
26   C               46.6936              48.5223              44.5009
27   C               47.3922              47.3786              44.1410
28   C               45.7165              36.7579              48.1936
29   C               46.7316              36.0699              47.5207
30   C               47.1157              36.4477              46.2090
31   C               46.5565              37.5899              45.6478
32   C               45.5756              38.3374              46.3252
33   C               45.1069              37.8531              47.5691
34   C               45.0450              39.6374              45.7497
35   C               45.9991              40.9026              45.6423
36   C               47.4554              40.7403              45.7836
37   C               48.0270              40.3423              47.0978
38   C               47.2958              40.3813              48.3103
39   C               49.3845              39.8505              47.1697
40   C               47.8133              39.8902              49.5027
41   C               49.8974              39.3564              48.3721
42   C               49.1045              39.3185              49.5199
43   C               51.3556              38.9151              48.4567
44   C               52.3538              40.0532              48.6601
45   C               52.9446              40.4515              49.8126
46   C               53.8646              41.6459              49.7696
47   C               52.7252              39.7978              51.1542
48   H               48.7598              45.3154              43.0502
49   H               45.2135              46.3659              45.3094
50   H               44.0162              44.5822              46.0853
51   H               48.3039              42.0242              43.2723
52   H               46.2526              41.2648              43.3614
53   H               43.5627              42.6247              43.4945
54   H               43.8166              38.4795              44.3182
55   H               45.2579              39.2563              43.6321
56   H               41.5809              41.1125              44.4827
57   H               41.7320              39.4203              43.9558
58   H               41.7428              40.7531              42.7747
59   H               50.5848              49.5828              42.6478
60   H               48.0593              52.9686              43.6086
61   H               46.3481              51.4355              44.6708
62   H               45.7101              48.5754              44.9434
63   H               50.9290              51.8033              41.9396
64   H               45.4386              36.4085              49.1855
65   H               47.8448              35.8653              45.6504
66   H               46.8948              37.9292              44.6701
67   H               48.0549              34.6296              47.6246
68   H               43.7341              38.0200              48.9647
69   H               44.2224              39.9221              46.4261
70   H               45.6100              41.6820              46.2859
71   H               46.2893              40.7904              48.3140
72   H               47.2170              39.9350              50.4102
73   H               49.6234              40.2236              45.3283
74   H               48.9553              38.7126              51.3797
75   H               51.4381              38.1878              49.2692
76   H               51.5887              38.4467              47.4939
77   H               52.5223              40.6462              47.7591
78   H               54.0225              42.0526              50.7721
79   H               53.4653              42.4369              49.1243
80   H               54.8443              41.3697              49.3574
81   H               52.3237              38.7837              51.0655
82   H               52.0173              40.3885              51.7513
83   H               53.6600              39.7660              51.7252


Energy:                -10509.718340 Convergence criteria  Is converged 
Maximum Force:             0.606987     0.012245                No
RMS Force:                 0.061226     0.008163                No
Maximum Displacement:      0.045172     0.001800                No
RMS Displacement:          0.007317     0.001200                No

Model change: -9.466300e-03  Actual change: -9.660185e-03  rho:  1.020
Trust radius (MW):  0.200000  Step norm (MW):  0.200000  On boundary: True

----------------------------------------------------------------------
                            Iteration: 20                             

lambda1: N/A(PRFO), lambda2: N/A(PRFO)
lowest eigenvalue: -1.8171074770995552, second lowest eigenvalue: -0.08591887893563455

                             Coordinates                              
----------------------------------------------------------------------
0    C               47.0108              46.0163              44.1552
1    O               44.3011              43.8776              45.4727
2    C               47.8076              45.0448              43.4970
3    O               48.1488              42.8265              42.7085
4    C               45.8148              45.6269              44.7947
5    O               50.1802              52.2690              42.3627
6    C               47.3720              43.7244              43.4160
7    O               48.6773              47.7592              43.5934
8    C               45.4198              44.2952              44.7519
9    O               47.3461              35.0130              48.1815
10   C               46.1321              43.3170              44.0095
11   O               44.0218              38.4891              48.1522
12   C               45.6055              41.9524              43.9186
13   O               48.2211              40.8859              44.7719
14   C               44.1771              41.7649              43.7350
15   O               50.1730              39.8341              46.0757
16   C               43.5711              40.5482              43.8829
17   O               49.6192              38.7042              50.6626
18   C               44.4077              39.3947              44.2941
19   C               42.0835              40.4365              43.7622
20   C               47.4698              49.6523              44.1563
21   C               48.6926              49.1787              43.5817
22   C               49.6520              49.9876              43.0394
23   C               49.3511              51.3715              43.0109
24   C               48.1861              51.8920              43.6263
25   C               47.2486              51.0433              44.2018
26   C               46.6964              48.5236              44.5056
27   C               47.3919              47.3797              44.1398
28   C               45.7103              36.7503              48.1893
29   C               46.7309              36.0661              47.5207
30   C               47.1244              36.4499              46.2136
31   C               46.5615              37.5890              45.6494
32   C               45.5762              38.3336              46.3237
33   C               45.1074              37.8508              47.5678
34   C               45.0446              39.6343              45.7493
35   C               45.9963              40.8996              45.6496
36   C               47.4516              40.7395              45.7881
37   C               48.0232              40.3395              47.1025
38   C               47.2900              40.3696              48.3142
39   C               49.3817              39.8527              47.1731
40   C               47.8106              39.8810              49.5063
41   C               49.8964              39.3579              48.3742
42   C               49.1058              39.3186              49.5235
43   C               51.3548              38.9175              48.4532
44   C               52.3514              40.0567              48.6561
45   C               52.9435              40.4512              49.8091
46   C               53.8666              41.6431              49.7677
47   C               52.7209              39.7958              51.1493
48   H               48.7507              45.3179              43.0327
49   H               45.2232              46.3630              45.3253
50   H               44.0193              44.5796              46.0902
51   H               48.2653              42.0064              43.2473
52   H               46.2488              41.2627              43.3662
53   H               43.5578              42.6265              43.5040
54   H               43.8210              38.4784              44.3129
55   H               45.2624              39.2579              43.6302
56   H               41.5788              41.0868              44.4904
57   H               41.7382              39.4098              43.9196
58   H               41.7459              40.7731              42.7735
59   H               50.5803              49.5822              42.6363
60   H               48.0611              52.9701              43.6074
61   H               46.3503              51.4378              44.6707
62   H               45.7163              48.5765              44.9556
63   H               50.9394              51.8068              41.9521
64   H               45.4232              36.3939              49.1761
65   H               47.8628              35.8742              45.6602
66   H               46.9010              37.9284              44.6721
67   H               48.0521              34.6240              47.6270
68   H               43.7460              38.0327              48.9726
69   H               44.2189              39.9156              46.4237
70   H               45.6045              41.6812              46.2884
71   H               46.2792              40.7680              48.3178
72   H               47.2137              39.9208              50.4136
73   H               49.6195              40.2290              45.3322
74   H               48.9624              38.7167              51.3851
75   H               51.4413              38.1891              49.2642
76   H               51.5854              38.4509              47.4889
77   H               52.5171              40.6527              47.7566
78   H               54.0365              42.0397              50.7723
79   H               53.4624              42.4415              49.1347
80   H               54.8407              41.3686              49.3412
81   H               52.3140              38.7843              51.0582
82   H               52.0162              40.3891              51.7476
83   H               53.6554              39.7573              51.7201


Energy:                -10509.725288 Convergence criteria  Is converged 
Maximum Force:             0.580261     0.012245                No
RMS Force:                 0.058139     0.008163                No
Maximum Displacement:      0.038581     0.001800                No
RMS Displacement:          0.007104     0.001200                No

Model change: -6.889169e-03  Actual change: -6.948327e-03  rho:  1.009
Trust radius (MW):  0.200000  Step norm (MW):  0.200000  On boundary: True

----------------------------------------------------------------------
                            Iteration: 21                             

lambda1: N/A(PRFO), lambda2: N/A(PRFO)
lowest eigenvalue: -3.210085126216165, second lowest eigenvalue: -0.07972881570453237

                             Coordinates                              
----------------------------------------------------------------------
0    C               47.0102              46.0166              44.1552
1    O               44.3033              43.8762              45.4779
2    C               47.8029              45.0465              43.4899
3    O               48.1502              42.8290              42.7089
4    C               45.8194              45.6251              44.8036
5    O               50.1877              52.2713              42.3712
6    C               47.3718              43.7247              43.4153
7    O               48.6725              47.7596              43.5828
8    C               45.4230              44.2940              44.7588
9    O               47.3407              35.0079              48.1809
10   C               46.1329              43.3162              44.0122
11   O               44.0305              38.4972              48.1548
12   C               45.6015              41.9579              43.9127
13   O               48.2159              40.8839              44.7738
14   C               44.1763              41.7670              43.7393
15   O               50.1719              39.8410              46.0786
16   C               43.5729              40.5469              43.8801
17   O               49.6241              38.7151              50.6676
18   C               44.4096              39.3941              44.2922
19   C               42.0863              40.4331              43.7486
20   C               47.4702              49.6531              44.1553
21   C               48.6896              49.1789              43.5740
22   C               49.6494              49.9875              43.0317
23   C               49.3531              51.3725              43.0107
24   C               48.1877              51.8929              43.6255
25   C               47.2501              51.0443              44.2013
26   C               46.6986              48.5244              44.5095
27   C               47.3908              47.3802              44.1380
28   C               45.7049              36.7445              48.1848
29   C               46.7300              36.0636              47.5199
30   C               47.1331              36.4531              46.2174
31   C               46.5669              37.5892              45.6504
32   C               45.5770              38.3300              46.3219
33   C               45.1084              37.8496              47.5663
34   C               45.0442              39.6309              45.7495
35   C               45.9949              40.8936              45.6606
36   C               47.4491              40.7374              45.7921
37   C               48.0208              40.3380              47.1059
38   C               47.2851              40.3610              48.3163
39   C               49.3799              39.8555              47.1756
40   C               47.8066              39.8734              49.5080
41   C               49.8951              39.3599              48.3757
42   C               49.1056              39.3199              49.5259
43   C               51.3532              38.9200              48.4505
44   C               52.3486              40.0601              48.6526
45   C               52.9427              40.4508              49.8056
46   C               53.8689              41.6402              49.7652
47   C               52.7176              39.7941              51.1448
48   H               48.7409              45.3205              43.0159
49   H               45.2321              46.3596              45.3410
50   H               44.0224              44.5769              46.0972
51   H               48.2418              41.9973              43.2314
52   H               46.2458              41.2591              43.3736
53   H               43.5527              42.6287              43.5187
54   H               43.8233              38.4775              44.3096
55   H               45.2651              39.2578              43.6291
56   H               41.5749              41.0614              44.4915
57   H               41.7435              39.4013              43.8761
58   H               41.7533              40.7954              42.7675
59   H               50.5751              49.5810              42.6237
60   H               48.0635              52.9711              43.6077
61   H               46.3527              51.4393              44.6715
62   H               45.7220              48.5771              44.9671
63   H               50.9490              51.8097              41.9641
64   H               45.4102              36.3824              49.1672
65   H               47.8804              35.8837              45.6694
66   H               46.9077              37.9289              44.6736
67   H               48.0487              34.6192              47.6286
68   H               43.7547              38.0442              48.9771
69   H               44.2156              39.9094              46.4218
70   H               45.6012              41.6790              46.2928
71   H               46.2717              40.7529              48.3197
72   H               47.2081              39.9074              50.4145
73   H               49.6169              40.2336              45.3348
74   H               48.9665              38.7236              51.3894
75   H               51.4429              38.1912              49.2608
76   H               51.5819              38.4544              47.4854
77   H               52.5112              40.6589              47.7545
78   H               54.0523              42.0261              50.7716
79   H               53.4587              42.4463              49.1457
80   H               54.8364              41.3680              49.3227
81   H               52.3069              38.7845              51.0518
82   H               52.0150              40.3892              51.7438
83   H               53.6518              39.7506              51.7156


Energy:                -10509.730777 Convergence criteria  Is converged 
Maximum Force:             0.537658     0.012245                No
RMS Force:                 0.053279     0.008163                No
Maximum Displacement:      0.043542     0.001800                No
RMS Displacement:          0.006709     0.001200                No

Model change: -5.364238e-03  Actual change: -5.488594e-03  rho:  1.023
Trust radius (MW):  0.200000  Step norm (MW):  0.200000  On boundary: True

----------------------------------------------------------------------
                            Iteration: 22                             

lambda1: N/A(PRFO), lambda2: N/A(PRFO)
lowest eigenvalue: -5.500245889313589, second lowest eigenvalue: -0.06945525604945715

                             Coordinates                              
----------------------------------------------------------------------
0    C               47.0091              46.0166              44.1555
1    O               44.3059              43.8744              45.4853
2    C               47.7983              45.0478              43.4841
3    O               48.1504              42.8301              42.7100
4    C               45.8237              45.6229              44.8130
5    O               50.1948              52.2731              42.3800
6    C               47.3719              43.7246              43.4165
7    O               48.6672              47.7595              43.5719
8    C               45.4268              44.2921              44.7679
9    O               47.3348              35.0031              48.1792
10   C               46.1345              43.3149              44.0174
11   O               44.0394              38.5062              48.1569
12   C               45.5985              41.9632              43.9061
13   O               48.2112              40.8805              44.7744
14   C               44.1764              41.7684              43.7443
15   O               50.1715              39.8479              46.0809
16   C               43.5743              40.5455              43.8777
17   O               49.6268              38.7262              50.6718
18   C               44.4096              39.3928              44.2914
19   C               42.0890              40.4310              43.7322
20   C               47.4703              49.6534              44.1538
21   C               48.6864              49.1787              43.5659
22   C               49.6466              49.9869              43.0237
23   C               49.3550              51.3730              43.0107
24   C               48.1896              51.8933              43.6255
25   C               47.2517              51.0449              44.2012
26   C               46.7002              48.5248              44.5126
27   C               47.3892              47.3803              44.1357
28   C               45.7005              36.7403              48.1806
29   C               46.7290              36.0617              47.5185
30   C               47.1411              36.4564              46.2203
31   C               46.5723              37.5899              45.6508
32   C               45.5782              38.3268              46.3200
33   C               45.1097              37.8494              47.5646
34   C               45.0442              39.6275              45.7500
35   C               45.9949              40.8858              45.6728
36   C               47.4472              40.7346              45.7953
37   C               48.0194              40.3374              47.1085
38   C               47.2807              40.3552              48.3174
39   C               49.3787              39.8587              47.1773
40   C               47.8021              39.8674              49.5086
41   C               49.8934              39.3624              48.3769
42   C               49.1043              39.3220              49.5275
43   C               51.3512              38.9225              48.4487
44   C               52.3457              40.0632              48.6496
45   C               52.9425              40.4504              49.8024
46   C               53.8713              41.6376              49.7623
47   C               52.7152              39.7927              51.1407
48   H               48.7309              45.3233              43.0005
49   H               45.2399              46.3563              45.3561
50   H               44.0250              44.5746              46.1052
51   H               48.2296              41.9926              43.2238
52   H               46.2443              41.2557              43.3814
53   H               43.5487              42.6301              43.5337
54   H               43.8222              38.4768              44.3098
55   H               45.2649              39.2546              43.6281
56   H               41.5699              41.0372              44.4882
57   H               41.7479              39.3952              43.8285
58   H               41.7629              40.8193              42.7588
59   H               50.5695              49.5793              42.6108
60   H               48.0664              52.9716              43.6093
61   H               46.3552              51.4403              44.6729
62   H               45.7269              48.5775              44.9771
63   H               50.9576              51.8120              41.9750
64   H               45.4002              36.3741              49.1597
65   H               47.8962              35.8925              45.6774
66   H               46.9146              37.9303              44.6747
67   H               48.0447              34.6147              47.6292
68   H               43.7612              38.0547              48.9791
69   H               44.2133              39.9041              46.4204
70   H               45.5996              41.6766              46.2966
71   H               46.2655              40.7424              48.3201
72   H               47.2016              39.8957              50.4140
73   H               49.6152              40.2377              45.3365
74   H               48.9680              38.7311              51.3926
75   H               51.4433              38.1937              49.2588
76   H               51.5782              38.4572              47.4831
77   H               52.5051              40.6646              47.7527
78   H               54.0691              42.0125              50.7699
79   H               53.4547              42.4512              49.1569
80   H               54.8318              41.3682              49.3029
81   H               52.3023              38.7842              51.0460
82   H               52.0135              40.3886              51.7398
83   H               53.6489              39.7458              51.7121


Energy:                -10509.736467 Convergence criteria  Is converged 
Maximum Force:             0.466374     0.012245                No
RMS Force:                 0.046125     0.008163                No
Maximum Displacement:      0.047604     0.001800                No
RMS Displacement:          0.006454     0.001200                No

Model change: -5.502697e-03  Actual change: -5.689713e-03  rho:  1.034
Trust radius (MW):  0.200000  Step norm (MW):  0.200000  On boundary: True

----------------------------------------------------------------------
                            Iteration: 23                             

lambda1: N/A(PRFO), lambda2: N/A(PRFO)
lowest eigenvalue: -9.032293249736185, second lowest eigenvalue: -0.06502276030904908

                             Coordinates                              
----------------------------------------------------------------------
0    C               47.0078              46.0162              44.1561
1    O               44.3088              43.8726              45.4943
2    C               47.7938              45.0485              43.4794
3    O               48.1499              42.8303              42.7115
4    C               45.8278              45.6206              44.8225
5    O               50.2017              52.2745              42.3887
6    C               47.3720              43.7239              43.4189
7    O               48.6617              47.7590              43.5609
8    C               45.4308              44.2899              44.7781
9    O               47.3286              34.9985              48.1768
10   C               46.1366              43.3129              44.0243
11   O               44.0484              38.5154              48.1589
12   C               45.5962              41.9676              43.8999
13   O               48.2073              40.8766              44.7743
14   C               44.1770              41.7691              43.7504
15   O               50.1717              39.8547              46.0830
16   C               43.5754              40.5439              43.8751
17   O               49.6280              38.7371              50.6754
18   C               44.4088              39.3909              44.2906
19   C               42.0918              40.4295              43.7143
20   C               47.4702              49.6533              44.1521
21   C               48.6829              49.1781              43.5577
22   C               49.6436              49.9860              43.0157
23   C               49.3568              51.3731              43.0108
24   C               48.1917              51.8934              43.6262
25   C               47.2534              51.0451              44.2015
26   C               46.7015              48.5249              44.5149
27   C               47.3872              47.3802              44.1332
28   C               45.6970              36.7373              48.1766
29   C               46.7279              36.0603              47.5168
30   C               47.1480              36.4594              46.2224
31   C               46.5774              37.5909              45.6507
32   C               45.5793              38.3242              46.3177
33   C               45.1112              37.8499              47.5628
34   C               45.0437              39.6241              45.7497
35   C               45.9952              40.8776              45.6856
36   C               47.4460              40.7321              45.7980
37   C               48.0184              40.3378              47.1102
38   C               47.2767              40.3513              48.3175
39   C               49.3777              39.8622              47.1787
40   C               47.7973              39.8631              49.5083
41   C               49.8916              39.3653              48.3779
42   C               49.1024              39.3248              49.5285
43   C               51.3489              38.9250              48.4477
44   C               52.3429              40.0661              48.6472
45   C               52.9429              40.4499              49.7994
46   C               53.8739              41.6352              49.7589
47   C               52.7137              39.7915              51.1370
48   H               48.7211              45.3256              42.9867
49   H               45.2471              46.3530              45.3703
50   H               44.0284              44.5723              46.1149
51   H               48.2237              41.9899              43.2209
52   H               46.2440              41.2523              43.3897
53   H               43.5463              42.6315              43.5502
54   H               43.8196              38.4759              44.3105
55   H               45.2634              39.2500              43.6268
56   H               41.5645              41.0138              44.4820
57   H               41.7523              39.3906              43.7797
58   H               41.7734              40.8430              42.7490
59   H               50.5638              49.5775              42.5976
60   H               48.0698              52.9719              43.6123
61   H               46.3580              51.4409              44.6749
62   H               45.7312              48.5777              44.9858
63   H               50.9652              51.8137              41.9849
64   H               45.3922              36.3681              49.1531
65   H               47.9098              35.9004              45.6840
66   H               46.9212              37.9319              44.6754
67   H               48.0402              34.6103              47.6289
68   H               43.7668              38.0641              48.9800
69   H               44.2108              39.8992              46.4185
70   H               45.5984              41.6735              46.3015
71   H               46.2602              40.7349              48.3193
72   H               47.1949              39.8862              50.4126
73   H               49.6144              40.2414              45.3377
74   H               48.9680              38.7389              51.3951
75   H               51.4426              38.1966              49.2578
76   H               51.5745              38.4596              47.4818
77   H               52.4990              40.6696              47.7512
78   H               54.0868              41.9991              50.7675
79   H               53.4503              42.4562              49.1683
80   H               54.8268              41.3694              49.2819
81   H               52.2996              38.7837              51.0408
82   H               52.0116              40.3877              51.7354
83   H               53.6465              39.7428              51.7097


Energy:                -10509.743000 Convergence criteria  Is converged 
Maximum Force:             0.373441     0.012245                No
RMS Force:                 0.037090     0.008163                No
Maximum Displacement:      0.048769     0.001800                No
RMS Displacement:          0.006347     0.001200                No

Model change: -6.438218e-03  Actual change: -6.533114e-03  rho:  1.015
Trust radius (MW):  0.200000  Step norm (MW):  0.200000  On boundary: True

----------------------------------------------------------------------
                            Iteration: 24                             

lambda1: N/A(PRFO), lambda2: N/A(PRFO)
lowest eigenvalue: -10.421901068140448, second lowest eigenvalue: -0.062167681449573825

                             Coordinates                              
----------------------------------------------------------------------
0    C               47.0066              46.0158              44.1571
1    O               44.3130              43.8702              45.5047
2    C               47.7897              45.0491              43.4755
3    O               48.1492              42.8301              42.7131
4    C               45.8321              45.6184              44.8325
5    O               50.2086              52.2757              42.3977
6    C               47.3719              43.7234              43.4210
7    O               48.6558              47.7584              43.5496
8    C               45.4348              44.2879              44.7882
9    O               47.3224              34.9931              48.1740
10   C               46.1381              43.3117              44.0301
11   O               44.0577              38.5241              48.1617
12   C               45.5933              41.9727              43.8939
13   O               48.2032              40.8723              44.7743
14   C               44.1770              41.7705              43.7556
15   O               50.1718              39.8619              46.0854
16   C               43.5769              40.5427              43.8716
17   O               49.6288              38.7477              50.6791
18   C               44.4086              39.3895              44.2889
19   C               42.0950              40.4273              43.6959
20   C               47.4700              49.6532              44.1500
21   C               48.6791              49.1774              43.5490
22   C               49.6403              49.9849              43.0072
23   C               49.3587              51.3731              43.0111
24   C               48.1942              51.8934              43.6277
25   C               47.2552              51.0452              44.2022
26   C               46.7024              48.5250              44.5168
27   C               47.3851              47.3800              44.1304
28   C               45.6942              36.7344              48.1732
29   C               46.7268              36.0584              47.5151
30   C               47.1539              36.4617              46.2242
31   C               46.5817              37.5912              45.6507
32   C               45.5801              38.3214              46.3156
33   C               45.1129              37.8501              47.5615
34   C               45.0431              39.6208              45.7492
35   C               45.9947              40.8707              45.6967
36   C               47.4441              40.7297              45.8004
37   C               48.0171              40.3383              47.1120
38   C               47.2728              40.3481              48.3177
39   C               49.3766              39.8659              47.1803
40   C               47.7928              39.8599              49.5084
41   C               49.8898              39.3684              48.3792
42   C               49.1004              39.3279              49.5298
43   C               51.3465              38.9274              48.4472
44   C               52.3403              40.0688              48.6452
45   C               52.9440              40.4493              49.7965
46   C               53.8769              41.6330              49.7551
47   C               52.7129              39.7907              51.1337
48   H               48.7122              45.3277              42.9748
49   H               45.2550              46.3497              45.3857
50   H               44.0335              44.5693              46.1264
51   H               48.2212              41.9884              43.2204
52   H               46.2428              41.2505              43.3963
53   H               43.5430              42.6332              43.5657
54   H               43.8180              38.4753              44.3097
55   H               45.2631              39.2463              43.6252
56   H               41.5594              40.9897              44.4743
57   H               41.7588              39.3860              43.7315
58   H               41.7835              40.8648              42.7391
59   H               50.5576              49.5754              42.5837
60   H               48.0740              52.9721              43.6166
61   H               46.3611              51.4413              44.6775
62   H               45.7352              48.5779              44.9937
63   H               50.9724              51.8150              41.9943
64   H               45.3859              36.3627              49.1476
65   H               47.9217              35.9069              45.6899
66   H               46.9270              37.9329              44.6760
67   H               48.0352              34.6049              47.6276
68   H               43.7724              38.0725              48.9811
69   H               44.2080              39.8942              46.4161
70   H               45.5966              41.6707              46.3059
71   H               46.2549              40.7279              48.3184
72   H               47.1887              39.8787              50.4117
73   H               49.6135              40.2452              45.3392
74   H               48.9677              38.7468              51.3979
75   H               51.4417              38.1995              49.2576
76   H               51.5708              38.4616              47.4813
77   H               52.4931              40.6742              47.7500
78   H               54.1063              41.9853              50.7642
79   H               53.4453              42.4616              49.1809
80   H               54.8213              41.3716              49.2590
81   H               52.2988              38.7830              51.0362
82   H               52.0093              40.3865              51.7306
83   H               53.6446              39.7413              51.7081


Energy:                -10509.749682 Convergence criteria  Is converged 
Maximum Force:             0.280086     0.012245                No
RMS Force:                 0.028772     0.008163                No
Maximum Displacement:      0.048202     0.001800                No
RMS Displacement:          0.006301     0.001200                No

Model change: -6.714318e-03  Actual change: -6.682331e-03  rho:  0.995
Trust radius (MW):  0.200000  Step norm (MW):  0.200000  On boundary: True

----------------------------------------------------------------------
                            Iteration: 25                             

lambda1: N/A(PRFO), lambda2: N/A(PRFO)
lowest eigenvalue: -9.619246771879777, second lowest eigenvalue: -0.05881865611672448

                             Coordinates                              
----------------------------------------------------------------------
0    C               47.0057              46.0154              44.1584
1    O               44.3183              43.8677              45.5164
2    C               47.7860              45.0497              43.4721
3    O               48.1483              42.8297              42.7152
4    C               45.8366              45.6165              44.8426
5    O               50.2155              52.2766              42.4068
6    C               47.3712              43.7232              43.4224
7    O               48.6498              47.7578              43.5379
8    C               45.4384              44.2863              44.7977
9    O               47.3163              34.9870              48.1709
10   C               46.1384              43.3113              44.0341
11   O               44.0669              38.5320              48.1650
12   C               45.5900              41.9779              43.8874
13   O               48.1987              40.8681              44.7745
14   C               44.1763              41.7727              43.7600
15   O               50.1718              39.8695              46.0882
16   C               43.5789              40.5420              43.8669
17   O               49.6295              38.7577              50.6831
18   C               44.4099              39.3888              44.2859
19   C               42.0989              40.4243              43.6776
20   C               47.4696              49.6530              44.1477
21   C               48.6751              49.1766              43.5400
22   C               49.6368              49.9837              42.9983
23   C               49.3606              51.3729              43.0115
24   C               48.1971              51.8934              43.6299
25   C               47.2573              51.0453              44.2032
26   C               46.7032              48.5251              44.5182
27   C               47.3829              47.3798              44.1276
28   C               45.6919              36.7315              48.1704
29   C               46.7256              36.0558              47.5134
30   C               47.1587              36.4628              46.2258
31   C               46.5850              37.5908              45.6505
32   C               45.5804              38.3185              46.3135
33   C               45.1147              37.8500              47.5605
34   C               45.0421              39.6175              45.7482
35   C               45.9934              40.8650              45.7057
36   C               47.4416              40.7274              45.8028
37   C               48.0154              40.3386              47.1139
38   C               47.2690              40.3451              48.3184
39   C               49.3754              39.8697              47.1824
40   C               47.7888              39.8575              49.5091
41   C               49.8880              39.3717              48.3810
42   C               49.0987              39.3312              49.5317
43   C               51.3443              38.9299              48.4474
44   C               52.3382              40.0712              48.6436
45   C               52.9459              40.4487              49.7936
46   C               53.8804              41.6310              49.7508
47   C               52.7128              39.7903              51.1307
48   H               48.7046              45.3294              42.9648
49   H               45.2636              46.3465              45.4018
50   H               44.0407              44.5659              46.1401
51   H               48.2168              41.9866              43.2206
52   H               46.2405              41.2495              43.4013
53   H               43.5392              42.6358              43.5820
54   H               43.8190              38.4748              44.3059
55   H               45.2650              39.2451              43.6231
56   H               41.5550              40.9649              44.4659
57   H               41.7672              39.3810              43.6851
58   H               41.7925              40.8839              42.7296
59   H               50.5510              49.5733              42.5690
60   H               48.0789              52.9724              43.6223
61   H               46.3645              51.4418              44.6808
62   H               45.7388              48.5781              45.0008
63   H               50.9792              51.8160              42.0030
64   H               45.3809              36.3579              49.1432
65   H               47.9315              35.9118              45.6949
66   H               46.9317              37.9329              44.6764
67   H               48.0298              34.5986              47.6256
68   H               43.7783              38.0798              48.9829
69   H               44.2048              39.8893              46.4130
70   H               45.5937              41.6684              46.3089
71   H               46.2497              40.7212              48.3178
72   H               47.1836              39.8731              50.4118
73   H               49.6122              40.2495              45.3412
74   H               48.9674              38.7544              51.4010
75   H               51.4406              38.2025              49.2581
76   H               51.5671              38.4634              47.4814
77   H               52.4876              40.6783              47.7489
78   H               54.1278              41.9708              50.7601
79   H               53.4400              42.4675              49.1948
80   H               54.8152              41.3750              49.2340
81   H               52.2994              38.7823              51.0322
82   H               52.0071              40.3856              51.7256
83   H               53.6432              39.7412              51.7072


Energy:                -10509.756708 Convergence criteria  Is converged 
Maximum Force:             0.186158     0.012245                No
RMS Force:                 0.020792     0.008163                No
Maximum Displacement:      0.046338     0.001800                No
RMS Displacement:          0.006285     0.001200                No

Model change: -6.972382e-03  Actual change: -7.026179e-03  rho:  1.008
Trust radius (MW):  0.200000  Step norm (MW):  0.200000  On boundary: True

----------------------------------------------------------------------
                            Iteration: 26                             

lambda1: N/A(PRFO), lambda2: N/A(PRFO)
lowest eigenvalue: -9.396601715480916, second lowest eigenvalue: -0.056220948275424336

                             Coordinates                              
----------------------------------------------------------------------
0    C               47.0049              46.0150              44.1597
1    O               44.3241              43.8655              45.5293
2    C               47.7825              45.0501              43.4693
3    O               48.1470              42.8291              42.7174
4    C               45.8411              45.6147              44.8524
5    O               50.2224              52.2773              42.4158
6    C               47.3703              43.7231              43.4238
7    O               48.6437              47.7573              43.5261
8    C               45.4418              44.2849              44.8072
9    O               47.3102              34.9805              48.1674
10   C               46.1382              43.3111              44.0378
11   O               44.0760              38.5392              48.1685
12   C               45.5865              41.9831              43.8807
13   O               48.1944              40.8640              44.7748
14   C               44.1757              41.7748              43.7639
15   O               50.1719              39.8774              46.0914
16   C               43.5810              40.5410              43.8615
17   O               49.6300              38.7673              50.6871
18   C               44.4117              39.3882              44.2821
19   C               42.1029              40.4206              43.6594
20   C               47.4692              49.6529              44.1452
21   C               48.6710              49.1758              43.5307
22   C               49.6332              49.9825              42.9892
23   C               49.3625              51.3726              43.0121
24   C               48.2004              51.8934              43.6327
25   C               47.2595              51.0453              44.2046
26   C               46.7039              48.5252              44.5192
27   C               47.3808              47.3797              44.1246
28   C               45.6902              36.7288              48.1679
29   C               46.7242              36.0530              47.5116
30   C               47.1622              36.4631              46.2267
31   C               46.5875              37.5900              45.6501
32   C               45.5805              38.3157              46.3114
33   C               45.1166              37.8499              47.5598
34   C               45.0410              39.6144              45.7467
35   C               45.9918              40.8599              45.7141
36   C               47.4392              40.7253              45.8050
37   C               48.0134              40.3391              47.1158
38   C               47.2651              40.3425              48.3192
39   C               49.3742              39.8737              47.1847
40   C               47.7851              39.8561              49.5102
41   C               49.8862              39.3752              48.3831
42   C               49.0969              39.3349              49.5338
43   C               51.3420              38.9323              48.4480
44   C               52.3364              40.0734              48.6422
45   C               52.9483              40.4482              49.7909
46   C               53.8843              41.6292              49.7463
47   C               52.7135              39.7903              51.1280
48   H               48.6976              45.3308              42.9562
49   H               45.2723              46.3436              45.4176
50   H               44.0490              44.5632              46.1547
51   H               48.2115              41.9846              43.2210
52   H               46.2381              41.2481              43.4070
53   H               43.5354              42.6383              43.5982
54   H               43.8213              38.4738              44.3006
55   H               45.2680              39.2451              43.6205
56   H               41.5513              40.9406              44.4561
57   H               41.7764              39.3758              43.6415
58   H               41.8008              40.8998              42.7199
59   H               50.5441              49.5711              42.5539
60   H               48.0846              52.9726              43.6291
61   H               46.3682              51.4422              44.6846
62   H               45.7421              48.5784              45.0072
63   H               50.9855              51.8167              42.0110
64   H               45.3769              36.3539              49.1395
65   H               47.9391              35.9150              45.6987
66   H               46.9353              37.9325              44.6766
67   H               48.0239              34.5916              47.6228
68   H               43.7844              38.0864              48.9850
69   H               44.2013              39.8844              46.4091
70   H               45.5907              41.6663              46.3125
71   H               46.2445              40.7148              48.3173
72   H               47.1791              39.8694              50.4123
73   H               49.6112              40.2541              45.3436
74   H               48.9672              38.7622              51.4044
75   H               51.4392              38.2055              49.2591
76   H               51.5633              38.4650              47.4821
77   H               52.4826              40.6819              47.7479
78   H               54.1510              41.9557              50.7549
79   H               53.4345              42.4736              49.2099
80   H               54.8082              41.3794              49.2075
81   H               52.3007              38.7822              51.0290
82   H               52.0058              40.3854              51.7208
83   H               53.6426              39.7417              51.7065


Energy:                -10509.764390 Convergence criteria  Is converged 
Maximum Force:             0.115780     0.012245                No
RMS Force:                 0.014973     0.008163                No
Maximum Displacement:      0.043638     0.001800                No
RMS Displacement:          0.006228     0.001200                No

Model change: -7.780525e-03  Actual change: -7.681437e-03  rho:  0.987
Trust radius (MW):  0.200000  Step norm (MW):  0.200000  On boundary: True

----------------------------------------------------------------------
                            Iteration: 27                             

lambda1: N/A(PRFO), lambda2: N/A(PRFO)
lowest eigenvalue: -7.031935176914252, second lowest eigenvalue: -0.05503063959499589

                             Coordinates                              
----------------------------------------------------------------------
0    C               47.0043              46.0148              44.1610
1    O               44.3307              43.8633              45.5427
2    C               47.7795              45.0507              43.4668
3    O               48.1456              42.8285              42.7194
4    C               45.8456              45.6134              44.8619
5    O               50.2291              52.2779              42.4246
6    C               47.3692              43.7233              43.4247
7    O               48.6376              47.7568              43.5144
8    C               45.4452              44.2840              44.8162
9    O               47.3041              34.9735              48.1637
10   C               46.1375              43.3116              44.0404
11   O               44.0848              38.5456              48.1723
12   C               45.5828              41.9885              43.8740
13   O               48.1898              40.8604              44.7755
14   C               44.1743              41.7771              43.7669
15   O               50.1718              39.8857              46.0949
16   C               43.5833              40.5401              43.8556
17   O               49.6305              38.7765              50.6913
18   C               44.4147              39.3879              44.2774
19   C               42.1072              40.4158              43.6418
20   C               47.4688              49.6528              44.1426
21   C               48.6669              49.1752              43.5214
22   C               49.6295              49.9814              42.9800
23   C               49.3645              51.3724              43.0127
24   C               48.2040              51.8934              43.6361
25   C               47.2620              51.0455              44.2064
26   C               46.7045              48.5255              44.5200
27   C               47.3787              47.3797              44.1214
28   C               45.6889              36.7261              48.1659
29   C               46.7225              36.0496              47.5098
30   C               47.1645              36.4623              46.2270
31   C               46.5891              37.5884              45.6495
32   C               45.5801              38.3126              46.3094
33   C               45.1184              37.8494              47.5593
34   C               45.0397              39.6110              45.7450
35   C               45.9897              40.8550              45.7213
36   C               47.4362              40.7232              45.8073
37   C               48.0112              40.3393              47.1181
38   C               47.2614              40.3402              48.3205
39   C               49.3728              39.8777              47.1874
40   C               47.7818              39.8554              49.5118
41   C               49.8846              39.3788              48.3855
42   C               49.0954              39.3387              49.5364
43   C               51.3398              38.9347              48.4490
44   C               52.3348              40.0754              48.6411
45   C               52.9513              40.4476              49.7882
46   C               53.8885              41.6276              49.7413
47   C               52.7149              39.7909              51.1257
48   H               48.6916              45.3321              42.9488
49   H               45.2812              46.3412              45.4330
50   H               44.0581              44.5605              46.1698
51   H               48.2069              41.9831              43.2219
52   H               46.2350              41.2488              43.4097
53   H               43.5306              42.6405              43.6134
54   H               43.8253              38.4727              44.2931
55   H               45.2729              39.2466              43.6177
56   H               41.5479              40.9161              44.4458
57   H               41.7865              39.3697              43.6006
58   H               41.8082              40.9124              42.7105
59   H               50.5370              49.5691              42.5385
60   H               48.0909              52.9729              43.6369
61   H               46.3722              51.4428              44.6890
62   H               45.7453              48.5788              45.0130
63   H               50.9914              51.8172              42.0183
64   H               45.3740              36.3502              49.1366
65   H               47.9443              35.9164              45.7012
66   H               46.9379              37.9313              44.6765
67   H               48.0176              34.5839              47.6193
68   H               43.7912              38.0928              48.9881
69   H               44.1974              39.8791              46.4047
70   H               45.5869              41.6643              46.3145
71   H               46.2394              40.7089              48.3174
72   H               47.1753              39.8669              50.4137
73   H               49.6099              40.2594              45.3464
74   H               48.9674              38.7702              51.4082
75   H               51.4378              38.2086              49.2606
76   H               51.5595              38.4666              47.4831
77   H               52.4779              40.6850              47.7471
78   H               54.1759              41.9401              50.7487
79   H               53.4290              42.4801              49.2262
80   H               54.8005              41.3847              49.1794
81   H               52.3021              38.7827              51.0266
82   H               52.0060              40.3864              51.7166
83   H               53.6430              39.7424              51.7057


Energy:                -10509.772441 Convergence criteria  Is converged 
Maximum Force:             0.054421     0.012245                No
RMS Force:                 0.011125     0.008163                No
Maximum Displacement:      0.040918     0.001800                No
RMS Displacement:          0.006204     0.001200                No

Model change: -8.067042e-03  Actual change: -8.051236e-03  rho:  0.998
Trust radius (MW):  0.200000  Step norm (MW):  0.200000  On boundary: True

----------------------------------------------------------------------
                            Iteration: 28                             

lambda1: N/A(PRFO), lambda2: N/A(PRFO)
lowest eigenvalue: -6.121047004959939, second lowest eigenvalue: -0.05579861860059535

                             Coordinates                              
----------------------------------------------------------------------
0    C               47.0037              46.0148              44.1622
1    O               44.3378              43.8611              45.5564
2    C               47.7766              45.0512              43.4645
3    O               48.1440              42.8280              42.7213
4    C               45.8500              45.6123              44.8709
5    O               50.2358              52.2783              42.4331
6    C               47.3680              43.7235              43.4256
7    O               48.6315              47.7565              43.5027
8    C               45.4486              44.2831              44.8249
9    O               47.2978              34.9664              48.1597
10   C               46.1369              43.3123              44.0432
11   O               44.0931              38.5514              48.1760
12   C               45.5793              41.9932              43.8686
13   O               48.1856              40.8572              44.7764
14   C               44.1728              41.7790              43.7697
15   O               50.1717              39.8944              46.0988
16   C               43.5856              40.5388              43.8495
17   O               49.6308              38.7852              50.6955
18   C               44.4179              39.3875              44.2725
19   C               42.1115              40.4102              43.6244
20   C               47.4684              49.6528              44.1400
21   C               48.6628              49.1746              43.5121
22   C               49.6258              49.9804              42.9708
23   C               49.3666              51.3721              43.0134
24   C               48.2079              51.8935              43.6400
25   C               47.2647              51.0457              44.2085
26   C               46.7050              48.5259              44.5205
27   C               47.3765              47.3798              44.1182
28   C               45.6879              36.7236              48.1642
29   C               46.7205              36.0459              47.5078
30   C               47.1655              36.4607              46.2267
31   C               46.5899              37.5863              45.6486
32   C               45.5795              38.3095              46.3073
33   C               45.1201              37.8490              47.5589
34   C               45.0383              39.6076              45.7430
35   C               45.9874              40.8505              45.7275
36   C               47.4333              40.7211              45.8095
37   C               48.0088              40.3395              47.1203
38   C               47.2577              40.3381              48.3220
39   C               49.3713              39.8819              47.1902
40   C               47.7787              39.8553              49.5137
41   C               49.8828              39.3825              48.3881
42   C               49.0939              39.3428              49.5392
43   C               51.3375              38.9372              48.4503
44   C               52.3335              40.0774              48.6402
45   C               52.9546              40.4471              49.7856
46   C               53.8930              41.6260              49.7361
47   C               52.7170              39.7920              51.1236
48   H               48.6859              45.3332              42.9420
49   H               45.2897              46.3390              45.4475
50   H               44.0672              44.5582              46.1846
51   H               48.2026              41.9819              43.2229
52   H               46.2321              41.2497              43.4120
53   H               43.5260              42.6423              43.6279
54   H               43.8300              38.4713              44.2851
55   H               45.2781              39.2485              43.6147
56   H               41.5447              40.8916              44.4347
57   H               41.7972              39.3633              43.5615
58   H               41.8151              40.9226              42.7009
59   H               50.5298              49.5672              42.5230
60   H               48.0977              52.9733              43.6455
61   H               46.3766              51.4434              44.6939
62   H               45.7483              48.5794              45.0183
63   H               50.9969              51.8175              42.0248
64   H               45.3718              36.3472              49.1342
65   H               47.9472              35.9161              45.7023
66   H               46.9396              37.9297              44.6761
67   H               48.0109              34.5760              47.6153
68   H               43.7986              38.0991              48.9916
69   H               44.1934              39.8740              46.4001
70   H               45.5831              41.6619              46.3165
71   H               46.2345              40.7034              48.3179
72   H               47.1719              39.8656              50.4154
73   H               49.6088              40.2652              45.3496
74   H               48.9677              38.7785              51.4124
75   H               51.4362              38.2117              49.2624
76   H               51.5556              38.4681              47.4845
77   H               52.4734              40.6880              47.7464
78   H               54.2023              41.9240              50.7414
79   H               53.4236              42.4868              49.2436
80   H               54.7919              41.3907              49.1503
81   H               52.3031              38.7842              51.0250
82   H               52.0079              40.3887              51.7131
83   H               53.6445              39.7428              51.7046


Energy:                -10509.780888 Convergence criteria  Is converged 
Maximum Force:             0.048581     0.012245                No
RMS Force:                 0.009471     0.008163                No
Maximum Displacement:      0.039056     0.001800                No
RMS Displacement:          0.006186     0.001200                No

Model change: -8.426441e-03  Actual change: -8.446985e-03  rho:  1.002
Trust radius (MW):  0.200000  Step norm (MW):  0.198625  On boundary: False

----------------------------------------------------------------------
                            Iteration: 29                             

lambda1: N/A(PRFO), lambda2: N/A(PRFO)
lowest eigenvalue: -6.519055802157742, second lowest eigenvalue: -0.05829243119969591

                             Coordinates                              
----------------------------------------------------------------------
0    C               47.0029              46.0147              44.1631
1    O               44.3452              43.8588              45.5702
2    C               47.7734              45.0515              43.4623
3    O               48.1421              42.8274              42.7229
4    C               45.8539              45.6112              44.8792
5    O               50.2422              52.2785              42.4411
6    C               47.3664              43.7234              43.4269
7    O               48.6254              47.7562              43.4912
8    C               45.4523              44.2820              44.8339
9    O               47.2914              34.9594              48.1553
10   C               46.1369              43.3122              44.0478
11   O               44.1009              38.5570              48.1792
12   C               45.5781              41.9942              43.8713
13   O               48.1824              40.8544              44.7771
14   C               44.1718              41.7796              43.7731
15   O               50.1718              39.9034              46.1029
16   C               43.5878              40.5372              43.8436
17   O               49.6309              38.7939              50.6995
18   C               44.4205              39.3862              44.2677
19   C               42.1158              40.4043              43.6068
20   C               47.4680              49.6529              44.1375
21   C               48.6587              49.1741              43.5030
22   C               49.6221              49.9794              42.9616
23   C               49.3687              51.3719              43.0141
24   C               48.2121              51.8936              43.6443
25   C               47.2676              51.0460              44.2110
26   C               46.7055              48.5262              44.5208
27   C               47.3743              47.3799              44.1148
28   C               45.6869              36.7215              48.1624
29   C               46.7180              36.0422              47.5054
30   C               47.1652              36.4584              46.2255
31   C               46.5902              37.5843              45.6473
32   C               45.5791              38.3074              46.3051
33   C               45.1219              37.8490              47.5584
34   C               45.0371              39.6050              45.7401
35   C               45.9848              40.8485              45.7290
36   C               47.4306              40.7198              45.8109
37   C               48.0059              40.3399              47.1220
38   C               47.2538              40.3365              48.3232
39   C               49.3696              39.8863              47.1930
40   C               47.7756              39.8559              49.5155
41   C               49.8809              39.3864              48.3907
42   C               49.0922              39.3470              49.5419
43   C               51.3352              38.9398              48.4519
44   C               52.3322              40.0793              48.6395
45   C               52.9583              40.4467              49.7829
46   C               53.8978              41.6245              49.7305
47   C               52.7197              39.7935              51.1218
48   H               48.6798              45.3340              42.9352
49   H               45.2974              46.3371              45.4605
50   H               44.0751              44.5565              46.1981
51   H               48.2002              41.9812              43.2243
52   H               46.2300              41.2510              43.4130
53   H               43.5235              42.6430              43.6388
54   H               43.8338              38.4693              44.2778
55   H               45.2825              39.2489              43.6118
56   H               41.5415              40.8679              44.4223
57   H               41.8080              39.3569              43.5238
58   H               41.8221              40.9310              42.6907
59   H               50.5227              49.5655              42.5076
60   H               48.1049              52.9736              43.6548
61   H               46.3813              51.4440              44.6994
62   H               45.7513              48.5800              45.0233
63   H               51.0019              51.8175              42.0306
64   H               45.3700              36.3449              49.1320
65   H               47.9477              35.9141              45.7019
66   H               46.9408              37.9280              44.6753
67   H               48.0036              34.5679              47.6107
68   H               43.8064              38.1056              48.9954
69   H               44.1903              39.8698              46.3952
70   H               45.5795              41.6589              46.3190
71   H               46.2295              40.6984              48.3184
72   H               47.1685              39.8653              50.4170
73   H               49.6084              40.2715              45.3529
74   H               48.9680              38.7874              51.4166
75   H               51.4343              38.2149              49.2644
76   H               51.5517              38.4697              47.4862
77   H               52.4689              40.6909              47.7458
78   H               54.2297              41.9075              50.7330
79   H               53.4188              42.4934              49.2618
80   H               54.7826              41.3974              49.1204
81   H               52.3036              38.7865              51.0241
82   H               52.0116              40.3923              51.7105
83   H               53.6470              39.7426              51.7029


Energy:                -10509.789108 Convergence criteria  Is converged 
Maximum Force:             0.046273     0.012245                No
RMS Force:                 0.008852     0.008163                No
Maximum Displacement:      0.037707     0.001800                No
RMS Displacement:          0.006097     0.001200                No

Model change: -8.220846e-03  Actual change: -8.219916e-03  rho:  1.000
Trust radius (MW):  0.200000  Step norm (MW):  0.194938  On boundary: False

----------------------------------------------------------------------
                            Iteration: 30                             

lambda1: N/A(PRFO), lambda2: N/A(PRFO)
lowest eigenvalue: -6.517735198251317, second lowest eigenvalue: -0.06041830382210348

                             Coordinates                              
----------------------------------------------------------------------
0    C               47.0020              46.0147              44.1638
1    O               44.3527              43.8565              45.5841
2    C               47.7702              45.0518              43.4601
3    O               48.1401              42.8268              42.7244
4    C               45.8576              45.6103              44.8870
5    O               50.2483              52.2786              42.4487
6    C               47.3647              43.7233              43.4282
7    O               48.6193              47.7559              43.4799
8    C               45.4558              44.2810              44.8427
9    O               47.2847              34.9523              48.1508
10   C               46.1369              43.3122              44.0523
11   O               44.1084              38.5623              48.1823
12   C               45.5767              41.9953              43.8739
13   O               48.1795              40.8518              44.7781
14   C               44.1707              41.7801              43.7763
15   O               50.1722              39.9128              46.1073
16   C               43.5900              40.5356              43.8377
17   O               49.6309              38.8024              50.7036
18   C               44.4234              39.3850              44.2629
19   C               42.1202              40.3981              43.5896
20   C               47.4678              49.6530              44.1352
21   C               48.6547              49.1737              43.4941
22   C               49.6184              49.9785              42.9527
23   C               49.3708              51.3715              43.0149
24   C               48.2166              51.8936              43.6489
25   C               47.2708              51.0463              44.2138
26   C               46.7059              48.5266              44.5210
27   C               47.3720              47.3801              44.1114
28   C               45.6860              36.7196              48.1607
29   C               46.7151              36.0382              47.5027
30   C               47.1637              36.4552              46.2236
31   C               46.5898              37.5819              45.6457
32   C               45.5785              38.3051              46.3030
33   C               45.1236              37.8490              47.5579
34   C               45.0359              39.6022              45.7372
35   C               45.9824              40.8465              45.7306
36   C               47.4280              40.7184              45.8123
37   C               48.0032              40.3401              47.1238
38   C               47.2501              40.3348              48.3244
39   C               49.3680              39.8908              47.1959
40   C               47.7725              39.8567              49.5174
41   C               49.8791              39.3904              48.3935
42   C               49.0906              39.3515              49.5449
43   C               51.3329              38.9424              48.4537
44   C               52.3309              40.0813              48.6389
45   C               52.9622              40.4464              49.7802
46   C               53.9029              41.6231              49.7246
47   C               52.7229              39.7955              51.1202
48   H               48.6739              45.3347              42.9286
49   H               45.3046              46.3354              45.4726
50   H               44.0825              44.5552              46.2109
51   H               48.1979              41.9805              43.2257
52   H               46.2280              41.2523              43.4143
53   H               43.5209              42.6435              43.6493
54   H               43.8380              38.4672              44.2702
55   H               45.2873              39.2495              43.6090
56   H               41.5386              40.8449              44.4091
57   H               41.8192              39.3504              43.4881
58   H               41.8291              40.9376              42.6803
59   H               50.5155              49.5638              42.4924
60   H               48.1125              52.9740              43.6646
61   H               46.3863              51.4446              44.7053
62   H               45.7540              48.5806              45.0279
63   H               51.0065              51.8174              42.0355
64   H               45.3686              36.3430              49.1302
65   H               47.9459              35.9105              45.7000
66   H               46.9415              37.9261              44.6742
67   H               47.9958              34.5595              47.6056
68   H               43.8148              38.1126              48.9996
69   H               44.1872              39.8656              46.3903
70   H               45.5761              41.6558              46.3213
71   H               46.2244              40.6932              48.3188
72   H               47.1653              39.8656              50.4188
73   H               49.6082              40.2783              45.3565
74   H               48.9684              38.7970              51.4212
75   H               51.4325              38.2183              49.2668
76   H               51.5479              38.4712              47.4882
77   H               52.4642              40.6940              47.7454
78   H               54.2579              41.8908              50.7234
79   H               53.4147              42.4998              49.2804
80   H               54.7727              41.4043              49.0904
81   H               52.3036              38.7896              51.0238
82   H               52.0170              40.3970              51.7087
83   H               53.6505              39.7421              51.7008


Energy:                -10509.796815 Convergence criteria  Is converged 
Maximum Force:             0.043214     0.012245                No
RMS Force:                 0.008313     0.008163                No
Maximum Displacement:      0.035771     0.001800                No
RMS Displacement:          0.006086     0.001200                No

Model change: -7.689002e-03  Actual change: -7.707388e-03  rho:  1.002
Trust radius (MW):  0.200000  Step norm (MW):  0.194936  On boundary: False

----------------------------------------------------------------------
                            Iteration: 31                             

lambda1: N/A(PRFO), lambda2: N/A(PRFO)
lowest eigenvalue: -6.512921281590414, second lowest eigenvalue: -0.05920261566671816

                             Coordinates                              
----------------------------------------------------------------------
0    C               47.0009              46.0147              44.1643
1    O               44.3603              43.8543              45.5979
2    C               47.7670              45.0520              43.4579
3    O               48.1379              42.8262              42.7259
4    C               45.8610              45.6095              44.8942
5    O               50.2542              52.2785              42.4558
6    C               47.3630              43.7231              43.4294
7    O               48.6133              47.7557              43.4688
8    C               45.4592              44.2801              44.8511
9    O               47.2779              34.9451              48.1460
10   C               46.1369              43.3121              44.0568
11   O               44.1158              38.5675              48.1852
12   C               45.5754              41.9963              43.8764
13   O               48.1768              40.8495              44.7793
14   C               44.1697              41.7804              43.7793
15   O               50.1728              39.9228              46.1121
16   C               43.5924              40.5338              43.8319
17   O               49.6308              38.8110              50.7079
18   C               44.4266              39.3838              44.2581
19   C               42.1248              40.3917              43.5727
20   C               47.4676              49.6531              44.1331
21   C               48.6507              49.1732              43.4855
22   C               49.6148              49.9776              42.9440
23   C               49.3730              51.3712              43.0157
24   C               48.2212              51.8937              43.6539
25   C               47.2741              51.0465              44.2170
26   C               46.7063              48.5270              44.5211
27   C               47.3697              47.3803              44.1078
28   C               45.6850              36.7178              48.1590
29   C               46.7117              36.0340              47.4997
30   C               47.1610              36.4511              46.2210
31   C               46.5889              37.5792              45.6438
32   C               45.5778              38.3028              46.3008
33   C               45.1252              37.8489              47.5573
34   C               45.0347              39.5995              45.7344
35   C               45.9802              40.8445              45.7321
36   C               47.4256              40.7170              45.8138
37   C               48.0004              40.3402              47.1257
38   C               47.2463              40.3330              48.3257
39   C               49.3666              39.8953              47.1991
40   C               47.7696              39.8578              49.5194
41   C               49.8774              39.3945              48.3964
42   C               49.0890              39.3561              49.5480
43   C               51.3306              38.9452              48.4558
44   C               52.3296              40.0835              48.6385
45   C               52.9662              40.4463              49.7776
46   C               53.9084              41.6217              49.7185
47   C               52.7267              39.7979              51.1188
48   H               48.6681              45.3354              42.9222
49   H               45.3112              46.3339              45.4838
50   H               44.0893              44.5542              46.2229
51   H               48.1958              41.9799              43.2272
52   H               46.2261              41.2535              43.4158
53   H               43.5183              42.6438              43.6593
54   H               43.8427              38.4651              44.2624
55   H               45.2924              39.2505              43.6062
56   H               41.5359              40.8228              44.3955
57   H               41.8306              39.3439              43.4541
58   H               41.8361              40.9428              42.6697
59   H               50.5084              49.5623              42.4775
60   H               48.1203              52.9742              43.6747
61   H               46.3916              51.4453              44.7117
62   H               45.7567              48.5813              45.0324
63   H               51.0107              51.8170              42.0397
64   H               45.3674              36.3415              49.1285
65   H               47.9419              35.9050              45.6969
66   H               46.9416              37.9239              44.6728
67   H               47.9876              34.5508              47.6002
68   H               43.8238              38.1200              49.0042
69   H               44.1841              39.8615              46.3854
70   H               45.5728              41.6526              46.3236
71   H               46.2192              40.6872              48.3191
72   H               47.1622              39.8662              50.4207
73   H               49.6084              40.2858              45.3603
74   H               48.9690              38.8071              51.4260
75   H               51.4307              38.2218              49.2695
76   H               51.5442              38.4729              47.4905
77   H               52.4593              40.6972              47.7453
78   H               54.2860              41.8744              50.7128
79   H               53.4118              42.5059              49.2986
80   H               54.7627              41.4112              49.0611
81   H               52.3035              38.7935              51.0240
82   H               52.0237              40.4026              51.7075
83   H               53.6548              39.7414              51.6983


Energy:                -10509.804042 Convergence criteria  Is converged 
Maximum Force:             0.040298     0.012245                No
RMS Force:                 0.007831     0.008163                Yes
Maximum Displacement:      0.033962     0.001800                No
RMS Displacement:          0.006048     0.001200                No

Model change: -7.217151e-03  Actual change: -7.227298e-03  rho:  1.001
Trust radius (MW):  0.200000  Step norm (MW):  0.194936  On boundary: False

----------------------------------------------------------------------
                            Iteration: 32                             

lambda1: N/A(PRFO), lambda2: N/A(PRFO)
lowest eigenvalue: -6.5222315172914165, second lowest eigenvalue: -0.05205479720422976

                             Coordinates                              
----------------------------------------------------------------------
0    C               46.9997              46.0148              44.1645
1    O               44.3678              43.8521              45.6114
2    C               47.7638              45.0523              43.4557
3    O               48.1358              42.8256              42.7272
4    C               45.8641              45.6088              44.9010
5    O               50.2599              52.2782              42.4624
6    C               47.3613              43.7230              43.4306
7    O               48.6073              47.7555              43.4581
8    C               45.4625              44.2792              44.8593
9    O               47.2707              34.9378              48.1410
10   C               46.1368              43.3121              44.0611
11   O               44.1234              38.5729              48.1881
12   C               45.5742              41.9973              43.8790
13   O               48.1744              40.8475              44.7807
14   C               44.1687              41.7806              43.7822
15   O               50.1737              39.9333              46.1171
16   C               43.5948              40.5320              43.8263
17   O               49.6310              38.8197              50.7123
18   C               44.4299              39.3826              44.2532
19   C               42.1296              40.3853              43.5562
20   C               47.4675              49.6532              44.1312
21   C               48.6469              49.1728              43.4773
22   C               49.6113              49.9767              42.9356
23   C               49.3751              51.3708              43.0165
24   C               48.2259              51.8937              43.6590
25   C               47.2776              51.0468              44.2206
26   C               46.7066              48.5275              44.5213
27   C               47.3673              47.3805              44.1043
28   C               45.6840              36.7159              48.1573
29   C               46.7078              36.0293              47.4964
30   C               47.1571              36.4461              46.2176
31   C               46.5875              37.5760              45.6415
32   C               45.5771              38.3005              46.2985
33   C               45.1268              37.8489              47.5568
34   C               45.0336              39.5969              45.7315
35   C               45.9780              40.8424              45.7336
36   C               47.4233              40.7155              45.8153
37   C               47.9977              40.3401              47.1276
38   C               47.2424              40.3307              48.3270
39   C               49.3653              39.9001              47.2024
40   C               47.7668              39.8589              49.5216
41   C               49.8757              39.3988              48.3996
42   C               49.0876              39.3610              49.5513
43   C               51.3285              38.9482              48.4581
44   C               52.3285              40.0859              48.6383
45   C               52.9704              40.4465              49.7750
46   C               53.9143              41.6204              49.7122
47   C               52.7310              39.8006              51.1175
48   H               48.6624              45.3360              42.9161
49   H               45.3173              46.3326              45.4941
50   H               44.0957              44.5534              46.2344
51   H               48.1938              41.9794              43.2287
52   H               46.2244              41.2548              43.4172
53   H               43.5159              42.6438              43.6686
54   H               43.8476              38.4629              44.2545
55   H               45.2977              39.2517              43.6034
56   H               41.5336              40.8014              44.3816
57   H               41.8421              39.3375              43.4218
58   H               41.8430              40.9469              42.6591
59   H               50.5014              49.5608              42.4631
60   H               48.1283              52.9744              43.6850
61   H               46.3972              51.4459              44.7185
62   H               45.7593              48.5820              45.0366
63   H               51.0144              51.8164              42.0432
64   H               45.3664              36.3401              49.1270
65   H               47.9358              35.8978              45.6924
66   H               46.9412              37.9213              44.6712
67   H               47.9788              34.5418              47.5944
68   H               43.8333              38.1279              49.0091
69   H               44.1810              39.8574              46.3805
70   H               45.5698              41.6494              46.3260
71   H               46.2136              40.6800              48.3193
72   H               47.1592              39.8670              50.4228
73   H               49.6089              40.2940              45.3645
74   H               48.9701              38.8181              51.4313
75   H               51.4290              38.2255              49.2724
76   H               51.5406              38.4746              47.4931
77   H               52.4546              40.7006              47.7452
78   H               54.3132              41.8591              50.7016
79   H               53.4108              42.5113              49.3153
80   H               54.7534              41.4174              49.0336
81   H               52.3038              38.7977              51.0244
82   H               52.0312              40.4084              51.7068
83   H               53.6599              39.7410              51.6955


Energy:                -10509.810835 Convergence criteria  Is converged 
Maximum Force:             0.037030     0.012245                No
RMS Force:                 0.007393     0.008163                Yes
Maximum Displacement:      0.032291     0.001800                No
RMS Displacement:          0.005957     0.001200                No

Model change: -6.791301e-03  Actual change: -6.792622e-03  rho:  1.000
Trust radius (MW):  0.200000  Step norm (MW):  0.194936  On boundary: False

----------------------------------------------------------------------
                            Iteration: 33                             

lambda1: N/A(PRFO), lambda2: N/A(PRFO)
lowest eigenvalue: -6.491514755459736, second lowest eigenvalue: -0.03707290466043146

                             Coordinates                              
----------------------------------------------------------------------
0    C               46.9984              46.0149              44.1647
1    O               44.3750              43.8499              45.6243
2    C               47.7606              45.0525              43.4536
3    O               48.1337              42.8250              42.7285
4    C               45.8668              45.6082              44.9071
5    O               50.2652              52.2777              42.4684
6    C               47.3597              43.7229              43.4317
7    O               48.6014              47.7553              43.4477
8    C               45.4655              44.2783              44.8670
9    O               47.2631              34.9303              48.1358
10   C               46.1367              43.3120              44.0653
11   O               44.1313              38.5786              48.1911
12   C               45.5731              41.9981              43.8816
13   O               48.1722              40.8456              44.7822
14   C               44.1679              41.7807              43.7848
15   O               50.1747              39.9442              46.1224
16   C               43.5973              40.5303              43.8207
17   O               49.6313              38.8287              50.7169
18   C               44.4334              39.3815              44.2484
19   C               42.1344              40.3789              43.5404
20   C               47.4674              49.6533              44.1296
21   C               48.6432              49.1724              43.4694
22   C               49.6079              49.9759              42.9275
23   C               49.3772              51.3703              43.0173
24   C               48.2307              51.8937              43.6644
25   C               47.2813              51.0471              44.2244
26   C               46.7069              48.5280              44.5215
27   C               47.3648              47.3807              44.1009
28   C               45.6827              36.7139              48.1554
29   C               46.7032              36.0243              47.4927
30   C               47.1521              36.4402              46.2135
31   C               46.5855              37.5724              45.6388
32   C               45.5762              38.2981              46.2962
33   C               45.1283              37.8490              47.5561
34   C               45.0326              39.5942              45.7287
35   C               45.9759              40.8402              45.7350
36   C               47.4211              40.7138              45.8169
37   C               47.9949              40.3397              47.1296
38   C               47.2385              40.3279              48.3283
39   C               49.3640              39.9048              47.2058
40   C               47.7641              39.8599              49.5239
41   C               49.8742              39.4032              48.4029
42   C               49.0864              39.3661              49.5548
43   C               51.3266              38.9513              48.4606
44   C               52.3275              40.0884              48.6381
45   C               52.9748              40.4470              49.7724
46   C               53.9205              41.6191              49.7059
47   C               52.7357              39.8037              51.1163
48   H               48.6568              45.3366              42.9102
49   H               45.3228              46.3315              45.5035
50   H               44.1016              44.5527              46.2451
51   H               48.1920              41.9790              43.2302
52   H               46.2230              41.2560              43.4188
53   H               43.5136              42.6436              43.6772
54   H               43.8530              38.4607              44.2462
55   H               45.3034              39.2533              43.6008
56   H               41.5316              40.7810              44.3677
57   H               41.8537              39.3313              43.3913
58   H               41.8497              40.9501              42.6487
59   H               50.4945              49.5593              42.4490
60   H               48.1364              52.9745              43.6955
61   H               46.4029              51.4466              44.7258
62   H               45.7618              48.5827              45.0408
63   H               51.0178              51.8156              42.0460
64   H               45.3654              36.3388              49.1255
65   H               47.9279              35.8893              45.6868
66   H               46.9403              37.9184              44.6693
67   H               47.9693              34.5324              47.5881
68   H               43.8430              38.1359              49.0139
69   H               44.1780              39.8534              46.3756
70   H               45.5668              41.6462              46.3284
71   H               46.2077              40.6712              48.3192
72   H               47.1563              39.8678              50.4249
73   H               49.6096              40.3025              45.3690
74   H               48.9717              38.8301              51.4370
75   H               51.4274              38.2295              49.2756
76   H               51.5372              38.4765              47.4959
77   H               52.4501              40.7041              47.7453
78   H               54.3397              41.8446              50.6900
79   H               53.4113              42.5164              49.3309
80   H               54.7448              41.4231              49.0076
81   H               52.3044              38.8023              51.0252
82   H               52.0394              40.4148              51.7064
83   H               53.6655              39.7409              51.6925


Energy:                -10509.817264 Convergence criteria  Is converged 
Maximum Force:             0.033473     0.012245                No
RMS Force:                 0.007012     0.008163                Yes
Maximum Displacement:      0.030502     0.001800                No
RMS Displacement:          0.005884     0.001200                No

Model change: -6.421753e-03  Actual change: -6.429311e-03  rho:  1.001
Trust radius (MW):  0.200000  Step norm (MW):  0.194936  On boundary: False

----------------------------------------------------------------------
                            Iteration: 34                             

lambda1: N/A(PRFO), lambda2: N/A(PRFO)
lowest eigenvalue: -6.489631539948843, second lowest eigenvalue: -0.019389395034996256

                             Coordinates                              
----------------------------------------------------------------------
0    C               46.9970              46.0150              44.1646
1    O               44.3818              43.8478              45.6364
2    C               47.7575              45.0528              43.4516
3    O               48.1317              42.8244              42.7298
4    C               45.8692              45.6077              44.9128
5    O               50.2702              52.2770              42.4739
6    C               47.3581              43.7228              43.4328
7    O               48.5955              47.7551              43.4377
8    C               45.4683              44.2775              44.8742
9    O               47.2550              34.9224              48.1302
10   C               46.1367              43.3119              44.0694
11   O               44.1396              38.5846              48.1943
12   C               45.5722              41.9989              43.8842
13   O               48.1701              40.8438              44.7839
14   C               44.1672              41.7808              43.7872
15   O               50.1757              39.9551              46.1278
16   C               43.5998              40.5285              43.8154
17   O               49.6320              38.8383              50.7218
18   C               44.4369              39.3804              44.2436
19   C               42.1392              40.3729              43.5252
20   C               47.4675              49.6534              44.1283
21   C               48.6396              49.1721              43.4619
22   C               49.6045              49.9750              42.9198
23   C               49.3792              51.3697              43.0181
24   C               48.2356              51.8936              43.6699
25   C               47.2851              51.0473              44.2285
26   C               46.7072              48.5284              44.5218
27   C               47.3623              47.3810              44.0975
28   C               45.6811              36.7118              48.1533
29   C               46.6981              36.0188              47.4886
30   C               47.1461              36.4335              46.2088
31   C               46.5830              37.5685              45.6359
32   C               45.5752              38.2956              46.2938
33   C               45.1298              37.8489              47.5554
34   C               45.0315              39.5915              45.7259
35   C               45.9739              40.8381              45.7365
36   C               47.4190              40.7120              45.8186
37   C               47.9922              40.3389              47.1316
38   C               47.2346              40.3246              48.3296
39   C               49.3629              39.9095              47.2095
40   C               47.7615              39.8611              49.5264
41   C               49.8729              39.4078              48.4065
42   C               49.0854              39.3715              49.5586
43   C               51.3248              38.9547              48.4633
44   C               52.3268              40.0911              48.6381
45   C               52.9793              40.4478              49.7699
46   C               53.9270              41.6180              49.6997
47   C               52.7408              39.8071              51.1152
48   H               48.6513              45.3372              42.9045
49   H               45.3277              46.3305              45.5120
50   H               44.1072              44.5519              46.2551
51   H               48.1904              41.9787              43.2319
52   H               46.2218              41.2570              43.4204
53   H               43.5115              42.6433              43.6849
54   H               43.8584              38.4585              44.2380
55   H               45.3091              39.2551              43.5983
56   H               41.5301              40.7617              44.3542
57   H               41.8651              39.3255              43.3626
58   H               41.8563              40.9528              42.6388
59   H               50.4877              49.5579              42.4355
60   H               48.1446              52.9745              43.7060
61   H               46.4089              51.4472              44.7333
62   H               45.7643              48.5834              45.0450
63   H               51.0207              51.8146              42.0481
64   H               45.3641              36.3374              49.1237
65   H               47.9187              35.8798              45.6803
66   H               46.9390              37.9153              44.6670
67   H               47.9592              34.5224              47.5814
68   H               43.8525              38.1438              49.0185
69   H               44.1751              39.8494              46.3707
70   H               45.5641              41.6429              46.3308
71   H               46.2015              40.6613              48.3191
72   H               47.1534              39.8687              50.4273
73   H               49.6104              40.3112              45.3736
74   H               48.9739              38.8433              51.4433
75   H               51.4261              38.2338              49.2790
76   H               51.5339              38.4786              47.4989
77   H               52.4462              40.7076              47.7453
78   H               54.3657              41.8307              50.6781
79   H               53.4131              42.5213              49.3458
80   H               54.7367              41.4285              48.9828
81   H               52.3053              38.8074              51.0262
82   H               52.0482              40.4216              51.7062
83   H               53.6717              39.7413              51.6894


Energy:                -10509.823350 Convergence criteria  Is converged 
Maximum Force:             0.029761     0.012245                No
RMS Force:                 0.006654     0.008163                Yes
Maximum Displacement:      0.028691     0.001800                No
RMS Displacement:          0.005814     0.001200                No

Model change: -6.082121e-03  Actual change: -6.085463e-03  rho:  1.001
Trust radius (MW):  0.200000  Step norm (MW):  0.194936  On boundary: False

----------------------------------------------------------------------
                            Iteration: 35                             

lambda1: N/A(PRFO), lambda2: N/A(PRFO)
lowest eigenvalue: -6.489259298509158, second lowest eigenvalue: -0.02146736251511454

                             Coordinates                              
----------------------------------------------------------------------
0    C               46.9954              46.0151              44.1645
1    O               44.3881              43.8457              45.6477
2    C               47.7544              45.0531              43.4496
3    O               48.1300              42.8239              42.7311
4    C               45.8713              45.6071              44.9179
5    O               50.2750              52.2761              42.4789
6    C               47.3566              43.7226              43.4339
7    O               48.5897              47.7549              43.4280
8    C               45.4709              44.2766              44.8810
9    O               47.2463              34.9141              48.1240
10   C               46.1367              43.3118              44.0733
11   O               44.1482              38.5906              48.1976
12   C               45.5714              41.9995              43.8867
13   O               48.1682              40.8421              44.7858
14   C               44.1668              41.7807              43.7893
15   O               50.1766              39.9656              46.1334
16   C               43.6024              40.5269              43.8102
17   O               49.6331              38.8487              50.7271
18   C               44.4404              39.3794              44.2389
19   C               42.1440              40.3673              43.5109
20   C               47.4677              49.6535              44.1273
21   C               48.6360              49.1717              43.4548
22   C               49.6012              49.9741              42.9123
23   C               49.3812              51.3690              43.0189
24   C               48.2406              51.8934              43.6755
25   C               47.2890              51.0475              44.2329
26   C               46.7075              48.5288              44.5223
27   C               47.3598              47.3812              44.0943
28   C               45.6792              36.7093              48.1509
29   C               46.6924              36.0129              47.4839
30   C               47.1396              36.4265              46.2035
31   C               46.5802              37.5644              45.6326
32   C               45.5741              38.2931              46.2913
33   C               45.1313              37.8488              47.5547
34   C               45.0305              39.5889              45.7231
35   C               45.9720              40.8359              45.7379
36   C               47.4169              40.7101              45.8204
37   C               47.9895              40.3380              47.1337
38   C               47.2308              40.3212              48.3310
39   C               49.3617              39.9141              47.2132
40   C               47.7591              39.8623              49.5290
41   C               49.8718              39.4126              48.4103
42   C               49.0847              39.3774              49.5626
43   C               51.3232              38.9583              48.4662
44   C               52.3263              40.0940              48.6381
45   C               52.9841              40.4489              49.7674
46   C               53.9339              41.6171              49.6934
47   C               52.7463              39.8110              51.1143
48   H               48.6460              45.3378              42.8992
49   H               45.3320              46.3296              45.5197
50   H               44.1122              44.5511              46.2644
51   H               48.1892              41.9784              43.2336
52   H               46.2209              41.2580              43.4221
53   H               43.5097              42.6429              43.6918
54   H               43.8639              38.4563              44.2297
55   H               45.3148              39.2570              43.5958
56   H               41.5290              40.7438              44.3411
57   H               41.8761              39.3203              43.3357
58   H               41.8626              40.9551              42.6293
59   H               50.4810              49.5565              42.4223
60   H               48.1528              52.9744              43.7166
61   H               46.4151              51.4478              44.7413
62   H               45.7667              48.5842              45.0493
63   H               51.0233              51.8135              42.0497
64   H               45.3624              36.3354              49.1215
65   H               47.9089              35.8700              45.6732
66   H               46.9374              37.9121              44.6646
67   H               47.9482              34.5119              47.5739
68   H               43.8618              38.1513              49.0227
69   H               44.1723              39.8455              46.3660
70   H               45.5614              41.6396              46.3332
71   H               46.1956              40.6514              48.3190
72   H               47.1507              39.8696              50.4297
73   H               49.6110              40.3194              45.3784
74   H               48.9767              38.8580              51.4501
75   H               51.4249              38.2384              49.2828
76   H               51.5307              38.4806              47.5022
77   H               52.4428              40.7110              47.7453
78   H               54.3916              41.8172              50.6657
79   H               53.4160              42.5261              49.3604
80   H               54.7289              41.4338              48.9587
81   H               52.3068              38.8128              51.0274
82   H               52.0572              40.4288              51.7060
83   H               53.6782              39.7423              51.6864


Energy:                -10509.829085 Convergence criteria  Is converged 
Maximum Force:             0.025975     0.012245                No
RMS Force:                 0.006278     0.008163                Yes
Maximum Displacement:      0.026859     0.001800                No
RMS Displacement:          0.005761     0.001200                No

Model change: -5.741585e-03  Actual change: -5.735127e-03  rho:  0.999
Trust radius (MW):  0.200000  Step norm (MW):  0.194936  On boundary: False

----------------------------------------------------------------------
                            Iteration: 36                             

lambda1: N/A(PRFO), lambda2: N/A(PRFO)
lowest eigenvalue: -6.487195014504321, second lowest eigenvalue: -0.020301735261096875

                             Coordinates                              
----------------------------------------------------------------------
0    C               46.9938              46.0152              44.1643
1    O               44.3939              43.8436              45.6580
2    C               47.7514              45.0533              43.4478
3    O               48.1285              42.8234              42.7326
4    C               45.8730              45.6066              44.9226
5    O               50.2796              52.2751              42.4835
6    C               47.3552              43.7225              43.4350
7    O               48.5838              47.7547              43.4186
8    C               45.4732              44.2758              44.8872
9    O               47.2369              34.9051              48.1170
10   C               46.1368              43.3116              44.0771
11   O               44.1564              38.5961              48.2009
12   C               45.5709              41.9999              43.8892
13   O               48.1664              40.8404              44.7879
14   C               44.1666              41.7805              43.7911
15   O               50.1773              39.9751              46.1388
16   C               43.6050              40.5253              43.8051
17   O               49.6345              38.8600              50.7328
18   C               44.4439              39.3784              44.2343
19   C               42.1488              40.3621              43.4972
20   C               47.4679              49.6536              44.1266
21   C               48.6325              49.1712              43.4480
22   C               49.5979              49.9731              42.9050
23   C               49.3832              51.3682              43.0197
24   C               48.2457              51.8931              43.6813
25   C               47.2931              51.0476              44.2377
26   C               46.7079              48.5293              44.5229
27   C               47.3572              47.3814              44.0912
28   C               45.6767              36.7062              48.1479
29   C               46.6862              36.0066              47.4787
30   C               47.1328              36.4195              46.1978
31   C               46.5772              37.5605              45.6294
32   C               45.5730              38.2907              46.2889
33   C               45.1324              37.8484              47.5538
34   C               45.0295              39.5864              45.7205
35   C               45.9702              40.8338              45.7394
36   C               47.4150              40.7082              45.8223
37   C               47.9869              40.3370              47.1360
38   C               47.2273              40.3183              48.3327
39   C               49.3606              39.9184              47.2171
40   C               47.7568              39.8640              49.5319
41   C               49.8707              39.4176              48.4143
42   C               49.0842              39.3837              49.5670
43   C               51.3217              38.9621              48.4695
44   C               52.3261              40.0971              48.6382
45   C               52.9892              40.4502              49.7648
46   C               53.9413              41.6163              49.6869
47   C               52.7521              39.8155              51.1133
48   H               48.6408              45.3385              42.8941
49   H               45.3357              46.3287              45.5267
50   H               44.1166              44.5502              46.2728
51   H               48.1882              41.9782              43.2355
52   H               46.2203              41.2588              43.4239
53   H               43.5082              42.6423              43.6977
54   H               43.8692              38.4543              44.2217
55   H               45.3205              39.2589              43.5936
56   H               41.5283              40.7275              44.3282
57   H               41.8867              39.3156              43.3107
58   H               41.8689              40.9571              42.6200
59   H               50.4742              49.5551              42.4093
60   H               48.1613              52.9742              43.7274
61   H               46.4216              51.4483              44.7499
62   H               45.7692              48.5849              45.0539
63   H               51.0255              51.8121              42.0506
64   H               45.3600              36.3325              49.1187
65   H               47.8991              35.8606              45.6658
66   H               46.9357              37.9091              44.6621
67   H               47.9364              34.5007              47.5655
68   H               43.8694              38.1568              49.0259
69   H               44.1695              39.8417              46.3614
70   H               45.5588              41.6363              46.3355
71   H               46.1908              40.6440              48.3194
72   H               47.1480              39.8708              50.4323
73   H               49.6114              40.3268              45.3830
74   H               48.9800              38.8742              51.4575
75   H               51.4239              38.2433              49.2871
76   H               51.5276              38.4827              47.5060
77   H               52.4397              40.7143              47.7452
78   H               54.4183              41.8034              50.6525
79   H               53.4199              42.5311              49.3755
80   H               54.7209              41.4396              48.9344
81   H               52.3088              38.8187              51.0289
82   H               52.0663              40.4365              51.7056
83   H               53.6850              39.7442              51.6836


Energy:                -10509.834424 Convergence criteria  Is converged 
Maximum Force:             0.024739     0.012245                No
RMS Force:                 0.005839     0.008163                Yes
Maximum Displacement:      0.026695     0.001800                No
RMS Displacement:          0.005728     0.001200                No

Model change: -5.353921e-03  Actual change: -5.339377e-03  rho:  0.997
Trust radius (MW):  0.200000  Step norm (MW):  0.194936  On boundary: False

----------------------------------------------------------------------
                            Iteration: 37                             

lambda1: N/A(PRFO), lambda2: N/A(PRFO)
lowest eigenvalue: -6.483080038919032, second lowest eigenvalue: -0.011664985664229627

                             Coordinates                              
----------------------------------------------------------------------
0    C               46.9920              46.0153              44.1641
1    O               44.3991              43.8414              45.6674
2    C               47.7484              45.0536              43.4460
3    O               48.1273              42.8229              42.7342
4    C               45.8744              45.6061              44.9269
5    O               50.2839              52.2738              42.4877
6    C               47.3540              43.7224              43.4362
7    O               48.5779              47.7545              43.4093
8    C               45.4753              44.2749              44.8930
9    O               47.2268              34.8954              48.1092
10   C               46.1369              43.3113              44.0806
11   O               44.1641              38.6007              48.2040
12   C               45.5706              42.0003              43.8916
13   O               48.1647              40.8387              44.7900
14   C               44.1666              41.7803              43.7926
15   O               50.1777              39.9835              46.1441
16   C               43.6077              40.5238              43.8004
17   O               49.6361              38.8723              50.7389
18   C               44.4473              39.3775              44.2301
19   C               42.1536              40.3574              43.4843
20   C               47.4683              49.6536              44.1263
21   C               48.6290              49.1708              43.4415
22   C               49.5945              49.9721              42.8978
23   C               49.3852              51.3674              43.0205
24   C               48.2510              51.8927              43.6874
25   C               47.2975              51.0476              44.2430
26   C               46.7083              48.5296              44.5239
27   C               47.3546              47.3816              44.0882
28   C               45.6738              36.7025              48.1445
29   C               46.6797              35.9999              47.4730
30   C               47.1261              36.4127              46.1920
31   C               46.5744              37.5569              45.6261
32   C               45.5719              38.2884              46.2868
33   C               45.1334              37.8478              47.5528
34   C               45.0285              39.5840              45.7181
35   C               45.9684              40.8317              45.7409
36   C               47.4131              40.7063              45.8243
37   C               47.9845              40.3361              47.1384
38   C               47.2241              40.3160              48.3346
39   C               49.3595              39.9224              47.2210
40   C               47.7548              39.8663              49.5350
41   C               49.8698              39.4226              48.4185
42   C               49.0838              39.3904              49.5716
43   C               51.3204              38.9660              48.4731
44   C               52.3260              40.1003              48.6383
45   C               52.9946              40.4519              49.7621
46   C               53.9492              41.6157              49.6801
47   C               52.7582              39.8206              51.1124
48   H               48.6359              45.3392              42.8893
49   H               45.3388              46.3278              45.5330
50   H               44.1203              44.5492              46.2802
51   H               48.1875              41.9780              43.2375
52   H               46.2201              41.2595              43.4258
53   H               43.5071              42.6416              43.7028
54   H               43.8744              38.4524              44.2142
55   H               45.3259              39.2606              43.5916
56   H               41.5280              40.7130              44.3158
57   H               41.8966              39.3115              43.2879
58   H               41.8751              40.9586              42.6109
59   H               50.4674              49.5536              42.3963
60   H               48.1700              52.9739              43.7385
61   H               46.4284              51.4488              44.7590
62   H               45.7719              48.5856              45.0587
63   H               51.0274              51.8105              42.0510
64   H               45.3568              36.3284              49.1150
65   H               47.8900              35.8519              45.6584
66   H               46.9341              37.9067              44.6598
67   H               47.9239              34.4888              47.5562
68   H               43.8770              38.1620              49.0293
69   H               44.1668              39.8382              46.3571
70   H               45.5563              41.6333              46.3378
71   H               46.1864              40.6376              48.3200
72   H               47.1455              39.8727              50.4350
73   H               49.6116              40.3329              45.3875
74   H               48.9835              38.8914              51.4652
75   H               51.4230              38.2487              49.2919
76   H               51.5247              38.4846              47.5103
77   H               52.4368              40.7175              47.7450
78   H               54.4463              41.7890              50.6382
79   H               53.4247              42.5365              49.3918
80   H               54.7122              41.4461              48.9094
81   H               52.3116              38.8250              51.0306
82   H               52.0752              40.4446              51.7047
83   H               53.6919              39.7474              51.6811


Energy:                -10509.839355 Convergence criteria  Is converged 
Maximum Force:             0.024689     0.012245                No
RMS Force:                 0.005410     0.008163                Yes
Maximum Displacement:      0.028048     0.001800                No
RMS Displacement:          0.005748     0.001200                No

Model change: -4.944906e-03  Actual change: -4.930652e-03  rho:  0.997
Trust radius (MW):  0.200000  Step norm (MW):  0.194936  On boundary: False

----------------------------------------------------------------------
                            Iteration: 38                             

lambda1: N/A(PRFO), lambda2: N/A(PRFO)
lowest eigenvalue: -6.519772952687581, second lowest eigenvalue: -0.0018202763439253262

                             Coordinates                              
----------------------------------------------------------------------
0    C               46.9901              46.0154              44.1638
1    O               44.4037              43.8393              45.6758
2    C               47.7456              45.0539              43.4444
3    O               48.1265              42.8224              42.7361
4    C               45.8755              45.6056              44.9307
5    O               50.2881              52.2724              42.4915
6    C               47.3530              43.7222              43.4375
7    O               48.5720              47.7542              43.4003
8    C               45.4771              44.2740              44.8982
9    O               47.2160              34.8850              48.1005
10   C               46.1372              43.3110              44.0840
11   O               44.1713              38.6047              48.2069
12   C               45.5705              42.0004              43.8938
13   O               48.1632              40.8369              44.7922
14   C               44.1668              41.7800              43.7937
15   O               50.1778              39.9905              46.1492
16   C               43.6103              40.5223              43.7959
17   O               49.6377              38.8853              50.7454
18   C               44.4506              39.3766              44.2262
19   C               42.1582              40.3532              43.4723
20   C               47.4688              49.6536              44.1264
21   C               48.6256              49.1703              43.4352
22   C               49.5911              49.9711              42.8907
23   C               49.3871              51.3663              43.0214
24   C               48.2564              51.8922              43.6937
25   C               47.3021              51.0476              44.2486
26   C               46.7088              48.5300              44.5252
27   C               47.3520              47.3817              44.0854
28   C               45.6705              36.6982              48.1407
29   C               46.6730              35.9931              47.4670
30   C               47.1199              36.4063              46.1863
31   C               46.5720              37.5536              45.6231
32   C               45.5711              38.2862              46.2847
33   C               45.1342              37.8468              47.5517
34   C               45.0276              39.5818              45.7160
35   C               45.9668              40.8298              45.7425
36   C               47.4114              40.7046              45.8263
37   C               47.9822              40.3354              47.1408
38   C               47.2211              40.3141              48.3365
39   C               49.3584              39.9260              47.2249
40   C               47.7529              39.8692              49.5383
41   C               49.8689              39.4277              48.4229
42   C               49.0833              39.3975              49.5763
43   C               51.3191              38.9701              48.4771
44   C               52.3260              40.1037              48.6384
45   C               53.0004              40.4539              49.7592
46   C               53.9577              41.6152              49.6729
47   C               52.7642              39.8265              51.1115
48   H               48.6311              45.3399              42.8850
49   H               45.3413              46.3269              45.5386
50   H               44.1231              44.5483              46.2865
51   H               48.1871              41.9779              43.2398
52   H               46.2201              41.2599              43.4277
53   H               43.5063              42.6409              43.7069
54   H               43.8793              38.4505              44.2072
55   H               45.3312              39.2622              43.5900
56   H               41.5280              40.7005              44.3037
57   H               41.9058              39.3077              43.2675
58   H               41.8814              40.9594              42.6019
59   H               50.4604              49.5520              42.3835
60   H               48.1789              52.9734              43.7498
61   H               46.4356              51.4492              44.7687
62   H               45.7747              48.5862              45.0640
63   H               51.0290              51.8087              42.0507
64   H               45.3528              36.3235              49.1107
65   H               47.8819              35.8443              45.6514
66   H               46.9330              37.9047              44.6578
67   H               47.9107              34.4763              47.5461
68   H               43.8847              38.1666              49.0326
69   H               44.1643              39.8348              46.3532
70   H               45.5539              41.6305              46.3399
71   H               46.1822              40.6318              48.3208
72   H               47.1430              39.8753              50.4379
73   H               49.6115              40.3377              45.3918
74   H               48.9865              38.9084              51.4727
75   H               51.4221              38.2544              49.2973
76   H               51.5218              38.4864              47.5151
77   H               52.4339              40.7206              47.7445
78   H               54.4763              41.7733              50.6222
79   H               53.4305              42.5422              49.4101
80   H               54.7026              41.4536              48.8831
81   H               52.3153              38.8317              51.0324
82   H               52.0829              40.4532              51.7030
83   H               53.6984              39.7525              51.6793


Energy:                -10509.843883 Convergence criteria  Is converged 
Maximum Force:             0.023914     0.012245                No
RMS Force:                 0.005014     0.008163                Yes
Maximum Displacement:      0.030012     0.001800                No
RMS Displacement:          0.005798     0.001200                No

Model change: -4.531046e-03  Actual change: -4.528415e-03  rho:  0.999
Trust radius (MW):  0.200000  Step norm (MW):  0.194936  On boundary: False

----------------------------------------------------------------------
                            Iteration: 39                             

lambda1: N/A(PRFO), lambda2: N/A(PRFO)
lowest eigenvalue: -6.5133155023641995, second lowest eigenvalue: -0.005306060275824321

                             Coordinates                              
----------------------------------------------------------------------
0    C               46.9882              46.0155              44.1634
1    O               44.4077              43.8372              45.6831
2    C               47.7430              45.0542              43.4430
3    O               48.1261              42.8220              42.7381
4    C               45.8762              45.6050              44.9340
5    O               50.2920              52.2708              42.4949
6    C               47.3522              43.7221              43.4388
7    O               48.5660              47.7539              43.3915
8    C               45.4786              44.2731              44.9028
9    O               47.2047              34.8739              48.0912
10   C               46.1375              43.3106              44.0871
11   O               44.1782              38.6080              48.2096
12   C               45.5706              42.0005              43.8959
13   O               48.1618              40.8351              44.7944
14   C               44.1672              41.7795              43.7946
15   O               50.1776              39.9961              46.1541
16   C               43.6128              40.5209              43.7917
17   O               49.6392              38.8987              50.7520
18   C               44.4536              39.3757              44.2228
19   C               42.1626              40.3494              43.4612
20   C               47.4695              49.6535              44.1269
21   C               48.6222              49.1697              43.4292
22   C               49.5876              49.9699              42.8838
23   C               49.3890              51.3652              43.0222
24   C               48.2621              51.8916              43.7004
25   C               47.3069              51.0475              44.2548
26   C               46.7094              48.5302              44.5269
27   C               47.3493              47.3818              44.0827
28   C               45.6670              36.6936              48.1367
29   C               46.6664              35.9860              47.4607
30   C               47.1145              36.4006              46.1809
31   C               46.5700              37.5508              45.6203
32   C               45.5704              38.2842              46.2829
33   C               45.1349              37.8455              47.5506
34   C               45.0268              39.5797              45.7142
35   C               45.9653              40.8280              45.7440
36   C               47.4098              40.7029              45.8284
37   C               47.9801              40.3349              47.1434
38   C               47.2180              40.3125              48.3385
39   C               49.3573              39.9294              47.2289
40   C               47.7510              39.8724              49.5416
41   C               49.8679              39.4328              48.4274
42   C               49.0827              39.4046              49.5811
43   C               51.3178              38.9743              48.4815
44   C               52.3260              40.1073              48.6385
45   C               53.0065              40.4562              49.7559
46   C               53.9668              41.6147              49.6652
47   C               52.7698              39.8333              51.1104
48   H               48.6267              45.3407              42.8811
49   H               45.3432              46.3260              45.5434
50   H               44.1252              44.5473              46.2917
51   H               48.1870              41.9777              43.2422
52   H               46.2204              41.2602              43.4296
53   H               43.5058              42.6400              43.7102
54   H               43.8839              38.4488              44.2010
55   H               45.3361              39.2635              43.5886
56   H               41.5281              40.6901              44.2921
57   H               41.9142              39.3043              43.2496
58   H               41.8875              40.9596              42.5931
59   H               50.4533              49.5504              42.3706
60   H               48.1880              52.9727              43.7614
61   H               46.4433              51.4495              44.7792
62   H               45.7777              48.5867              45.0698
63   H               51.0301              51.8067              42.0499
64   H               45.3485              36.3179              49.1061
65   H               47.8751              35.8378              45.6450
66   H               46.9324              37.9033              44.6560
67   H               47.8970              34.4633              47.5352
68   H               43.8922              38.1707              49.0360
69   H               44.1621              39.8316              46.3498
70   H               45.5517              41.6279              46.3419
71   H               46.1781              40.6264              48.3214
72   H               47.1406              39.8787              50.4408
73   H               49.6111              40.3414              45.3959
74   H               48.9885              38.9241              51.4798
75   H               51.4213              38.2606              49.3033
76   H               51.5189              38.4880              47.5204
77   H               52.4308              40.7237              47.7437
78   H               54.5087              41.7561              50.6043
79   H               53.4375              42.5483              49.4306
80   H               54.6916              41.4624              48.8552
81   H               52.3208              38.8383              51.0341
82   H               52.0876              40.4614              51.6994
83   H               53.7037              39.7609              51.6789


Energy:                -10509.848010 Convergence criteria  Is converged 
Maximum Force:             0.022416     0.012245                No
RMS Force:                 0.004667     0.008163                Yes
Maximum Displacement:      0.032371     0.001800                No
RMS Displacement:          0.005881     0.001200                No

Model change: -4.128569e-03  Actual change: -4.126177e-03  rho:  0.999
Trust radius (MW):  0.200000  Step norm (MW):  0.194936  On boundary: False

----------------------------------------------------------------------
                            Iteration: 40                             

lambda1: N/A(PRFO), lambda2: N/A(PRFO)
lowest eigenvalue: -6.522437369143714, second lowest eigenvalue: -0.014701861380324118

                             Coordinates                              
----------------------------------------------------------------------
0    C               46.9863              46.0155              44.1630
1    O               44.4111              43.8353              45.6894
2    C               47.7405              45.0544              43.4418
3    O               48.1261              42.8216              42.7404
4    C               45.8766              45.6045              44.9368
5    O               50.2956              52.2691              42.4978
6    C               47.3516              43.7218              43.4401
7    O               48.5601              47.7536              43.3829
8    C               45.4798              44.2722              44.9067
9    O               47.1929              34.8623              48.0813
10   C               46.1379              43.3101              44.0898
11   O               44.1847              38.6108              48.2122
12   C               45.5709              42.0004              43.8977
13   O               48.1604              40.8332              44.7966
14   C               44.1677              41.7790              43.7952
15   O               50.1772              40.0007              46.1588
16   C               43.6153              40.5194              43.7880
17   O               49.6403              38.9121              50.7586
18   C               44.4566              39.3748              44.2198
19   C               42.1668              40.3459              43.4511
20   C               47.4704              49.6533              44.1279
21   C               48.6189              49.1691              43.4235
22   C               49.5842              49.9688              42.8770
23   C               49.3909              51.3640              43.0230
24   C               48.2678              51.8909              43.7072
25   C               47.3121              51.0473              44.2615
26   C               46.7103              48.5304              44.5289
27   C               47.3468              47.3819              44.0803
28   C               45.6635              36.6888              48.1326
29   C               46.6598              35.9790              47.4544
30   C               47.1098              36.3955              46.1759
31   C               46.5687              37.5485              45.6179
32   C               45.5700              38.2824              46.2813
33   C               45.1357              37.8442              47.5495
34   C               45.0263              39.5778              45.7126
35   C               45.9639              40.8264              45.7456
36   C               47.4083              40.7015              45.8306
37   C               47.9780              40.3346              47.1459
38   C               47.2151              40.3113              48.3405
39   C               49.3560              39.9325              47.2329
40   C               47.7490              39.8760              49.5449
41   C               49.8669              39.4379              48.4321
42   C               49.0819              39.4117              49.5859
43   C               51.3165              38.9787              48.4861
44   C               52.3258              40.1112              48.6384
45   C               53.0129              40.4587              49.7523
46   C               53.9768              41.6139              49.6568
47   C               52.7742              39.8413              51.1091
48   H               48.6227              45.3413              42.8776
49   H               45.3445              46.3252              45.5473
50   H               44.1265              44.5464              46.2958
51   H               48.1872              41.9775              43.2448
52   H               46.2210              41.2603              43.4315
53   H               43.5055              42.6390              43.7126
54   H               43.8882              38.4472              44.1955
55   H               45.3407              39.2646              43.5875
56   H               41.5284              40.6815              44.2811
57   H               41.9218              39.3011              43.2341
58   H               41.8936              40.9591              42.5845
59   H               50.4460              49.5489              42.3579
60   H               48.1972              52.9720              43.7732
61   H               46.4513              51.4497              44.7903
62   H               45.7811              48.5872              45.0762
63   H               51.0309              51.8046              42.0484
64   H               45.3441              36.3120              49.1013
65   H               47.8698              35.8324              45.6394
66   H               46.9325              37.9025              44.6547
67   H               47.8829              34.4500              47.5239
68   H               43.8995              38.1742              49.0391
69   H               44.1601              39.8286              46.3467
70   H               45.5495              41.6257              46.3438
71   H               46.1740              40.6214              48.3221
72   H               47.1380              39.8826              50.4438
73   H               49.6106              40.3440              45.3998
74   H               48.9895              38.9379              51.4863
75   H               51.4205              38.2673              49.3098
76   H               51.5160              38.4894              47.5261
77   H               52.4272              40.7269              47.7428
78   H               54.5441              41.7370              50.5836
79   H               53.4460              42.5543              49.4535
80   H               54.6792              41.4721              48.8255
81   H               52.3301              38.8437              51.0352
82   H               52.0853              40.4678              51.6922
83   H               53.7060              39.7757              51.6816


Energy:                -10509.851766 Convergence criteria  Is converged 
Maximum Force:             0.020288     0.012245                No
RMS Force:                 0.004413     0.008163                Yes
Maximum Displacement:      0.035403     0.001800                No
RMS Displacement:          0.006062     0.001200                No

Model change: -3.752690e-03  Actual change: -3.756378e-03  rho:  1.001
Trust radius (MW):  0.200000  Step norm (MW):  0.194936  On boundary: False

----------------------------------------------------------------------
                            Iteration: 41                             

lambda1: N/A(PRFO), lambda2: N/A(PRFO)
lowest eigenvalue: -6.521466250608773, second lowest eigenvalue: -0.02033681621326995

                             Coordinates                              
----------------------------------------------------------------------
0    C               46.9844              46.0155              44.1626
1    O               44.4138              43.8335              45.6945
2    C               47.7384              45.0545              43.4408
3    O               48.1265              42.8212              42.7428
4    C               45.8766              45.6040              44.9390
5    O               50.2988              52.2673              42.5002
6    C               47.3512              43.7216              43.4414
7    O               48.5544              47.7533              43.3748
8    C               45.4808              44.2713              44.9100
9    O               47.1810              34.8506              48.0713
10   C               46.1382              43.3097              44.0922
11   O               44.1907              38.6128              48.2145
12   C               45.5712              42.0002              43.8992
13   O               48.1592              40.8312              44.7987
14   C               44.1683              41.7783              43.7955
15   O               50.1767              40.0044              46.1633
16   C               43.6176              40.5180              43.7847
17   O               49.6411              38.9249              50.7650
18   C               44.4592              39.3739              44.2173
19   C               42.1706              40.3427              43.4422
20   C               47.4715              49.6531              44.1293
21   C               48.6158              49.1685              43.4183
22   C               49.5808              49.9677              42.8705
23   C               49.3926              51.3628              43.0238
24   C               48.2735              51.8900              43.7142
25   C               47.3174              51.0470              44.2685
26   C               46.7113              48.5305              44.5314
27   C               47.3444              47.3819              44.0782
28   C               45.6600              36.6839              48.1285
29   C               46.6535              35.9721              47.4483
30   C               47.1061              36.3910              46.1715
31   C               46.5680              37.5466              45.6159
32   C               45.5700              38.2808              46.2800
33   C               45.1365              37.8426              47.5484
34   C               45.0260              39.5761              45.7114
35   C               45.9627              40.8251              45.7471
36   C               47.4069              40.7003              45.8327
37   C               47.9760              40.3345              47.1485
38   C               47.2123              40.3105              48.3425
39   C               49.3548              39.9354              47.2367
40   C               47.7469              39.8796              49.5481
41   C               49.8658              39.4430              48.4367
42   C               49.0810              39.4185              49.5905
43   C               51.3152              38.9833              48.4909
44   C               52.3256              40.1155              48.6383
45   C               53.0197              40.4615              49.7484
46   C               53.9881              41.6125              49.6475
47   C               52.7765              39.8504              51.1076
48   H               48.6192              45.3419              42.8748
49   H               45.3451              46.3245              45.5503
50   H               44.1273              44.5455              46.2989
51   H               48.1875              41.9773              43.2475
52   H               46.2217              41.2603              43.4332
53   H               43.5053              42.6379              43.7144
54   H               43.8921              38.4456              44.1908
55   H               45.3449              39.2654              43.5867
56   H               41.5288              40.6745              44.2710
57   H               41.9285              39.2982              43.2212
58   H               41.8992              40.9580              42.5766
59   H               50.4389              49.5474              42.3456
60   H               48.2064              52.9710              43.7850
61   H               46.4596              51.4497              44.8019
62   H               45.7847              48.5875              45.0829
63   H               51.0312              51.8026              42.0463
64   H               45.3397              36.3059              49.0964
65   H               47.8659              35.8281              45.6345
66   H               46.9333              37.9021              44.6539
67   H               47.8689              34.4366              47.5124
68   H               43.9062              38.1767              49.0419
69   H               44.1585              39.8257              46.3441
70   H               45.5475              41.6238              46.3455
71   H               46.1701              40.6167              48.3227
72   H               47.1354              39.8866              50.4466
73   H               49.6101              40.3457              45.4035
74   H               48.9897              38.9496              51.4922
75   H               51.4198              38.2743              49.3166
76   H               51.5132              38.4909              47.5321
77   H               52.4231              40.7305              47.7417
78   H               54.5833              41.7158              50.5594
79   H               53.4569              42.5597              49.4785
80   H               54.6652              41.4823              48.7937
81   H               52.3460              38.8463              51.0355
82   H               52.0712              40.4701              51.6790
83   H               53.7032              39.8008              51.6898


Energy:                -10509.855224 Convergence criteria  Is converged 
Maximum Force:             0.021418     0.012245                No
RMS Force:                 0.004366     0.008163                Yes
Maximum Displacement:      0.039196     0.001800                No
RMS Displacement:          0.006491     0.001200                No

Model change: -3.454711e-03  Actual change: -3.457944e-03  rho:  1.001
Trust radius (MW):  0.200000  Step norm (MW):  0.194936  On boundary: False

----------------------------------------------------------------------
                            Iteration: 42                             

lambda1: N/A(PRFO), lambda2: N/A(PRFO)
lowest eigenvalue: -6.528658521787067, second lowest eigenvalue: -0.006571201538228841

                             Coordinates                              
----------------------------------------------------------------------
0    C               46.9827              46.0155              44.1621
1    O               44.4158              43.8319              45.6985
2    C               47.7365              45.0546              43.4399
3    O               48.1271              42.8207              42.7453
4    C               45.8765              45.6035              44.9406
5    O               50.3017              52.2655              42.5022
6    C               47.3510              43.7213              43.4426
7    O               48.5490              47.7530              43.3672
8    C               45.4814              44.2705              44.9126
9    O               47.1690              34.8387              48.0612
10   C               46.1385              43.3091              44.0943
11   O               44.1962              38.6143              48.2166
12   C               45.5716              41.9999              43.9005
13   O               48.1581              40.8294              44.8007
14   C               44.1690              41.7775              43.7957
15   O               50.1762              40.0075              46.1676
16   C               43.6197              40.5166              43.7819
17   O               49.6414              38.9368              50.7712
18   C               44.4617              39.3730              44.2152
19   C               42.1741              40.3398              43.4344
20   C               47.4729              49.6528              44.1312
21   C               48.6129              49.1679              43.4136
22   C               49.5775              49.9665              42.8643
23   C               49.3943              51.3615              43.0246
24   C               48.2793              51.8891              43.7213
25   C               47.3229              51.0465              44.2760
26   C               46.7127              48.5305              44.5343
27   C               47.3423              47.3818              44.0763
28   C               45.6566              36.6787              48.1243
29   C               46.6474              35.9652              47.4421
30   C               47.1031              36.3870              46.1674
31   C               46.5679              37.5451              45.6143
32   C               45.5703              38.2793              46.2789
33   C               45.1373              37.8409              47.5474
34   C               45.0258              39.5744              45.7104
35   C               45.9616              40.8239              45.7485
36   C               47.4057              40.6994              45.8347
37   C               47.9742              40.3347              47.1510
38   C               47.2095              40.3100              48.3444
39   C               49.3536              39.9383              47.2406
40   C               47.7448              39.8833              49.5513
41   C               49.8646              39.4482              48.4414
42   C               49.0797              39.4251              49.5951
43   C               51.3139              38.9880              48.4959
44   C               52.3253              40.1198              48.6381
45   C               53.0264              40.4646              49.7441
46   C               54.0003              41.6105              49.6373
47   C               52.7775              39.8614              51.1063
48   H               48.6161              45.3423              42.8724
49   H               45.3452              46.3238              45.5524
50   H               44.1275              44.5447              46.3012
51   H               48.1881              41.9770              43.2503
52   H               46.2224              41.2601              43.4348
53   H               43.5053              42.6367              43.7156
54   H               43.8956              38.4441              44.1869
55   H               45.3487              39.2660              43.5862
56   H               41.5293              40.6688              44.2619
57   H               41.9344              39.2953              43.2105
58   H               41.9045              40.9565              42.5692
59   H               50.4319              49.5460              42.3335
60   H               48.2156              52.9700              43.7968
61   H               46.4682              51.4495              44.8140
62   H               45.7887              48.5877              45.0901
63   H               51.0310              51.8006              42.0437
64   H               45.3350              36.2994              49.0913
65   H               47.8630              35.8246              45.6303
66   H               46.9349              37.9023              44.6535
67   H               47.8549              34.4233              47.5009
68   H               43.9122              38.1785              49.0444
69   H               44.1572              39.8230              46.3420
70   H               45.5456              41.6221              46.3469
71   H               46.1663              40.6125              48.3232
72   H               47.1326              39.8909              50.4494
73   H               49.6095              40.3470              45.4070
74   H               48.9891              38.9596              51.4977
75   H               51.4190              38.2817              49.3238
76   H               51.5104              38.4922              47.5385
77   H               52.4189              40.7341              47.7404
78   H               54.6222              41.6943              50.5335
79   H               53.4708              42.5639              49.5014
80   H               54.6523              41.4909              48.7628
81   H               52.3647              38.8493              51.0370
82   H               52.0525              40.4721              51.6628
83   H               53.6975              39.8320              51.7001


Energy:                -10509.858435 Convergence criteria  Is converged 
Maximum Force:             0.020763     0.012245                No
RMS Force:                 0.004110     0.008163                Yes
Maximum Displacement:      0.038875     0.001800                No
RMS Displacement:          0.006635     0.001200                No

Model change: -3.203652e-03  Actual change: -3.211411e-03  rho:  1.002
Trust radius (MW):  0.200000  Step norm (MW):  0.194936  On boundary: False

----------------------------------------------------------------------
                            Iteration: 43                             

lambda1: N/A(PRFO), lambda2: N/A(PRFO)
lowest eigenvalue: -6.534719963447372, second lowest eigenvalue: -0.0003367499722395657

                             Coordinates                              
----------------------------------------------------------------------
0    C               46.9810              46.0153              44.1616
1    O               44.4173              43.8305              45.7017
2    C               47.7348              45.0546              43.4392
3    O               48.1279              42.8202              42.7477
4    C               45.8760              45.6030              44.9418
5    O               50.3043              52.2637              42.5037
6    C               47.3508              43.7209              43.4438
7    O               48.5438              47.7526              43.3599
8    C               45.4817              44.2697              44.9146
9    O               47.1567              34.8264              48.0507
10   C               46.1388              43.3086              44.0960
11   O               44.2013              38.6152              48.2186
12   C               45.5721              41.9995              43.9016
13   O               48.1573              40.8277              44.8028
14   C               44.1697              41.7766              43.7957
15   O               50.1756              40.0103              46.1720
16   C               43.6218              40.5150              43.7795
17   O               49.6412              38.9483              50.7773
18   C               44.4641              39.3720              44.2135
19   C               42.1774              40.3369              43.4276
20   C               47.4746              49.6523              44.1336
21   C               48.6103              49.1673              43.4092
22   C               49.5743              49.9654              42.8583
23   C               49.3960              51.3602              43.0253
24   C               48.2852              51.8881              43.7287
25   C               47.3287              51.0460              44.2839
26   C               46.7144              48.5303              44.5376
27   C               47.3404              47.3817              44.0747
28   C               45.6530              36.6733              48.1200
29   C               46.6413              35.9580              47.4359
30   C               47.1005              36.3834              46.1637
31   C               46.5683              37.5440              45.6130
32   C               45.5709              38.2779              46.2780
33   C               45.1380              37.8390              47.5463
34   C               45.0259              39.5729              45.7097
35   C               45.9606              40.8229              45.7499
36   C               47.4046              40.6987              45.8367
37   C               47.9724              40.3353              47.1535
38   C               47.2068              40.3099              48.3463
39   C               49.3525              39.9413              47.2444
40   C               47.7425              39.8874              49.5544
41   C               49.8634              39.4535              48.4462
42   C               49.0784              39.4318              49.5997
43   C               51.3124              38.9925              48.5011
44   C               52.3253              40.1238              48.6374
45   C               53.0329              40.4680              49.7395
46   C               54.0126              41.6083              49.6263
47   C               52.7782              39.8736              51.1049
48   H               48.6135              45.3427              42.8704
49   H               45.3448              46.3232              45.5538
50   H               44.1274              44.5440              46.3028
51   H               48.1887              41.9767              43.2531
52   H               46.2233              41.2598              43.4363
53   H               43.5054              42.6354              43.7163
54   H               43.8990              38.4425              44.1837
55   H               45.3522              39.2662              43.5859
56   H               41.5299              40.6639              44.2538
57   H               41.9397              39.2924              43.2015
58   H               41.9094              40.9545              42.5626
59   H               50.4249              49.5446              42.3216
60   H               48.2247              52.9689              43.8087
61   H               46.4771              51.4492              44.8267
62   H               45.7930              48.5877              45.0979
63   H               51.0304              51.7986              42.0405
64   H               45.3299              36.2924              49.0859
65   H               47.8610              35.8216              45.6265
66   H               46.9372              37.9029              44.6536
67   H               47.8407              34.4096              47.4890
68   H               43.9177              38.1795              49.0465
69   H               44.1563              39.8204              46.3403
70   H               45.5438              41.6207              46.3482
71   H               46.1626              40.6088              48.3236
72   H               47.1297              39.8958              50.4521
73   H               49.6091              40.3481              45.4106
74   H               48.9880              38.9688              51.5030
75   H               51.4178              38.2892              49.3314
76   H               51.5073              38.4930              47.5452
77   H               52.4156              40.7364              47.7383
78   H               54.6574              41.6742              50.5076
79   H               53.4862              42.5672              49.5197
80   H               54.6414              41.4981              48.7341
81   H               52.3859              38.8528              51.0400
82   H               52.0321              40.4743              51.6445
83   H               53.6902              39.8673              51.7115


Energy:                -10509.861381 Convergence criteria  Is converged 
Maximum Force:             0.018012     0.012245                No
RMS Force:                 0.003693     0.008163                Yes
Maximum Displacement:      0.035308     0.001800                No
RMS Displacement:          0.006586     0.001200                No

Model change: -2.931956e-03  Actual change: -2.945416e-03  rho:  1.005
Trust radius (MW):  0.200000  Step norm (MW):  0.194936  On boundary: False

----------------------------------------------------------------------
                            Iteration: 44                             

lambda1: N/A(PRFO), lambda2: N/A(PRFO)
lowest eigenvalue: -6.543747319312991, second lowest eigenvalue: -0.03735780012035738

                             Coordinates                              
----------------------------------------------------------------------
0    C               46.9797              46.0152              44.1612
1    O               44.4181              43.8293              45.7037
2    C               47.7335              45.0546              43.4386
3    O               48.1288              42.8198              42.7498
4    C               45.8756              45.6026              44.9425
5    O               50.3062              52.2622              42.5047
6    C               47.3508              43.7206              43.4448
7    O               48.5395              47.7523              43.3540
8    C               45.4819              44.2691              44.9159
9    O               47.1460              34.8156              48.0414
10   C               46.1390              43.3080              44.0972
11   O               44.2054              38.6154              48.2201
12   C               45.5725              41.9990              43.9023
13   O               48.1568              40.8264              44.8045
14   C               44.1703              41.7757              43.7957
15   O               50.1752              40.0125              46.1759
16   C               43.6234              40.5137              43.7777
17   O               49.6406              38.9589              50.7827
18   C               44.4660              39.3710              44.2124
19   C               42.1800              40.3345              43.4225
20   C               47.4763              49.6519              44.1360
21   C               48.6082              49.1667              43.4058
22   C               49.5716              49.9645              42.8533
23   C               49.3973              51.3591              43.0260
24   C               48.2903              51.8871              43.7351
25   C               47.3339              51.0453              44.2910
26   C               46.7161              48.5301              44.5408
27   C               47.3389              47.3815              44.0736
28   C               45.6497              36.6682              48.1161
29   C               46.6359              35.9517              47.4305
30   C               47.0987              36.3803              46.1606
31   C               46.5691              37.5431              45.6121
32   C               45.5717              38.2768              46.2774
33   C               45.1386              37.8371              47.5453
34   C               45.0261              39.5717              45.7092
35   C               45.9599              40.8221              45.7508
36   C               47.4038              40.6983              45.8383
37   C               47.9709              40.3361              47.1556
38   C               47.2043              40.3104              48.3478
39   C               49.3514              39.9441              47.2479
40   C               47.7401              39.8915              49.5572
41   C               49.8621              39.4587              48.4507
42   C               49.0768              39.4384              49.6040
43   C               51.3107              38.9965              48.5067
44   C               52.3256              40.1267              48.6375
45   C               53.0393              40.4715              49.7357
46   C               54.0230              41.6075              49.6147
47   C               52.7794              39.8820              51.1030
48   H               48.6116              45.3428              42.8689
49   H               45.3442              46.3227              45.5544
50   H               44.1270              44.5434              46.3036
51   H               48.1894              41.9764              43.2555
52   H               46.2241              41.2595              43.4374
53   H               43.5055              42.6342              43.7167
54   H               43.9016              38.4412              44.1815
55   H               45.3549              39.2662              43.5857
56   H               41.5304              40.6602              44.2476
57   H               41.9437              39.2899              43.1951
58   H               41.9133              40.9525              42.5574
59   H               50.4190              49.5436              42.3117
60   H               48.2326              52.9678              43.8189
61   H               46.4851              51.4487              44.8380
62   H               45.7971              48.5876              45.1049
63   H               51.0296              51.7969              42.0373
64   H               45.3250              36.2859              49.0809
65   H               47.8599              35.8194              45.6235
66   H               46.9397              37.9038              44.6540
67   H               47.8283              34.3978              47.4786
68   H               43.9220              38.1796              49.0480
69   H               44.1557              39.8183              46.3391
70   H               45.5424              41.6196              46.3490
71   H               46.1592              40.6060              48.3236
72   H               47.1265              39.9006              50.4543
73   H               49.6089              40.3487              45.4137
74   H               48.9859              38.9742              51.5072
75   H               51.4155              38.2963              49.3395
76   H               51.5042              38.4930              47.5525
77   H               52.4135              40.7371              47.7365
78   H               54.6847              41.6632              50.4840
79   H               53.4999              42.5699              49.5258
80   H               54.6345              41.5014              48.7104
81   H               52.4411              38.8398              51.0411
82   H               51.9846              40.4485              51.6129
83   H               53.6745              39.9276              51.7344


Energy:                -10509.864391 Convergence criteria  Is converged 
Maximum Force:             0.047191     0.012245                No
RMS Force:                 0.007365     0.008163                Yes
Maximum Displacement:      0.060295     0.001800                No
RMS Displacement:          0.008246     0.001200                No

Model change: -2.865881e-03  Actual change: -3.010293e-03  rho:  1.050
Trust radius (MW):  0.200000  Step norm (MW):  0.194936  On boundary: False

----------------------------------------------------------------------
                            Iteration: 45                             

lambda1: N/A(PRFO), lambda2: N/A(PRFO)
lowest eigenvalue: -6.553954418528197, second lowest eigenvalue: -0.0849987612419456

                             Coordinates                              
----------------------------------------------------------------------
0    C               46.9791              46.0151              44.1610
1    O               44.4185              43.8288              45.7045
2    C               47.7329              45.0546              43.4384
3    O               48.1292              42.8196              42.7508
4    C               45.8753              45.6024              44.9427
5    O               50.3071              52.2614              42.5051
6    C               47.3508              43.7205              43.4451
7    O               48.5374              47.7522              43.3510
8    C               45.4818              44.2687              44.9163
9    O               47.1402              34.8099              48.0365
10   C               46.1390              43.3078              44.0975
11   O               44.2074              38.6154              48.2208
12   C               45.5725              41.9990              43.9020
13   O               48.1566              40.8258              44.8050
14   C               44.1705              41.7753              43.7954
15   O               50.1747              40.0136              46.1780
16   C               43.6241              40.5130              43.7767
17   O               49.6385              38.9648              50.7849
18   C               44.4669              39.3706              44.2117
19   C               42.1812              40.3332              43.4201
20   C               47.4773              49.6516              44.1374
21   C               48.6071              49.1664              43.4042
22   C               49.5702              49.9641              42.8508
23   C               49.3980              51.3585              43.0264
24   C               48.2930              51.8866              43.7384
25   C               47.3367              51.0450              44.2947
26   C               46.7171              48.5299              44.5425
27   C               47.3383              47.3814              44.0730
28   C               45.6479              36.6656              48.1140
29   C               46.6330              35.9483              47.4275
30   C               47.0978              36.3787              46.1590
31   C               46.5695              37.5427              45.6116
32   C               45.5720              38.2762              46.2770
33   C               45.1388              37.8360              47.5447
34   C               45.0261              39.5710              45.7089
35   C               45.9594              40.8216              45.7510
36   C               47.4032              40.6982              45.8386
37   C               47.9695              40.3370              47.1562
38   C               47.2019              40.3114              48.3477
39   C               49.3502              39.9458              47.2494
40   C               47.7369              39.8944              49.5580
41   C               49.8597              39.4618              48.4529
42   C               49.0738              39.4425              49.6057
43   C               51.3085              38.9989              48.5127
44   C               52.3251              40.1281              48.6412
45   C               53.0449              40.4738              49.7357
46   C               54.0288              41.6089              49.6054
47   C               52.7898              39.8815              51.1037
48   H               48.6107              45.3429              42.8683
49   H               45.3439              46.3224              45.5547
50   H               44.1267              44.5430              46.3038
51   H               48.1896              41.9763              43.2566
52   H               46.2244              41.2595              43.4374
53   H               43.5054              42.6335              43.7168
54   H               43.9029              38.4405              44.1802
55   H               45.3562              39.2663              43.5855
56   H               41.5306              40.6584              44.2446
57   H               41.9456              39.2886              43.1921
58   H               41.9151              40.9513              42.5548
59   H               50.4159              49.5431              42.3065
60   H               48.2367              52.9672              43.8242
61   H               46.4893              51.4484              44.8440
62   H               45.7994              48.5874              45.1087
63   H               51.0291              51.7961              42.0356
64   H               45.3225              36.2824              49.0782
65   H               47.8593              35.8183              45.6220
66   H               46.9411              37.9042              44.6542
67   H               47.8217              34.3915              47.4730
68   H               43.9243              38.1797              49.0488
69   H               44.1554              39.8172              46.3384
70   H               45.5415              41.6192              46.3488
71   H               46.1564              40.6056              48.3222
72   H               47.1225              39.9042              50.4547
73   H               49.6087              40.3488              45.4151
74   H               48.9853              38.9796              51.5107
75   H               51.4104              38.3015              49.3478
76   H               51.5028              38.4924              47.5601
77   H               52.4103              40.7378              47.7393
78   H               54.7045              41.6609              50.4643
79   H               53.5061              42.5724              49.5272
80   H               54.6263              41.5050              48.6916
81   H               52.5440              38.8094              51.0499
82   H               51.9313              40.3843              51.5807
83   H               53.6604              40.0062              51.7612


Energy:                -10509.868796 Convergence criteria  Is converged 
Maximum Force:             0.129553     0.012245                No
RMS Force:                 0.015734     0.008163                No
Maximum Displacement:      0.102862     0.001800                No
RMS Displacement:          0.010780     0.001200                No

Model change: -4.790375e-03  Actual change: -4.405148e-03  rho:  0.920
Trust radius (MW):  0.200000  Step norm (MW):  0.194936  On boundary: False

----------------------------------------------------------------------
                            Iteration: 46                             

lambda1: N/A(PRFO), lambda2: N/A(PRFO)
lowest eigenvalue: -6.584309679780235, second lowest eigenvalue: -0.021342541863635784

                             Coordinates                              
----------------------------------------------------------------------
0    C               46.9785              46.0150              44.1607
1    O               44.4187              43.8281              45.7051
2    C               47.7324              45.0545              43.4381
3    O               48.1298              42.8194              42.7518
4    C               45.8750              45.6021              44.9429
5    O               50.3080              52.2607              42.5055
6    C               47.3508              43.7203              43.4454
7    O               48.5353              47.7520              43.3480
8    C               45.4818              44.2684              44.9166
9    O               47.1343              34.8040              48.0314
10   C               46.1390              43.3076              44.0977
11   O               44.2092              38.6153              48.2213
12   C               45.5726              41.9989              43.9016
13   O               48.1570              40.8250              44.8056
14   C               44.1707              41.7748              43.7950
15   O               50.1746              40.0140              46.1812
16   C               43.6248              40.5122              43.7757
17   O               49.6345              38.9734              50.7893
18   C               44.4677              39.3700              44.2109
19   C               42.1822              40.3320              43.4178
20   C               47.4783              49.6513              44.1389
21   C               48.6062              49.1661              43.4026
22   C               49.5688              49.9636              42.8483
23   C               49.3987              51.3579              43.0267
24   C               48.2957              51.8861              43.7419
25   C               47.3395              51.0446              44.2987
26   C               46.7181              48.5297              44.5444
27   C               47.3376              47.3812              44.0726
28   C               45.6459              36.6628              48.1118
29   C               46.6300              35.9448              47.4245
30   C               47.0968              36.3771              46.1574
31   C               46.5699              37.5422              45.6110
32   C               45.5723              38.2755              46.2765
33   C               45.1389              37.8349              47.5440
34   C               45.0263              39.5703              45.7084
35   C               45.9592              40.8210              45.7507
36   C               47.4031              40.6980              45.8388
37   C               47.9684              40.3377              47.1570
38   C               47.1989              40.3125              48.3473
39   C               49.3492              39.9471              47.2520
40   C               47.7324              39.8973              49.5587
41   C               49.8574              39.4648              48.4567
42   C               49.0697              39.4466              49.6084
43   C               51.3064              39.0026              48.5211
44   C               52.3235              40.1321              48.6439
45   C               53.0504              40.4779              49.7340
46   C               54.0350              41.6114              49.5962
47   C               52.8034              39.8751              51.1000
48   H               48.6099              45.3430              42.8677
49   H               45.3435              46.3220              45.5549
50   H               44.1263              44.5426              46.3038
51   H               48.1899              41.9761              43.2577
52   H               46.2246              41.2594              43.4371
53   H               43.5053              42.6329              43.7167
54   H               43.9040              38.4397              44.1790
55   H               45.3574              39.2661              43.5852
56   H               41.5308              40.6568              44.2418
57   H               41.9473              39.2873              43.1894
58   H               41.9166              40.9502              42.5525
59   H               50.4128              49.5425              42.3014
60   H               48.2408              52.9665              43.8296
61   H               46.4937              51.4481              44.8502
62   H               45.8017              48.5873              45.1127
63   H               51.0285              51.7953              42.0337
64   H               45.3197              36.2789              49.0753
65   H               47.8588              35.8171              45.6205
66   H               46.9426              37.9046              44.6544
67   H               47.8149              34.3851              47.4674
68   H               43.9266              38.1798              49.0496
69   H               44.1553              39.8162              46.3376
70   H               45.5410              41.6187              46.3482
71   H               46.1532              40.6054              48.3200
72   H               47.1169              39.9075              50.4547
73   H               49.6089              40.3481              45.4175
74   H               48.9802              38.9877              51.5142
75   H               51.4074              38.3120              49.3619
76   H               51.5015              38.4898              47.5720
77   H               52.4040              40.7410              47.7409
78   H               54.7235              41.6572              50.4454
79   H               53.5130              42.5763              49.5309
80   H               54.6188              41.5112              48.6733
81   H               52.6420              38.7872              51.0450
82   H               51.8955              40.3086              51.5503
83   H               53.6436              40.0657              51.7794


Energy:                -10509.875563 Convergence criteria  Is converged 
Maximum Force:             0.103068     0.012245                No
RMS Force:                 0.012951     0.008163                No
Maximum Displacement:      0.098003     0.001800                No
RMS Displacement:          0.010067     0.001200                No

Model change: -6.361519e-03  Actual change: -6.766671e-03  rho:  1.064
Trust radius (MW):  0.200000  Step norm (MW):  0.194936  On boundary: False

----------------------------------------------------------------------
                            Iteration: 47                             

lambda1: N/A(PRFO), lambda2: N/A(PRFO)
lowest eigenvalue: -6.586169325714069, second lowest eigenvalue: -0.0013840270704182053

                             Coordinates                              
----------------------------------------------------------------------
0    C               46.9779              46.0148              44.1605
1    O               44.4190              43.8274              45.7054
2    C               47.7320              45.0544              43.4378
3    O               48.1305              42.8191              42.7527
4    C               45.8747              45.6017              44.9429
5    O               50.3087              52.2600              42.5057
6    C               47.3510              43.7201              43.4456
7    O               48.5334              47.7518              43.3453
8    C               45.4818              44.2679              44.9167
9    O               47.1285              34.7983              48.0265
10   C               46.1391              43.3072              44.0977
11   O               44.2110              38.6152              48.2215
12   C               45.5728              41.9986              43.9010
13   O               48.1585              40.8241              44.8067
14   C               44.1710              41.7742              43.7945
15   O               50.1752              40.0144              46.1863
16   C               43.6255              40.5115              43.7748
17   O               49.6258              38.9771              50.7949
18   C               44.4685              39.3694              44.2102
19   C               42.1833              40.3309              43.4159
20   C               47.4793              49.6510              44.1404
21   C               48.6053              49.1658              43.4011
22   C               49.5676              49.9631              42.8460
23   C               49.3993              51.3574              43.0271
24   C               48.2982              51.8855              43.7452
25   C               47.3422              51.0442              44.3025
26   C               46.7192              48.5295              44.5463
27   C               47.3371              47.3811              44.0722
28   C               45.6438              36.6600              48.1094
29   C               46.6271              35.9414              47.4215
30   C               47.0960              36.3755              46.1558
31   C               46.5706              37.5417              45.6105
32   C               45.5728              38.2748              46.2759
33   C               45.1390              37.8337              47.5431
34   C               45.0269              39.5697              45.7079
35   C               45.9597              40.8203              45.7502
36   C               47.4037              40.6975              45.8392
37   C               47.9676              40.3383              47.1582
38   C               47.1958              40.3138              48.3470
39   C               49.3488              39.9488              47.2564
40   C               47.7271              39.9000              49.5597
41   C               49.8554              39.4694              48.4632
42   C               49.0642              39.4501              49.6123
43   C               51.3043              39.0083              48.5322
44   C               52.3221              40.1385              48.6434
45   C               53.0565              40.4834              49.7286
46   C               54.0426              41.6147              49.5863
47   C               52.8170              39.8688              51.0911
48   H               48.6093              45.3431              42.8672
49   H               45.3431              46.3216              45.5548
50   H               44.1260              44.5421              46.3036
51   H               48.1902              41.9759              43.2588
52   H               46.2252              41.2593              43.4367
53   H               43.5054              42.6322              43.7165
54   H               43.9050              38.4391              44.1781
55   H               45.3583              39.2657              43.5847
56   H               41.5312              40.6554              44.2394
57   H               41.9488              39.2862              43.1871
58   H               41.9181              40.9491              42.5504
59   H               50.4098              49.5421              42.2966
60   H               48.2447              52.9659              43.8348
61   H               46.4979              51.4477              44.8562
62   H               45.8041              48.5870              45.1166
63   H               51.0278              51.7946              42.0318
64   H               45.3163              36.2750              49.0721
65   H               47.8585              35.8160              45.6192
66   H               46.9444              37.9050              44.6546
67   H               47.8085              34.3789              47.4620
68   H               43.9289              38.1800              49.0502
69   H               44.1557              39.8156              46.3369
70   H               45.5412              41.6183              46.3472
71   H               46.1499              40.6056              48.3172
72   H               47.1097              39.9104              50.4544
73   H               49.6101              40.3469              45.4216
74   H               48.9661              38.9812              51.5152
75   H               51.4060              38.3303              49.3831
76   H               51.4992              38.4838              47.5892
77   H               52.3966              40.7449              47.7383
78   H               54.7423              41.6518              50.4268
79   H               53.5225              42.5814              49.5350
80   H               54.6142              41.5193              48.6554
81   H               52.7272              38.7732              51.0328
82   H               51.8703              40.2383              51.5132
83   H               53.6241              40.1140              51.7914


Energy:                -10509.882518 Convergence criteria  Is converged 
Maximum Force:             0.074215     0.012245                No
RMS Force:                 0.010122     0.008163                No
Maximum Displacement:      0.085253     0.001800                No
RMS Displacement:          0.009326     0.001200                No

Model change: -6.426770e-03  Actual change: -6.954814e-03  rho:  1.082
Trust radius (MW):  0.200000  Step norm (MW):  0.194936  On boundary: False

----------------------------------------------------------------------
                            Iteration: 48                             

lambda1: N/A(PRFO), lambda2: N/A(PRFO)
lowest eigenvalue: -6.583922231581479, second lowest eigenvalue: -0.01841496988597146

                             Coordinates                              
----------------------------------------------------------------------
0    C               46.9776              46.0146              44.1602
1    O               44.4193              43.8268              45.7055
2    C               47.7318              45.0544              43.4376
3    O               48.1312              42.8188              42.7535
4    C               45.8746              45.6014              44.9428
5    O               50.3092              52.2594              42.5059
6    C               47.3512              43.7199              43.4457
7    O               48.5319              47.7517              43.3432
8    C               45.4819              44.2675              44.9167
9    O               47.1239              34.7939              48.0227
10   C               46.1393              43.3070              44.0976
11   O               44.2123              38.6151              48.2216
12   C               45.5732              41.9985              43.9003
13   O               48.1604              40.8235              44.8078
14   C               44.1715              41.7737              43.7940
15   O               50.1762              40.0152              46.1917
16   C               43.6261              40.5109              43.7741
17   O               49.6144              38.9778              50.8007
18   C               44.4692              39.3690              44.2097
19   C               42.1841              40.3300              43.4145
20   C               47.4802              49.6507              44.1416
21   C               48.6047              49.1655              43.4001
22   C               49.5666              49.9628              42.8442
23   C               49.3998              51.3569              43.0274
24   C               48.3002              51.8851              43.7478
25   C               47.3444              51.0438              44.3055
26   C               46.7201              48.5292              44.5478
27   C               47.3368              47.3809              44.0719
28   C               45.6420              36.6576              48.1074
29   C               46.6247              35.9387              47.4191
30   C               47.0955              36.3742              46.1546
31   C               46.5712              37.5413              45.6101
32   C               45.5733              38.2743              46.2754
33   C               45.1390              37.8327              47.5423
34   C               45.0275              39.5692              45.7074
35   C               45.9605              40.8197              45.7496
36   C               47.4046              40.6972              45.8395
37   C               47.9671              40.3391              47.1595
38   C               47.1927              40.3152              48.3465
39   C               49.3484              39.9509              47.2610
40   C               47.7216              39.9022              49.5603
41   C               49.8536              39.4737              48.4698
42   C               49.0585              39.4524              49.6161
43   C               51.3024              39.0124              48.5405
44   C               52.3208              40.1432              48.6429
45   C               53.0613              40.4892              49.7236
46   C               54.0486              41.6183              49.5763
47   C               52.8326              39.8636              51.0832
48   H               48.6090              45.3431              42.8668
49   H               45.3427              46.3212              45.5547
50   H               44.1258              44.5415              46.3034
51   H               48.1907              41.9757              43.2597
52   H               46.2257              41.2592              43.4362
53   H               43.5056              42.6316              43.7162
54   H               43.9057              38.4386              44.1776
55   H               45.3590              39.2652              43.5842
56   H               41.5316              40.6544              44.2378
57   H               41.9499              39.2854              43.1856
58   H               41.9192              40.9483              42.5490
59   H               50.4076              49.5417              42.2929
60   H               48.2477              52.9654              43.8388
61   H               46.5011              51.4473              44.8609
62   H               45.8060              48.5867              45.1196
63   H               51.0272              51.7940              42.0303
64   H               45.3132              36.2717              49.0693
65   H               47.8586              35.8152              45.6184
66   H               46.9460              37.9053              44.6549
67   H               47.8034              34.3741              47.4579
68   H               43.9309              38.1803              49.0507
69   H               44.1563              39.8153              46.3364
70   H               45.5417              41.6179              46.3461
71   H               46.1467              40.6063              48.3142
72   H               47.1021              39.9126              50.4536
73   H               49.6118              40.3464              45.4260
74   H               48.9478              38.9713              51.5147
75   H               51.4050              38.3380              49.3940
76   H               51.4953              38.4829              47.5997
77   H               52.3893              40.7477              47.7360
78   H               54.7557              41.6497              50.4108
79   H               53.5306              42.5865              49.5338
80   H               54.6115              41.5253              48.6400
81   H               52.8246              38.7635              51.0252
82   H               51.8506              40.1641              51.4779
83   H               53.6029              40.1664              51.8024


Energy:                -10509.890199 Convergence criteria  Is converged 
Maximum Force:             0.095935     0.012245                No
RMS Force:                 0.011493     0.008163                No
Maximum Displacement:      0.097382     0.001800                No
RMS Displacement:          0.009611     0.001200                No

Model change: -7.124977e-03  Actual change: -7.681437e-03  rho:  1.078
Trust radius (MW):  0.200000  Step norm (MW):  0.194936  On boundary: False

----------------------------------------------------------------------
                            Iteration: 49                             

lambda1: N/A(PRFO), lambda2: N/A(PRFO)
lowest eigenvalue: -6.586494044436079, second lowest eigenvalue: -0.010818626690569535

                             Coordinates                              
----------------------------------------------------------------------
0    C               46.9774              46.0145              44.1600
1    O               44.4195              43.8262              45.7054
2    C               47.7317              45.0543              43.4374
3    O               48.1319              42.8186              42.7542
4    C               45.8745              45.6010              44.9427
5    O               50.3096              52.2590              42.5060
6    C               47.3515              43.7197              43.4458
7    O               48.5308              47.7515              43.3416
8    C               45.4820              44.2671              44.9166
9    O               47.1201              34.7902              48.0196
10   C               46.1395              43.3067              44.0973
11   O               44.2133              38.6149              48.2215
12   C               45.5734              41.9984              43.8994
13   O               48.1620              40.8232              44.8087
14   C               44.1718              41.7734              43.7935
15   O               50.1769              40.0165              46.1965
16   C               43.6267              40.5105              43.7735
17   O               49.6048              38.9791              50.8059
18   C               44.4697              39.3686              44.2092
19   C               42.1847              40.3294              43.4135
20   C               47.4809              49.6504              44.1426
21   C               48.6042              49.1653              43.3993
22   C               49.5658              49.9625              42.8428
23   C               49.4002              51.3566              43.0276
24   C               48.3018              51.8847              43.7499
25   C               47.3461              51.0435              44.3079
26   C               46.7209              48.5290              44.5490
27   C               47.3366              47.3807              44.0717
28   C               45.6403              36.6556              48.1056
29   C               46.6227              35.9364              47.4171
30   C               47.0953              36.3732              46.1537
31   C               46.5719              37.5410              45.6098
32   C               45.5738              38.2738              46.2750
33   C               45.1389              37.8319              47.5415
34   C               45.0281              39.5688              45.7070
35   C               45.9611              40.8191              45.7490
36   C               47.4053              40.6971              45.8397
37   C               47.9662              40.3401              47.1606
38   C               47.1897              40.3165              48.3461
39   C               49.3475              39.9528              47.2648
40   C               47.7164              39.9038              49.5607
41   C               49.8511              39.4770              48.4749
42   C               49.0531              39.4540              49.6193
43   C               51.2999              39.0158              48.5464
44   C               52.3191              40.1467              48.6434
45   C               53.0643              40.4944              49.7206
46   C               54.0533              41.6210              49.5664
47   C               52.8504              39.8590              51.0784
48   H               48.6088              45.3432              42.8666
49   H               45.3425              46.3208              45.5546
50   H               44.1257              44.5411              46.3031
51   H               48.1912              41.9755              43.2606
52   H               46.2262              41.2591              43.4356
53   H               43.5058              42.6311              43.7160
54   H               43.9063              38.4382              44.1771
55   H               45.3596              39.2649              43.5837
56   H               41.5319              40.6536              44.2366
57   H               41.9507              39.2847              43.1845
58   H               41.9200              40.9477              42.5479
59   H               50.4058              49.5415              42.2899
60   H               48.2501              52.9649              43.8420
61   H               46.5038              51.4470              44.8647
62   H               45.8075              48.5865              45.1221
63   H               51.0267              51.7936              42.0291
64   H               45.3102              36.2685              49.0666
65   H               47.8589              35.8147              45.6178
66   H               46.9475              37.9056              44.6552
67   H               47.7993              34.3702              47.4546
68   H               43.9326              38.1807              49.0511
69   H               44.1569              39.8150              46.3359
70   H               45.5421              41.6177              46.3449
71   H               46.1436              40.6072              48.3118
72   H               47.0951              39.9144              50.4527
73   H               49.6135              40.3468              45.4298
74   H               48.9295              38.9576              51.5125
75   H               51.4019              38.3428              49.4006
76   H               51.4915              38.4838              47.6065
77   H               52.3829              40.7501              47.7355
78   H               54.7654              41.6499              50.3966
79   H               53.5379              42.5907              49.5267
80   H               54.6100              41.5263              48.6267
81   H               52.9324              38.7606              51.0287
82   H               51.8382              40.0816              51.4480
83   H               53.5783              40.2231              51.8137


Energy:                -10509.898672 Convergence criteria  Is converged 
Maximum Force:             0.109967     0.012245                No
RMS Force:                 0.013433     0.008163                No
Maximum Displacement:      0.107779     0.001800                No
RMS Displacement:          0.010152     0.001200                No

Model change: -8.720646e-03  Actual change: -8.472936e-03  rho:  0.972
Trust radius (MW):  0.200000  Step norm (MW):  0.194936  On boundary: False

----------------------------------------------------------------------
                            Iteration: 50                             

lambda1: N/A(PRFO), lambda2: N/A(PRFO)
lowest eigenvalue: -6.58971382375514, second lowest eigenvalue: -0.0018555155734247468

                             Coordinates                              
----------------------------------------------------------------------
0    C               46.9772              46.0142              44.1597
1    O               44.4197              43.8255              45.7052
2    C               47.7318              45.0542              43.4371
3    O               48.1330              42.8182              42.7550
4    C               45.8744              45.6006              44.9425
5    O               50.3100              52.2585              42.5061
6    C               47.3520              43.7195              43.4458
7    O               48.5295              47.7514              43.3396
8    C               45.4821              44.2666              44.9163
9    O               47.1152              34.7855              48.0156
10   C               46.1398              43.3064              44.0969
11   O               44.2145              38.6147              48.2213
12   C               45.5738              41.9982              43.8981
13   O               48.1640              40.8231              44.8101
14   C               44.1723              41.7729              43.7927
15   O               50.1774              40.0187              46.2027
16   C               43.6274              40.5099              43.7726
17   O               49.5948              38.9800              50.8108
18   C               44.4704              39.3680              44.2085
19   C               42.1855              40.3286              43.4123
20   C               47.4818              49.6501              44.1439
21   C               48.6036              49.1650              43.3983
22   C               49.5649              49.9622              42.8411
23   C               49.4006              51.3562              43.0279
24   C               48.3038              51.8842              43.7525
25   C               47.3483              51.0430              44.3110
26   C               46.7219              48.5287              44.5506
27   C               47.3364              47.3805              44.0714
28   C               45.6380              36.6529              48.1032
29   C               46.6202              35.9335              47.4146
30   C               47.0950              36.3720              46.1526
31   C               46.5728              37.5407              45.6095
32   C               45.5744              38.2732              46.2743
33   C               45.1387              37.8307              47.5404
34   C               45.0288              39.5683              45.7063
35   C               45.9616              40.8185              45.7480
36   C               47.4058              40.6972              45.8400
37   C               47.9646              40.3414              47.1620
38   C               47.1856              40.3181              48.3458
39   C               49.3458              39.9549              47.2693
40   C               47.7096              39.9053              49.5616
41   C               49.8472              39.4799              48.4806
42   C               49.0458              39.4556              49.6228
43   C               51.2967              39.0198              48.5541
44   C               52.3153              40.1519              48.6456
45   C               53.0682              40.4999              49.7175
46   C               54.0585              41.6242              49.5534
47   C               52.8748              39.8543              51.0737
48   H               48.6088              45.3432              42.8663
49   H               45.3423              46.3202              45.5543
50   H               44.1255              44.5404              46.3025
51   H               48.1920              41.9754              43.2617
52   H               46.2269              41.2590              43.4347
53   H               43.5062              42.6305              43.7153
54   H               43.9070              38.4376              44.1763
55   H               45.3603              39.2643              43.5830
56   H               41.5325              40.6527              44.2352
57   H               41.9517              39.2839              43.1832
58   H               41.9209              40.9468              42.5467
59   H               50.4036              49.5412              42.2862
60   H               48.2530              52.9644              43.8461
61   H               46.5071              51.4465              44.8696
62   H               45.8095              48.5861              45.1253
63   H               51.0260              51.7931              42.0275
64   H               45.3063              36.2647              49.0632
65   H               47.8593              35.8140              45.6171
66   H               46.9496              37.9061              44.6556
67   H               47.7942              34.3653              47.4504
68   H               43.9347              38.1811              49.0515
69   H               44.1575              39.8144              46.3351
70   H               45.5422              41.6174              46.3432
71   H               46.1395              40.6085              48.3092
72   H               47.0864              39.9155              50.4522
73   H               49.6154              40.3480              45.4347
74   H               48.9170              38.9519              51.5145
75   H               51.4012              38.3499              49.4106
76   H               51.4876              38.4847              47.6158
77   H               52.3722              40.7557              47.7373
78   H               54.7743              41.6561              50.3804
79   H               53.5453              42.5949              49.5098
80   H               54.6109              41.5236              48.6119
81   H               53.0268              38.7641              51.0287
82   H               51.8485              40.0129              51.4320
83   H               53.5680              40.2634              51.8171


Energy:                -10509.906736 Convergence criteria  Is converged 
Maximum Force:             0.075642     0.012245                No
RMS Force:                 0.009136     0.008163                No
Maximum Displacement:      0.094417     0.001800                No
RMS Displacement:          0.008747     0.001200                No

Model change: -7.537191e-03  Actual change: -8.064211e-03  rho:  1.070
Trust radius (MW):  0.200000  Step norm (MW):  0.194936  On boundary: False

----------------------------------------------------------------------
                            Iteration: 51                             

lambda1: N/A(PRFO), lambda2: N/A(PRFO)
lowest eigenvalue: -6.607212533274971, second lowest eigenvalue: -0.002306163100244661

                             Coordinates                              
----------------------------------------------------------------------
0    C               46.9772              46.0140              44.1595
1    O               44.4199              43.8248              45.7048
2    C               47.7319              45.0541              43.4369
3    O               48.1339              42.8180              42.7556
4    C               45.8744              45.6002              44.9422
5    O               50.3103              52.2581              42.5061
6    C               47.3524              43.7193              43.4458
7    O               48.5285              47.7512              43.3379
8    C               45.4822              44.2661              44.9160
9    O               47.1111              34.7815              48.0122
10   C               46.1400              43.3061              44.0964
11   O               44.2153              38.6144              48.2209
12   C               45.5742              41.9980              43.8970
13   O               48.1656              40.8233              44.8114
14   C               44.1728              41.7724              43.7918
15   O               50.1778              40.0207              46.2080
16   C               43.6279              40.5093              43.7718
17   O               49.5849              38.9803              50.8155
18   C               44.4710              39.3676              44.2077
19   C               42.1861              40.3280              43.4113
20   C               47.4827              49.6498              44.1451
21   C               48.6032              49.1648              43.3975
22   C               49.5641              49.9620              42.8397
23   C               49.4010              51.3558              43.0282
24   C               48.3054              51.8838              43.7547
25   C               47.3502              51.0426              44.3136
26   C               46.7228              48.5283              44.5519
27   C               47.3363              47.3803              44.0712
28   C               45.6360              36.6506              48.1010
29   C               46.6180              35.9310              47.4124
30   C               47.0948              36.3710              46.1517
31   C               46.5736              37.5405              45.6091
32   C               45.5748              38.2727              46.2737
33   C               45.1385              37.8297              47.5394
34   C               45.0293              39.5678              45.7057
35   C               45.9620              40.8180              45.7471
36   C               47.4061              40.6973              45.8403
37   C               47.9632              40.3425              47.1633
38   C               47.1821              40.3194              48.3457
39   C               49.3442              39.9567              47.2731
40   C               47.7039              39.9066              49.5623
41   C               49.8437              39.4821              48.4854
42   C               49.0400              39.4569              49.6260
43   C               51.2937              39.0231              48.5610
44   C               52.3115              40.1565              48.6483
45   C               53.0714              40.5050              49.7151
46   C               54.0628              41.6270              49.5417
47   C               52.8982              39.8501              51.0695
48   H               48.6089              45.3432              42.8661
49   H               45.3421              46.3198              45.5540
50   H               44.1253              44.5399              46.3018
51   H               48.1929              41.9753              43.2627
52   H               46.2275              41.2589              43.4338
53   H               43.5065              42.6299              43.7145
54   H               43.9075              38.4371              44.1756
55   H               45.3609              39.2638              43.5823
56   H               41.5330              40.6521              44.2342
57   H               41.9524              39.2832              43.1822
58   H               41.9216              40.9462              42.5456
59   H               50.4018              49.5410              42.2832
60   H               48.2554              52.9639              43.8494
61   H               46.5099              51.4461              44.8736
62   H               45.8112              48.5857              45.1279
63   H               51.0254              51.7928              42.0261
64   H               45.3028              36.2613              49.0601
65   H               47.8598              35.8136              45.6166
66   H               46.9515              37.9065              44.6559
67   H               47.7899              34.3612              47.4470
68   H               43.9362              38.1812              49.0516
69   H               44.1580              39.8140              46.3344
70   H               45.5420              41.6172              46.3418
71   H               46.1360              40.6096              48.3071
72   H               47.0790              39.9165              50.4517
73   H               49.6170              40.3493              45.4390
74   H               48.9035              38.9475              51.5158
75   H               51.3986              38.3550              49.4187
76   H               51.4845              38.4858              47.6238
77   H               52.3619              40.7609              47.7400
78   H               54.7824              41.6619              50.3652
79   H               53.5513              42.5983              49.4946
80   H               54.6111              41.5210              48.5983
81   H               53.1296              38.7731              51.0301
82   H               51.8575              39.9366              51.4114
83   H               53.5497              40.3076              51.8230


Energy:                -10509.914243 Convergence criteria  Is converged 
Maximum Force:             0.093841     0.012245                No
RMS Force:                 0.010741     0.008163                No
Maximum Displacement:      0.102827     0.001800                No
RMS Displacement:          0.009390     0.001200                No

Model change: -7.769440e-03  Actual change: -7.506269e-03  rho:  0.966
Trust radius (MW):  0.200000  Step norm (MW):  0.194936  On boundary: False

----------------------------------------------------------------------
                            Iteration: 52                             

lambda1: N/A(PRFO), lambda2: N/A(PRFO)
lowest eigenvalue: -6.611204294637509, second lowest eigenvalue: -0.0004085635719738368

                             Coordinates                              
----------------------------------------------------------------------
0    C               46.9771              46.0136              44.1590
1    O               44.4200              43.8239              45.7039
2    C               47.7321              45.0538              43.4365
3    O               48.1356              42.8174              42.7567
4    C               45.8744              45.5996              44.9416
5    O               50.3107              52.2575              42.5062
6    C               47.3532              43.7189              43.4457
7    O               48.5269              47.7510              43.3352
8    C               45.4824              44.2654              44.9152
9    O               47.1041              34.7749              48.0064
10   C               46.1406              43.3055              44.0958
11   O               44.2164              38.6136              48.2201
12   C               45.5751              41.9974              43.8958
13   O               48.1677              40.8240              44.8144
14   C               44.1738              41.7715              43.7903
15   O               50.1781              40.0246              46.2162
16   C               43.6290              40.5085              43.7704
17   O               49.5775              38.9837              50.8223
18   C               44.4720              39.3667              44.2066
19   C               42.1873              40.3270              43.4097
20   C               47.4841              49.6492              44.1470
21   C               48.6026              49.1644              43.3963
22   C               49.5630              49.9616              42.8374
23   C               49.4016              51.3553              43.0286
24   C               48.3081              51.8831              43.7584
25   C               47.3532              51.0419              44.3180
26   C               46.7244              48.5277              44.5541
27   C               47.3362              47.3798              44.0709
28   C               45.6328              36.6467              48.0975
29   C               46.6144              35.9270              47.4087
30   C               47.0945              36.3694              46.1501
31   C               46.5751              37.5402              45.6086
32   C               45.5756              38.2719              46.2727
33   C               45.1380              37.8279              47.5376
34   C               45.0301              39.5670              45.7047
35   C               45.9622              40.8174              45.7463
36   C               47.4063              40.6977              45.8417
37   C               47.9608              40.3437              47.1662
38   C               47.1774              40.3202              48.3471
39   C               49.3418              39.9593              47.2793
40   C               47.6969              39.9075              49.5648
41   C               49.8393              39.4852              48.4925
42   C               49.0335              39.4590              49.6316
43   C               51.2898              39.0282              48.5696
44   C               52.3054              40.1639              48.6500
45   C               53.0760              40.5108              49.7095
46   C               54.0685              41.6302              49.5254
47   C               52.9224              39.8467              51.0618
48   H               48.6091              45.3432              42.8657
49   H               45.3416              46.3190              45.5532
50   H               44.1247              44.5391              46.3004
51   H               48.1945              41.9751              43.2644
52   H               46.2289              41.2583              43.4333
53   H               43.5074              42.6290              43.7126
54   H               43.9085              38.4363              44.1743
55   H               45.3619              39.2630              43.5813
56   H               41.5339              40.6511              44.2324
57   H               41.9536              39.2822              43.1806
58   H               41.9228              40.9451              42.5439
59   H               50.3989              49.5407              42.2784
60   H               48.2594              52.9631              43.8550
61   H               46.5145              51.4453              44.8804
62   H               45.8142              48.5850              45.1323
63   H               51.0243              51.7923              42.0239
64   H               45.2975              36.2560              49.0553
65   H               47.8608              35.8129              45.6158
66   H               46.9548              37.9075              44.6566
67   H               47.7827              34.3544              47.4411
68   H               43.9376              38.1807              49.0511
69   H               44.1584              39.8129              46.3332
70   H               45.5413              41.6166              46.3402
71   H               46.1312              40.6094              48.3063
72   H               47.0698              39.9164              50.4527
73   H               49.6189              40.3522              45.4458
74   H               48.8942              38.9479              51.5207
75   H               51.3981              38.3638              49.4301
76   H               51.4800              38.4870              47.6345
77   H               52.3462              40.7699              47.7422
78   H               54.7909              41.6700              50.3462
79   H               53.5585              42.6020              49.4719
80   H               54.6137              41.5167              48.5810
81   H               53.1975              38.7823              51.0209
82   H               51.8787              39.8878              51.3985
83   H               53.5488              40.3284              51.8196


Energy:                -10509.919965 Convergence criteria  Is converged 
Maximum Force:             0.031080     0.012245                No
RMS Force:                 0.005012     0.008163                Yes
Maximum Displacement:      0.067841     0.001800                No
RMS Displacement:          0.007225     0.001200                No

Model change: -5.485957e-03  Actual change: -5.722151e-03  rho:  1.043
Trust radius (MW):  0.200000  Step norm (MW):  0.194936  On boundary: False

----------------------------------------------------------------------
                            Iteration: 53                             

lambda1: N/A(PRFO), lambda2: N/A(PRFO)
lowest eigenvalue: -6.591197452098872, second lowest eigenvalue: -0.00046716519931028786

                             Coordinates                              
----------------------------------------------------------------------
0    C               46.9771              46.0131              44.1584
1    O               44.4200              43.8230              45.7028
2    C               47.7325              45.0534              43.4361
3    O               48.1373              42.8167              42.7579
4    C               45.8743              45.5989              44.9409
5    O               50.3110              52.2569              42.5062
6    C               47.3542              43.7184              43.4458
7    O               48.5255              47.7507              43.3326
8    C               45.4826              44.2647              44.9144
9    O               47.0969              34.7681              48.0002
10   C               46.1413              43.3049              44.0953
11   O               44.2170              38.6122              48.2192
12   C               45.5762              41.9967              43.8950
13   O               48.1695              40.8251              44.8179
14   C               44.1749              41.7706              43.7888
15   O               50.1781              40.0283              46.2242
16   C               43.6301              40.5075              43.7690
17   O               49.5710              38.9888              50.8294
18   C               44.4730              39.3659              44.2054
19   C               42.1885              40.3259              43.4079
20   C               47.4857              49.6485              44.1490
21   C               48.6022              49.1640              43.3951
22   C               49.5618              49.9612              42.8352
23   C               49.4022              51.3547              43.0291
24   C               48.3108              51.8823              43.7622
25   C               47.3564              51.0411              44.3225
26   C               46.7262              48.5270              44.5564
27   C               47.3363              47.3793              44.0706
28   C               45.6294              36.6427              48.0938
29   C               46.6108              35.9227              47.4048
30   C               47.0943              36.3678              46.1484
31   C               46.5767              37.5400              45.6082
32   C               45.5764              38.2710              46.2717
33   C               45.1374              37.8259              47.5357
34   C               45.0307              39.5661              45.7038
35   C               45.9622              40.8168              45.7460
36   C               47.4062              40.6981              45.8437
37   C               47.9583              40.3448              47.1694
38   C               47.1726              40.3204              48.3488
39   C               49.3394              39.9620              47.2853
40   C               47.6902              39.9081              49.5676
41   C               49.8351              39.4886              48.4996
42   C               49.0273              39.4617              49.6372
43   C               51.2862              39.0337              48.5781
44   C               52.2999              40.1714              48.6507
45   C               53.0802              40.5164              49.7034
46   C               54.0737              41.6334              49.5102
47   C               52.9456              39.8434              51.0533
48   H               48.6094              45.3429              42.8654
49   H               45.3412              46.3183              45.5521
50   H               44.1240              44.5384              46.2987
51   H               48.1964              41.9749              43.2663
52   H               46.2305              41.2576              43.4333
53   H               43.5085              42.6280              43.7106
54   H               43.9096              38.4354              44.1730
55   H               45.3632              39.2621              43.5804
56   H               41.5350              40.6501              44.2304
57   H               41.9549              39.2812              43.1788
58   H               41.9243              40.9440              42.5420
59   H               50.3961              49.5405              42.2735
60   H               48.2633              52.9622              43.8607
61   H               46.5192              51.4443              44.8873
62   H               45.8174              48.5841              45.1368
63   H               51.0231              51.7919              42.0215
64   H               45.2922              36.2505              49.0503
65   H               47.8618              35.8123              45.6149
66   H               46.9584              37.9088              44.6575
67   H               47.7754              34.3474              47.4348
68   H               43.9381              38.1793              49.0500
69   H               44.1587              39.8115              46.3320
70   H               45.5402              41.6160              46.3391
71   H               46.1262              40.6083              48.3059
72   H               47.0611              39.9159              50.4541
73   H               49.6203              40.3551              45.4526
74   H               48.8858              38.9498              51.5259
75   H               51.3981              38.3748              49.4425
76   H               51.4758              38.4873              47.6458
77   H               52.3322              40.7784              47.7433
78   H               54.7975              41.6783              50.3294
79   H               53.5651              42.6054              49.4493
80   H               54.6176              41.5125              48.5658
81   H               53.2690              38.7924              51.0117
82   H               51.8988              39.8373              51.3834
83   H               53.5456              40.3499              51.8162


Energy:                -10509.924577 Convergence criteria  Is converged 
Maximum Force:             0.036836     0.012245                No
RMS Force:                 0.005181     0.008163                Yes
Maximum Displacement:      0.071581     0.001800                No
RMS Displacement:          0.007375     0.001200                No

Model change: -4.496060e-03  Actual change: -4.612755e-03  rho:  1.026
Trust radius (MW):  0.200000  Step norm (MW):  0.194936  On boundary: False

----------------------------------------------------------------------
                            Iteration: 54                             

lambda1: N/A(PRFO), lambda2: N/A(PRFO)
lowest eigenvalue: -6.589935962921384, second lowest eigenvalue: -0.00040183784964830754

                             Coordinates                              
----------------------------------------------------------------------
0    C               46.9773              46.0126              44.1578
1    O               44.4198              43.8222              45.7013
2    C               47.7329              45.0529              43.4357
3    O               48.1392              42.8159              42.7592
4    C               45.8742              45.5983              44.9400
5    O               50.3113              52.2564              42.5061
6    C               47.3552              43.7178              43.4460
7    O               48.5241              47.7504              43.3299
8    C               45.4827              44.2640              44.9134
9    O               47.0893              34.7606              47.9935
10   C               46.1421              43.3042              44.0948
11   O               44.2171              38.6103              48.2180
12   C               45.5773              41.9958              43.8944
13   O               48.1709              40.8265              44.8218
14   C               44.1762              41.7695              43.7872
15   O               50.1775              40.0321              46.2320
16   C               43.6314              40.5065              43.7674
17   O               49.5647              38.9951              50.8369
18   C               44.4742              39.3649              44.2043
19   C               42.1900              40.3248              43.4058
20   C               47.4875              49.6478              44.1513
21   C               48.6018              49.1635              43.3939
22   C               49.5607              49.9608              42.8329
23   C               49.4029              51.3541              43.0296
24   C               48.3137              51.8815              43.7662
25   C               47.3598              51.0402              44.3273
26   C               46.7281              48.5262              44.5589
27   C               47.3365              47.3788              44.0702
28   C               45.6258              36.6383              48.0898
29   C               46.6069              35.9182              47.4005
30   C               47.0942              36.3663              46.1467
31   C               46.5784              37.5399              45.6078
32   C               45.5771              38.2701              46.2708
33   C               45.1366              37.8235              47.5337
34   C               45.0311              39.5650              45.7030
35   C               45.9619              40.8163              45.7460
36   C               47.4057              40.6987              45.8461
37   C               47.9555              40.3459              47.1730
38   C               47.1678              40.3204              48.3510
39   C               49.3368              39.9649              47.2915
40   C               47.6838              39.9089              49.5707
41   C               49.8312              39.4926              48.5066
42   C               49.0217              39.4651              49.6431
43   C               51.2826              39.0390              48.5856
44   C               52.2949              40.1782              48.6511
45   C               53.0849              40.5214              49.6970
46   C               54.0789              41.6364              49.4948
47   C               52.9689              39.8415              51.0450
48   H               48.6098              45.3426              42.8650
49   H               45.3406              46.3177              45.5507
50   H               44.1231              44.5378              46.2967
51   H               48.1984              41.9746              43.2684
52   H               46.2323              41.2566              43.4336
53   H               43.5098              42.6269              43.7083
54   H               43.9109              38.4344              44.1716
55   H               45.3646              39.2612              43.5797
56   H               41.5361              40.6492              44.2280
57   H               41.9565              39.2800              43.1769
58   H               41.9260              40.9427              42.5397
59   H               50.3932              49.5403              42.2684
60   H               48.2674              52.9612              43.8667
61   H               46.5243              51.4432              44.8947
62   H               45.8209              48.5831              45.1417
63   H               51.0218              51.7915              42.0189
64   H               45.2866              36.2445              49.0450
65   H               47.8630              35.8118              45.6139
66   H               46.9623              37.9103              44.6586
67   H               47.7675              34.3399              47.4278
68   H               43.9378              38.1769              49.0484
69   H               44.1586              39.8099              46.3308
70   H               45.5385              41.6154              46.3383
71   H               46.1210              40.6066              48.3059
72   H               47.0529              39.9156              50.4559
73   H               49.6211              40.3581              45.4592
74   H               48.8773              38.9534              51.5314
75   H               51.3969              38.3836              49.4524
76   H               51.4711              38.4887              47.6554
77   H               52.3195              40.7861              47.7442
78   H               54.8046              41.6855              50.3120
79   H               53.5712              42.6085              49.4285
80   H               54.6206              41.5094              48.5499
81   H               53.3382              38.8058              51.0044
82   H               51.9215              39.7921              51.3692
83   H               53.5434              40.3712              51.8118


Energy:                -10509.928541 Convergence criteria  Is converged 
Maximum Force:             0.034293     0.012245                No
RMS Force:                 0.004789     0.008163                Yes
Maximum Displacement:      0.069182     0.001800                No
RMS Displacement:          0.007154     0.001200                No

Model change: -4.012515e-03  Actual change: -3.963985e-03  rho:  0.988
Trust radius (MW):  0.200000  Step norm (MW):  0.194936  On boundary: False

----------------------------------------------------------------------
                            Iteration: 55                             

lambda1: N/A(PRFO), lambda2: N/A(PRFO)
lowest eigenvalue: -6.58832967572626, second lowest eigenvalue: -0.00036541467626335325

                             Coordinates                              
----------------------------------------------------------------------
0    C               46.9775              46.0119              44.1571
1    O               44.4194              43.8215              45.6995
2    C               47.7335              45.0522              43.4354
3    O               48.1414              42.8149              42.7608
4    C               45.8741              45.5975              44.9387
5    O               50.3116              52.2558              42.5060
6    C               47.3564              43.7169              43.4463
7    O               48.5226              47.7499              43.3266
8    C               45.4828              44.2632              44.9123
9    O               47.0800              34.7515              47.9849
10   C               46.1430              43.3032              44.0945
11   O               44.2167              38.6074              48.2165
12   C               45.5787              41.9946              43.8942
13   O               48.1717              40.8282              44.8266
14   C               44.1777              41.7682              43.7854
15   O               50.1764              40.0364              46.2401
16   C               43.6331              40.5051              43.7656
17   O               49.5595              39.0027              50.8450
18   C               44.4757              39.3637              44.2031
19   C               42.1918              40.3233              43.4031
20   C               47.4898              49.6468              44.1541
21   C               48.6015              49.1629              43.3927
22   C               49.5594              49.9604              42.8302
23   C               49.4037              51.3534              43.0302
24   C               48.3172              51.8804              43.7711
25   C               47.3640              51.0390              44.3332
26   C               46.7307              48.5252              44.5620
27   C               47.3369              47.3780              44.0699
28   C               45.6215              36.6328              48.0850
29   C               46.6023              35.9126              47.3952
30   C               47.0941              36.3645              46.1445
31   C               46.5806              37.5400              45.6075
32   C               45.5780              38.2690              46.2698
33   C               45.1355              37.8204              47.5314
34   C               45.0315              39.5638              45.7023
35   C               45.9610              40.8158              45.7466
36   C               47.4047              40.6995              45.8495
37   C               47.9523              40.3472              47.1774
38   C               47.1628              40.3201              48.3542
39   C               49.3338              39.9685              47.2983
40   C               47.6778              39.9102              49.5749
41   C               49.8275              39.4974              48.5141
42   C               49.0170              39.4696              49.6499
43   C               51.2788              39.0442              48.5926
44   C               52.2907              40.1840              48.6508
45   C               53.0907              40.5263              49.6892
46   C               54.0846              41.6395              49.4770
47   C               52.9904              39.8441              51.0372
48   H               48.6104              45.3420              42.8648
49   H               45.3398              46.3171              45.5488
50   H               44.1218              44.5374              46.2941
51   H               48.2008              41.9741              43.2710
52   H               46.2344              41.2553              43.4346
53   H               43.5113              42.6255              43.7054
54   H               43.9125              38.4331              44.1700
55   H               45.3666              39.2602              43.5792
56   H               41.5374              40.6479              44.2248
57   H               41.9585              39.2784              43.1743
58   H               41.9285              40.9410              42.5366
59   H               50.3897              49.5401              42.2623
60   H               48.2724              52.9600              43.8740
61   H               46.5306              51.4417              44.9039
62   H               45.8253              48.5818              45.1477
63   H               51.0201              51.7912              42.0157
64   H               45.2802              36.2371              49.0386
65   H               47.8645              35.8114              45.6126
66   H               46.9672              37.9126              44.6603
67   H               47.7580              34.3307              47.4189
68   H               43.9365              38.1729              49.0462
69   H               44.1583              39.8077              46.3295
70   H               45.5359              41.6146              46.3381
71   H               46.1154              40.6039              48.3073
72   H               47.0454              39.9157              50.4590
73   H               49.6211              40.3617              45.4664
74   H               48.8715              38.9621              51.5391
75   H               51.3947              38.3905              49.4603
76   H               51.4655              38.4911              47.6637
77   H               52.3080              40.7923              47.7441
78   H               54.8142              41.6918              50.2904
79   H               53.5774              42.6117              49.4080
80   H               54.6217              41.5076              48.5301
81   H               53.3804              38.8171              50.9958
82   H               51.9454              39.7746              51.3641
83   H               53.5558              40.3845              51.8027


Energy:                -10509.931675 Convergence criteria  Is converged 
Maximum Force:             0.017096     0.012245                No
RMS Force:                 0.003023     0.008163                Yes
Maximum Displacement:      0.042173     0.001800                No
RMS Displacement:          0.005916     0.001200                No

Model change: -3.138612e-03  Actual change: -3.133559e-03  rho:  0.998
Trust radius (MW):  0.200000  Step norm (MW):  0.194936  On boundary: False

----------------------------------------------------------------------
                            Iteration: 56                             

lambda1: N/A(PRFO), lambda2: N/A(PRFO)
lowest eigenvalue: -6.583268900795962, second lowest eigenvalue: -0.0003616564396976389

                             Coordinates                              
----------------------------------------------------------------------
0    C               46.9777              46.0111              44.1564
1    O               44.4185              43.8210              45.6973
2    C               47.7342              45.0514              43.4352
3    O               48.1436              42.8137              42.7628
4    C               45.8739              45.5968              44.9374
5    O               50.3118              52.2551              42.5057
6    C               47.3576              43.7159              43.4469
7    O               48.5211              47.7494              43.3232
8    C               45.4827              44.2625              44.9110
9    O               47.0698              34.7411              47.9749
10   C               46.1439              43.3022              44.0945
11   O               44.2159              38.6035              48.2149
12   C               45.5802              41.9933              43.8945
13   O               48.1718              40.8299              44.8318
14   C               44.1794              41.7667              43.7838
15   O               50.1749              40.0407              46.2480
16   C               43.6349              40.5036              43.7638
17   O               49.5567              39.0128              50.8532
18   C               44.4773              39.3624              44.2021
19   C               42.1940              40.3215              43.3999
20   C               47.4926              49.6456              44.1574
21   C               48.6013              49.1621              43.3914
22   C               49.5581              49.9598              42.8273
23   C               49.4046              51.3526              43.0309
24   C               48.3213              51.8792              43.7766
25   C               47.3690              51.0376              44.3400
26   C               46.7338              48.5239              44.5657
27   C               47.3375              47.3772              44.0697
28   C               45.6170              36.6265              48.0797
29   C               46.5972              35.9064              47.3892
30   C               47.0940              36.3626              46.1421
31   C               46.5832              37.5403              45.6074
32   C               45.5790              38.2678              46.2691
33   C               45.1343              37.8169              47.5289
34   C               45.0317              39.5625              45.7019
35   C               45.9598              40.8155              45.7478
36   C               47.4033              40.7004              45.8534
37   C               47.9491              40.3486              47.1822
38   C               47.1580              40.3196              48.3580
39   C               49.3309              39.9722              47.3050
40   C               47.6726              39.9116              49.5796
41   C               49.8241              39.5028              48.5216
42   C               49.0130              39.4752              49.6568
43   C               51.2754              39.0496              48.5996
44   C               52.2878              40.1892              48.6491
45   C               53.0965              40.5314              49.6806
46   C               54.0907              41.6424              49.4587
47   C               53.0068              39.8497              51.0295
48   H               48.6111              45.3412              42.8646
49   H               45.3388              46.3166              45.5465
50   H               44.1202              44.5370              46.2913
51   H               48.2032              41.9735              43.2739
52   H               46.2366              41.2538              43.4363
53   H               43.5130              42.6238              43.7025
54   H               43.9145              38.4316              44.1684
55   H               45.3689              39.2592              43.5790
56   H               41.5388              40.6465              44.2207
57   H               41.9609              39.2765              43.1714
58   H               41.9315              40.9387              42.5328
59   H               50.3860              49.5399              42.2555
60   H               48.2781              52.9586              43.8822
61   H               46.5379              51.4400              44.9143
62   H               45.8305              48.5803              45.1546
63   H               51.0181              51.7908              42.0120
64   H               45.2733              36.2287              49.0316
65   H               47.8661              35.8112              45.6110
66   H               46.9726              37.9154              44.6623
67   H               47.7473              34.3203              47.4085
68   H               43.9346              38.1678              49.0435
69   H               44.1576              39.8051              46.3283
70   H               45.5329              41.6138              46.3386
71   H               46.1098              40.6006              48.3094
72   H               47.0389              39.9159              50.4628
73   H               49.6204              40.3651              45.4734
74   H               48.8697              38.9750              51.5483
75   H               51.3931              38.3999              49.4702
76   H               51.4599              38.4915              47.6731
77   H               52.2994              40.7962              47.7415
78   H               54.8248              41.6971              50.2679
79   H               53.5845              42.6149              49.3882
80   H               54.6226              41.5061              48.5095
81   H               53.4025              38.8251              50.9868
82   H               51.9637              39.7743              51.3615
83   H               53.5729              40.3937              51.7919


Energy:                -10509.934186 Convergence criteria  Is converged 
Maximum Force:             0.013665     0.012245                No
RMS Force:                 0.002577     0.008163                Yes
Maximum Displacement:      0.022512     0.001800                No
RMS Displacement:          0.005462     0.001200                No

Model change: -2.514484e-03  Actual change: -2.510740e-03  rho:  0.999
Trust radius (MW):  0.200000  Step norm (MW):  0.194936  On boundary: False

----------------------------------------------------------------------
                            Iteration: 57                             

lambda1: N/A(PRFO), lambda2: N/A(PRFO)
lowest eigenvalue: -6.591892401710082, second lowest eigenvalue: -0.00033108043530598145

                             Coordinates                              
----------------------------------------------------------------------
0    C               46.9780              46.0102              44.1558
1    O               44.4174              43.8206              45.6951
2    C               47.7348              45.0504              43.4351
3    O               48.1457              42.8123              42.7649
4    C               45.8736              45.5962              44.9360
5    O               50.3121              52.2544              42.5053
6    C               47.3588              43.7148              43.4476
7    O               48.5196              47.7488              43.3198
8    C               45.4825              44.2618              44.9098
9    O               47.0593              34.7302              47.9641
10   C               46.1447              43.3012              44.0946
11   O               44.2149              38.5991              48.2135
12   C               45.5816              41.9919              43.8951
13   O               48.1716              40.8312              44.8368
14   C               44.1809              41.7651              43.7824
15   O               50.1732              40.0443              46.2551
16   C               43.6367              40.5019              43.7621
17   O               49.5547              39.0245              50.8615
18   C               44.4790              39.3611              44.2014
19   C               42.1963              40.3195              43.3965
20   C               47.4957              49.6444              44.1611
21   C               48.6012              49.1613              43.3902
22   C               49.5569              49.9592              42.8244
23   C               49.4057              51.3517              43.0317
24   C               48.3257              51.8778              43.7826
25   C               47.3744              51.0360              44.3473
26   C               46.7372              48.5226              44.5697
27   C               47.3382              47.3762              44.0697
28   C               45.6124              36.6198              48.0742
29   C               46.5922              35.8999              47.3829
30   C               47.0940              36.3608              46.1394
31   C               46.5858              37.5408              45.6073
32   C               45.5801              38.2667              46.2685
33   C               45.1331              37.8130              47.5266
34   C               45.0319              39.5611              45.7018
35   C               45.9584              40.8151              45.7493
36   C               47.4017              40.7013              45.8574
37   C               47.9459              40.3499              47.1870
38   C               47.1534              40.3192              48.3617
39   C               49.3282              39.9758              47.3113
40   C               47.6678              39.9135              49.5844
41   C               49.8212              39.5085              48.5287
42   C               49.0097              39.4816              49.6637
43   C               51.2723              39.0547              48.6064
44   C               52.2859              40.1936              48.6465
45   C               53.1021              40.5367              49.6717
46   C               54.0971              41.6450              49.4402
47   C               53.0198              39.8578              51.0224
48   H               48.6119              45.3401              42.8647
49   H               45.3376              46.3162              45.5441
50   H               44.1184              44.5369              46.2885
51   H               48.2054              41.9727              43.2769
52   H               46.2388              41.2522              43.4382
53   H               43.5145              42.6221              43.6998
54   H               43.9165              38.4301              44.1670
55   H               45.3712              39.2582              43.5792
56   H               41.5400              40.6451              44.2163
57   H               41.9636              39.2743              43.1685
58   H               41.9348              40.9361              42.5287
59   H               50.3821              49.5397              42.2486
60   H               48.2842              52.9570              43.8908
61   H               46.5458              51.4381              44.9254
62   H               45.8361              48.5788              45.1621
63   H               51.0160              51.7903              42.0079
64   H               45.2661              36.2195              49.0241
65   H               47.8678              35.8110              45.6091
66   H               46.9782              37.9186              44.6645
67   H               47.7365              34.3096              47.3972
68   H               43.9324              38.1619              49.0409
69   H               44.1568              39.8023              46.3274
70   H               45.5297              41.6130              46.3393
71   H               46.1045              40.5969              48.3115
72   H               47.0331              39.9167              50.4669
73   H               49.6193              40.3677              45.4798
74   H               48.8686              38.9898              51.5576
75   H               51.3915              38.4099              49.4803
76   H               51.4544              38.4911              47.6828
77   H               52.2930              40.7980              47.7372
78   H               54.8355              41.7015              50.2454
79   H               53.5923              42.6182              49.3685
80   H               54.6238              41.5040              48.4888
81   H               53.4155              38.8333              50.9797
82   H               51.9783              39.7827              51.3600
83   H               53.5898              40.4035              51.7807


Energy:                -10509.936366 Convergence criteria  Is converged 
Maximum Force:             0.012225     0.012245                Yes
RMS Force:                 0.002293     0.008163                Yes
Maximum Displacement:      0.022562     0.001800                No
RMS Displacement:          0.005377     0.001200                No

Model change: -2.183805e-03  Actual change: -2.179867e-03  rho:  0.998
Trust radius (MW):  0.200000  Step norm (MW):  0.194936  On boundary: False

----------------------------------------------------------------------
                            Iteration: 58                             

lambda1: N/A(PRFO), lambda2: N/A(PRFO)
lowest eigenvalue: -6.584278745488007, second lowest eigenvalue: -0.0002738676465488183

                             Coordinates                              
----------------------------------------------------------------------
0    C               46.9783              46.0093              44.1554
1    O               44.4161              43.8202              45.6929
2    C               47.7355              45.0493              43.4353
3    O               48.1476              42.8108              42.7671
4    C               45.8732              45.5955              44.9348
5    O               50.3124              52.2534              42.5048
6    C               47.3599              43.7136              43.4485
7    O               48.5182              47.7480              43.3165
8    C               45.4821              44.2611              44.9088
9    O               47.0490              34.7192              47.9529
10   C               46.1454              43.3001              44.0948
11   O               44.2139              38.5944              48.2121
12   C               45.5828              41.9905              43.8958
13   O               48.1710              40.8320              44.8414
14   C               44.1823              41.7635              43.7812
15   O               50.1713              40.0471              46.2615
16   C               43.6384              40.5002              43.7606
17   O               49.5536              39.0377              50.8696
18   C               44.4806              39.3597              44.2008
19   C               42.1985              40.3174              43.3932
20   C               47.4991              49.6430              44.1651
21   C               48.6013              49.1604              43.3892
22   C               49.5557              49.9584              42.8214
23   C               49.4070              51.3506              43.0325
24   C               48.3304              51.8763              43.7888
25   C               47.3802              51.0343              44.3550
26   C               46.7410              48.5212              44.5742
27   C               47.3391              47.3752              44.0699
28   C               45.6080              36.6130              48.0686
29   C               46.5873              35.8934              47.3763
30   C               47.0941              36.3590              46.1366
31   C               46.5884              37.5413              45.6073
32   C               45.5813              38.2655              46.2681
33   C               45.1320              37.8090              47.5242
34   C               45.0320              39.5598              45.7018
35   C               45.9570              40.8148              45.7510
36   C               47.4001              40.7020              45.8612
37   C               47.9429              40.3511              47.1914
38   C               47.1492              40.3189              48.3653
39   C               49.3256              39.9789              47.3171
40   C               47.6638              39.9161              49.5889
41   C               49.8186              39.5139              48.5353
42   C               49.0071              39.4887              49.6702
43   C               51.2694              39.0596              48.6130
44   C               52.2836              40.1978              48.6439
45   C               53.1068              40.5423              49.6629
46   C               54.1032              41.6473              49.4216
47   C               53.0307              39.8679              51.0163
48   H               48.6126              45.3390              42.8650
49   H               45.3364              46.3158              45.5417
50   H               44.1165              44.5367              46.2858
51   H               48.2074              41.9718              43.2800
52   H               46.2407              41.2506              43.4403
53   H               43.5159              42.6204              43.6975
54   H               43.9185              38.4285              44.1658
55   H               45.3735              39.2572              43.5795
56   H               41.5410              40.6436              44.2117
57   H               41.9662              39.2720              43.1656
58   H               41.9382              40.9332              42.5245
59   H               50.3782              49.5393              42.2415
60   H               48.2907              52.9552              43.8997
61   H               46.5542              51.4361              44.9371
62   H               45.8422              48.5771              45.1702
63   H               51.0138              51.7897              42.0036
64   H               45.2587              36.2097              49.0162
65   H               47.8695              35.8109              45.6069
66   H               46.9837              37.9219              44.6668
67   H               47.7259              34.2990              47.3854
68   H               43.9302              38.1555              49.0382
69   H               44.1561              39.7995              46.3268
70   H               45.5266              41.6122              46.3403
71   H               46.0995              40.5933              48.3136
72   H               47.0284              39.9189              50.4710
73   H               49.6179              40.3693              45.4854
74   H               48.8685              39.0067              51.5668
75   H               51.3899              38.4196              49.4902
76   H               51.4492              38.4903              47.6923
77   H               52.2867              40.7994              47.7328
78   H               54.8462              41.7052              50.2225
79   H               53.6004              42.6214              49.3487
80   H               54.6243              41.5012              48.4678
81   H               53.4247              38.8427              50.9747
82   H               51.9907              39.7952              51.3592
83   H               53.6052              40.4152              51.7699


Energy:                -10509.938299 Convergence criteria  Is converged 
Maximum Force:             0.011198     0.012245                Yes
RMS Force:                 0.002037     0.008163                Yes
Maximum Displacement:      0.022916     0.001800                No
RMS Displacement:          0.005399     0.001200                No

Model change: -1.930054e-03  Actual change: -1.933335e-03  rho:  1.002
Trust radius (MW):  0.200000  Step norm (MW):  0.194936  On boundary: False

----------------------------------------------------------------------
                            Iteration: 59                             

lambda1: N/A(PRFO), lambda2: N/A(PRFO)
lowest eigenvalue: -6.5729724262039015, second lowest eigenvalue: -0.000247422691850066

                             Coordinates                              
----------------------------------------------------------------------
0    C               46.9787              46.0083              44.1552
1    O               44.4148              43.8199              45.6909
2    C               47.7361              45.0481              43.4356
3    O               48.1494              42.8093              42.7694
4    C               45.8729              45.5947              44.9338
5    O               50.3127              52.2523              42.5042
6    C               47.3608              43.7123              43.4495
7    O               48.5168              47.7472              43.3133
8    C               45.4817              44.2604              44.9078
9    O               47.0392              34.7086              47.9416
10   C               46.1459              43.2990              44.0951
11   O               44.2130              38.5896              48.2108
12   C               45.5838              41.9891              43.8965
13   O               48.1704              40.8323              44.8455
14   C               44.1835              41.7619              43.7801
15   O               50.1694              40.0490              46.2674
16   C               43.6399              40.4985              43.7592
17   O               49.5522              39.0512              50.8775
18   C               44.4820              39.3583              44.2003
19   C               42.2006              40.3152              43.3899
20   C               47.5029              49.6414              44.1696
21   C               48.6015              49.1593              43.3884
22   C               49.5545              49.9575              42.8185
23   C               49.4084              51.3494              43.0335
24   C               48.3355              51.8746              43.7952
25   C               47.3864              51.0325              44.3632
26   C               46.7450              48.5196              44.5792
27   C               47.3402              47.3740              44.0704
28   C               45.6039              36.6062              48.0630
29   C               46.5828              35.8871              47.3697
30   C               47.0942              36.3573              46.1337
31   C               46.5909              37.5418              45.6070
32   C               45.5824              38.2643              46.2676
33   C               45.1310              37.8050              47.5219
34   C               45.0321              39.5584              45.7019
35   C               45.9555              40.8143              45.7525
36   C               47.3985              40.7025              45.8647
37   C               47.9400              40.3522              47.1955
38   C               47.1452              40.3189              48.3686
39   C               49.3230              39.9818              47.3225
40   C               47.6598              39.9191              49.5932
41   C               49.8160              39.5194              48.5416
42   C               49.0043              39.4961              49.6764
43   C               51.2665              39.0644              48.6195
44   C               52.2818              40.2018              48.6410
45   C               53.1112              40.5485              49.6541
46   C               54.1093              41.6497              49.4027
47   C               53.0399              39.8802              51.0107
48   H               48.6135              45.3376              42.8656
49   H               45.3352              46.3154              45.5396
50   H               44.1147              44.5365              46.2832
51   H               48.2092              41.9707              43.2830
52   H               46.2423              41.2490              43.4422
53   H               43.5170              42.6186              43.6953
54   H               43.9203              38.4269              44.1647
55   H               45.3755              39.2561              43.5799
56   H               41.5419              40.6421              44.2073
57   H               41.9686              39.2696              43.1630
58   H               41.9414              40.9303              42.5204
59   H               50.3742              49.5387              42.2343
60   H               48.2976              52.9533              43.9090
61   H               46.5632              51.4339              44.9495
62   H               45.8488              48.5753              45.1789
63   H               51.0116              51.7890              41.9990
64   H               45.2521              36.2002              49.0086
65   H               47.8711              35.8107              45.6044
66   H               46.9889              37.9250              44.6688
67   H               47.7158              34.2887              47.3735
68   H               43.9280              38.1489              49.0355
69   H               44.1553              39.7967              46.3262
70   H               45.5236              41.6114              46.3412
71   H               46.0947              40.5900              48.3154
72   H               47.0239              39.9219              50.4749
73   H               49.6163              40.3700              45.4905
74   H               48.8678              39.0234              51.5756
75   H               51.3883              38.4297              49.5004
76   H               51.4442              38.4891              47.7021
77   H               52.2814              40.7997              47.7275
78   H               54.8568              41.7089              50.1992
79   H               53.6088              42.6248              49.3283
80   H               54.6249              41.4981              48.4467
81   H               53.4318              38.8541              50.9719
82   H               52.0010              39.8108              51.3583
83   H               53.6186              40.4297              51.7595


Energy:                -10509.940025 Convergence criteria  Is converged 
Maximum Force:             0.009773     0.012245                Yes
RMS Force:                 0.001803     0.008163                Yes
Maximum Displacement:      0.023217     0.001800                No
RMS Displacement:          0.005431     0.001200                No

Model change: -1.714738e-03  Actual change: -1.725728e-03  rho:  1.006
Trust radius (MW):  0.200000  Step norm (MW):  0.194936  On boundary: False

----------------------------------------------------------------------
                            Iteration: 60                             

lambda1: N/A(PRFO), lambda2: N/A(PRFO)
lowest eigenvalue: -6.555309316917101, second lowest eigenvalue: -0.00021671456378670773

                             Coordinates                              
----------------------------------------------------------------------
0    C               46.9792              46.0071              44.1554
1    O               44.4134              43.8194              45.6889
2    C               47.7368              45.0468              43.4362
3    O               48.1510              42.8077              42.7716
4    C               45.8726              45.5939              44.9330
5    O               50.3132              52.2510              42.5035
6    C               47.3617              43.7110              43.4506
7    O               48.5155              47.7461              43.3104
8    C               45.4813              44.2595              44.9070
9    O               47.0304              34.6985              47.9305
10   C               46.1464              43.2978              44.0954
11   O               44.2121              38.5847              48.2095
12   C               45.5846              41.9877              43.8971
13   O               48.1697              40.8320              44.8492
14   C               44.1844              41.7604              43.7791
15   O               50.1674              40.0503              46.2728
16   C               43.6411              40.4968              43.7580
17   O               49.5504              39.0647              50.8853
18   C               44.4832              39.3569              44.1999
19   C               42.2023              40.3131              43.3870
20   C               47.5070              49.6397              44.1744
21   C               48.6020              49.1580              43.3878
22   C               49.5535              49.9564              42.8158
23   C               49.4099              51.3479              43.0345
24   C               48.3410              51.8727              43.8020
25   C               47.3931              51.0305              44.3718
26   C               46.7494              48.5179              44.5846
27   C               47.3414              47.3727              44.0713
28   C               45.6004              36.5997              48.0576
29   C               46.5789              35.8812              47.3632
30   C               47.0944              36.3556              46.1306
31   C               46.5932              37.5422              45.6066
32   C               45.5834              38.2630              46.2671
33   C               45.1302              37.8010              47.5197
34   C               45.0320              39.5569              45.7020
35   C               45.9541              40.8138              45.7539
36   C               47.3969              40.7027              45.8678
37   C               47.9372              40.3531              47.1992
38   C               47.1412              40.3190              48.3715
39   C               49.3205              39.9843              47.3276
40   C               47.6558              39.9225              49.5972
41   C               49.8134              39.5247              48.5478
42   C               49.0015              39.5034              49.6824
43   C               51.2636              39.0692              48.6261
44   C               52.2800              40.2057              48.6377
45   C               53.1150              40.5554              49.6451
46   C               54.1153              41.6522              49.3832
47   C               53.0476              39.8947              51.0056
48   H               48.6144              45.3362              42.8664
49   H               45.3341              46.3148              45.5377
50   H               44.1128              44.5362              46.2809
51   H               48.2107              41.9695              43.2859
52   H               46.2437              41.2475              43.4439
53   H               43.5179              42.6169              43.6934
54   H               43.9218              38.4253              44.1637
55   H               45.3773              39.2551              43.5802
56   H               41.5426              40.6408              44.2031
57   H               41.9707              39.2673              43.1606
58   H               41.9443              40.9274              42.5165
59   H               50.3702              49.5379              42.2272
60   H               48.3050              52.9512              43.9185
61   H               46.5728              51.4315              44.9624
62   H               45.8559              48.5734              45.1883
63   H               51.0093              51.7880              41.9942
64   H               45.2463              36.1911              49.0012
65   H               47.8726              35.8106              45.6017
66   H               46.9936              37.9280              44.6704
67   H               47.7067              34.2791              47.3617
68   H               43.9259              38.1422              49.0328
69   H               44.1545              39.7940              46.3257
70   H               45.5208              41.6105              46.3419
71   H               46.0899              40.5870              48.3167
72   H               47.0194              39.9257              50.4785
73   H               49.6146              40.3698              45.4952
74   H               48.8665              39.0396              51.5839
75   H               51.3865              38.4401              49.5109
76   H               51.4392              38.4875              47.7123
77   H               52.2765              40.7991              47.7214
78   H               54.8672              41.7128              50.1754
79   H               53.6174              42.6285              49.3069
80   H               54.6252              41.4944              48.4252
81   H               53.4375              38.8677              50.9710
82   H               52.0098              39.8290              51.3573
83   H               53.6301              40.4472              51.7492


Energy:                -10509.941536 Convergence criteria  Is converged 
Maximum Force:             0.009260     0.012245                Yes
RMS Force:                 0.001605     0.008163                Yes
Maximum Displacement:      0.023793     0.001800                No
RMS Displacement:          0.005502     0.001200                No

Model change: -1.523167e-03  Actual change: -1.511634e-03  rho:  0.992
Trust radius (MW):  0.200000  Step norm (MW):  0.194936  On boundary: False

----------------------------------------------------------------------
                            Iteration: 61                             

lambda1: N/A(PRFO), lambda2: N/A(PRFO)
lowest eigenvalue: -6.5481848407063215, second lowest eigenvalue: -0.00018828083132650748

                             Coordinates                              
----------------------------------------------------------------------
0    C               46.9798              46.0058              44.1558
1    O               44.4120              43.8189              45.6871
2    C               47.7375              45.0453              43.4369
3    O               48.1525              42.8059              42.7738
4    C               45.8725              45.5929              44.9325
5    O               50.3137              52.2495              42.5027
6    C               47.3626              43.7095              43.4517
7    O               48.5144              47.7449              43.3078
8    C               45.4809              44.2586              44.9063
9    O               47.0228              34.6893              47.9199
10   C               46.1467              43.2965              44.0957
11   O               44.2112              38.5797              48.2081
12   C               45.5852              41.9864              43.8975
13   O               48.1689              40.8312              44.8524
14   C               44.1852              41.7589              43.7782
15   O               50.1655              40.0512              46.2780
16   C               43.6421              40.4952              43.7569
17   O               49.5481              39.0777              50.8927
18   C               44.4841              39.3556              44.1994
19   C               42.2037              40.3112              43.3844
20   C               47.5114              49.6379              44.1797
21   C               48.6026              49.1565              43.3875
22   C               49.5526              49.9550              42.8132
23   C               49.4117              51.3463              43.0356
24   C               48.3467              51.8706              43.8090
25   C               47.4002              51.0283              44.3808
26   C               46.7542              48.5161              44.5905
27   C               47.3428              47.3712              44.0725
28   C               45.5973              36.5936              48.0524
29   C               46.5755              35.8757              47.3570
30   C               47.0947              36.3541              46.1274
31   C               46.5953              37.5425              45.6060
32   C               45.5843              38.2617              46.2664
33   C               45.1295              37.7971              47.5174
34   C               45.0319              39.5555              45.7020
35   C               45.9527              40.8131              45.7550
36   C               47.3953              40.7026              45.8705
37   C               47.9345              40.3539              47.2026
38   C               47.1372              40.3193              48.3740
39   C               49.3179              39.9865              47.3325
40   C               47.6518              39.9262              49.6009
41   C               49.8108              39.5300              48.5538
42   C               48.9984              39.5106              49.6881
43   C               51.2607              39.0740              48.6328
44   C               52.2781              40.2095              48.6341
45   C               53.1183              40.5629              49.6358
46   C               54.1208              41.6550              49.3629
47   C               53.0541              39.9112              51.0008
48   H               48.6153              45.3345              42.8674
49   H               45.3333              46.3141              45.5362
50   H               44.1111              44.5357              46.2788
51   H               48.2119              41.9680              43.2886
52   H               46.2447              41.2459              43.4453
53   H               43.5186              42.6153              43.6917
54   H               43.9230              38.4238              44.1627
55   H               45.3787              39.2540              43.5803
56   H               41.5430              40.6396              44.1995
57   H               41.9723              39.2652              43.1586
58   H               41.9467              40.9248              42.5131
59   H               50.3663              49.5369              42.2201
60   H               48.3127              52.9489              43.9282
61   H               46.5829              51.4290              44.9757
62   H               45.8634              48.5713              45.1982
63   H               51.0070              51.7867              41.9893
64   H               45.2411              36.1823              48.9941
65   H               47.8741              35.8105              45.5987
66   H               46.9978              37.9308              44.6717
67   H               47.6990              34.2705              47.3505
68   H               43.9238              38.1354              49.0301
69   H               44.1538              39.7913              46.3253
70   H               45.5181              41.6096              46.3425
71   H               46.0853              40.5842              48.3177
72   H               47.0150              39.9302              50.4819
73   H               49.6129              40.3690              45.4996
74   H               48.8644              39.0550              51.5916
75   H               51.3847              38.4509              49.5217
76   H               51.4343              38.4856              47.7229
77   H               52.2717              40.7979              47.7147
78   H               54.8770              41.7172              50.1510
79   H               53.6258              42.6326              49.2842
80   H               54.6252              41.4906              48.4032
81   H               53.4422              38.8834              50.9717
82   H               52.0173              39.8495              51.3561
83   H               53.6398              40.4676              51.7389


Energy:                -10509.942892 Convergence criteria  Is converged 
Maximum Force:             0.008558     0.012245                Yes
RMS Force:                 0.001421     0.008163                Yes
Maximum Displacement:      0.024437     0.001800                No
RMS Displacement:          0.005586     0.001200                No

Model change: -1.357531e-03  Actual change: -1.355929e-03  rho:  0.999
Trust radius (MW):  0.200000  Step norm (MW):  0.194936  On boundary: False
