Preprocessing the settings ...
Model: ANI-1xnr.
Job type: ts.
GPU ID is not set. Using CPU to calculate.

                             Coordinates                              
**********************************************************************
1    C               -0.8675              -1.1212               0.1451
2    C                1.2063               0.0888               0.0375
3    C               -0.8012               1.8039               0.7777
4    C                1.9270              -0.5238               1.2299
5    C                2.1735               0.5194              -1.0520
6    N                0.2436              -0.9006              -0.5570
7    N               -2.0080              -1.5937              -0.4191
8    O               -1.6073               1.4743              -0.2757
9    H               -1.9698               0.5875              -0.1411
10   H                0.0290              -0.6370              -1.5287
11   H               -0.8978              -0.8021               1.1842
12   H                0.5985               0.9809               0.3930
13   H               -2.6675              -1.9721               0.2647
14   H               -1.8829              -2.2545              -1.1927
15   H               -0.4288               2.8210               0.7145
16   H               -1.0181               1.4392               1.7832
17   H                2.6046               0.2089               1.6809
18   H                1.6503               1.0084              -1.8818
19   H                2.5096              -1.3982               0.9217
20   H                1.2101              -0.8363               1.9937
21   H                2.9111               1.2261              -0.6587
22   H                2.7050              -0.3554              -1.4408

Loading the Machine Learning Potential Model...
Loading ANI model (ANI-1xnr) successfully.
Using CPU for calculation.
----------------------------------------------------------------------
                             Iteration: 1                             

lambda1: N/A(PRFO), lambda2: N/A(PRFO)
lowest eigenvalue: -0.334377259016037, second lowest eigenvalue: -0.1735847294330597

                             Coordinates                              
----------------------------------------------------------------------
0    C               -0.8258              -1.1301               0.1440
1    C                1.2480               0.0799               0.0361
2    C               -0.7595               1.7950               0.7768
3    C                1.9686              -0.5325               1.2287
4    C                2.2153               0.5100              -1.0535
5    N                0.2852              -0.9096              -0.5582
6    N               -1.9665              -1.6022              -0.4203
7    O               -1.5658               1.4656              -0.2765
8    H               -1.9280               0.5786              -0.1422
9    H                0.0706              -0.6462              -1.5299
10   H               -0.8560              -0.8113               1.1832
11   H                0.6403               0.9721               0.3914
12   H               -2.6262              -1.9804               0.2635
13   H               -1.8416              -2.2631              -1.1939
14   H               -0.3873               2.8122               0.7138
15   H               -0.9761               1.4299               1.7822
16   H                2.6463               0.2003               1.6795
17   H                1.6922               0.9988              -1.8834
18   H                2.5511              -1.4070               0.9208
19   H                1.2517              -0.8446               1.9927
20   H                2.9531               1.2166              -0.6604
21   H                2.7467              -0.3651              -1.4420


Energy:                -1970.331031 Convergence criteria  Is converged 
Maximum Force:             0.053068     0.000450                No
RMS Force:                 0.027608     0.000300                No
Maximum Displacement:      0.042010     0.001800                No
RMS Displacement:          0.042640     0.001200                No

----------------------------------------------------------------------
                             Iteration: 2                             

lambda1: N/A(PRFO), lambda2: N/A(PRFO)
lowest eigenvalue: -0.3421861231327057, second lowest eigenvalue: -0.2964070439338684

                             Coordinates                              
----------------------------------------------------------------------
0    C               -0.8283              -1.0878               0.1460
1    C                1.2457               0.1223               0.0374
2    C               -0.7614               1.8376               0.7792
3    C                1.9662              -0.4892               1.2305
4    C                2.2132               0.5513              -1.0526
5    N                0.2828              -0.8674              -0.5563
6    N               -1.9694              -1.5585              -0.4186
7    O               -1.5685               1.5088              -0.2735
8    H               -1.9295               0.6212              -0.1403
9    H                0.0683              -0.6047              -1.5282
10   H               -0.8580              -0.7695               1.1853
11   H                0.6382               1.0149               0.3921
12   H               -2.6295              -1.9361               0.2651
13   H               -1.8450              -2.2196              -1.1920
14   H               -0.3898               2.8550               0.7169
15   H               -0.9768               1.4713               1.7845
16   H                2.6442               0.2438               1.6806
17   H                1.6902               1.0397              -1.8829
18   H                2.5485              -1.3642               0.9234
19   H                1.2493              -0.8004               1.9948
20   H                2.9511               1.2580              -0.6600
21   H                2.7442              -0.3242              -1.4405


Energy:                -1970.332246 Convergence criteria  Is converged 
Maximum Force:             0.053010     0.000450                No
RMS Force:                 0.027578     0.000300                No
Maximum Displacement:      0.044292     0.001800                No
RMS Displacement:          0.042640     0.001200                No

----------------------------------------------------------------------
                             Iteration: 3                             

lambda1: N/A(PRFO), lambda2: N/A(PRFO)
lowest eigenvalue: -0.34283319115638733, second lowest eigenvalue: -0.2998262941837311

                             Coordinates                              
----------------------------------------------------------------------
0    C               -0.8504              -1.0714               0.1786
1    C                1.2236               0.1387               0.0698
2    C               -0.7834               1.8541               0.8120
3    C                1.9441              -0.4724               1.2631
4    C                2.1911               0.5673              -1.0203
5    N                0.2607              -0.8511              -0.5237
6    N               -1.9917              -1.5417              -0.3860
7    O               -1.5907               1.5255              -0.2406
8    H               -1.9514               0.6377              -0.1077
9    H                0.0462              -0.5887              -1.4957
10   H               -0.8799              -0.7533               1.2180
11   H                0.6162               1.0315               0.4243
12   H               -2.6519              -1.9191               0.2976
13   H               -1.8675              -2.2028              -1.1594
14   H               -0.4119               2.8716               0.7499
15   H               -0.9983               1.4873               1.8172
16   H                2.6222               0.2606               1.7129
17   H                1.6682               1.0556              -1.8507
18   H                2.5263              -1.3476               0.9563
19   H                1.2272              -0.7834               2.0275
20   H                2.9292               1.2741              -0.6279
21   H                2.7221              -0.3083              -1.4080


Energy:                -1970.332716 Convergence criteria  Is converged 
Maximum Force:             0.052988     0.000450                No
RMS Force:                 0.027567     0.000300                No
Maximum Displacement:      0.033020     0.001800                No
RMS Displacement:          0.042640     0.001200                No

----------------------------------------------------------------------
                             Iteration: 4                             

lambda1: N/A(PRFO), lambda2: N/A(PRFO)
lowest eigenvalue: -0.3431556820869446, second lowest eigenvalue: -0.3010036051273346

                             Coordinates                              
----------------------------------------------------------------------
0    C               -0.8335              -1.0642               0.1409
1    C                1.2408               0.1461               0.0305
2    C               -0.7654               1.8619               0.7752
3    C                1.9611              -0.4632               1.2251
4    C                2.2086               0.5724              -1.0603
5    N                0.2774              -0.8442              -0.5616
6    N               -1.9758              -1.5317              -0.4242
7    O               -1.5743               1.5346              -0.2763
8    H               -1.9328               0.6455              -0.1456
9    H                0.0631              -0.5833              -1.5340
10   H               -0.8621              -0.7476               1.1807
11   H                0.6337               1.0398               0.3838
12   H               -2.6370              -1.9078               0.2592
13   H               -1.8527              -2.1932              -1.1975
14   H               -0.3952               2.8800               0.7146
15   H               -0.9778               1.4925               1.7801
16   H                2.6396               0.2703               1.6733
17   H                1.6860               1.0597              -1.8914
18   H                2.5427              -1.3393               0.9198
19   H                1.2441              -0.7721               1.9903
20   H                2.9471               1.2792              -0.6690
21   H                2.7389              -0.3042              -1.4466


Energy:                -1970.335701 Convergence criteria  Is converged 
Maximum Force:             0.052854     0.000450                No
RMS Force:                 0.027495     0.000300                No
Maximum Displacement:      0.041090     0.001800                No
RMS Displacement:          0.042640     0.001200                No

----------------------------------------------------------------------
                             Iteration: 5                             

lambda1: N/A(PRFO), lambda2: N/A(PRFO)
lowest eigenvalue: -0.34601378440856934, second lowest eigenvalue: -0.30901843309402466

                             Coordinates                              
----------------------------------------------------------------------
0    C               -0.8129              -1.0377               0.1152
1    C                1.2615               0.1728               0.0040
2    C               -0.7444               1.8888               0.7500
3    C                1.9816              -0.4356               1.1992
4    C                2.2295               0.5979              -1.0871
5    N                0.2979              -0.8177              -0.5874
6    N               -1.9558              -1.5037              -0.4502
7    O               -1.5540               1.5622              -0.3011
8    H               -1.9115               0.6724              -0.1714
9    H                0.0836              -0.5575              -1.5600
10   H               -0.8410              -0.7218               1.1552
11   H                0.6545               1.0669               0.3567
12   H               -2.6174              -1.8793               0.2331
13   H               -1.8332              -2.1654              -1.2234
14   H               -0.3747               2.9072               0.6900
15   H               -0.9556               1.5182               1.7546
16   H                2.6605               0.2981               1.6466
17   H                1.7070               1.0848              -1.9185
18   H                2.5629              -1.3122               0.8948
19   H                1.2647              -0.7435               1.9648
20   H                2.9682               1.3048              -0.6963
21   H                2.7594              -0.2792              -1.4728


Energy:                -1970.337371 Convergence criteria  Is converged 
Maximum Force:             0.052776     0.000450                No
RMS Force:                 0.027455     0.000300                No
Maximum Displacement:      0.028600     0.001800                No
RMS Displacement:          0.042640     0.001200                No

----------------------------------------------------------------------
                             Iteration: 6                             

lambda1: N/A(PRFO), lambda2: N/A(PRFO)
lowest eigenvalue: -0.34079182147979736, second lowest eigenvalue: -0.30349913239479065

                             Coordinates                              
----------------------------------------------------------------------
0    C               -0.8528              -1.0253               0.1070
1    C                1.2216               0.1853              -0.0047
2    C               -0.7841               1.9015               0.7420
3    C                1.9417              -0.4225               1.1908
4    C                2.1897               0.6096              -1.0961
5    N                0.2580              -0.8054              -0.5957
6    N               -1.9960              -1.4904              -0.4586
7    O               -1.5941               1.5753              -0.3088
8    H               -1.9509               0.6851              -0.1798
9    H                0.0436              -0.5456              -1.5684
10   H               -0.8806              -0.7100               1.1471
11   H                0.6148               1.0797               0.3476
12   H               -2.6579              -1.8656               0.2246
13   H               -1.8738              -2.1521              -1.2319
14   H               -0.4147               2.9200               0.6825
15   H               -0.9944               1.5300               1.7465
16   H                2.6207               0.3113               1.6377
17   H                1.6673               1.0962              -1.9278
18   H                2.5227              -1.2994               0.8870
19   H                1.2247              -0.7297               1.9567
20   H                2.9286               1.3165              -0.7056
21   H                2.7195              -0.2678              -1.4813


Energy:                -1970.338539 Convergence criteria  Is converged 
Maximum Force:             0.052724     0.000450                No
RMS Force:                 0.027428     0.000300                No
Maximum Displacement:      0.040612     0.001800                No
RMS Displacement:          0.042640     0.001200                No

----------------------------------------------------------------------
                             Iteration: 7                             

lambda1: N/A(PRFO), lambda2: N/A(PRFO)
lowest eigenvalue: -0.34191033244132996, second lowest eigenvalue: -0.30770018696784973

                             Coordinates                              
----------------------------------------------------------------------
0    C               -0.8519              -1.0656               0.0923
1    C                1.2227               0.1454              -0.0210
2    C               -0.7823               1.8623               0.7281
3    C                1.9425              -0.4605               1.1757
4    C                2.1913               0.5673              -1.1131
5    N                0.2586              -0.8456              -0.6107
6    N               -1.9962              -1.5277              -0.4739
7    O               -1.5937               1.5372              -0.3217
8    H               -1.9484               0.6459              -0.1948
9    H                0.0443              -0.5873              -1.5838
10   H               -0.8786              -0.7521               1.1330
11   H                0.6163               1.0407               0.3300
12   H               -2.6589              -1.9018               0.2091
13   H               -1.8752              -2.1895              -1.2472
14   H               -0.4140               2.8813               0.6700
15   H               -0.9899               1.4880               1.7321
16   H                2.6223               0.2737               1.6209
17   H                1.6692               1.0529              -1.9456
18   H                2.5228              -1.3385               0.8737
19   H                1.2255              -0.7655               1.9424
20   H                2.9307               1.2742              -0.7238
21   H                2.7203              -0.3111              -1.4969


Energy:                -1970.342469 Convergence criteria  Is converged 
Maximum Force:             0.052545     0.000450                No
RMS Force:                 0.027335     0.000300                No
Maximum Displacement:      0.043395     0.001800                No
RMS Displacement:          0.042640     0.001200                No

----------------------------------------------------------------------
                             Iteration: 8                             

lambda1: N/A(PRFO), lambda2: N/A(PRFO)
lowest eigenvalue: -0.3450823128223419, second lowest eigenvalue: -0.3157472312450409

                             Coordinates                              
----------------------------------------------------------------------
0    C               -0.8857              -1.0870               0.1076
1    C                1.1890               0.1242              -0.0061
2    C               -0.8158               1.8412               0.7436
3    C                1.9087              -0.4813               1.1910
4    C                2.1576               0.5455              -1.0983
5    N                0.2248              -0.8670              -0.5955
6    N               -2.0302              -1.5483              -0.4586
7    O               -1.6276               1.5164              -0.3059
8    H               -1.9818               0.6248              -0.1796
9    H                0.0105              -0.6089              -1.5686
10   H               -0.9121              -0.7739               1.1485
11   H                0.5827               1.0197               0.3447
12   H               -2.6931              -1.9222               0.2243
13   H               -1.9095              -2.2101              -1.2320
14   H               -0.4478               2.8603               0.6858
15   H               -1.0229               1.4663               1.7476
16   H                2.5886               0.2529               1.6358
17   H                1.6357               1.0310              -1.9309
18   H                2.4889              -1.3596               0.8893
19   H                1.1917              -0.7858               1.9579
20   H                2.8972               1.2524              -0.7092
21   H                2.6866              -0.3332              -1.4818


Energy:                -1970.343337 Convergence criteria  Is converged 
Maximum Force:             0.052506     0.000450                No
RMS Force:                 0.027315     0.000300                No
Maximum Displacement:      0.034273     0.001800                No
RMS Displacement:          0.042640     0.001200                No

----------------------------------------------------------------------
                             Iteration: 9                             

lambda1: N/A(PRFO), lambda2: N/A(PRFO)
lowest eigenvalue: -0.3461408317089081, second lowest eigenvalue: -0.31757497787475586

                             Coordinates                              
----------------------------------------------------------------------
0    C               -0.8941              -1.0770               0.1354
1    C                1.1825               0.1395               0.0035
2    C               -0.8150               1.8645               0.7795
3    C                1.8988              -0.4460               1.2141
4    C                2.1557               0.5336              -1.0963
5    N                0.2134              -0.8555              -0.5717
6    N               -2.0511              -1.5042              -0.4369
7    O               -1.6415               1.5524              -0.2593
8    H               -1.9724               0.6472              -0.1572
9    H               -0.0012              -0.6126              -1.5483
10   H               -0.9075              -0.7857               1.1825
11   H                0.5815               1.0448               0.3403
12   H               -2.7226              -1.8672               0.2432
13   H               -1.9437              -2.1663              -1.2120
14   H               -0.4582               2.8887               0.7369
15   H               -0.9933               1.4594               1.7784
16   H                2.5866               0.2916               1.6405
17   H                1.6377               1.0091              -1.9370
18   H                2.4703              -1.3365               0.9318
19   H                1.1811              -0.7253               1.9902
20   H                2.9012               1.2408              -0.7194
21   H                2.6767              -0.3563              -1.4645


Energy:                -1970.386375 Convergence criteria  Is converged 
Maximum Force:             0.050269     0.000450                No
RMS Force:                 0.026214     0.000300                No
Maximum Displacement:      0.060517     0.001800                No
RMS Displacement:          0.042640     0.001200                No

----------------------------------------------------------------------
                            Iteration: 10                             

lambda1: N/A(PRFO), lambda2: N/A(PRFO)
lowest eigenvalue: -0.45049816370010376, second lowest eigenvalue: -0.3034455478191376

                             Coordinates                              
----------------------------------------------------------------------
0    C               -0.9350              -1.0806               0.1475
1    C                1.1416               0.1358               0.0125
2    C               -0.8533               1.8622               0.7919
3    C                1.8579              -0.4464               1.2247
4    C                2.1148               0.5266              -1.0884
5    N                0.1723              -0.8607              -0.5603
6    N               -2.0955              -1.4988              -0.4255
7    O               -1.6831               1.5510              -0.2443
8    H               -2.0063               0.6423              -0.1469
9    H               -0.0424              -0.6193              -1.5373
10   H               -0.9456              -0.7931               1.1956
11   H                0.5409               1.0424               0.3475
12   H               -2.7683              -1.8594               0.2546
13   H               -1.9919              -2.1619              -1.2003
14   H               -0.4989               2.8872               0.7504
15   H               -1.0276               1.4548               1.7907
16   H                2.5465               0.2921               1.6486
17   H                1.5970               1.0009              -1.9300
18   H                2.4286              -1.3383               0.9451
19   H                1.1404              -0.7225               2.0020
20   H                2.8611               1.2339              -0.7133
21   H                2.6348              -0.3646              -1.4550


Energy:                -1970.385409 Convergence criteria  Is converged 
Maximum Force:             0.050250     0.000450                No
RMS Force:                 0.026201     0.000300                No
Maximum Displacement:      0.048229     0.001800                No
RMS Displacement:          0.042640     0.001200                No

----------------------------------------------------------------------
                            Iteration: 11                             

lambda1: N/A(PRFO), lambda2: N/A(PRFO)
lowest eigenvalue: -0.3100452125072479, second lowest eigenvalue: -0.27049529552459717

                             Coordinates                              
----------------------------------------------------------------------
0    C               -0.9735              -1.0622               0.1447
1    C                1.1032               0.1540               0.0093
2    C               -0.8915               1.8805               0.7896
3    C                1.8197              -0.4276               1.2217
4    C                2.0764               0.5443              -1.0920
5    N                0.1339              -0.8428              -0.5631
6    N               -2.1341              -1.4801              -0.4283
7    O               -1.7220               1.5698              -0.2462
8    H               -2.0442               0.6607              -0.1498
9    H               -0.0805              -0.6022              -1.5403
10   H               -0.9842              -0.7743               1.1927
11   H                0.5025               1.0608               0.3440
12   H               -2.8073              -1.8401               0.2518
13   H               -2.0307              -2.1437              -1.2028
14   H               -0.5370               2.9055               0.7483
15   H               -1.0653               1.4726               1.7884
16   H                2.5082               0.3111               1.6452
17   H                1.5585               1.0183              -1.9336
18   H                2.3904              -1.3196               0.9424
19   H                1.1021              -0.7034               1.9992
20   H                2.8227               1.2517              -0.7172
21   H                2.5962              -0.3471              -1.4582


Energy:                -1970.385687 Convergence criteria  Is converged 
Maximum Force:             0.050218     0.000450                No
RMS Force:                 0.026184     0.000300                No
Maximum Displacement:      0.038963     0.001800                No
RMS Displacement:          0.042640     0.001200                No

----------------------------------------------------------------------
                            Iteration: 12                             

lambda1: N/A(PRFO), lambda2: N/A(PRFO)
lowest eigenvalue: -0.3100874722003937, second lowest eigenvalue: -0.2733319401741028

                             Coordinates                              
----------------------------------------------------------------------
0    C               -0.9876              -1.0619               0.1075
1    C                1.0922               0.1501              -0.0354
2    C               -0.8995               1.8765               0.7611
3    C                1.8104              -0.4219               1.1811
4    C                2.0641               0.5319              -1.1411
5    N                0.1225              -0.8520              -0.5992
6    N               -2.1490              -1.4771              -0.4659
7    O               -1.7399               1.5753              -0.2689
8    H               -2.0483               0.6594              -0.1877
9    H               -0.0872              -0.6252              -1.5809
10   H               -0.9981              -0.7690               1.1538
11   H                0.4920               1.0589               0.2953
12   H               -2.8277              -1.8257               0.2147
13   H               -2.0481              -2.1482              -1.2342
14   H               -0.5439               2.9014               0.7232
15   H               -1.0659               1.4626               1.7589
16   H                2.4988               0.3205               1.5984
17   H                1.5454               1.0018              -1.9846
18   H                2.3815              -1.3154               0.9079
19   H                1.0940              -0.6925               1.9613
20   H                2.8123               1.2402              -0.7720
21   H                2.5814              -0.3628              -1.5029


Energy:                -1970.388760 Convergence criteria  Is converged 
Maximum Force:             0.049746     0.000450                No
RMS Force:                 0.025926     0.000300                No
Maximum Displacement:      0.054840     0.001800                No
RMS Displacement:          0.042640     0.001200                No

----------------------------------------------------------------------
                            Iteration: 13                             

lambda1: N/A(PRFO), lambda2: N/A(PRFO)
lowest eigenvalue: -0.36540618538856506, second lowest eigenvalue: -0.2951843738555908

                             Coordinates                              
----------------------------------------------------------------------
0    C               -0.9643              -1.0352               0.1128
1    C                1.1154               0.1827              -0.0202
2    C               -0.8875               1.9121               0.7643
3    C                1.8323              -0.4011               1.1922
4    C                2.0894               0.5719              -1.1221
5    N                0.1449              -0.8131              -0.5922
6    N               -2.1123              -1.4842              -0.4590
7    O               -1.7131               1.6063              -0.2756
8    H               -2.0521               0.7028              -0.1772
9    H               -0.0647              -0.5835              -1.5728
10   H               -0.9830              -0.7364               1.1576
11   H                0.5172               1.0872               0.3143
12   H               -2.7857              -1.8436               0.2206
13   H               -1.9965              -2.1472              -1.2322
14   H               -0.5213               2.9329               0.7223
15   H               -1.0653               1.5028               1.7618
16   H                2.5204               0.3372               1.6172
17   H                1.5714               1.0448              -1.9642
18   H                2.4041              -1.2919               0.9115
19   H                1.1154              -0.6795               1.9693
20   H                2.8362               1.2791              -0.7483
21   H                2.6088              -0.3200              -1.4880


Energy:                -1970.420224 Convergence criteria  Is converged 
Maximum Force:             0.048520     0.000450                No
RMS Force:                 0.025407     0.000300                No
Maximum Displacement:      0.051532     0.001800                No
RMS Displacement:          0.042640     0.001200                No

----------------------------------------------------------------------
                            Iteration: 14                             

lambda1: N/A(PRFO), lambda2: N/A(PRFO)
lowest eigenvalue: -0.78156578540802, second lowest eigenvalue: -0.2990384101867676

                             Coordinates                              
----------------------------------------------------------------------
0    C               -0.9654              -1.0034               0.1420
1    C                1.1147               0.2135               0.0082
2    C               -0.8876               1.9422               0.7953
3    C                1.8319              -0.3688               1.2211
4    C                2.0884               0.6019              -1.0943
5    N                0.1444              -0.7833              -0.5626
6    N               -2.1132              -1.4531              -0.4296
7    O               -1.7147               1.6382              -0.2440
8    H               -2.0522               0.7339              -0.1477
9    H               -0.0642              -0.5561              -1.5440
10   H               -0.9845              -0.7029               1.1863
11   H                0.5162               1.1181               0.3424
12   H               -2.7874              -1.8107               0.2503
13   H               -1.9975              -2.1175              -1.2016
14   H               -0.5210               2.9629               0.7538
15   H               -1.0650               1.5325               1.7927
16   H                2.5198               0.3701               1.6454
17   H                1.5701               1.0743              -1.9365
18   H                2.4041              -1.2597               0.9413
19   H                1.1152              -0.6468               1.9985
20   H                2.8353               1.3095              -0.7212
21   H                2.6076              -0.2903              -1.4597


Energy:                -1970.419374 Convergence criteria  Is converged 
Maximum Force:             0.048496     0.000450                No
RMS Force:                 0.025395     0.000300                No
Maximum Displacement:      0.033551     0.001800                No
RMS Displacement:          0.042640     0.001200                No

----------------------------------------------------------------------
                            Iteration: 15                             

lambda1: N/A(PRFO), lambda2: N/A(PRFO)
lowest eigenvalue: -0.7863453030586243, second lowest eigenvalue: -0.298270046710968

                             Coordinates                              
----------------------------------------------------------------------
0    C               -0.9302              -1.0215               0.1596
1    C                1.1495               0.1965               0.0265
2    C               -0.8533               1.9262               0.8113
3    C                1.8665              -0.3870               1.2389
4    C                2.1235               0.5855              -1.0756
5    N                0.1790              -0.7994              -0.5453
6    N               -2.0780              -1.4707              -0.4122
7    O               -1.6790               1.6207              -0.2284
8    H               -2.0179               0.7171              -0.1305
9    H               -0.0303              -0.5705              -1.5261
10   H               -0.9490              -0.7227               1.2045
11   H                0.5513               1.1010               0.3609
12   H               -2.7516              -1.8300               0.2674
13   H               -1.9622              -2.1337              -1.1854
14   H               -0.4869               2.9469               0.7695
15   H               -1.0308               1.5166               1.8087
16   H                2.5546               0.3514               1.6638
17   H                1.6054               1.0583              -1.9177
18   H                2.4384              -1.2779               0.9585
19   H                1.1497              -0.6652               2.0162
20   H                2.8704               1.2928              -0.7020
21   H                2.6429              -0.3065              -1.4413


Energy:                -1970.421512 Convergence criteria  Is converged 
Maximum Force:             0.048462     0.000450                No
RMS Force:                 0.025378     0.000300                No
Maximum Displacement:      0.035803     0.001800                No
RMS Displacement:          0.042640     0.001200                No

----------------------------------------------------------------------
                            Iteration: 16                             

lambda1: N/A(PRFO), lambda2: N/A(PRFO)
lowest eigenvalue: -0.7736958861351013, second lowest eigenvalue: -0.2994826138019562

                             Coordinates                              
----------------------------------------------------------------------
0    C               -0.9300              -1.0637               0.1556
1    C                1.1498               0.1541               0.0223
2    C               -0.8529               1.8835               0.8077
3    C                1.8668              -0.4292               1.2349
4    C                2.1237               0.5429              -1.0799
5    N                0.1793              -0.8421              -0.5492
6    N               -2.0778              -1.5132              -0.4162
7    O               -1.6790               1.5784              -0.2319
8    H               -2.0176               0.6747              -0.1344
9    H               -0.0297              -0.6138              -1.5302
10   H               -0.9489              -0.7644               1.2003
11   H                0.5515               1.0586               0.3566
12   H               -2.7515              -1.8720               0.2635
13   H               -1.9620              -2.1765              -1.1891
14   H               -0.4864               2.9041               0.7661
15   H               -1.0304               1.4738               1.8051
16   H                2.5549               0.3094               1.6596
17   H                1.6055               1.0156              -1.9221
18   H                2.4388              -1.3200               0.9546
19   H                1.1501              -0.7073               2.0122
20   H                2.8706               1.2503              -0.7064
21   H                2.6430              -0.3491              -1.4456


Energy:                -1970.421220 Convergence criteria  Is converged 
Maximum Force:             0.048460     0.000450                No
RMS Force:                 0.025377     0.000300                No
Maximum Displacement:      0.043260     0.001800                No
RMS Displacement:          0.042640     0.001200                No

----------------------------------------------------------------------
                            Iteration: 17                             

lambda1: N/A(PRFO), lambda2: N/A(PRFO)
lowest eigenvalue: -0.7854296565055847, second lowest eigenvalue: -0.2992841303348541

                             Coordinates                              
----------------------------------------------------------------------
0    C               -0.9077              -1.0796               0.1894
1    C                1.1715               0.1397               0.0571
2    C               -0.8319               1.8706               0.8389
3    C                1.8880              -0.4454               1.2690
4    C                2.1459               0.5294              -1.0444
5    N                0.2006              -0.8549              -0.5160
6    N               -2.0560              -1.5277              -0.3827
7    O               -1.6560               1.5630              -0.2014
8    H               -1.9962               0.6601              -0.1013
9    H               -0.0099              -0.6234              -1.4958
10   H               -0.9259              -0.7835               1.2351
11   H                0.5737               1.0441               0.3918
12   H               -2.7286              -1.8891               0.2966
13   H               -1.9403              -2.1887              -1.1576
14   H               -0.4661               2.8915               0.7967
15   H               -1.0094               1.4612               1.8364
16   H                2.5765               0.2922               1.6946
17   H                1.6281               1.0029              -1.8863
18   H                2.4595              -1.3363               0.9878
19   H                1.1711              -0.7239               2.0461
20   H                2.8927               1.2364              -0.6700
21   H                2.6653              -0.3623              -1.4106


Energy:                -1970.423510 Convergence criteria  Is converged 
Maximum Force:             0.048445     0.000450                No
RMS Force:                 0.025372     0.000300                No
Maximum Displacement:      0.036475     0.001800                No
RMS Displacement:          0.042640     0.001200                No

----------------------------------------------------------------------
                            Iteration: 18                             

lambda1: N/A(PRFO), lambda2: N/A(PRFO)
lowest eigenvalue: -0.7765179872512817, second lowest eigenvalue: -0.2999812662601471

                             Coordinates                              
----------------------------------------------------------------------
0    C               -0.9119              -1.0965               0.2282
1    C                1.1675               0.1224               0.0954
2    C               -0.8355               1.8531               0.8786
3    C                1.8843              -0.4619               1.3077
4    C                2.1418               0.5117              -1.0063
5    N                0.1968              -0.8728              -0.4770
6    N               -2.0599              -1.5450              -0.3438
7    O               -1.6603               1.5464              -0.1614
8    H               -1.9999               0.6431              -0.0624
9    H               -0.0132              -0.6426              -1.4573
10   H               -0.9302              -0.7995               1.2737
11   H                0.5696               1.0269               0.4300
12   H               -2.7330              -1.9055               0.3356
13   H               -1.9442              -2.2067              -1.1181
14   H               -0.4695               2.8739               0.8367
15   H               -1.0128               1.4434               1.8760
16   H                2.5727               0.2761               1.7328
17   H                1.6238               0.9848              -1.8483
18   H                2.4559              -1.3529               1.0269
19   H                1.1675              -0.7402               2.0849
20   H                2.8886               1.2189              -0.6323
21   H                2.6611              -0.3801              -1.3723


Energy:                -1970.423635 Convergence criteria  Is converged 
Maximum Force:             0.048416     0.000450                No
RMS Force:                 0.025356     0.000300                No
Maximum Displacement:      0.039970     0.001800                No
RMS Displacement:          0.042640     0.001200                No

----------------------------------------------------------------------
                            Iteration: 19                             

lambda1: N/A(PRFO), lambda2: N/A(PRFO)
lowest eigenvalue: -0.7452900409698486, second lowest eigenvalue: -0.2991250157356262

                             Coordinates                              
----------------------------------------------------------------------
0    C               -0.9125              -1.1357               0.2410
1    C                1.1676               0.0818               0.1069
2    C               -0.8346               1.8112               0.8942
3    C                1.8849              -0.5003               1.3200
4    C                2.1412               0.4698              -0.9958
5    N                0.1972              -0.9151              -0.4636
6    N               -2.0601              -1.5856              -0.3308
7    O               -1.6617               1.5073              -0.1450
8    H               -1.9994               0.6031              -0.0490
9    H               -0.0111              -0.6889              -1.4453
10   H               -0.9316              -0.8357               1.2854
11   H                0.5693               0.9865               0.4409
12   H               -2.7344              -1.9434               0.3489
13   H               -1.9443              -2.2495              -1.1032
14   H               -0.4677               2.8318               0.8529
15   H               -1.0115               1.4009               1.8914
16   H                2.5728               0.2387               1.7440
17   H                1.6229               0.9420              -1.8381
18   H                2.4570              -1.3913               1.0404
19   H                1.1683              -0.7780               2.0976
20   H                2.8882               1.1775              -0.6229
21   H                2.6605              -0.4224              -1.3610


Energy:                -1970.422691 Convergence criteria  Is converged 
Maximum Force:             0.048366     0.000450                No
RMS Force:                 0.025333     0.000300                No
Maximum Displacement:      0.046302     0.001800                No
RMS Displacement:          0.042640     0.001200                No

----------------------------------------------------------------------
                            Iteration: 20                             

lambda1: N/A(PRFO), lambda2: N/A(PRFO)
lowest eigenvalue: -0.7939316034317017, second lowest eigenvalue: -0.29876425862312317

                             Coordinates                              
----------------------------------------------------------------------
0    C               -0.9028              -1.1580               0.2763
1    C                1.1772               0.0599               0.1425
2    C               -0.8251               1.7897               0.9290
3    C                1.8944              -0.5225               1.3554
4    C                2.1510               0.4481              -0.9601
5    N                0.2067              -0.9367              -0.4283
6    N               -2.0505              -1.6075              -0.2955
7    O               -1.6518               1.4854              -0.1103
8    H               -1.9898               0.5812              -0.0139
9    H               -0.0018              -0.7099              -1.4098
10   H               -0.9217              -0.8587               1.3210
11   H                0.5790               0.9646               0.4765
12   H               -2.7246              -1.9658               0.3841
13   H               -1.9347              -2.2709              -1.0683
14   H               -0.4583               2.8104               0.8877
15   H               -1.0019               1.3794               1.9262
16   H                2.5825               0.2164               1.7795
17   H                1.6326               0.9204              -1.8024
18   H                2.4665              -1.4135               1.0757
19   H                1.1778              -0.8002               2.1330
20   H                2.8979               1.1557              -0.5871
21   H                2.6702              -0.4441              -1.3254


Energy:                -1970.423502 Convergence criteria  Is converged 
Maximum Force:             0.048352     0.000450                No
RMS Force:                 0.025325     0.000300                No
Maximum Displacement:      0.035795     0.001800                No
RMS Displacement:          0.042640     0.001200                No

----------------------------------------------------------------------
                            Iteration: 21                             

lambda1: N/A(PRFO), lambda2: N/A(PRFO)
lowest eigenvalue: -0.7838594913482666, second lowest eigenvalue: -0.2989024221897125

                             Coordinates                              
----------------------------------------------------------------------
0    C               -0.9071              -1.1390               0.3134
1    C                1.1721               0.0810               0.1804
2    C               -0.8307               1.8132               0.9628
3    C                1.8889              -0.5035               1.3926
4    C                2.1465               0.4701              -0.9214
5    N                0.2012              -0.9138              -0.3921
6    N               -2.0554              -1.5866              -0.2591
7    O               -1.6551               1.5058              -0.0772
8    H               -1.9946               0.6025               0.0218
9    H               -0.0091              -0.6836              -1.3723
10   H               -0.9249              -0.8440               1.3594
11   H                0.5746               0.9856               0.5149
12   H               -2.7282              -1.9480               0.4200
13   H               -1.9399              -2.2472              -1.0344
14   H               -0.4650               2.8341               0.9209
15   H               -1.0072               1.4028               1.9599
16   H                2.5776               0.2343               1.8176
17   H                1.6285               0.9433              -1.7634
18   H                2.4603              -1.3946               1.1119
19   H                1.1722              -0.7815               2.1701
20   H                2.8934               1.1772              -0.5475
21   H                2.6657              -0.4218              -1.2874


Energy:                -1970.427726 Convergence criteria  Is converged 
Maximum Force:             0.048279     0.000450                No
RMS Force:                 0.025292     0.000300                No
Maximum Displacement:      0.039627     0.001800                No
RMS Displacement:          0.042640     0.001200                No

----------------------------------------------------------------------
                            Iteration: 22                             

lambda1: N/A(PRFO), lambda2: N/A(PRFO)
lowest eigenvalue: -0.7863417267799377, second lowest eigenvalue: -0.30098000168800354

                             Coordinates                              
----------------------------------------------------------------------
0    C               -0.9068              -1.1539               0.3529
1    C                1.1729               0.0654               0.2193
2    C               -0.8296               1.7970               1.0039
3    C                1.8899              -0.5178               1.4320
4    C                2.1469               0.4539              -0.8830
5    N                0.2021              -0.9303              -0.3521
6    N               -2.0547              -1.6025              -0.2193
7    O               -1.6552               1.4912              -0.0356
8    H               -1.9939               0.5874               0.0618
9    H               -0.0072              -0.7024              -1.3331
10   H               -0.9250              -0.8570               1.3984
11   H                0.5751               0.9702               0.5535
12   H               -2.7282              -1.9624               0.4599
13   H               -1.9390              -2.2642              -0.9936
14   H               -0.4632               2.8177               0.9625
15   H               -1.0059               1.3861               2.0010
16   H                2.5783               0.2206               1.8564
17   H                1.6287               0.9265              -1.7252
18   H                2.4616              -1.4090               1.1520
19   H                1.1733              -0.7955               2.2097
20   H                2.8938               1.1613              -0.5097
21   H                2.6661              -0.4382              -1.2485


Energy:                -1970.427633 Convergence criteria  Is converged 
Maximum Force:             0.048235     0.000450                No
RMS Force:                 0.025269     0.000300                No
Maximum Displacement:      0.041623     0.001800                No
RMS Displacement:          0.042640     0.001200                No

----------------------------------------------------------------------
                            Iteration: 23                             

lambda1: N/A(PRFO), lambda2: N/A(PRFO)
lowest eigenvalue: -0.7952672839164734, second lowest eigenvalue: -0.29913291335105896

                             Coordinates                              
----------------------------------------------------------------------
0    C               -0.9186              -1.1679               0.3921
1    C                1.1583               0.0577               0.2617
2    C               -0.8463               1.7961               1.0325
3    C                1.8740              -0.5328               1.4717
4    C                2.1341               0.4498              -0.8380
5    N                0.1862              -0.9324              -0.3157
6    N               -2.0688              -1.6098              -0.1820
7    O               -1.6640               1.4803              -0.0096
8    H               -2.0069               0.5788               0.0967
9    H               -0.0292              -0.6915              -1.2921
10   H               -0.9335              -0.8842               1.4416
11   H                0.5625               0.9621               0.5976
12   H               -2.7383              -1.9795               0.4961
13   H               -1.9543              -2.2628              -0.9638
14   H               -0.4835               2.8180               0.9892
15   H               -1.0221               1.3857               2.0296
16   H                2.5643               0.2021               1.8990
17   H                1.6172               0.9255              -1.6792
18   H                2.4435              -1.4241               1.1877
19   H                1.1570              -0.8119               2.2485
20   H                2.8810               1.1555              -0.4614
21   H                2.6535              -0.4411              -1.2061


Energy:                -1970.436625 Convergence criteria  Is converged 
Maximum Force:             0.048101     0.000450                No
RMS Force:                 0.025238     0.000300                No
Maximum Displacement:      0.048345     0.001800                No
RMS Displacement:          0.042640     0.001200                No

----------------------------------------------------------------------
                            Iteration: 24                             

lambda1: N/A(PRFO), lambda2: N/A(PRFO)
lowest eigenvalue: -0.8206514120101929, second lowest eigenvalue: -0.31789395213127136

                             Coordinates                              
----------------------------------------------------------------------
0    C               -0.9269              -1.2074               0.4074
1    C                1.1508               0.0186               0.2750
2    C               -0.8520               1.7590               1.0506
3    C                1.8677              -0.5692               1.4858
4    C                2.1254               0.4092              -0.8264
5    N                0.1787              -0.9731              -0.2997
6    N               -2.0755              -1.6531              -0.1663
7    O               -1.6720               1.4463               0.0098
8    H               -2.0117               0.5430               0.1109
9    H               -0.0347              -0.7386              -1.2781
10   H               -0.9425              -0.9217               1.4564
11   H                0.5551               0.9235               0.6103
12   H               -2.7458              -2.0211               0.5117
13   H               -1.9601              -2.3065              -0.9477
14   H               -0.4883               2.7806               1.0088
15   H               -1.0256               1.3461               2.0472
16   H                2.5577               0.1670               1.9113
17   H                1.6075               0.8834              -1.6678
18   H                2.4376              -1.4606               1.2033
19   H                1.1513              -0.8472               2.2637
20   H                2.8725               1.1157              -0.4516
21   H                2.6446              -0.4822              -1.1937


Energy:                -1970.445233 Convergence criteria  Is converged 
Maximum Force:             0.047761     0.000450                No
RMS Force:                 0.025061     0.000300                No
Maximum Displacement:      0.047053     0.001800                No
RMS Displacement:          0.042640     0.001200                No

----------------------------------------------------------------------
                            Iteration: 25                             

lambda1: N/A(PRFO), lambda2: N/A(PRFO)
lowest eigenvalue: -0.8574817180633545, second lowest eigenvalue: -0.31633031368255615

                             Coordinates                              
----------------------------------------------------------------------
0    C               -0.8881              -1.1966               0.3949
1    C                1.1898               0.0293               0.2615
2    C               -0.8122               1.7700               1.0394
3    C                1.9071              -0.5572               1.4729
4    C                2.1642               0.4190              -0.8406
5    N                0.2178              -0.9632              -0.3120
6    N               -2.0363              -1.6432              -0.1787
7    O               -1.6334               1.4587              -0.0009
8    H               -1.9719               0.5547               0.0982
9    H                0.0053              -0.7312              -1.2912
10   H               -0.9040              -0.9100               1.4436
11   H                0.5941               0.9344               0.5964
12   H               -2.7072              -2.0101               0.4993
13   H               -1.9208              -2.2971              -0.9596
14   H               -0.4481               2.7915               0.9983
15   H               -0.9850               1.3560               2.0357
16   H                2.5970               0.1796               1.8975
17   H                1.6460               0.8926              -1.6821
18   H                2.4772              -1.4487               1.1912
19   H                1.1909              -0.8346               2.2511
20   H                2.9113               1.1258              -0.4665
21   H                2.6833              -0.4726              -1.2073


Energy:                -1970.447578 Convergence criteria  Is converged 
Maximum Force:             0.047644     0.000450                No
RMS Force:                 0.025000     0.000300                No
Maximum Displacement:      0.040637     0.001800                No
RMS Displacement:          0.042640     0.001200                No

----------------------------------------------------------------------
                            Iteration: 26                             

lambda1: N/A(PRFO), lambda2: N/A(PRFO)
lowest eigenvalue: -0.8747346997261047, second lowest eigenvalue: -0.31571534276008606

                             Coordinates                              
----------------------------------------------------------------------
0    C               -0.8817              -1.2377               0.3863
1    C                1.1964              -0.0120               0.2526
2    C               -0.8055               1.7287               1.0315
3    C                1.9137              -0.5979               1.4643
4    C                2.1707               0.3774              -0.8497
5    N                0.2244              -1.0048              -0.3205
6    N               -2.0298              -1.6848              -0.1872
7    O               -1.6270               1.4180              -0.0086
8    H               -1.9652               0.5138               0.0897
9    H                0.0122              -0.7737              -1.3000
10   H               -0.8977              -0.9506               1.4349
11   H                0.6007               0.8932               0.5874
12   H               -2.7008              -2.0512               0.4909
13   H               -1.9141              -2.3390              -0.9678
14   H               -0.4411               2.7501               0.9906
15   H               -0.9780               1.3144               2.0277
16   H                2.6036               0.1391               1.8886
17   H                1.6523               0.8507              -1.6913
18   H                2.4839              -1.4895               1.1829
19   H                1.1976              -0.8750               2.2426
20   H                2.9178               1.0843              -0.4759
21   H                2.6897              -0.5143              -1.2162


Energy:                -1970.448236 Convergence criteria  Is converged 
Maximum Force:             0.047604     0.000450                No
RMS Force:                 0.024979     0.000300                No
Maximum Displacement:      0.042502     0.001800                No
RMS Displacement:          0.042640     0.001200                No

----------------------------------------------------------------------
                            Iteration: 27                             

lambda1: N/A(PRFO), lambda2: N/A(PRFO)
lowest eigenvalue: -0.8790820837020874, second lowest eigenvalue: -0.315024733543396

                             Coordinates                              
----------------------------------------------------------------------
0    C               -0.9145              -1.2269               0.3610
1    C                1.1638              -0.0013               0.2269
2    C               -0.8379               1.7392               1.0068
3    C                1.8812              -0.5867               1.4388
4    C                2.1379               0.3877              -0.8756
5    N                0.1918              -0.9945              -0.3457
6    N               -2.0624              -1.6745              -0.2125
7    O               -1.6600               1.4292              -0.0331
8    H               -1.9979               0.5247               0.0645
9    H               -0.0200              -0.7645              -1.3255
10   H               -0.9306              -0.9392               1.4094
11   H                0.5680               0.9039               0.5615
12   H               -2.7337              -2.0404               0.4656
13   H               -1.9466              -2.3290              -0.9928
14   H               -0.4733               2.7605               0.9661
15   H               -1.0101               1.3245               2.0029
16   H                2.5710               0.1505               1.8628
17   H                1.6195               0.8607              -1.7173
18   H                2.4514              -1.4784               1.1578
19   H                1.1651              -0.8635               2.2173
20   H                2.8852               1.0947              -0.5021
21   H                2.6569              -0.5042              -1.2419


Energy:                -1970.448832 Convergence criteria  Is converged 
Maximum Force:             0.047564     0.000450                No
RMS Force:                 0.024958     0.000300                No
Maximum Displacement:      0.032943     0.001800                No
RMS Displacement:          0.042640     0.001200                No

----------------------------------------------------------------------
                            Iteration: 28                             

lambda1: N/A(PRFO), lambda2: N/A(PRFO)
lowest eigenvalue: -0.9389735460281372, second lowest eigenvalue: -0.3143245279788971

                             Coordinates                              
----------------------------------------------------------------------
0    C               -0.9322              -1.2461               0.3274
1    C                1.1462              -0.0208               0.1929
2    C               -0.8553               1.7195               0.9739
3    C                1.8637              -0.6055               1.4051
4    C                2.1203               0.3678              -0.9098
5    N                0.1742              -1.0143              -0.3792
6    N               -2.0799              -1.6943              -0.2460
7    O               -1.6779               1.4102              -0.0657
8    H               -2.0155               0.5056               0.0311
9    H               -0.0370              -0.7855              -1.3594
10   H               -0.9486              -0.9577               1.3756
11   H                0.5504               0.8846               0.5273
12   H               -2.7515              -2.0595               0.4321
13   H               -1.9640              -2.3492              -1.0259
14   H               -0.4904               2.7407               0.9335
15   H               -1.0273               1.3044               1.9700
16   H                2.5535               0.1319               1.8288
17   H                1.6018               0.8405              -1.7517
18   H                2.4340              -1.4973               1.1246
19   H                1.1476              -0.8821               2.1837
20   H                2.8675               1.0749              -0.5367
21   H                2.6392              -0.5243              -1.2758


Energy:                -1970.449334 Convergence criteria  Is converged 
Maximum Force:             0.047522     0.000450                No
RMS Force:                 0.024936     0.000300                No
Maximum Displacement:      0.034552     0.001800                No
RMS Displacement:          0.042640     0.001200                No

----------------------------------------------------------------------
                            Iteration: 29                             

lambda1: N/A(PRFO), lambda2: N/A(PRFO)
lowest eigenvalue: -0.9302855730056763, second lowest eigenvalue: -0.312809556722641

                             Coordinates                              
----------------------------------------------------------------------
0    C               -0.9194              -1.2077               0.3423
1    C                1.1596               0.0168               0.2072
2    C               -0.8417               1.7562               0.9907
3    C                1.8771              -0.5665               1.4201
4    C                2.1335               0.4045              -0.8960
5    N                0.1877              -0.9776              -0.3638
6    N               -2.0664              -1.6575              -0.2308
7    O               -1.6656               1.4488              -0.0484
8    H               -2.0032               0.5440               0.0470
9    H               -0.0224              -0.7515              -1.3449
10   H               -0.9364              -0.9171               1.3898
11   H                0.5635               0.9223               0.5411
12   H               -2.7388              -2.0211               0.4474
13   H               -1.9501              -2.3137              -1.0096
14   H               -0.4758               2.7771               0.9507
15   H               -1.0134               1.3407               1.9866
16   H                2.5666               0.1716               1.8431
17   H                1.6149               0.8765              -1.7381
18   H                2.4477              -1.4584               1.1405
19   H                1.1611              -0.8426               2.1989
20   H                2.8808               1.1119              -0.5235
21   H                2.6524              -0.4879              -1.2613


Energy:                -1970.449798 Convergence criteria  Is converged 
Maximum Force:             0.047440     0.000450                No
RMS Force:                 0.024894     0.000300                No
Maximum Displacement:      0.040657     0.001800                No
RMS Displacement:          0.042640     0.001200                No

----------------------------------------------------------------------
                            Iteration: 30                             

lambda1: N/A(PRFO), lambda2: N/A(PRFO)
lowest eigenvalue: -0.9551417827606201, second lowest eigenvalue: -0.30863386392593384

                             Coordinates                              
----------------------------------------------------------------------
0    C               -0.9621              -1.2054               0.3488
1    C                1.1184               0.0160               0.2127
2    C               -0.8831               1.7512               1.0022
3    C                1.8357              -0.5641               1.4273
4    C                2.0923               0.4016              -0.8912
5    N                0.1470              -0.9805              -0.3560
6    N               -2.1073              -1.6598              -0.2236
7    O               -1.7102               1.4485              -0.0361
8    H               -2.0494               0.5442               0.0572
9    H               -0.0600              -0.7604              -1.3392
10   H               -0.9811              -0.9079               1.3942
11   H                0.5215               0.9217               0.5454
12   H               -2.7817              -2.0189               0.4550
13   H               -1.9897              -2.3199              -0.9989
14   H               -0.5143               2.7710               0.9626
15   H               -1.0555               1.3356               1.9981
16   H                2.5244               0.1753               1.8492
17   H                1.5737               0.8721              -1.7341
18   H                2.4072              -1.4562               1.1499
19   H                1.1194              -0.8392               2.2062
20   H                2.8396               1.1097              -0.5200
21   H                2.6111              -0.4915              -1.2549


Energy:                -1970.446997 Convergence criteria  Is converged 
Maximum Force:             0.047335     0.000450                No
RMS Force:                 0.024847     0.000300                No
Maximum Displacement:      0.046225     0.001800                No
RMS Displacement:          0.042640     0.001200                No

----------------------------------------------------------------------
                            Iteration: 31                             

lambda1: N/A(PRFO), lambda2: N/A(PRFO)
lowest eigenvalue: -0.9495059847831726, second lowest eigenvalue: -0.29646724462509155

                             Coordinates                              
----------------------------------------------------------------------
0    C               -0.9755              -1.2114               0.3893
1    C                1.1046               0.0111               0.2532
2    C               -0.8967               1.7480               1.0415
3    C                1.8220              -0.5696               1.4675
4    C                2.0785               0.3969              -0.8506
5    N                0.1330              -0.9849              -0.3158
6    N               -2.1210              -1.6649              -0.1833
7    O               -1.7230               1.4441               0.0031
8    H               -2.0617               0.5395               0.0967
9    H               -0.0747              -0.7638              -1.2987
10   H               -0.9940              -0.9160               1.4354
11   H                0.5081               0.9169               0.5860
12   H               -2.7950              -2.0252               0.4950
13   H               -2.0037              -2.3237              -0.9598
14   H               -0.5286               2.7681               1.0019
15   H               -1.0683               1.3319               2.0372
16   H                2.5110               0.1695               1.8895
17   H                1.5599               0.8677              -1.6934
18   H                2.3932              -1.4617               1.1898
19   H                1.1058              -0.8447               2.2465
20   H                2.8258               1.1049              -0.4793
21   H                2.5973              -0.4960              -1.2146


Energy:                -1970.449707 Convergence criteria  Is converged 
Maximum Force:             0.047278     0.000450                No
RMS Force:                 0.024819     0.000300                No
Maximum Displacement:      0.041141     0.001800                No
RMS Displacement:          0.042640     0.001200                No

----------------------------------------------------------------------
                            Iteration: 32                             

lambda1: N/A(PRFO), lambda2: N/A(PRFO)
lowest eigenvalue: -0.9565207362174988, second lowest eigenvalue: -0.2985408306121826

                             Coordinates                              
----------------------------------------------------------------------
0    C               -0.9827              -1.2540               0.3890
1    C                1.0972              -0.0309               0.2529
2    C               -0.9040               1.7068               1.0405
3    C                1.8146              -0.6120               1.4670
4    C                2.0711               0.3551              -0.8509
5    N                0.1255              -1.0267              -0.3164
6    N               -2.1284              -1.7070              -0.1838
7    O               -1.7299               1.4023               0.0021
8    H               -2.0682               0.4976               0.0957
9    H               -0.0826              -0.8050              -1.2990
10   H               -1.0009              -0.9596               1.4354
11   H                0.5008               0.8749               0.5858
12   H               -2.8022              -2.0678               0.4945
13   H               -2.0112              -2.3652              -0.9608
14   H               -0.5363               2.7271               1.0009
15   H               -1.0752               1.2904               2.0362
16   H                2.5037               0.1270               1.8890
17   H                1.5524               0.8259              -1.6937
18   H                2.3857              -1.5041               1.1891
19   H                1.0985              -0.8871               2.2460
20   H                2.8184               1.0630              -0.4795
21   H                2.5898              -0.5379              -1.2151


Energy:                -1970.450924 Convergence criteria  Is converged 
Maximum Force:             0.047257     0.000450                No
RMS Force:                 0.024808     0.000300                No
Maximum Displacement:      0.043640     0.001800                No
RMS Displacement:          0.042640     0.001200                No

----------------------------------------------------------------------
                            Iteration: 33                             

lambda1: N/A(PRFO), lambda2: N/A(PRFO)
lowest eigenvalue: -0.9583585858345032, second lowest eigenvalue: -0.3002336025238037

                             Coordinates                              
----------------------------------------------------------------------
0    C               -1.0193              -1.2429               0.4070
1    C                1.0602              -0.0187               0.2710
2    C               -0.9407               1.7208               1.0571
3    C                1.7778              -0.6004               1.4847
4    C                2.0341               0.3677              -0.8328
5    N                0.0883              -1.0139              -0.2987
6    N               -2.1655              -1.6947              -0.1660
7    O               -1.7659               1.4150               0.0187
8    H               -2.1033               0.5100               0.1124
9    H               -0.1206              -0.7910              -1.2809
10   H               -1.0369              -0.9506               1.4541
11   H                0.4642               0.8872               0.6042
12   H               -2.8387              -2.0568               0.5121
13   H               -2.0486              -2.3515              -0.9442
14   H               -0.5739               2.7414               1.0176
15   H               -1.1112               1.3040               2.0527
16   H                2.4672               0.1383               1.9068
17   H                1.5153               0.8389              -1.6753
18   H                2.3486              -1.4925               1.2063
19   H                1.0618              -0.8756               2.2638
20   H                2.7814               1.0755              -0.4612
21   H                2.5528              -0.5250              -1.1974


Energy:                -1970.453243 Convergence criteria  Is converged 
Maximum Force:             0.047222     0.000450                No
RMS Force:                 0.024790     0.000300                No
Maximum Displacement:      0.037968     0.001800                No
RMS Displacement:          0.042640     0.001200                No

----------------------------------------------------------------------
                            Iteration: 34                             

lambda1: N/A(PRFO), lambda2: N/A(PRFO)
lowest eigenvalue: -0.9702876806259155, second lowest eigenvalue: -0.3042666018009186

                             Coordinates                              
----------------------------------------------------------------------
0    C               -1.0107              -1.2948               0.4031
1    C                1.0621              -0.0537               0.2686
2    C               -0.9346               1.7114               1.0301
3    C                1.7824              -0.6477               1.4750
4    C                2.0347               0.3411              -0.8340
5    N                0.0877              -1.0401              -0.3092
6    N               -2.1645              -1.7262              -0.1740
7    O               -1.7468               1.3850              -0.0108
8    H               -2.0709               0.4748               0.0867
9    H               -0.1344              -0.7948              -1.2828
10   H               -1.0181              -1.0368               1.4606
11   H                0.4709               0.8524               0.6072
12   H               -2.8284              -2.1092               0.5019
13   H               -2.0537              -2.3634              -0.9698
14   H               -0.5831               2.7376               0.9909
15   H               -1.0972               1.2899               2.0248
16   H                2.4757               0.0856               1.8999
17   H                1.5147               0.8178              -1.6726
18   H                2.3493              -1.5394               1.1874
19   H                1.0687              -0.9261               2.2551
20   H                2.7824               1.0466              -0.4585
21   H                2.5535              -0.5487              -1.2055


Energy:                -1970.481846 Convergence criteria  Is converged 
Maximum Force:             0.046786     0.000450                No
RMS Force:                 0.024555     0.000300                No
Maximum Displacement:      0.086181     0.001800                No
RMS Displacement:          0.042640     0.001200                No

----------------------------------------------------------------------
                            Iteration: 35                             

lambda1: N/A(PRFO), lambda2: N/A(PRFO)
lowest eigenvalue: -0.775655210018158, second lowest eigenvalue: -0.2706167697906494

                             Coordinates                              
----------------------------------------------------------------------
0    C               -1.0090              -1.3258               0.4366
1    C                1.0641              -0.0814               0.3027
2    C               -0.9329               1.6883               1.0599
3    C                1.7860              -0.6771               1.5077
4    C                2.0354               0.3161              -0.8004
5    N                0.0889              -1.0666              -0.2755
6    N               -2.1610              -1.7593              -0.1417
7    O               -1.7430               1.3609               0.0185
8    H               -2.0693               0.4512               0.1160
9    H               -0.1336              -0.8221              -1.2490
10   H               -1.0173              -1.0703               1.4947
11   H                0.4731               0.8245               0.6429
12   H               -2.8255              -2.1439               0.5324
13   H               -2.0492              -2.3921              -0.9407
14   H               -0.5806               2.7143               1.0211
15   H               -1.0950               1.2653               2.0540
16   H                2.4795               0.0559               1.9327
17   H                1.5139               0.7934              -1.6377
18   H                2.3531              -1.5681               1.2182
19   H                1.0738              -0.9569               2.2886
20   H                2.7827               1.0217              -0.4247
21   H                2.5547              -0.5725              -1.1740


Energy:                -1970.498273 Convergence criteria  Is converged 
Maximum Force:             0.046000     0.000450                No
RMS Force:                 0.024141     0.000300                No
Maximum Displacement:      0.035766     0.001800                No
RMS Displacement:          0.042640     0.001200                No

----------------------------------------------------------------------
                            Iteration: 36                             

lambda1: N/A(PRFO), lambda2: N/A(PRFO)
lowest eigenvalue: -0.9092837572097778, second lowest eigenvalue: -0.26306942105293274

                             Coordinates                              
----------------------------------------------------------------------
0    C               -1.0148              -1.3113               0.4769
1    C                1.0591              -0.0667               0.3411
2    C               -0.9367               1.7043               1.1018
3    C                1.7821              -0.6598               1.5469
4    C                2.0293               0.3295              -0.7636
5    N                0.0838              -1.0534              -0.2347
6    N               -2.1664              -1.7449              -0.1018
7    O               -1.7489               1.3798               0.0614
8    H               -2.0724               0.4685               0.1542
9    H               -0.1370              -0.8140              -1.2098
10   H               -1.0233              -1.0552               1.5349
11   H                0.4679               0.8396               0.6807
12   H               -2.8325              -2.1270               0.5721
13   H               -2.0548              -2.3785              -0.9000
14   H               -0.5832               2.7299               1.0643
15   H               -1.0974               1.2792               2.0954
16   H                2.4754               0.0743               1.9701
17   H                1.5069               0.8056              -1.6010
18   H                2.3497              -1.5509               1.2586
19   H                1.0706              -0.9388               2.3287
20   H                2.7768               1.0358              -0.3894
21   H                2.5485              -0.5595              -1.1365


Energy:                -1970.505052 Convergence criteria  Is converged 
Maximum Force:             0.045677     0.000450                No
RMS Force:                 0.023970     0.000300                No
Maximum Displacement:      0.043180     0.001800                No
RMS Displacement:          0.042640     0.001200                No

----------------------------------------------------------------------
                            Iteration: 37                             

lambda1: N/A(PRFO), lambda2: N/A(PRFO)
lowest eigenvalue: -0.9305532574653625, second lowest eigenvalue: -0.2616181969642639

                             Coordinates                              
----------------------------------------------------------------------
0    C               -1.0360              -1.2745               0.4750
1    C                1.0379              -0.0297               0.3390
2    C               -0.9578               1.7414               1.0999
3    C                1.7611              -0.6227               1.5448
4    C                2.0080               0.3664              -0.7658
5    N                0.0626              -1.0166              -0.2366
6    N               -2.1876              -1.7082              -0.1038
7    O               -1.7701               1.4172               0.0595
8    H               -2.0935               0.5058               0.1519
9    H               -0.1581              -0.7776              -1.2119
10   H               -1.0446              -1.0184               1.5329
11   H                0.4467               0.8766               0.6786
12   H               -2.8538              -2.0901               0.5700
13   H               -2.0760              -2.3418              -0.9021
14   H               -0.6041               2.7670               1.0624
15   H               -1.1184               1.3162               2.0933
16   H                2.4544               0.1115               1.9678
17   H                1.4855               0.8424              -1.6032
18   H                2.3287              -1.5138               1.2566
19   H                1.0497              -0.9017               2.3267
20   H                2.7555               1.0728              -0.3918
21   H                2.5272              -0.5226              -1.1388


Energy:                -1970.506267 Convergence criteria  Is converged 
Maximum Force:             0.045617     0.000450                No
RMS Force:                 0.023939     0.000300                No
Maximum Displacement:      0.037408     0.001800                No
RMS Displacement:          0.042640     0.001200                No

----------------------------------------------------------------------
                            Iteration: 38                             

lambda1: N/A(PRFO), lambda2: N/A(PRFO)
lowest eigenvalue: -0.9310131669044495, second lowest eigenvalue: -0.26140832901000977

                             Coordinates                              
----------------------------------------------------------------------
0    C               -1.0420              -1.2552               0.5126
1    C                1.0320              -0.0103               0.3765
2    C               -0.9636               1.7611               1.1375
3    C                1.7553              -0.6031               1.5823
4    C                2.0020               0.3858              -0.7286
5    N                0.0567              -0.9973              -0.1990
6    N               -2.1934              -1.6890              -0.0663
7    O               -1.7760               1.4371               0.0972
8    H               -2.0993               0.5257               0.1892
9    H               -0.1639              -0.7588              -1.1743
10   H               -1.0506              -0.9992               1.5705
11   H                0.4408               0.8961               0.7161
12   H               -2.8598              -2.0708               0.6074
13   H               -2.0818              -2.3225              -0.8647
14   H               -0.6097               2.7866               1.1002
15   H               -1.1240               1.3357               2.1309
16   H                2.4486               0.1312               2.0052
17   H                1.4793               0.8617              -1.5659
18   H                2.3230              -1.4942               1.2941
19   H                1.0441              -0.8820               2.3643
20   H                2.7495               1.0923              -0.3547
21   H                2.5211              -0.5032              -1.1015


Energy:                -1970.507647 Convergence criteria  Is converged 
Maximum Force:             0.045549     0.000450                No
RMS Force:                 0.023903     0.000300                No
Maximum Displacement:      0.037747     0.001800                No
RMS Displacement:          0.042640     0.001200                No

----------------------------------------------------------------------
                            Iteration: 39                             

lambda1: N/A(PRFO), lambda2: N/A(PRFO)
lowest eigenvalue: -0.9314107894897461, second lowest eigenvalue: -0.26116758584976196

                             Coordinates                              
----------------------------------------------------------------------
0    C               -1.0023              -1.2497               0.5143
1    C                1.0731              -0.0021               0.3758
2    C               -0.9214               1.7737               1.1391
3    C                1.7990              -0.5923               1.5819
4    C                2.0408               0.3937              -0.7319
5    N                0.0971              -0.9905              -0.1965
6    N               -2.1518              -1.6854              -0.0662
7    O               -1.7354               1.4539               0.0998
8    H               -2.0575               0.5411               0.1849
9    H               -0.1213              -0.7604              -1.1741
10   H               -1.0119              -0.9945               1.5724
11   H                0.4819               0.9047               0.7154
12   H               -2.8212              -2.0643               0.6057
13   H               -2.0396              -2.3168              -0.8659
14   H               -0.5638               2.7980               1.1037
15   H               -1.0799               1.3445               2.1312
16   H                2.4921               0.1436               2.0023
17   H                1.5159               0.8682              -1.5685
18   H                2.3675              -1.4831               1.2946
19   H                1.0898              -0.8707               2.3659
20   H                2.7883               1.1012              -0.3603
21   H                2.5601              -0.4950              -1.1051


Energy:                -1970.530340 Convergence criteria  Is converged 
Maximum Force:             0.044325     0.000450                No
RMS Force:                 0.023292     0.000300                No
Maximum Displacement:      0.045907     0.001800                No
RMS Displacement:          0.042640     0.001200                No

----------------------------------------------------------------------
                            Iteration: 40                             

lambda1: N/A(PRFO), lambda2: N/A(PRFO)
lowest eigenvalue: -1.0272932052612305, second lowest eigenvalue: -0.2556624710559845

                             Coordinates                              
----------------------------------------------------------------------
0    C               -1.0309              -1.2246               0.5333
1    C                1.0447               0.0235               0.3946
2    C               -0.9500               1.8000               1.1578
3    C                1.7709              -0.5667               1.6007
4    C                2.0121               0.4195              -0.7133
5    N                0.0684              -0.9649              -0.1774
6    N               -2.1800              -1.6607              -0.0475
7    O               -1.7639               1.4806               0.1185
8    H               -2.0865               0.5678               0.2030
9    H               -0.1497              -0.7357              -1.1552
10   H               -1.0408              -0.9696               1.5915
11   H                0.4534               0.9303               0.7344
12   H               -2.8499              -2.0394               0.6240
13   H               -2.0677              -2.2916              -0.8475
14   H               -0.5916               2.8239               1.1226
15   H               -1.1084               1.3702               2.1498
16   H                2.4640               0.1693               2.0209
17   H                1.4869               0.8939              -1.5498
18   H                2.3395              -1.4573               1.3133
19   H                1.0619              -0.8452               2.3849
20   H                2.7595               1.1271              -0.3419
21   H                2.5314              -0.4691              -1.0867


Energy:                -1970.534088 Convergence criteria  Is converged 
Maximum Force:             0.044113     0.000450                No
RMS Force:                 0.023181     0.000300                No
Maximum Displacement:      0.029056     0.001800                No
RMS Displacement:          0.042640     0.001200                No

----------------------------------------------------------------------
                            Iteration: 41                             

lambda1: N/A(PRFO), lambda2: N/A(PRFO)
lowest eigenvalue: -1.0197672843933105, second lowest eigenvalue: -0.2544109523296356

                             Coordinates                              
----------------------------------------------------------------------
0    C               -1.0554              -1.2599               0.5303
1    C                1.0204              -0.0114               0.3915
2    C               -0.9745               1.7657               1.1545
3    C                1.7468              -0.6015               1.5975
4    C                1.9876               0.3848              -0.7167
5    N                0.0440              -0.9997              -0.1803
6    N               -2.2042              -1.6965              -0.0508
7    O               -1.7882               1.4466               0.1152
8    H               -2.1114               0.5339               0.1992
9    H               -0.1741              -0.7713              -1.1583
10   H               -1.0655              -1.0053               1.5886
11   H                0.4291               0.8954               0.7314
12   H               -2.8744              -2.0750               0.6204
13   H               -2.0916              -2.3269              -0.8512
14   H               -0.6154               2.7894               1.1195
15   H               -1.1327               1.3355               2.1463
16   H                2.4399               0.1345               2.0176
17   H                1.4621               0.8591              -1.5530
18   H                2.3156              -1.4921               1.3100
19   H                1.0381              -0.8802               2.3818
20   H                2.7350               1.0925              -0.3454
21   H                2.5070              -0.5037              -1.0903


Energy:                -1970.537582 Convergence criteria  Is converged 
Maximum Force:             0.043913     0.000450                No
RMS Force:                 0.023076     0.000300                No
Maximum Displacement:      0.035761     0.001800                No
RMS Displacement:          0.042640     0.001200                No

----------------------------------------------------------------------
                            Iteration: 42                             

lambda1: N/A(PRFO), lambda2: N/A(PRFO)
lowest eigenvalue: -1.0129318237304688, second lowest eigenvalue: -0.25510698556900024

                             Coordinates                              
----------------------------------------------------------------------
0    C               -1.0780              -1.2590               0.4945
1    C                0.9983              -0.0095               0.3554
2    C               -0.9969               1.7687               1.1182
3    C                1.7253              -0.5996               1.5613
4    C                1.9650               0.3870              -0.7533
5    N                0.0214              -0.9978              -0.2159
6    N               -2.2260              -1.6964              -0.0871
7    O               -1.8105               1.4505               0.0789
8    H               -2.1346               0.5379               0.1617
9    H               -0.1962              -0.7712              -1.1943
10   H               -1.0884              -1.0049               1.5530
11   H                0.4070               0.8973               0.6955
12   H               -2.8970              -2.0744               0.5834
13   H               -2.1132              -2.3257              -0.8882
14   H               -0.6363               2.7918               1.0834
15   H               -1.1550               1.3377               2.1096
16   H                2.4183               0.1366               1.9811
17   H                1.4389               0.8612              -1.5893
18   H                2.2942              -1.4899               1.2737
19   H                1.0170              -0.8784               2.3460
20   H                2.7123               1.0949              -0.3823
21   H                2.4845              -0.5012              -1.1272


Energy:                -1970.544699 Convergence criteria  Is converged 
Maximum Force:             0.043503     0.000450                No
RMS Force:                 0.022858     0.000300                No
Maximum Displacement:      0.037507     0.001800                No
RMS Displacement:          0.042640     0.001200                No

----------------------------------------------------------------------
                            Iteration: 43                             

lambda1: N/A(PRFO), lambda2: N/A(PRFO)
lowest eigenvalue: -0.9651765823364258, second lowest eigenvalue: -0.2515162527561188

                             Coordinates                              
----------------------------------------------------------------------
0    C               -1.0367              -1.2684               0.4903
1    C                1.0398              -0.0185               0.3511
2    C               -0.9556               1.7601               1.1138
3    C                1.7669              -0.6086               1.5570
4    C                2.0063               0.3782              -0.7577
5    N                0.0627              -1.0067              -0.2200
6    N               -2.1844              -1.7061              -0.0915
7    O               -1.7691               1.4423               0.0743
8    H               -2.0937               0.5298               0.1568
9    H               -0.1548              -0.7808              -1.1986
10   H               -1.0473              -1.0146               1.5490
11   H                0.4485               0.8882               0.6914
12   H               -2.8557              -2.0840               0.5786
13   H               -2.0714              -2.3349              -0.8930
14   H               -0.5943               2.7830               1.0791
15   H               -1.1137               1.3288               2.1050
16   H                2.4600               0.1277               1.9767
17   H                1.4800               0.8522              -1.5936
18   H                2.3359              -1.4989               1.2694
19   H                1.0588              -0.8874               2.3419
20   H                2.7536               1.0861              -0.3868
21   H                2.5259              -0.5100              -1.1318


Energy:                -1970.547793 Convergence criteria  Is converged 
Maximum Force:             0.043326     0.000450                No
RMS Force:                 0.022765     0.000300                No
Maximum Displacement:      0.041960     0.001800                No
RMS Displacement:          0.042640     0.001200                No

----------------------------------------------------------------------
                            Iteration: 44                             

lambda1: N/A(PRFO), lambda2: N/A(PRFO)
lowest eigenvalue: -0.9578353762626648, second lowest eigenvalue: -0.25091537833213806

                             Coordinates                              
----------------------------------------------------------------------
0    C               -1.0686              -1.2506               0.5123
1    C                1.0080              -0.0005               0.3731
2    C               -0.9875               1.7784               1.1357
3    C                1.7352              -0.5906               1.5791
4    C                1.9744               0.3963              -0.7358
5    N                0.0308              -0.9886              -0.1979
6    N               -2.2161              -1.6885              -0.0696
7    O               -1.8009               1.4607               0.0962
8    H               -2.1260               0.5483               0.1785
9    H               -0.1866              -0.7631              -1.1765
10   H               -1.0793              -0.9971               1.5711
11   H                0.4167               0.9063               0.7134
12   H               -2.8876              -2.0664               0.6003
13   H               -2.1030              -2.3170              -0.8713
14   H               -0.6258               2.8011               1.1010
15   H               -1.1456               1.3469               2.1268
16   H                2.4283               0.1457               1.9986
17   H                1.4480               0.8703              -1.5716
18   H                2.3042              -1.4809               1.2914
19   H                1.0272              -0.8694               2.3640
20   H                2.7217               1.1042              -0.3650
21   H                2.4940              -0.4919              -1.1100


Energy:                -1970.549537 Convergence criteria  Is converged 
Maximum Force:             0.043225     0.000450                No
RMS Force:                 0.022712     0.000300                No
Maximum Displacement:      0.032201     0.001800                No
RMS Displacement:          0.042640     0.001200                No

----------------------------------------------------------------------
                            Iteration: 45                             

lambda1: N/A(PRFO), lambda2: N/A(PRFO)
lowest eigenvalue: -0.9526458978652954, second lowest eigenvalue: -0.24948430061340332

                             Coordinates                              
----------------------------------------------------------------------
0    C               -1.0759              -1.2914               0.5008
1    C                1.0009              -0.0409               0.3616
2    C               -0.9948               1.7383               1.1239
3    C                1.7283              -0.6309               1.5675
4    C                1.9672               0.3560              -0.7475
5    N                0.0235              -1.0289              -0.2094
6    N               -2.2231              -1.7295              -0.0813
7    O               -1.8080               1.4209               0.0844
8    H               -2.1337               0.5087               0.1665
9    H               -0.1938              -0.8040              -1.1881
10   H               -1.0866              -1.0381               1.5596
11   H                0.4096               0.8659               0.7019
12   H               -2.8949              -2.1073               0.5883
13   H               -2.1099              -2.3575              -0.8833
14   H               -0.6325               2.7609               1.0894
15   H               -1.1529               1.3067               2.1150
16   H                2.4214               0.1053               1.9869
17   H                1.4407               0.8299              -1.5833
18   H                2.2973              -1.5212               1.2798
19   H                1.0204              -0.9098               2.3525
20   H                2.7145               1.0640              -0.3768
21   H                2.4869              -0.5321              -1.1218


Energy:                -1970.552116 Convergence criteria  Is converged 
Maximum Force:             0.043077     0.000450                No
RMS Force:                 0.022634     0.000300                No
Maximum Displacement:      0.041009     0.001800                No
RMS Displacement:          0.042640     0.001200                No

----------------------------------------------------------------------
                            Iteration: 46                             

lambda1: N/A(PRFO), lambda2: N/A(PRFO)
lowest eigenvalue: -0.8919853568077087, second lowest eigenvalue: -0.2487816959619522

                             Coordinates                              
----------------------------------------------------------------------
0    C               -1.0971              -1.3284               0.5054
1    C                0.9798              -0.0776               0.3661
2    C               -1.0160               1.7019               1.1283
3    C                1.7073              -0.6677               1.5720
4    C                1.9460               0.3193              -0.7431
5    N                0.0023              -1.0656              -0.2048
6    N               -2.2441              -1.7669              -0.0770
7    O               -1.8292               1.3848               0.0888
8    H               -2.1554               0.4727               0.1706
9    H               -0.2150              -0.8412              -1.1836
10   H               -1.1080              -1.0754               1.5643
11   H                0.3885               0.8292               0.7064
12   H               -2.9161              -2.1446               0.5924
13   H               -2.1308              -2.3945              -0.8793
14   H               -0.6533               2.7243               1.0938
15   H               -1.1742               1.2700               2.1193
16   H                2.4004               0.0686               1.9914
17   H                1.4193               0.7932              -1.5788
18   H                2.2764              -1.5579               1.2843
19   H                0.9996              -0.9466               2.3571
20   H                2.6932               1.0274              -0.3725
21   H                2.4657              -0.5687              -1.1175


Energy:                -1970.554531 Convergence criteria  Is converged 
Maximum Force:             0.042937     0.000450                No
RMS Force:                 0.022561     0.000300                No
Maximum Displacement:      0.037374     0.001800                No
RMS Displacement:          0.042640     0.001200                No

----------------------------------------------------------------------
                            Iteration: 47                             

lambda1: N/A(PRFO), lambda2: N/A(PRFO)
lowest eigenvalue: -0.8848251104354858, second lowest eigenvalue: -0.24836623668670654

                             Coordinates                              
----------------------------------------------------------------------
0    C               -1.1233              -1.3015               0.4858
1    C                0.9538              -0.0503               0.3464
2    C               -1.0423               1.7297               1.1085
3    C                1.6814              -0.6404               1.5523
4    C                1.9199               0.3467              -0.7630
5    N               -0.0240              -1.0381              -0.2243
6    N               -2.2700              -1.7404              -0.0968
7    O               -1.8553               1.4128               0.0689
8    H               -2.1822               0.5009               0.1504
9    H               -0.2411              -0.8144              -1.2032
10   H               -1.1344              -1.0489               1.5448
11   H                0.3625               0.8565               0.6868
12   H               -2.9423              -2.1180               0.5723
13   H               -2.1565              -2.3673              -0.8995
14   H               -0.6788               2.7518               1.0740
15   H               -1.2004               1.2975               2.0993
16   H                2.3746               0.0960               1.9716
17   H                1.3930               0.8206              -1.5985
18   H                2.2505              -1.5306               1.2646
19   H                0.9738              -0.9192               2.3376
20   H                2.6671               1.0548              -0.3924
21   H                2.4396              -0.5412              -1.1374


Energy:                -1970.557596 Convergence criteria  Is converged 
Maximum Force:             0.042761     0.000450                No
RMS Force:                 0.022468     0.000300                No
Maximum Displacement:      0.028226     0.001800                No
RMS Displacement:          0.042640     0.001200                No

----------------------------------------------------------------------
                            Iteration: 48                             

lambda1: N/A(PRFO), lambda2: N/A(PRFO)
lowest eigenvalue: -0.8236802220344543, second lowest eigenvalue: -0.2490241527557373

                             Coordinates                              
----------------------------------------------------------------------
0    C               -1.1394              -1.3063               0.4469
1    C                0.9384              -0.0537               0.3073
2    C               -1.0585               1.7276               1.0690
3    C                1.6664              -0.6438               1.5132
4    C                1.9041               0.3435              -0.8025
5    N               -0.0401              -1.0412              -0.2630
6    N               -2.2849              -1.7465              -0.1365
7    O               -1.8710               1.4116               0.0291
8    H               -2.2001               0.5003               0.1098
9    H               -0.2567              -0.8196              -1.2423
10   H               -1.1510              -1.0546               1.5062
11   H                0.3473               0.8531               0.6479
12   H               -2.9582              -2.1239               0.5316
13   H               -2.1710              -2.3715              -0.9405
14   H               -0.6930               2.7489               1.0347
15   H               -1.2167               1.2945               2.0593
16   H                2.3597               0.0926               1.9322
17   H                1.3767               0.8171              -1.6378
18   H                2.2356              -1.5339               1.2255
19   H                0.9593              -0.9227               2.2989
20   H                2.6513               1.0517              -0.4323
21   H                2.4239              -0.5443              -1.1773


Energy:                -1970.567015 Convergence criteria  Is converged 
Maximum Force:             0.042210     0.000450                No
RMS Force:                 0.022180     0.000300                No
Maximum Displacement:      0.040960     0.001800                No
RMS Displacement:          0.042640     0.001200                No

----------------------------------------------------------------------
                            Iteration: 49                             

lambda1: N/A(PRFO), lambda2: N/A(PRFO)
lowest eigenvalue: -0.7770381569862366, second lowest eigenvalue: -0.24593140184879303

                             Coordinates                              
----------------------------------------------------------------------
0    C               -1.1430              -1.3484               0.4393
1    C                0.9349              -0.0954               0.2997
2    C               -1.0623               1.6862               1.0612
3    C                1.6630              -0.6856               1.5056
4    C                1.9006               0.3018              -0.8103
5    N               -0.0437              -1.0828              -0.2705
6    N               -2.2882              -1.7891              -0.1442
7    O               -1.8745               1.3704               0.0213
8    H               -2.2043               0.4593               0.1018
9    H               -0.2602              -0.8617              -1.2499
10   H               -1.1548              -1.0969               1.4987
11   H                0.3439               0.8113               0.6403
12   H               -2.9616              -2.1666               0.5235
13   H               -2.1740              -2.4135              -0.9487
14   H               -0.6961               2.7073               1.0269
15   H               -1.2204               1.2529               2.0515
16   H                2.3563               0.0508               1.9245
17   H                1.3731               0.7754              -1.6455
18   H                2.2322              -1.5757               1.2179
19   H                0.9560              -0.9644               2.2914
20   H                2.6478               1.0101              -0.4401
21   H                2.4204              -0.5859              -1.1851


Energy:                -1970.569615 Convergence criteria  Is converged 
Maximum Force:             0.042060     0.000450                No
RMS Force:                 0.022101     0.000300                No
Maximum Displacement:      0.042681     0.001800                No
RMS Displacement:          0.042640     0.001200                No

----------------------------------------------------------------------
                            Iteration: 50                             

lambda1: N/A(PRFO), lambda2: N/A(PRFO)
lowest eigenvalue: -0.8075247406959534, second lowest eigenvalue: -0.244999498128891

                             Coordinates                              
----------------------------------------------------------------------
0    C               -1.1309              -1.3177               0.4241
1    C                0.9496              -0.0585               0.2841
2    C               -1.0515               1.7285               1.0442
3    C                1.6785              -0.6492               1.4904
4    C                1.9145               0.3389              -0.8275
5    N               -0.0321              -1.0443              -0.2846
6    N               -2.2704              -1.7668              -0.1622
7    O               -1.8611               1.4158               0.0031
8    H               -2.2022               0.5080               0.0813
9    H               -0.2471              -0.8316              -1.2656
10   H               -1.1457              -1.0696               1.4847
11   H                0.3594               0.8481               0.6250
12   H               -2.9471              -2.1452               0.5008
13   H               -2.1533              -2.3812              -0.9734
14   H               -0.6760               2.7460               1.0100
15   H               -1.2098               1.2919               2.0330
16   H                2.3725               0.0870               1.9080
17   H                1.3852               0.8116              -1.6619
18   H                2.2477              -1.5393               1.2027
19   H                0.9730              -0.9277               2.2775
20   H                2.6615               1.0477              -0.4586
21   H                2.4344              -0.5482              -1.2032


Energy:                -1970.608598 Convergence criteria  Is converged 
Maximum Force:             0.039795     0.000450                No
RMS Force:                 0.020877     0.000300                No
Maximum Displacement:      0.048694     0.001800                No
RMS Displacement:          0.042640     0.001200                No

----------------------------------------------------------------------
                            Iteration: 51                             

lambda1: N/A(PRFO), lambda2: N/A(PRFO)
lowest eigenvalue: -0.6498278975486755, second lowest eigenvalue: -0.22513706982135773

                             Coordinates                              
----------------------------------------------------------------------
0    C               -1.1668              -1.3226               0.4472
1    C                0.9140              -0.0628               0.3072
2    C               -1.0875               1.7247               1.0675
3    C                1.6429              -0.6536               1.5135
4    C                1.8789               0.3344              -0.8046
5    N               -0.0680              -1.0484              -0.2614
6    N               -2.3056              -1.7728              -0.1393
7    O               -1.8968               1.4122               0.0262
8    H               -2.2386               0.5047               0.1042
9    H               -0.2828              -0.8366              -1.2425
10   H               -1.1820              -1.0748               1.5080
11   H                0.3241               0.8438               0.6481
12   H               -2.9825              -2.1516               0.5232
13   H               -2.1881              -2.3859              -0.9514
14   H               -0.7113               2.7420               1.0333
15   H               -1.2456               1.2876               2.0559
16   H                2.3371               0.0826               1.9310
17   H                1.3494               0.8070              -1.6390
18   H                2.2122              -1.5437               1.2259
19   H                0.9376              -0.9319               2.3008
20   H                2.6260               1.0433              -0.4359
21   H                2.3988              -0.5527              -1.1803


Energy:                -1970.611973 Convergence criteria  Is converged 
Maximum Force:             0.039574     0.000450                No
RMS Force:                 0.020761     0.000300                No
Maximum Displacement:      0.036473     0.001800                No
RMS Displacement:          0.042640     0.001200                No

----------------------------------------------------------------------
                            Iteration: 52                             

lambda1: N/A(PRFO), lambda2: N/A(PRFO)
lowest eigenvalue: -0.6365721225738525, second lowest eigenvalue: -0.22456662356853485

                             Coordinates                              
----------------------------------------------------------------------
0    C               -1.1937              -1.3553               0.4408
1    C                0.8873              -0.0953               0.3007
2    C               -1.1144               1.6924               1.0610
3    C                1.6162              -0.6861               1.5070
4    C                1.8521               0.3019              -0.8112
5    N               -0.0949              -1.0808              -0.2678
6    N               -2.3322              -1.8059              -0.1458
7    O               -1.9236               1.3800               0.0198
8    H               -2.2657               0.4726               0.0977
9    H               -0.3096              -0.8693              -1.2490
10   H               -1.2091              -1.1076               1.5015
11   H                0.2974               0.8114               0.6416
12   H               -3.0092              -2.1849               0.5165
13   H               -2.2146              -2.4185              -0.9582
14   H               -0.7380               2.7096               1.0269
15   H               -1.2724               1.2552               2.0494
16   H                2.3104               0.0501               1.9245
17   H                1.3226               0.7744              -1.6455
18   H                2.1854              -1.5762               1.2195
19   H                0.9109              -0.9643               2.2944
20   H                2.5992               1.0108              -0.4425
21   H                2.3720              -0.5852              -1.1869


Energy:                -1970.613219 Convergence criteria  Is converged 
Maximum Force:             0.039493     0.000450                No
RMS Force:                 0.020719     0.000300                No
Maximum Displacement:      0.033291     0.001800                No
RMS Displacement:          0.042640     0.001200                No

----------------------------------------------------------------------
                            Iteration: 53                             

lambda1: N/A(PRFO), lambda2: N/A(PRFO)
lowest eigenvalue: -0.627598226070404, second lowest eigenvalue: -0.224149689078331

                             Coordinates                              
----------------------------------------------------------------------
0    C               -1.1572              -1.3763               0.4475
1    C                0.9244              -0.1151               0.3073
2    C               -1.0782               1.6737               1.0680
3    C                1.6533              -0.7060               1.5138
4    C                1.8892               0.2818              -0.8049
5    N               -0.0585              -1.1002              -0.2608
6    N               -2.2944              -1.8292              -0.1395
7    O               -1.8869               1.3617               0.0265
8    H               -2.2305               0.4546               0.1041
9    H               -0.2730              -0.8904              -1.2423
10   H               -1.1735              -1.1290               1.5085
11   H                0.3348               0.7916               0.6482
12   H               -2.9716              -2.2094               0.5217
13   H               -2.1760              -2.4391              -0.9537
14   H               -0.7006               2.6905               1.0341
15   H               -1.2358               1.2354               2.0560
16   H                2.3478               0.0300               1.9310
17   H                1.3595               0.7541              -1.6392
18   H                2.2223              -1.5962               1.2264
19   H                0.9482              -0.9839               2.3014
20   H                2.6364               0.9906              -0.4366
21   H                2.4089              -0.6054              -1.1806


Energy:                -1970.619812 Convergence criteria  Is converged 
Maximum Force:             0.039086     0.000450                No
RMS Force:                 0.020496     0.000300                No
Maximum Displacement:      0.038609     0.001800                No
RMS Displacement:          0.042640     0.001200                No

----------------------------------------------------------------------
                            Iteration: 54                             

lambda1: N/A(PRFO), lambda2: N/A(PRFO)
lowest eigenvalue: -0.5533212423324585, second lowest eigenvalue: -0.2237098067998886

                             Coordinates                              
----------------------------------------------------------------------
0    C               -1.1758              -1.3918               0.4833
1    C                0.9063              -0.1297               0.3430
2    C               -1.0969               1.6600               1.1039
3    C                1.6352              -0.7206               1.5496
4    C                1.8711               0.2669              -0.7695
5    N               -0.0771              -1.1146              -0.2249
6    N               -2.3119              -1.8464              -0.1041
7    O               -1.9052               1.3480               0.0623
8    H               -2.2498               0.4412               0.1397
9    H               -0.2913              -0.9060              -1.2066
10   H               -1.1928              -1.1448               1.5443
11   H                0.3170               0.7771               0.6837
12   H               -2.9893              -2.2275               0.5563
13   H               -2.1929              -2.4542              -0.9197
14   H               -0.7185               2.6764               1.0699
15   H               -1.2542               1.2211               2.0917
16   H                2.3299               0.0153               1.9666
17   H                1.3412               0.7391              -1.6038
18   H                2.2041              -1.6110               1.2623
19   H                0.9303              -0.9983               2.3373
20   H                2.6184               0.9757              -0.4014
21   H                2.3907              -0.6203              -1.1452


Energy:                -1970.624249 Convergence criteria  Is converged 
Maximum Force:             0.038800     0.000450                No
RMS Force:                 0.020345     0.000300                No
Maximum Displacement:      0.035962     0.001800                No
RMS Displacement:          0.042640     0.001200                No

----------------------------------------------------------------------
                            Iteration: 55                             

lambda1: N/A(PRFO), lambda2: N/A(PRFO)
lowest eigenvalue: -0.7087063193321228, second lowest eigenvalue: -0.22449232637882233

                             Coordinates                              
----------------------------------------------------------------------
0    C               -1.1873              -1.3516               0.4826
1    C                0.8956              -0.0879               0.3422
2    C               -1.1086               1.7032               1.1036
3    C                1.6244              -0.6789               1.5490
4    C                1.8604               0.3082              -0.7707
5    N               -0.0887              -1.0724              -0.2253
6    N               -2.3215              -1.8095              -0.1055
7    O               -1.9163               1.3913               0.0618
8    H               -2.2628               0.4852               0.1392
9    H               -0.3026              -0.8659              -1.2074
10   H               -1.2057              -1.1052               1.5437
11   H                0.3068               0.8189               0.6827
12   H               -2.9990              -2.1927               0.5534
13   H               -2.2013              -2.4134              -0.9238
14   H               -0.7285               2.7190               1.0693
15   H               -1.2654               1.2636               2.0910
16   H                2.3195               0.0568               1.9656
17   H                1.3303               0.7800              -1.6050
18   H                2.1930              -1.5695               1.2621
19   H                0.9197              -0.9560               2.3371
20   H                2.6078               1.0170              -0.4031
21   H                2.3798              -0.5792              -1.1463


Energy:                -1970.632338 Convergence criteria  Is converged 
Maximum Force:             0.038247     0.000450                No
RMS Force:                 0.020066     0.000300                No
Maximum Displacement:      0.043922     0.001800                No
RMS Displacement:          0.042640     0.001200                No

----------------------------------------------------------------------
                            Iteration: 56                             

lambda1: N/A(PRFO), lambda2: N/A(PRFO)
lowest eigenvalue: -0.8255288004875183, second lowest eigenvalue: -0.22585536539554596

                             Coordinates                              
----------------------------------------------------------------------
0    C               -1.2277              -1.3599               0.4710
1    C                0.8554              -0.0958               0.3306
2    C               -1.1490               1.6957               1.0921
3    C                1.5842              -0.6868               1.5375
4    C                1.8202               0.3001              -0.7823
5    N               -0.1291              -1.0802              -0.2368
6    N               -2.3614              -1.8187              -0.1172
7    O               -1.9567               1.3838               0.0504
8    H               -2.3036               0.4777               0.1278
9    H               -0.3429              -0.8742              -1.2190
10   H               -1.2465              -1.1136               1.5322
11   H                0.2667               0.8110               0.6712
12   H               -3.0389              -2.2026               0.5414
13   H               -2.2408              -2.4215              -0.9362
14   H               -0.7685               2.7112               1.0577
15   H               -1.3057               1.2559               2.0795
16   H                2.2793               0.0489               1.9540
17   H                1.2901               0.7719              -1.6166
18   H                2.1527              -1.5775               1.2507
19   H                0.8794              -0.9638               2.3257
20   H                2.5676               1.0090              -0.4148
21   H                2.3396              -0.5872              -1.1579


Energy:                -1970.634203 Convergence criteria  Is converged 
Maximum Force:             0.038126     0.000450                No
RMS Force:                 0.020003     0.000300                No
Maximum Displacement:      0.040800     0.001800                No
RMS Displacement:          0.042640     0.001200                No

----------------------------------------------------------------------
                            Iteration: 57                             

lambda1: N/A(PRFO), lambda2: N/A(PRFO)
lowest eigenvalue: -0.8103733658790588, second lowest eigenvalue: -0.22644369304180145

                             Coordinates                              
----------------------------------------------------------------------
0    C               -1.2298              -1.3976               0.4505
1    C                0.8537              -0.1327               0.3101
2    C               -1.1511               1.6593               1.0718
3    C                1.5823              -0.7238               1.5172
4    C                1.8185               0.2629              -0.8030
5    N               -0.1312              -1.1169              -0.2572
6    N               -2.3625              -1.8580              -0.1380
7    O               -1.9586               1.3474               0.0301
8    H               -2.3064               0.4416               0.1077
9    H               -0.3448              -0.9118              -1.2395
10   H               -1.2493              -1.1515               1.5117
11   H                0.2652               0.7741               0.6505
12   H               -3.0400              -2.2430               0.5199
13   H               -2.2415              -2.4588              -0.9583
14   H               -0.7698               2.6746               1.0371
15   H               -1.3076               1.2194               2.0591
16   H                2.2776               0.0118               1.9335
17   H                1.2884               0.7345              -1.6373
18   H                2.1507              -1.6147               1.2305
19   H                0.8776              -1.0004               2.3054
20   H                2.5660               0.9718              -0.4357
21   H                2.3379              -0.6246              -1.1785


Energy:                -1970.637578 Convergence criteria  Is converged 
Maximum Force:             0.037913     0.000450                No
RMS Force:                 0.019889     0.000300                No
Maximum Displacement:      0.040460     0.001800                No
RMS Displacement:          0.042640     0.001200                No

----------------------------------------------------------------------
                            Iteration: 58                             

lambda1: N/A(PRFO), lambda2: N/A(PRFO)
lowest eigenvalue: -0.7796510457992554, second lowest eigenvalue: -0.22823640704154968

                             Coordinates                              
----------------------------------------------------------------------
0    C               -1.2705              -1.4090               0.4575
1    C                0.8132              -0.1437               0.3171
2    C               -1.1918               1.6486               1.0789
3    C                1.5417              -0.7348               1.5243
4    C                1.7781               0.2517              -0.7961
5    N               -0.1720              -1.1278              -0.2501
6    N               -2.4028              -1.8701              -0.1311
7    O               -1.9992               1.3366               0.0372
8    H               -2.3474               0.4310               0.1150
9    H               -0.3855              -0.9231              -1.2325
10   H               -1.2902              -1.1629               1.5187
11   H                0.2247               0.7632               0.6574
12   H               -3.0801              -2.2558               0.5265
13   H               -2.2815              -2.4700              -0.9520
14   H               -0.8103               2.6638               1.0442
15   H               -1.3481               1.2085               2.0662
16   H                2.2370               0.0008               1.9405
17   H                1.2479               0.7233              -1.6304
18   H                2.1100              -1.6257               1.2377
19   H                0.8369              -1.0113               2.3125
20   H                2.5256               0.9606              -0.4288
21   H                2.2974              -0.6358              -1.1715


Energy:                -1970.639114 Convergence criteria  Is converged 
Maximum Force:             0.037810     0.000450                No
RMS Force:                 0.019835     0.000300                No
Maximum Displacement:      0.041041     0.001800                No
RMS Displacement:          0.042640     0.001200                No

----------------------------------------------------------------------
                            Iteration: 59                             

lambda1: N/A(PRFO), lambda2: N/A(PRFO)
lowest eigenvalue: -0.7548311948776245, second lowest eigenvalue: -0.22890110313892365

                             Coordinates                              
----------------------------------------------------------------------
0    C               -1.2804              -1.3691               0.4682
1    C                0.8034              -0.1034               0.3277
2    C               -1.2017               1.6892               1.0898
3    C                1.5318              -0.6945               1.5351
4    C                1.7684               0.2918              -0.7854
5    N               -0.1819              -1.0874              -0.2393
6    N               -2.4122              -1.8312              -0.1204
7    O               -2.0091               1.3772               0.0482
8    H               -2.3578               0.4718               0.1261
9    H               -0.3954              -0.8831              -1.2219
10   H               -1.3005              -1.1231               1.5295
11   H                0.2152               0.8036               0.6680
12   H               -3.0894              -2.2175               0.5368
13   H               -2.2906              -2.4299              -0.9421
14   H               -0.8199               2.7043               1.0550
15   H               -1.3577               1.2489               2.0770
16   H                2.2272               0.0410               1.9513
17   H                1.2383               0.7632              -1.6198
18   H                2.1000              -1.5855               1.2487
19   H                0.8270              -0.9708               2.3234
20   H                2.5160               1.0006              -0.4183
21   H                2.2877              -0.5958              -1.1608


Energy:                -1970.640950 Convergence criteria  Is converged 
Maximum Force:             0.037686     0.000450                No
RMS Force:                 0.019770     0.000300                No
Maximum Displacement:      0.040767     0.001800                No
RMS Displacement:          0.042640     0.001200                No

----------------------------------------------------------------------
                            Iteration: 60                             

lambda1: N/A(PRFO), lambda2: N/A(PRFO)
lowest eigenvalue: -0.7348636388778687, second lowest eigenvalue: -0.23013553023338318

                             Coordinates                              
----------------------------------------------------------------------
0    C               -1.2485              -1.3497               0.4882
1    C                0.8356              -0.0835               0.3477
2    C               -1.1698               1.7096               1.1100
3    C                1.5637              -0.6746               1.5553
4    C                1.8007               0.3114              -0.7655
5    N               -0.1501              -1.0673              -0.2193
6    N               -2.3797              -1.8129              -0.1005
7    O               -1.9772               1.3975               0.0685
8    H               -2.3264               0.4923               0.1466
9    H               -0.3635              -0.8637              -1.2019
10   H               -1.2690              -1.1038               1.5495
11   H                0.2475               0.8236               0.6878
12   H               -3.0568              -2.2002               0.5563
13   H               -2.2577              -2.4102              -0.9232
14   H               -0.7876               2.7245               1.0752
15   H               -1.3254               1.2689               2.0972
16   H                2.2593               0.0608               1.9714
17   H                1.2706               0.7827              -1.6000
18   H                2.1318              -1.5658               1.2692
19   H                0.8588              -0.9506               2.3436
20   H                2.5484               1.0202              -0.3985
21   H                2.3199              -0.5763              -1.1407


Energy:                -1970.643242 Convergence criteria  Is converged 
Maximum Force:             0.037530     0.000450                No
RMS Force:                 0.019689     0.000300                No
Maximum Displacement:      0.032915     0.001800                No
RMS Displacement:          0.042640     0.001200                No

----------------------------------------------------------------------
                            Iteration: 61                             

lambda1: N/A(PRFO), lambda2: N/A(PRFO)
lowest eigenvalue: -0.7142683267593384, second lowest eigenvalue: -0.23010127246379852

                             Coordinates                              
----------------------------------------------------------------------
0    C               -1.2631              -1.3100               0.4918
1    C                0.8214              -0.0432               0.3513
2    C               -1.1843               1.7505               1.1139
3    C                1.5492              -0.6343               1.5590
4    C                1.7866               0.3513              -0.7621
5    N               -0.1647              -1.0268              -0.2156
6    N               -2.3934              -1.7747              -0.0971
7    O               -1.9916               1.4383               0.0725
8    H               -2.3416               0.5333               0.1508
9    H               -0.3780              -0.8239              -1.1983
10   H               -1.2841              -1.0643               1.5532
11   H                0.2335               0.8640               0.6911
12   H               -3.0703              -2.1632               0.5591
13   H               -2.2710              -2.3701              -0.9210
14   H               -0.8018               2.7653               1.0789
15   H               -1.3394               1.3094               2.1009
16   H                2.2450               0.1011               1.9750
17   H                1.2566               0.8224              -1.5966
18   H                2.1172              -1.5256               1.2732
19   H                0.8443              -0.9099               2.3474
20   H                2.5344               1.0600              -0.3952
21   H                2.3057              -0.5366              -1.1371


Energy:                -1970.646106 Convergence criteria  Is converged 
Maximum Force:             0.037334     0.000450                No
RMS Force:                 0.019586     0.000300                No
Maximum Displacement:      0.041032     0.001800                No
RMS Displacement:          0.042640     0.001200                No

----------------------------------------------------------------------
                            Iteration: 62                             

lambda1: N/A(PRFO), lambda2: N/A(PRFO)
lowest eigenvalue: -0.7415598034858704, second lowest eigenvalue: -0.23145540058612823

                             Coordinates                              
----------------------------------------------------------------------
0    C               -1.2260              -1.3297               0.4847
1    C                0.8587              -0.0623               0.3441
2    C               -1.1472               1.7319               1.1071
3    C                1.5864              -0.6533               1.5521
4    C                1.8241               0.3318              -0.7694
5    N               -0.1277              -1.0457              -0.2226
6    N               -2.3556              -1.7956              -0.1044
7    O               -1.9545               1.4196               0.0657
8    H               -2.3051               0.5149               0.1443
9    H               -0.3408              -0.8435              -1.2055
10   H               -1.2475              -1.0842               1.5461
11   H                0.2710               0.8450               0.6837
12   H               -3.0324              -2.1852               0.5513
13   H               -2.2328              -2.3894              -0.9294
14   H               -0.7643               2.7465               1.0719
15   H               -1.3018               1.2904               2.0939
16   H                2.2822               0.0820               1.9680
17   H                1.2941               0.8028              -1.6040
18   H                2.1542              -1.5448               1.2666
19   H                0.8813              -0.9286               2.3405
20   H                2.5719               1.0405              -0.4026
21   H                2.3431              -0.5562              -1.1442


Energy:                -1970.648643 Convergence criteria  Is converged 
Maximum Force:             0.037158     0.000450                No
RMS Force:                 0.019493     0.000300                No
Maximum Displacement:      0.038143     0.001800                No
RMS Displacement:          0.042640     0.001200                No

----------------------------------------------------------------------
                            Iteration: 63                             

lambda1: N/A(PRFO), lambda2: N/A(PRFO)
lowest eigenvalue: -0.7151739001274109, second lowest eigenvalue: -0.2321358472108841

                             Coordinates                              
----------------------------------------------------------------------
0    C               -1.1843              -1.3237               0.4899
1    C                0.9006              -0.0559               0.3492
2    C               -1.1055               1.7386               1.1124
3    C                1.6281              -0.6469               1.5574
4    C                1.8662               0.3379              -0.7643
5    N               -0.0860              -1.0392              -0.2174
6    N               -2.3134              -1.7905              -0.0993
7    O               -1.9128               1.4263               0.0711
8    H               -2.2637               0.5217               0.1499
9    H               -0.2991              -0.8375              -1.2004
10   H               -1.2061              -1.0783               1.5513
11   H                0.3131               0.8515               0.6887
12   H               -2.9902              -2.1807               0.5560
13   H               -2.1904              -2.3831              -0.9251
14   H               -0.7223               2.7532               1.0772
15   H               -1.2598               1.2969               2.0992
16   H                2.3240               0.0884               1.9732
17   H                1.3362               0.8088              -1.5990
18   H                2.1958              -1.5385               1.2721
19   H                0.9230              -0.9219               2.3458
20   H                2.6140               1.0466              -0.3977
21   H                2.3851              -0.5502              -1.1390


Energy:                -1970.650383 Convergence criteria  Is converged 
Maximum Force:             0.037035     0.000450                No
RMS Force:                 0.019429     0.000300                No
Maximum Displacement:      0.042436     0.001800                No
RMS Displacement:          0.042640     0.001200                No

----------------------------------------------------------------------
                            Iteration: 64                             

lambda1: N/A(PRFO), lambda2: N/A(PRFO)
lowest eigenvalue: -0.7152451872825623, second lowest eigenvalue: -0.2327936738729477

                             Coordinates                              
----------------------------------------------------------------------
0    C               -1.1427              -1.3172               0.4860
1    C                0.9426              -0.0486               0.3452
2    C               -1.0639               1.7466               1.1088
3    C                1.6697              -0.6395               1.5537
4    C                1.9083               0.3446              -0.7684
5    N               -0.0445              -1.0317              -0.2212
6    N               -2.2710              -1.7854              -0.1035
7    O               -1.8712               1.4340               0.0677
8    H               -2.2229               0.5297               0.1469
9    H               -0.2575              -0.8309              -1.2043
10   H               -1.1652              -1.0720               1.5475
11   H                0.3553               0.8589               0.6844
12   H               -2.9476              -2.1769               0.5512
13   H               -2.1475              -2.3758              -0.9306
14   H               -0.6803               2.7609               1.0734
15   H               -1.2175               1.3044               2.0955
16   H                2.3658               0.0957               1.9694
17   H                1.3785               0.8153              -1.6032
18   H                2.2373              -1.5314               1.2688
19   H                0.9644              -0.9140               2.3421
20   H                2.6563               1.0533              -0.4020
21   H                2.4271              -0.5436              -1.1428


Energy:                -1970.653562 Convergence criteria  Is converged 
Maximum Force:             0.036808     0.000450                No
RMS Force:                 0.019312     0.000300                No
Maximum Displacement:      0.042885     0.001800                No
RMS Displacement:          0.042640     0.001200                No

----------------------------------------------------------------------
                            Iteration: 65                             

lambda1: N/A(PRFO), lambda2: N/A(PRFO)
lowest eigenvalue: -0.6891225576400757, second lowest eigenvalue: -0.23602832853794098

                             Coordinates                              
----------------------------------------------------------------------
0    C               -1.1850              -1.3300               0.4928
1    C                0.9034              -0.0555               0.3513
2    C               -1.1057               1.7449               1.1185
3    C                1.6278              -0.6454               1.5628
4    C                1.8709               0.3331              -0.7630
5    N               -0.0872              -1.0368              -0.2134
6    N               -2.3060              -1.8106              -0.0985
7    O               -1.9130               1.4310               0.0788
8    H               -2.2711               0.5291               0.1611
9    H               -0.2990              -0.8435              -1.1979
10   H               -1.2125              -1.0868               1.5548
11   H                0.3182               0.8534               0.6881
12   H               -2.9812              -2.2135               0.5505
13   H               -2.1788              -2.3831              -0.9374
14   H               -0.7184               2.7577               1.0814
15   H               -1.2540               1.2991               2.1042
16   H                2.3253               0.0891               1.9770
17   H                1.3417               0.8021              -1.5990
18   H                2.1939              -1.5392               1.2813
19   H                0.9214              -0.9159               2.3514
20   H                2.6198               1.0415              -0.3982
21   H                2.3885              -0.5566              -1.1352


Energy:                -1970.678678 Convergence criteria  Is converged 
Maximum Force:             0.035053     0.000450                No
RMS Force:                 0.018391     0.000300                No
Maximum Displacement:      0.048209     0.001800                No
RMS Displacement:          0.042640     0.001200                No

----------------------------------------------------------------------
                            Iteration: 66                             

lambda1: N/A(PRFO), lambda2: N/A(PRFO)
lowest eigenvalue: -0.5030264258384705, second lowest eigenvalue: -0.23636232316493988

                             Coordinates                              
----------------------------------------------------------------------
0    C               -1.1779              -1.3726               0.4973
1    C                0.9115              -0.0967               0.3555
2    C               -1.0988               1.7048               1.1234
3    C                1.6352              -0.6861               1.5678
4    C                1.8794               0.2905              -0.7591
5    N               -0.0801              -1.0779              -0.2086
6    N               -2.2977              -1.8543              -0.0949
7    O               -1.9060               1.3907               0.0840
8    H               -2.2655               0.4892               0.1669
9    H               -0.2915              -0.8866              -1.1935
10   H               -1.2065              -1.1304               1.5596
11   H                0.3267               0.8125               0.6915
12   H               -2.9734              -2.2585               0.5526
13   H               -2.1702              -2.4231              -0.9361
14   H               -0.7105               2.7172               1.0860
15   H               -1.2457               1.2579               2.1087
16   H                2.3331               0.0482               1.9814
17   H                1.3504               0.7591              -1.5954
18   H                2.2009              -1.5806               1.2873
19   H                0.9285              -0.9554               2.3565
20   H                2.6286               0.9988              -0.3949
21   H                2.3965              -0.5998              -1.1307


Energy:                -1970.684599 Convergence criteria  Is converged 
Maximum Force:             0.034580     0.000450                No
RMS Force:                 0.018145     0.000300                No
Maximum Displacement:      0.045008     0.001800                No
RMS Displacement:          0.042640     0.001200                No

----------------------------------------------------------------------
                            Iteration: 67                             

lambda1: N/A(PRFO), lambda2: N/A(PRFO)
lowest eigenvalue: -0.4729791581630707, second lowest eigenvalue: -0.2340717762708664

                             Coordinates                              
----------------------------------------------------------------------
0    C               -1.1833              -1.4146               0.4913
1    C                0.9063              -0.1385               0.3494
2    C               -1.1042               1.6632               1.1174
3    C                1.6299              -0.7278               1.5618
4    C                1.8743               0.2484              -0.7653
5    N               -0.0854              -1.1196              -0.2146
6    N               -2.3029              -1.8965              -0.1011
7    O               -1.9114               1.3490               0.0781
8    H               -2.2711               0.4476               0.1611
9    H               -0.2969              -0.9287              -1.1995
10   H               -1.2121              -1.1726               1.5536
11   H                0.3217               0.7708               0.6852
12   H               -2.9787              -2.3010               0.5460
13   H               -2.1752              -2.4646              -0.9428
14   H               -0.7158               2.6756               1.0799
15   H               -1.2508               1.2161               2.1027
16   H                2.3278               0.0065               1.9754
17   H                1.3453               0.7169              -1.6016
18   H                2.1954              -1.6224               1.2816
19   H                0.9232              -0.9968               2.3506
20   H                2.6235               0.9567              -0.4012
21   H                2.3913              -0.6419              -1.1367


Energy:                -1970.685733 Convergence criteria  Is converged 
Maximum Force:             0.034490     0.000450                No
RMS Force:                 0.018098     0.000300                No
Maximum Displacement:      0.042469     0.001800                No
RMS Displacement:          0.042640     0.001200                No

----------------------------------------------------------------------
                            Iteration: 68                             

lambda1: N/A(PRFO), lambda2: N/A(PRFO)
lowest eigenvalue: -0.46456149220466614, second lowest eigenvalue: -0.23334702849388123

                             Coordinates                              
----------------------------------------------------------------------
0    C               -1.1477              -1.4036               0.5117
1    C                0.9421              -0.1272               0.3698
2    C               -1.0687               1.6748               1.1379
3    C                1.6655              -0.7164               1.5824
4    C                1.9102               0.2593              -0.7449
5    N               -0.0498              -1.1083              -0.1940
6    N               -2.2670              -1.8858              -0.0809
7    O               -1.8758               1.3605               0.0987
8    H               -2.2359               0.4592               0.1819
9    H               -0.2612              -0.9178              -1.1790
10   H               -1.1767              -1.1619               1.5741
11   H                0.3576               0.7821               0.7054
12   H               -2.9430              -2.2905               0.5659
13   H               -2.1393              -2.4530              -0.9231
14   H               -0.6801               2.6871               1.1004
15   H               -1.2149               1.2274               2.1232
16   H                2.3636               0.0178               1.9959
17   H                1.3813               0.7277              -1.5814
18   H                2.2310              -1.6111               1.3025
19   H                0.9587              -0.9852               2.3713
20   H                2.6595               0.9676              -0.3809
21   H                2.4272              -0.6311              -1.1162


Energy:                -1970.687112 Convergence criteria  Is converged 
Maximum Force:             0.034380     0.000450                No
RMS Force:                 0.018040     0.000300                No
Maximum Displacement:      0.036009     0.001800                No
RMS Displacement:          0.042640     0.001200                No

----------------------------------------------------------------------
                            Iteration: 69                             

lambda1: N/A(PRFO), lambda2: N/A(PRFO)
lowest eigenvalue: -0.4429471492767334, second lowest eigenvalue: -0.23255980014801025

                             Coordinates                              
----------------------------------------------------------------------
0    C               -1.1886              -1.4175               0.5098
1    C                0.9021              -0.1401               0.3676
2    C               -1.1098               1.6631               1.1362
3    C                1.6249              -0.7288               1.5809
4    C                1.8705               0.2452              -0.7474
5    N               -0.0907              -1.1209              -0.1957
6    N               -2.3070              -1.9004              -0.0837
7    O               -1.9168               1.3484               0.0973
8    H               -2.2781               0.4475               0.1811
9    H               -0.3018              -0.9322              -1.1810
10   H               -1.2186              -1.1767               1.5724
11   H                0.3180               0.7696               0.7024
12   H               -2.9835              -2.3062               0.5617
13   H               -2.1790              -2.4646              -0.9279
14   H               -0.7205               2.6751               1.0984
15   H               -1.2547               1.2147               2.1212
16   H                2.3233               0.0054               1.9939
17   H                1.3418               0.7133              -1.5842
18   H                2.1899              -1.6240               1.3019
19   H                0.9179              -0.9964               2.3700
20   H                2.6202               0.9533              -0.3839
21   H                2.3870              -0.6457              -1.1182


Energy:                -1970.692078 Convergence criteria  Is converged 
Maximum Force:             0.033987     0.000450                No
RMS Force:                 0.017830     0.000300                No
Maximum Displacement:      0.042179     0.001800                No
RMS Displacement:          0.042640     0.001200                No

----------------------------------------------------------------------
                            Iteration: 70                             

lambda1: N/A(PRFO), lambda2: N/A(PRFO)
lowest eigenvalue: -0.4205804169178009, second lowest eigenvalue: -0.22994878888130188

                             Coordinates                              
----------------------------------------------------------------------
0    C               -1.1514              -1.4307               0.4946
1    C                0.9402              -0.1522               0.3521
2    C               -1.0729               1.6522               1.1212
3    C                1.6624              -0.7404               1.5663
4    C                1.9091               0.2317              -0.7632
5    N               -0.0534              -1.1329              -0.2106
6    N               -2.2687              -1.9143              -0.0999
7    O               -1.8796               1.3370               0.0826
8    H               -2.2422               0.4365               0.1671
9    H               -0.2642              -0.9460              -1.1963
10   H               -1.1824              -1.1909               1.5574
11   H                0.3566               0.7577               0.6860
12   H               -2.9460              -2.3210               0.5440
13   H               -2.1405              -2.4752              -0.9461
14   H               -0.6829               2.6639               1.0831
15   H               -1.2164               1.2028               2.1059
16   H                2.3613              -0.0064               1.9786
17   H                1.3805               0.6994              -1.6002
18   H                2.2270              -1.6362               1.2882
19   H                0.9551              -1.0068               2.3554
20   H                2.6591               0.9397              -0.4002
21   H                2.4252              -0.6597              -1.1333


Energy:                -1970.697267 Convergence criteria  Is converged 
Maximum Force:             0.033560     0.000450                No
RMS Force:                 0.017607     0.000300                No
Maximum Displacement:      0.038901     0.001800                No
RMS Displacement:          0.042640     0.001200                No

----------------------------------------------------------------------
                            Iteration: 71                             

lambda1: N/A(PRFO), lambda2: N/A(PRFO)
lowest eigenvalue: -0.3781999945640564, second lowest eigenvalue: -0.22741051018238068

                             Coordinates                              
----------------------------------------------------------------------
0    C               -1.1603              -1.4583               0.4622
1    C                0.9344              -0.1763               0.3189
2    C               -1.0830               1.6322               1.0895
3    C                1.6545              -0.7630               1.5356
4    C                1.9046               0.2029              -0.7972
5    N               -0.0618              -1.1566              -0.2420
6    N               -2.2745              -1.9434              -0.1357
7    O               -1.8886               1.3148               0.0516
8    H               -2.2550               0.4157               0.1388
9    H               -0.2717              -0.9755              -1.2286
10   H               -1.1944              -1.2220               1.5259
11   H                0.3524               0.7344               0.6499
12   H               -2.9544              -2.3528               0.5036
13   H               -2.1455              -2.4942              -0.9880
14   H               -0.6911               2.6431               1.0501
15   H               -1.2219               1.1797               2.0733
16   H                2.3547              -0.0294               1.9462
17   H                1.3769               0.6694              -1.6353
18   H                2.2175              -1.6607               1.2608
19   H                0.9464              -1.0254               2.3253
20   H                2.6558               0.9103              -0.4359
21   H                2.4192              -0.6901              -1.1654


Energy:                -1970.712751 Convergence criteria  Is converged 
Maximum Force:             0.032265     0.000450                No
RMS Force:                 0.016932     0.000300                No
Maximum Displacement:      0.041934     0.001800                No
RMS Displacement:          0.042640     0.001200                No

----------------------------------------------------------------------
                            Iteration: 72                             

lambda1: N/A(PRFO), lambda2: N/A(PRFO)
lowest eigenvalue: -0.3588937819004059, second lowest eigenvalue: -0.22117972373962402

                             Coordinates                              
----------------------------------------------------------------------
0    C               -1.1334              -1.4265               0.4655
1    C                0.9622              -0.1435               0.3222
2    C               -1.0565               1.6665               1.0929
3    C                1.6816              -0.7297               1.5396
4    C                1.9328               0.2344              -0.7942
5    N               -0.0348              -1.1238              -0.2382
6    N               -2.2468              -1.9118              -0.1334
7    O               -1.8617               1.3480               0.0553
8    H               -2.2291               0.4493               0.1434
9    H               -0.2444              -0.9442              -1.2251
10   H               -1.1686              -1.1915               1.5295
11   H                0.3807               0.7674               0.6523
12   H               -2.9275              -2.3219               0.5043
13   H               -2.1176              -2.4595              -0.9877
14   H               -0.6641               2.6771               1.0526
15   H               -1.1943               1.2136               2.0766
16   H                2.3823               0.0037               1.9497
17   H                1.4053               0.7006              -1.6325
18   H                2.2442              -1.6280               1.2657
19   H                0.9733              -0.9909               2.3294
20   H                2.6844               0.9415              -0.4333
21   H                2.4467              -0.6592              -1.1618


Energy:                -1970.717103 Convergence criteria  Is converged 
Maximum Force:             0.031905     0.000450                No
RMS Force:                 0.016744     0.000300                No
Maximum Displacement:      0.034682     0.001800                No
RMS Displacement:          0.042640     0.001200                No

----------------------------------------------------------------------
                            Iteration: 73                             

lambda1: N/A(PRFO), lambda2: N/A(PRFO)
lowest eigenvalue: -0.3020575940608978, second lowest eigenvalue: -0.2197994738817215

                             Coordinates                              
----------------------------------------------------------------------
0    C               -1.1683              -1.4036               0.4742
1    C                0.9278              -0.1201               0.3309
2    C               -1.0917               1.6906               1.1015
3    C                1.6469              -0.7062               1.5486
4    C                1.8985               0.2571              -0.7857
5    N               -0.0696              -1.1003              -0.2293
6    N               -2.2813              -1.8889              -0.1252
7    O               -1.8965               1.3715               0.0640
8    H               -2.2644               0.4730               0.1526
9    H               -0.2791              -0.9215              -1.2164
10   H               -1.2040              -1.1691               1.5383
11   H                0.3465               0.7909               0.6606
12   H               -2.9624              -2.2994               0.5118
13   H               -2.1520              -2.4352              -0.9803
14   H               -0.6990               2.7011               1.0609
15   H               -1.2288               1.2376               2.0852
16   H                2.3478               0.0272               1.9584
17   H                1.3711               0.7232              -1.6241
18   H                2.2092              -1.6047               1.2751
19   H                0.9386              -0.9668               2.3385
20   H                2.6503               0.9641              -0.4250
21   H                2.4122              -0.6367              -1.1530


Energy:                -1970.719005 Convergence criteria  Is converged 
Maximum Force:             0.031749     0.000450                No
RMS Force:                 0.016660     0.000300                No
Maximum Displacement:      0.035338     0.001800                No
RMS Displacement:          0.042640     0.001200                No

----------------------------------------------------------------------
                            Iteration: 74                             

lambda1: N/A(PRFO), lambda2: N/A(PRFO)
lowest eigenvalue: -0.44543033838272095, second lowest eigenvalue: -0.22036783397197723

                             Coordinates                              
----------------------------------------------------------------------
0    C               -1.1626              -1.4465               0.4842
1    C                0.9352              -0.1605               0.3408
2    C               -1.0861               1.6533               1.1112
3    C                1.6533              -0.7456               1.5598
4    C                1.9065               0.2144              -0.7764
5    N               -0.0637              -1.1405              -0.2184
6    N               -2.2737              -1.9324              -0.1176
7    O               -1.8907               1.3320               0.0747
8    H               -2.2604               0.4342               0.1655
9    H               -0.2727              -0.9649              -1.2061
10   H               -1.2006              -1.2151               1.5490
11   H                0.3547               0.7510               0.6689
12   H               -2.9562              -2.3455               0.5160
13   H               -2.1440              -2.4708              -0.9774
14   H               -0.6921               2.6631               1.0687
15   H               -1.2208               1.1998               2.0950
16   H                2.3551              -0.0126               1.9685
17   H                1.3794               0.6800              -1.6152
18   H                2.2147              -1.6453               1.2880
19   H                0.9446              -1.0041               2.3500
20   H                2.6590               0.9210              -0.4167
21   H                2.4192              -0.6803              -1.1428


Energy:                -1970.728366 Convergence criteria  Is converged 
Maximum Force:             0.030999     0.000450                No
RMS Force:                 0.016267     0.000300                No
Maximum Displacement:      0.046092     0.001800                No
RMS Displacement:          0.042640     0.001200                No

----------------------------------------------------------------------
                            Iteration: 75                             

lambda1: N/A(PRFO), lambda2: N/A(PRFO)
lowest eigenvalue: -0.42844417691230774, second lowest eigenvalue: -0.2182663530111313

                             Coordinates                              
----------------------------------------------------------------------
0    C               -1.1240              -1.4374               0.4950
1    C                0.9755              -0.1487               0.3516
2    C               -1.0475               1.6684               1.1214
3    C                1.6930              -0.7333               1.5715
4    C                1.9470               0.2244              -0.7661
5    N               -0.0248              -1.1285              -0.2068
6    N               -2.2332              -1.9237              -0.1093
7    O               -1.8515               1.3448               0.0856
8    H               -2.2225               0.4475               0.1785
9    H               -0.2335              -0.9558              -1.1949
10   H               -1.1643              -1.2094               1.5605
11   H                0.3958               0.7632               0.6786
12   H               -2.9164              -2.3407               0.5209
13   H               -2.1031              -2.4534              -0.9743
14   H               -0.6523               2.6777               1.0769
15   H               -1.1803               1.2150               2.1054
16   H                2.3956              -0.0006               1.9792
17   H                1.4200               0.6897              -1.6051
18   H                2.2534              -1.6339               1.3009
19   H                0.9840              -0.9899               2.3621
20   H                2.7001               0.9307              -0.4072
21   H                2.4590              -0.6709              -1.1321


Energy:                -1970.737239 Convergence criteria  Is converged 
Maximum Force:             0.030306     0.000450                No
RMS Force:                 0.015909     0.000300                No
Maximum Displacement:      0.041134     0.001800                No
RMS Displacement:          0.042640     0.001200                No

----------------------------------------------------------------------
                            Iteration: 76                             

lambda1: N/A(PRFO), lambda2: N/A(PRFO)
lowest eigenvalue: -0.38707494735717773, second lowest eigenvalue: -0.2221759855747223

                             Coordinates                              
----------------------------------------------------------------------
0    C               -1.1611              -1.4233               0.4956
1    C                0.9422              -0.1256               0.3534
2    C               -1.0844               1.7015               1.1199
3    C                1.6594              -0.7106               1.5737
4    C                1.9129               0.2452              -0.7663
5    N               -0.0618              -1.1047              -0.2037
6    N               -2.2649              -1.9109              -0.1150
7    O               -1.8859               1.3706               0.0853
8    H               -2.2579               0.4738               0.1828
9    H               -0.2702              -0.9387              -1.1929
10   H               -1.2079              -1.2066               1.5634
11   H                0.3641               0.7865               0.6793
12   H               -2.9472              -2.3445               0.5047
13   H               -2.1342              -2.4112              -0.9973
14   H               -0.6857               2.7092               1.0688
15   H               -1.2154               1.2515               2.1055
16   H                2.3645               0.0209               1.9793
17   H                1.3851               0.7102              -1.6047
18   H                2.2173              -1.6129               1.3044
19   H                0.9510              -0.9635               2.3658
20   H                2.6673               0.9508              -0.4091
21   H                2.4234              -0.6508              -1.1324


Energy:                -1970.760309 Convergence criteria  Is converged 
Maximum Force:             0.028586     0.000450                No
RMS Force:                 0.015098     0.000300                No
Maximum Displacement:      0.043634     0.001800                No
RMS Displacement:          0.042640     0.001200                No

----------------------------------------------------------------------
                            Iteration: 77                             

lambda1: N/A(PRFO), lambda2: N/A(PRFO)
lowest eigenvalue: -1.4996625185012817, second lowest eigenvalue: -0.2693192660808563

                             Coordinates                              
----------------------------------------------------------------------
0    C               -1.1608              -1.4138               0.5371
1    C                0.9423              -0.1143               0.3956
2    C               -1.0838               1.7139               1.1611
3    C                1.6611              -0.7007               1.6143
4    C                1.9117               0.2586              -0.7245
5    N               -0.0619              -1.0930              -0.1619
6    N               -2.2640              -1.9019              -0.0739
7    O               -1.8842               1.3826               0.1256
8    H               -2.2548               0.4851               0.2219
9    H               -0.2707              -0.9267              -1.1510
10   H               -1.2083              -1.1996               1.6055
11   H                0.3641               0.7973               0.7232
12   H               -2.9439              -2.3415               0.5444
13   H               -2.1334              -2.3959              -0.9599
14   H               -0.6844               2.7213               1.1094
15   H               -1.2172               1.2657               2.1472
16   H                2.3663               0.0304               2.0200
17   H                1.3828               0.7241              -1.5620
18   H                2.2189              -1.6025               1.3432
19   H                0.9537              -0.9548               2.4069
20   H                2.6659               0.9643              -0.3671
21   H                2.4226              -0.6366              -1.0922


Energy:                -1970.762363 Convergence criteria  Is converged 
Maximum Force:             0.028558     0.000450                No
RMS Force:                 0.015086     0.000300                No
Maximum Displacement:      0.043945     0.001800                No
RMS Displacement:          0.042640     0.001200                No

----------------------------------------------------------------------
                            Iteration: 78                             

lambda1: N/A(PRFO), lambda2: N/A(PRFO)
lowest eigenvalue: -1.4917833805084229, second lowest eigenvalue: -0.28295210003852844

                             Coordinates                              
----------------------------------------------------------------------
0    C               -1.2010              -1.4115               0.5233
1    C                0.9020              -0.1114               0.3820
2    C               -1.1240               1.7171               1.1471
3    C                1.6214              -0.6984               1.6001
4    C                1.8709               0.2623              -0.7383
5    N               -0.1023              -1.0900              -0.1756
6    N               -2.3040              -1.8998              -0.0879
7    O               -1.9239               1.3858               0.1113
8    H               -2.2941               0.4880               0.2070
9    H               -0.3112              -0.9236              -1.1647
10   H               -1.2487              -1.1981               1.5918
11   H                0.3237               0.7999               0.7103
12   H               -2.9830              -2.3415               0.5299
13   H               -2.1734              -2.3916              -0.9750
14   H               -0.7242               2.7243               1.0953
15   H               -1.2583               1.2695               2.1334
16   H                2.3267               0.0327               2.0059
17   H                1.3416               0.7280              -1.5754
18   H                2.1792              -1.5999               1.3282
19   H                0.9143              -0.9530               2.3929
20   H                2.6250               0.9681              -0.3808
21   H                2.3819              -0.6326              -1.1065


Energy:                -1970.763015 Convergence criteria  Is converged 
Maximum Force:             0.028554     0.000450                No
RMS Force:                 0.015083     0.000300                No
Maximum Displacement:      0.041183     0.001800                No
RMS Displacement:          0.042640     0.001200                No

----------------------------------------------------------------------
                            Iteration: 79                             

lambda1: N/A(PRFO), lambda2: N/A(PRFO)
lowest eigenvalue: -1.4733195304870605, second lowest eigenvalue: -0.28717124462127686

                             Coordinates                              
----------------------------------------------------------------------
0    C               -1.1596              -1.4214               0.5193
1    C                0.9431              -0.1203               0.3784
2    C               -1.0825               1.7087               1.1429
3    C                1.6636              -0.7082               1.5955
4    C                1.9112               0.2548              -0.7422
5    N               -0.0612              -1.0987              -0.1794
6    N               -2.2623              -1.9100              -0.0921
7    O               -1.8818               1.3774               0.1064
8    H               -2.2510               0.4791               0.2012
9    H               -0.2704              -0.9320              -1.1684
10   H               -1.2077              -1.2095               1.5881
11   H                0.3648               0.7906               0.7079
12   H               -2.9399              -2.3552               0.5249
13   H               -2.1320              -2.3980              -0.9813
14   H               -0.6823               2.7157               1.0910
15   H               -1.2186               1.2622               2.1295
16   H                2.3690               0.0227               2.0013
17   H                1.3812               0.7209              -1.5786
18   H                2.2215              -1.6094               1.3223
19   H                0.9572              -0.9637               2.3885
20   H                2.6651               0.9607              -0.3845
21   H                2.4224              -0.6395              -1.1114


Energy:                -1970.764116 Convergence criteria  Is converged 
Maximum Force:             0.028545     0.000450                No
RMS Force:                 0.015080     0.000300                No
Maximum Displacement:      0.043141     0.001800                No
RMS Displacement:          0.042640     0.001200                No

----------------------------------------------------------------------
                            Iteration: 80                             

lambda1: N/A(PRFO), lambda2: N/A(PRFO)
lowest eigenvalue: -1.4460172653198242, second lowest eigenvalue: -0.2886412441730499

                             Coordinates                              
----------------------------------------------------------------------
0    C               -1.1996              -1.4350               0.5126
1    C                0.9031              -0.1334               0.3719
2    C               -1.1225               1.6958               1.1361
3    C                1.6241              -0.7219               1.5884
4    C                1.8706               0.2425              -0.7488
5    N               -0.1013              -1.1118              -0.1861
6    N               -2.3022              -1.9238              -0.0989
7    O               -1.9213               1.3645               0.0993
8    H               -2.2901               0.4660               0.1934
9    H               -0.3107              -0.9448              -1.1750
10   H               -1.2479              -1.2239               1.5816
11   H                0.3247               0.7773               0.7020
12   H               -2.9789              -2.3708               0.5176
13   H               -2.1719              -2.4099              -0.9892
14   H               -0.7220               2.7027               1.0841
15   H               -1.2594               1.2499               2.1228
16   H                2.3296               0.0089               1.9943
17   H                1.3403               0.7088              -1.5849
18   H                2.1820              -1.6228               1.3145
19   H                0.9181              -0.9779               2.3816
20   H                2.6244               0.9484              -0.3911
21   H                2.3820              -0.6515              -1.1186


Energy:                -1970.764682 Convergence criteria  Is converged 
Maximum Force:             0.028540     0.000450                No
RMS Force:                 0.015078     0.000300                No
Maximum Displacement:      0.040926     0.001800                No
RMS Displacement:          0.042640     0.001200                No

----------------------------------------------------------------------
                            Iteration: 81                             

lambda1: N/A(PRFO), lambda2: N/A(PRFO)
lowest eigenvalue: -1.4448802471160889, second lowest eigenvalue: -0.29049602150917053

                             Coordinates                              
----------------------------------------------------------------------
0    C               -1.1692              -1.4461               0.4879
1    C                0.9326              -0.1394               0.3493
2    C               -1.0917               1.6922               1.1101
3    C                1.6594              -0.7329               1.5599
4    C                1.8954               0.2443              -0.7730
5    N               -0.0721              -1.1167              -0.2101
6    N               -2.2703              -1.9359              -0.1247
7    O               -1.8864               1.3610               0.0697
8    H               -2.2506               0.4602               0.1582
9    H               -0.2829              -0.9481              -1.1986
10   H               -1.2190              -1.2425               1.5584
11   H                0.3536               0.7691               0.6857
12   H               -2.9396              -2.4007               0.4874
13   H               -2.1411              -2.4031              -1.0254
14   H               -0.6885               2.6981               1.0577
15   H               -1.2378               1.2517               2.0981
16   H                2.3653              -0.0030               1.9666
17   H                1.3612               0.7127              -1.6055
18   H                2.2176              -1.6316               1.2792
19   H                0.9571              -0.9940               2.3547
20   H                2.6483               0.9508              -0.4145
21   H                2.4082              -0.6466              -1.1482


Energy:                -1970.770195 Convergence criteria  Is converged 
Maximum Force:             0.028552     0.000450                No
RMS Force:                 0.015082     0.000300                No
Maximum Displacement:      0.039472     0.001800                No
RMS Displacement:          0.042640     0.001200                No

----------------------------------------------------------------------
                            Iteration: 82                             

lambda1: N/A(PRFO), lambda2: N/A(PRFO)
lowest eigenvalue: -1.4598212242126465, second lowest eigenvalue: -0.2858368754386902

                             Coordinates                              
----------------------------------------------------------------------
0    C               -1.1899              -1.4208               0.4608
1    C                0.9119              -0.1139               0.3223
2    C               -1.1125               1.7177               1.0829
3    C                1.6389              -0.7076               1.5326
4    C                1.8745               0.2701              -0.8001
5    N               -0.0928              -1.0912              -0.2372
6    N               -2.2910              -1.9106              -0.1518
7    O               -1.9069               1.3866               0.0423
8    H               -2.2710               0.4857               0.1306
9    H               -0.3037              -0.9226              -1.2256
10   H               -1.2398              -1.2175               1.5313
11   H                0.3329               0.7945               0.6590
12   H               -2.9600              -2.3759               0.4601
13   H               -2.1619              -2.3771              -1.0529
14   H               -0.7091               2.7236               1.0306
15   H               -1.2588               1.2774               2.0709
16   H                2.3449               0.0223               1.9394
17   H                1.3401               0.7386              -1.6325
18   H                2.1971              -1.6062               1.2517
19   H                0.9368              -0.9689               2.3275
20   H                2.6273               0.9766              -0.4416
21   H                2.3873              -0.6207              -1.1756


Energy:                -1970.770393 Convergence criteria  Is converged 
Maximum Force:             0.028550     0.000450                No
RMS Force:                 0.015081     0.000300                No
Maximum Displacement:      0.027584     0.001800                No
RMS Displacement:          0.042640     0.001200                No

----------------------------------------------------------------------
                            Iteration: 83                             

lambda1: N/A(PRFO), lambda2: N/A(PRFO)
lowest eigenvalue: -1.4590808153152466, second lowest eigenvalue: -0.2853684723377228

                             Coordinates                              
----------------------------------------------------------------------
0    C               -1.1994              -1.3796               0.4652
1    C                0.9024              -0.0725               0.3268
2    C               -1.1219               1.7592               1.0873
3    C                1.6298              -0.6665               1.5368
4    C                1.8647               0.3119              -0.7957
5    N               -0.1023              -1.0498              -0.2327
6    N               -2.3004              -1.8694              -0.1475
7    O               -1.9161               1.4281               0.0464
8    H               -2.2800               0.5271               0.1343
9    H               -0.3132              -0.8811              -1.2211
10   H               -1.2494              -1.1767               1.5358
11   H                0.3233               0.8357               0.6638
12   H               -2.9692              -2.3354               0.4642
13   H               -2.1713              -2.3351              -1.0491
14   H               -0.7185               2.7650               1.0349
15   H               -1.2687               1.3190               2.0753
16   H                2.3358               0.0633               1.9436
17   H                1.3302               0.7805              -1.6278
18   H                2.1880              -1.5649               1.2555
19   H                0.9278              -0.9281               2.3318
20   H                2.6175               1.0184              -0.4371
21   H                2.3777              -0.5787              -1.1715


Energy:                -1970.770669 Convergence criteria  Is converged 
Maximum Force:             0.028547     0.000450                No
RMS Force:                 0.015079     0.000300                No
Maximum Displacement:      0.041986     0.001800                No
RMS Displacement:          0.042640     0.001200                No

----------------------------------------------------------------------
                            Iteration: 84                             

lambda1: N/A(PRFO), lambda2: N/A(PRFO)
lowest eigenvalue: -1.4581345319747925, second lowest eigenvalue: -0.28467732667922974

                             Coordinates                              
----------------------------------------------------------------------
0    C               -1.1846              -1.3815               0.4255
1    C                0.9172              -0.0739               0.2873
2    C               -1.1071               1.7579               1.0473
3    C                1.6452              -0.6684               1.4966
4    C                1.8789               0.3113              -0.8354
5    N               -0.0876              -1.0511              -0.2723
6    N               -2.2855              -1.8712              -0.1874
7    O               -1.9008               1.4270               0.0061
8    H               -2.2643               0.5257               0.0933
9    H               -0.2986              -0.8822              -1.2607
10   H               -1.2348              -1.1793               1.4962
11   H                0.3380               0.8341               0.6250
12   H               -2.9538              -2.3386               0.4239
13   H               -2.1566              -2.3353              -1.0898
14   H               -0.7036               2.7637               0.9952
15   H               -1.2547               1.3181               2.0354
16   H                2.3512               0.0613               1.9035
17   H                1.3439               0.7802              -1.6671
18   H                2.2035              -1.5666               1.2146
19   H                0.9437              -0.9306               2.2918
20   H                2.6316               1.0180              -0.4768
21   H                2.3920              -0.5789              -1.2118


Energy:                -1970.771204 Convergence criteria  Is converged 
Maximum Force:             0.028552     0.000450                No
RMS Force:                 0.015077     0.000300                No
Maximum Displacement:      0.040998     0.001800                No
RMS Displacement:          0.042640     0.001200                No

----------------------------------------------------------------------
                            Iteration: 85                             

lambda1: N/A(PRFO), lambda2: N/A(PRFO)
lowest eigenvalue: -1.4547309875488281, second lowest eigenvalue: -0.27341172099113464

                             Coordinates                              
----------------------------------------------------------------------
0    C               -1.2184              -1.4066               0.4350
1    C                0.8834              -0.0984               0.2972
2    C               -1.1408               1.7338               1.0566
3    C                1.6123              -0.6936               1.5056
4    C                1.8444               0.2881              -0.8258
5    N               -0.1214              -1.0754              -0.2626
6    N               -2.3191              -1.8962              -0.1781
7    O               -1.9338               1.4029               0.0148
8    H               -2.2968               0.5013               0.1012
9    H               -0.3326              -0.9064              -1.2509
10   H               -1.2688              -1.2055               1.5060
11   H                0.3041               0.8093               0.6358
12   H               -2.9867              -2.3654               0.4325
13   H               -2.1905              -2.3580              -1.0817
14   H               -0.7371               2.7395               1.0047
15   H               -1.2894               1.2942               2.0446
16   H                2.3184               0.0361               1.9126
17   H                1.3088               0.7572              -1.6569
18   H                2.1707              -1.5914               1.2225
19   H                0.9114              -0.9565               2.3011
20   H                2.5970               0.9947              -0.4671
21   H                2.3576              -0.6018              -1.2031


Energy:                -1970.772073 Convergence criteria  Is converged 
Maximum Force:             0.028529     0.000450                No
RMS Force:                 0.015065     0.000300                No
Maximum Displacement:      0.035137     0.001800                No
RMS Displacement:          0.042640     0.001200                No

----------------------------------------------------------------------
                            Iteration: 86                             

lambda1: N/A(PRFO), lambda2: N/A(PRFO)
lowest eigenvalue: -1.4511919021606445, second lowest eigenvalue: -0.2704107165336609

                             Coordinates                              
----------------------------------------------------------------------
0    C               -1.1938              -1.4076               0.4004
1    C                0.9080              -0.0991               0.2627
2    C               -1.1162               1.7332               1.0218
3    C                1.6374              -0.6946               1.4707
4    C                1.8685               0.2880              -0.8604
5    N               -0.0969              -1.0761              -0.2971
6    N               -2.2944              -1.8972              -0.2128
7    O               -1.9088               1.4024              -0.0203
8    H               -2.2716               0.5007               0.0656
9    H               -0.3081              -0.9069              -1.2854
10   H               -1.2444              -1.2071               1.4715
11   H                0.3287               0.8084               0.6019
12   H               -2.9617              -2.3674               0.3974
13   H               -2.1660              -2.3577              -1.1171
14   H               -0.7124               2.7389               0.9701
15   H               -1.2654               1.2938               2.0098
16   H                2.3435               0.0349               1.8777
17   H                1.3326               0.7574              -1.6912
18   H                2.1958              -1.5923               1.1870
19   H                0.9368              -0.9580               2.2663
20   H                2.6211               0.9947              -0.5016
21   H                2.3819              -0.6015              -1.2381


Energy:                -1970.772552 Convergence criteria  Is converged 
Maximum Force:             0.028516     0.000450                No
RMS Force:                 0.015059     0.000300                No
Maximum Displacement:      0.035575     0.001800                No
RMS Displacement:          0.042640     0.001200                No

----------------------------------------------------------------------
                            Iteration: 87                             

lambda1: N/A(PRFO), lambda2: N/A(PRFO)
lowest eigenvalue: -1.4491263628005981, second lowest eigenvalue: -0.26852965354919434

                             Coordinates                              
----------------------------------------------------------------------
0    C               -1.2135              -1.3786               0.4244
1    C                0.8883              -0.0697               0.2869
2    C               -1.1359               1.7627               1.0456
3    C                1.6182              -0.6657               1.4943
4    C                1.8484               0.3181              -0.8364
5    N               -0.1167              -1.0466              -0.2730
6    N               -2.3141              -1.8681              -0.1890
7    O               -1.9281               1.4320               0.0031
8    H               -2.2906               0.5301               0.0886
9    H               -0.3280              -0.8774              -1.2613
10   H               -1.2643              -1.1787               1.4956
11   H                0.3089               0.8375               0.6266
12   H               -2.9810              -2.3393               0.4209
13   H               -2.1857              -2.3273              -1.0939
14   H               -0.7320               2.7684               0.9941
15   H               -1.2856               1.3234               2.0336
16   H                2.3244               0.0638               1.9014
17   H                1.3121               0.7876              -1.6669
18   H                2.1766              -1.5631               1.2101
19   H                0.9180              -0.9295               2.2901
20   H                2.6008               1.0248              -0.4776
21   H                2.3618              -0.5712              -1.2146


Energy:                -1970.773045 Convergence criteria  Is converged 
Maximum Force:             0.028503     0.000450                No
RMS Force:                 0.015052     0.000300                No
Maximum Displacement:      0.030392     0.001800                No
RMS Displacement:          0.042640     0.001200                No

----------------------------------------------------------------------
                            Iteration: 88                             

lambda1: N/A(PRFO), lambda2: N/A(PRFO)
lowest eigenvalue: -1.4465280771255493, second lowest eigenvalue: -0.2652715742588043

                             Coordinates                              
----------------------------------------------------------------------
0    C               -1.1728              -1.3679               0.4296
1    C                0.9290              -0.0586               0.2923
2    C               -1.0951               1.7741               1.0505
3    C                1.6598              -0.6551               1.4990
4    C                1.8884               0.3302              -0.8312
5    N               -0.0760              -1.0354              -0.2677
6    N               -2.2732              -1.8574              -0.1841
7    O               -1.8867               1.4435               0.0075
8    H               -2.2488               0.5414               0.0922
9    H               -0.2874              -0.8660              -1.2559
10   H               -1.2238              -1.1690               1.5009
11   H                0.3495               0.8484               0.6328
12   H               -2.9396              -2.3301               0.4252
13   H               -2.1451              -2.3146              -1.0901
14   H               -0.6912               2.7798               0.9992
15   H               -1.2456               1.3350               2.0384
16   H                2.3660               0.0743               1.9061
17   H                1.3516               0.8001              -1.6612
18   H                2.2182              -1.5522               1.2138
19   H                0.9601              -0.9196               2.2949
20   H                2.6408               1.0370              -0.4723
21   H                2.4020              -0.5586              -1.2102


Energy:                -1970.773810 Convergence criteria  Is converged 
Maximum Force:             0.028483     0.000450                No
RMS Force:                 0.015042     0.000300                No
Maximum Displacement:      0.042092     0.001800                No
RMS Displacement:          0.042640     0.001200                No

----------------------------------------------------------------------
                            Iteration: 89                             

lambda1: N/A(PRFO), lambda2: N/A(PRFO)
lowest eigenvalue: -1.4423210620880127, second lowest eigenvalue: -0.2610380947589874

                             Coordinates                              
----------------------------------------------------------------------
0    C               -1.2092              -1.3583               0.4496
1    C                0.8926              -0.0484               0.3126
2    C               -1.1315               1.7844               1.0703
3    C                1.6241              -0.6456               1.5185
4    C                1.8514               0.3413              -0.8112
5    N               -0.1125              -1.0252              -0.2475
6    N               -2.3095              -1.8476              -0.1642
7    O               -1.9226               1.4539               0.0268
8    H               -2.2842               0.5516               0.1108
9    H               -0.3240              -0.8557              -1.2357
10   H               -1.2605              -1.1603               1.5212
11   H                0.3130               0.8582               0.6539
12   H               -2.9755              -2.3217               0.4445
13   H               -2.1817              -2.3029              -1.0712
14   H               -0.7275               2.7901               1.0193
15   H               -1.2828               1.3454               2.0581
16   H                2.3304               0.0838               1.9257
17   H                1.3140               0.8115              -1.6406
18   H                2.1826              -1.5424               1.2325
19   H                0.9249              -0.9107               2.3147
20   H                2.6037               1.0482              -0.4522
21   H                2.3651              -0.5472              -1.1909


Energy:                -1970.774563 Convergence criteria  Is converged 
Maximum Force:             0.028458     0.000450                No
RMS Force:                 0.015029     0.000300                No
Maximum Displacement:      0.037578     0.001800                No
RMS Displacement:          0.042640     0.001200                No

----------------------------------------------------------------------
                            Iteration: 90                             

lambda1: N/A(PRFO), lambda2: N/A(PRFO)
lowest eigenvalue: -1.4372349977493286, second lowest eigenvalue: -0.2572241425514221

                             Coordinates                              
----------------------------------------------------------------------
0    C               -1.2379              -1.3908               0.4498
1    C                0.8639              -0.0801               0.3132
2    C               -1.1601               1.7532               1.0699
3    C                1.5967              -0.6781               1.5179
4    C                1.8216               0.3113              -0.8110
5    N               -0.1412              -1.0567              -0.2472
6    N               -2.3380              -1.8799              -0.1645
7    O               -1.9503               1.4228               0.0257
8    H               -2.3114               0.5201               0.1085
9    H               -0.3529              -0.8870              -1.2352
10   H               -1.2897              -1.1941               1.5216
11   H                0.2842               0.8261               0.6557
12   H               -3.0033              -2.3561               0.4433
13   H               -2.2106              -2.3321              -1.0730
14   H               -0.7561               2.7589               1.0194
15   H               -1.3125               1.3142               2.0576
16   H                2.3031               0.0511               1.9251
17   H                1.2835               0.7819              -1.6397
18   H                2.1551              -1.5745               1.2305
19   H                0.8982              -0.9442               2.3144
20   H                2.5738               1.0182              -0.4519
21   H                2.3355              -0.5766              -1.1919


Energy:                -1970.775786 Convergence criteria  Is converged 
Maximum Force:             0.028420     0.000450                No
RMS Force:                 0.015010     0.000300                No
Maximum Displacement:      0.034372     0.001800                No
RMS Displacement:          0.042640     0.001200                No

----------------------------------------------------------------------
                            Iteration: 91                             

lambda1: N/A(PRFO), lambda2: N/A(PRFO)
lowest eigenvalue: -1.4321284294128418, second lowest eigenvalue: -0.2527569532394409

                             Coordinates                              
----------------------------------------------------------------------
0    C               -1.2331              -1.3677               0.4146
1    C                0.8689              -0.0567               0.2782
2    C               -1.1552               1.7767               1.0346
3    C                1.6021              -0.6551               1.4824
4    C                1.8261               0.3353              -0.8461
5    N               -0.1364              -1.0333              -0.2822
6    N               -2.3331              -1.8567              -0.1997
7    O               -1.9450               1.4464              -0.0099
8    H               -2.3058               0.5436               0.0725
9    H               -0.3481              -0.8634              -1.2702
10   H               -1.2849              -1.1716               1.4866
11   H                0.2890               0.8493               0.6212
12   H               -2.9981              -2.3337               0.4077
13   H               -2.2058              -2.3078              -1.1089
14   H               -0.7511               2.7824               0.9843
15   H               -1.3081               1.3378               2.0223
16   H                2.3085               0.0740               1.8897
17   H                1.2876               0.8061              -1.6745
18   H                2.1605              -1.5513               1.1946
19   H                0.9039              -0.9215               2.2791
20   H                2.5782               1.0422              -0.4870
21   H                2.3401              -0.5523              -1.2275


Energy:                -1970.776246 Convergence criteria  Is converged 
Maximum Force:             0.028406     0.000450                No
RMS Force:                 0.015002     0.000300                No
Maximum Displacement:      0.036049     0.001800                No
RMS Displacement:          0.042640     0.001200                No

----------------------------------------------------------------------
                            Iteration: 92                             

lambda1: N/A(PRFO), lambda2: N/A(PRFO)
lowest eigenvalue: -1.4297658205032349, second lowest eigenvalue: -0.25076496601104736

                             Coordinates                              
----------------------------------------------------------------------
0    C               -1.2619              -1.3916               0.4409
1    C                0.8405              -0.0756               0.3071
2    C               -1.1834               1.7598               1.0577
3    C                1.5816              -0.6797               1.5036
4    C                1.7909               0.3262              -0.8197
5    N               -0.1654              -1.0516              -0.2542
6    N               -2.3607              -1.8789              -0.1761
7    O               -1.9672               1.4304               0.0084
8    H               -2.3245               0.5255               0.0836
9    H               -0.3781              -0.8802              -1.2419
10   H               -1.3167              -1.2049               1.5145
11   H                0.2595               0.8273               0.6579
12   H               -3.0218              -2.3689               0.4255
13   H               -2.2360              -2.3112              -1.0948
14   H               -0.7789               2.7656               1.0104
15   H               -1.3436               1.3218               2.0445
16   H                2.2889               0.0485               1.9112
17   H                1.2472               0.8000              -1.6430
18   H                2.1401              -1.5731               1.2073
19   H                0.8886              -0.9522               2.3027
20   H                2.5423               1.0336              -0.4599
21   H                2.3061              -0.5574              -1.2087


Energy:                -1970.783699 Convergence criteria  Is converged 
Maximum Force:             0.028143     0.000450                No
RMS Force:                 0.014896     0.000300                No
Maximum Displacement:      0.040453     0.001800                No
RMS Displacement:          0.042640     0.001200                No

----------------------------------------------------------------------
                            Iteration: 93                             

lambda1: N/A(PRFO), lambda2: N/A(PRFO)
lowest eigenvalue: -1.3651705980300903, second lowest eigenvalue: -0.21434840559959412

                             Coordinates                              
----------------------------------------------------------------------
0    C               -1.2954              -1.3782               0.4189
1    C                0.8072              -0.0614               0.2857
2    C               -1.2167               1.7743               1.0352
3    C                1.5496              -0.6662               1.4810
4    C                1.7564               0.3421              -0.8416
5    N               -0.1988              -1.0373              -0.2757
6    N               -2.3940              -1.8650              -0.1986
7    O               -1.9995               1.4449              -0.0149
8    H               -2.3564               0.5398               0.0594
9    H               -0.4116              -0.8657              -1.2633
10   H               -1.3509              -1.1930               1.4928
11   H                0.2260               0.8410               0.6377
12   H               -3.0548              -2.3566               0.4020
13   H               -2.2698              -2.2944              -1.1186
14   H               -0.8124               2.7802               0.9884
15   H               -1.3779               1.3363               2.0218
16   H                2.2571               0.0618               1.8885
17   H                1.2118               0.8163              -1.6639
18   H                2.1081              -1.5592               1.1833
19   H                0.8575              -0.9397               2.2805
20   H                2.5077               1.0494              -0.4817
21   H                2.2718              -0.5409              -1.2318


Energy:                -1970.784875 Convergence criteria  Is converged 
Maximum Force:             0.028110     0.000450                No
RMS Force:                 0.014882     0.000300                No
Maximum Displacement:      0.035362     0.001800                No
RMS Displacement:          0.042640     0.001200                No

----------------------------------------------------------------------
                            Iteration: 94                             

lambda1: N/A(PRFO), lambda2: N/A(PRFO)
lowest eigenvalue: -1.36008882522583, second lowest eigenvalue: -0.21253038942813873

                             Coordinates                              
----------------------------------------------------------------------
0    C               -1.2585              -1.3787               0.4039
1    C                0.8447              -0.0581               0.2736
2    C               -1.1789               1.7798               1.0164
3    C                1.5934              -0.6668               1.4629
4    C                1.7886               0.3529              -0.8554
5    N               -0.1616              -1.0338              -0.2885
6    N               -2.3564              -1.8622              -0.2166
7    O               -1.9571               1.4491              -0.0368
8    H               -2.3119               0.5431               0.0345
9    H               -0.3749              -0.8601              -1.2758
10   H               -1.3173              -1.2020               1.4793
11   H                0.2625               0.8418               0.6312
12   H               -3.0157              -2.3618               0.3790
13   H               -2.2343              -2.2781              -1.1432
14   H               -0.7755               2.7863               0.9707
15   H               -1.3445               1.3432               2.0028
16   H                2.3020               0.0604               1.8700
17   H                1.2403               0.8297              -1.6738
18   H                2.1513              -1.5580               1.1589
19   H                0.9053              -0.9441               2.2645
20   H                2.5396               1.0603              -0.4950
21   H                2.3047              -0.5272              -1.2515


Energy:                -1970.790051 Convergence criteria  Is converged 
Maximum Force:             0.028037     0.000450                No
RMS Force:                 0.014879     0.000300                No
Maximum Displacement:      0.047858     0.001800                No
RMS Displacement:          0.042640     0.001200                No

----------------------------------------------------------------------
                            Iteration: 95                             

lambda1: N/A(PRFO), lambda2: N/A(PRFO)
lowest eigenvalue: -1.8033493757247925, second lowest eigenvalue: -0.18578974902629852

                             Coordinates                              
----------------------------------------------------------------------
0    C               -1.2305              -1.3912               0.4331
1    C                0.8726              -0.0710               0.3024
2    C               -1.1510               1.7665               1.0463
3    C                1.6204              -0.6793               1.4925
4    C                1.8172               0.3390              -0.8264
5    N               -0.1337              -1.0468              -0.2596
6    N               -2.3285              -1.8752              -0.1868
7    O               -1.9298               1.4362              -0.0066
8    H               -2.2848               0.5302               0.0649
9    H               -0.3469              -0.8734              -1.2470
10   H               -1.2887              -1.2132               1.5084
11   H                0.2905               0.8292               0.6593
12   H               -2.9879              -2.3737               0.4095
13   H               -2.2062              -2.2929              -1.1125
14   H               -0.7475               2.7729               1.0006
15   H               -1.3162               1.3297               2.0327
16   H                2.3288               0.0480               1.8997
17   H                1.2693               0.8155              -1.6453
18   H                2.1785              -1.5707               1.1893
19   H                0.9318              -0.9561               2.2938
20   H                2.5682               1.0464              -0.4660
21   H                2.3331              -0.5414              -1.2217


Energy:                -1970.789303 Convergence criteria  Is converged 
Maximum Force:             0.028032     0.000450                No
RMS Force:                 0.014877     0.000300                No
Maximum Displacement:      0.030656     0.001800                No
RMS Displacement:          0.042640     0.001200                No

----------------------------------------------------------------------
                            Iteration: 96                             

lambda1: N/A(PRFO), lambda2: N/A(PRFO)
lowest eigenvalue: -1.8124291896820068, second lowest eigenvalue: -0.19114074110984802

                             Coordinates                              
----------------------------------------------------------------------
0    C               -1.2670              -1.4113               0.4259
1    C                0.8360              -0.0916               0.2947
2    C               -1.1876               1.7457               1.0395
3    C                1.5831              -0.6995               1.4855
4    C                1.7812               0.3176              -0.8339
5    N               -0.1702              -1.0673              -0.2673
6    N               -2.3652              -1.8957              -0.1936
7    O               -1.9670               1.4156              -0.0131
8    H               -2.3222               0.5097               0.0586
9    H               -0.3835              -0.8942              -1.2546
10   H               -1.3246              -1.2323               1.5009
11   H                0.2540               0.8089               0.6510
12   H               -3.0246              -2.3934               0.4033
13   H               -2.2426              -2.3150              -1.1187
14   H               -0.7839               2.7520               0.9937
15   H               -1.3523               1.3086               2.0258
16   H                2.2913               0.0279               1.8928
17   H                1.2337               0.7938              -1.6532
18   H                2.1412              -1.5910               1.1831
19   H                0.8940              -0.9759               2.2865
20   H                2.5322               1.0250              -0.4736
21   H                2.2971              -0.5632              -1.2285


Energy:                -1970.788703 Convergence criteria  Is converged 
Maximum Force:             0.028025     0.000450                No
RMS Force:                 0.014874     0.000300                No
Maximum Displacement:      0.037839     0.001800                No
RMS Displacement:          0.042640     0.001200                No

----------------------------------------------------------------------
                            Iteration: 97                             

lambda1: N/A(PRFO), lambda2: N/A(PRFO)
lowest eigenvalue: -1.8198429346084595, second lowest eigenvalue: -0.19337275624275208

                             Coordinates                              
----------------------------------------------------------------------
0    C               -1.2903              -1.3794               0.4427
1    C                0.8125              -0.0604               0.3110
2    C               -1.2111               1.7765               1.0570
3    C                1.5586              -0.6676               1.5028
4    C                1.7586               0.3477              -0.8173
5    N               -0.1937              -1.0361              -0.2509
6    N               -2.3886              -1.8644              -0.1762
7    O               -1.9912               1.4468               0.0049
8    H               -2.3467               0.5410               0.0769
9    H               -0.4069              -0.8634              -1.2383
10   H               -1.3472              -1.1990               1.5175
11   H                0.2307               0.8405               0.6664
12   H               -3.0482              -2.3609               0.4216
13   H               -2.2658              -2.2859              -1.1002
14   H               -0.8072               2.7827               1.0112
15   H               -1.3751               1.3392               2.0434
16   H                2.2666               0.0599               1.9102
17   H                1.2117               0.8234              -1.6372
18   H                2.1168              -1.5595               1.2014
19   H                0.8688              -0.9435               2.3035
20   H                2.5096               1.0551              -0.4570
21   H                2.2744              -0.5335              -1.2110


Energy:                -1970.787867 Convergence criteria  Is converged 
Maximum Force:             0.028016     0.000450                No
RMS Force:                 0.014870     0.000300                No
Maximum Displacement:      0.033275     0.001800                No
RMS Displacement:          0.042640     0.001200                No

----------------------------------------------------------------------
                            Iteration: 98                             

lambda1: N/A(PRFO), lambda2: N/A(PRFO)
lowest eigenvalue: -1.825203537940979, second lowest eigenvalue: -0.19729723036289215

                             Coordinates                              
----------------------------------------------------------------------
0    C               -1.2703              -1.4155               0.4335
1    C                0.8324              -0.0969               0.3014
2    C               -1.1912               1.7397               1.0481
3    C                1.5778              -0.7038               1.4938
4    C                1.7790               0.3103              -0.8267
5    N               -0.1737              -1.0727              -0.2604
6    N               -2.3687              -1.9008              -0.1851
7    O               -1.9718               1.4102              -0.0036
8    H               -2.3275               0.5045               0.0687
9    H               -0.3869              -0.9001              -1.2479
10   H               -1.3268              -1.2342               1.5081
11   H                0.2507               0.8043               0.6562
12   H               -3.0284              -2.3966               0.4133
13   H               -2.2457              -2.3238              -1.1084
14   H               -0.7872               2.7459               1.0022
15   H               -1.3548               1.3022               2.0345
16   H                2.2857               0.0239               1.9013
17   H                1.2325               0.7858              -1.6471
18   H                2.1361              -1.5958               1.1931
19   H                0.8875              -0.9792               2.2942
20   H                2.5301               1.0178              -0.4665
21   H                2.2949              -0.5712              -1.2198


Energy:                -1970.787301 Convergence criteria  Is converged 
Maximum Force:             0.028012     0.000450                No
RMS Force:                 0.014869     0.000300                No
Maximum Displacement:      0.037949     0.001800                No
RMS Displacement:          0.042640     0.001200                No

----------------------------------------------------------------------
                            Iteration: 99                             

lambda1: N/A(PRFO), lambda2: N/A(PRFO)
lowest eigenvalue: -1.9120961427688599, second lowest eigenvalue: -0.2028520703315735

                             Coordinates                              
----------------------------------------------------------------------
0    C               -1.2605              -1.4566               0.4336
1    C                0.8421              -0.1384               0.3012
2    C               -1.1815               1.6981               1.0486
3    C                1.5870              -0.7449               1.4941
4    C                1.7892               0.2683              -0.8267
5    N               -0.1640              -1.1141              -0.2606
6    N               -2.3590              -1.9423              -0.1847
7    O               -1.9625               1.3688              -0.0029
8    H               -2.3183               0.4631               0.0695
9    H               -0.3771              -0.9418              -1.2480
10   H               -1.3166              -1.2746               1.5081
11   H                0.2605               0.7630               0.6556
12   H               -3.0188              -2.4374               0.4141
13   H               -2.2358              -2.3664              -1.1075
14   H               -0.7773               2.7042               1.0026
15   H               -1.3447               1.2604               2.0350
16   H                2.2948              -0.0172               1.9016
17   H                1.2430               0.7436              -1.6475
18   H                2.1454              -1.6371               1.1939
19   H                0.8964              -1.0200               2.2944
20   H                2.5402               0.9758              -0.4666
21   H                2.3050              -0.6134              -1.2194


Energy:                -1970.786875 Convergence criteria  Is converged 
Maximum Force:             0.028009     0.000450                No
RMS Force:                 0.014867     0.000300                No
Maximum Displacement:      0.042539     0.001800                No
RMS Displacement:          0.042640     0.001200                No

----------------------------------------------------------------------
                            Iteration: 100                            

lambda1: N/A(PRFO), lambda2: N/A(PRFO)
lowest eigenvalue: -1.9169931411743164, second lowest eigenvalue: -0.2047213464975357

                             Coordinates                              
----------------------------------------------------------------------
0    C               -1.2704              -1.4504               0.4743
1    C                0.8320              -0.1328               0.3414
2    C               -1.1915               1.7032               1.0900
3    C                1.5759              -0.7387               1.5353
4    C                1.7800               0.2726              -0.7862
5    N               -0.1740              -1.1086              -0.2202
6    N               -2.3691              -1.9366              -0.1434
7    O               -1.9734               1.3743               0.0389
8    H               -2.3295               0.4687               0.1118
9    H               -0.3871              -0.9366              -1.2078
10   H               -1.3259              -1.2669               1.5485
11   H                0.2506               0.7690               0.6949
12   H               -3.0290              -2.4305               0.4563
13   H               -2.2455              -2.3630              -1.0652
14   H               -0.7872               2.7092               1.0439
15   H               -1.3541               1.2653               2.0764
16   H                2.2835              -0.0109               1.9429
17   H                1.2344               0.7475              -1.6076
18   H                2.1344              -1.6312               1.2361
19   H                0.8846              -1.0132               2.3352
20   H                2.5311               0.9801              -0.4262
21   H                2.2957              -0.6095              -1.1779


Energy:                -1970.786014 Convergence criteria  Is converged 
Maximum Force:             0.028004     0.000450                No
RMS Force:                 0.014866     0.000300                No
Maximum Displacement:      0.042338     0.001800                No
RMS Displacement:          0.042640     0.001200                No

----------------------------------------------------------------------
                            Iteration: 101                            

lambda1: N/A(PRFO), lambda2: N/A(PRFO)
lowest eigenvalue: -1.7394640445709229, second lowest eigenvalue: -0.20763689279556274

                             Coordinates                              
----------------------------------------------------------------------
0    C               -1.2562              -1.4304               0.4400
1    C                0.8463              -0.1124               0.3074
2    C               -1.1773               1.7239               1.0552
3    C                1.5908              -0.7187               1.5007
4    C                1.7937               0.2939              -0.8204
5    N               -0.1598              -1.0881              -0.2543
6    N               -2.3548              -1.9162              -0.1781
7    O               -1.9586               1.3948               0.0039
8    H               -2.3145               0.4892               0.0764
9    H               -0.3729              -0.9159              -1.2418
10   H               -1.3121              -1.2478               1.5144
11   H                0.2647               0.7892               0.6615
12   H               -3.0146              -2.4109               0.4211
13   H               -2.2315              -2.3411              -1.1005
14   H               -0.7730               2.7300               1.0093
15   H               -1.3403               1.2862               2.0416
16   H                2.2985               0.0091               1.9082
17   H                1.2477               0.7690              -1.6414
18   H                2.1493              -1.6110               1.2008
19   H                0.9000              -0.9936               2.3008
20   H                2.5447               1.0014              -0.4603
21   H                2.3095              -0.5880              -1.2127


Energy:                -1970.786578 Convergence criteria  Is converged 
Maximum Force:             0.028003     0.000450                No
RMS Force:                 0.014865     0.000300                No
Maximum Displacement:      0.035363     0.001800                No
RMS Displacement:          0.042640     0.001200                No

----------------------------------------------------------------------
                            Iteration: 102                            

lambda1: N/A(PRFO), lambda2: N/A(PRFO)
lowest eigenvalue: -1.9209558963775635, second lowest eigenvalue: -0.2062467783689499

                             Coordinates                              
----------------------------------------------------------------------
0    C               -1.2261              -1.4537               0.4582
1    C                0.8763              -0.1363               0.3252
2    C               -1.1473               1.6997               1.0740
3    C                1.6199              -0.7421               1.5193
4    C                1.8244               0.2689              -0.8024
5    N               -0.1297              -1.1121              -0.2364
6    N               -2.3248              -1.9401              -0.1594
7    O               -1.9293               1.3708               0.0231
8    H               -2.2854               0.4653               0.0960
9    H               -0.3428              -0.9402              -1.2240
10   H               -1.2815              -1.2700               1.5324
11   H                0.2949               0.7656               0.6785
12   H               -2.9848              -2.4337               0.4405
13   H               -2.2012              -2.3669              -1.0809
14   H               -0.7429               2.7056               1.0279
15   H               -1.3097               1.2617               2.0605
16   H                2.3274              -0.0142               1.9269
17   H                1.2790               0.7437              -1.6239
18   H                2.1785              -1.6346               1.2203
19   H                0.9285              -1.0164               2.3191
20   H                2.5755               0.9764              -0.4423
21   H                2.3401              -0.6134              -1.1939


Energy:                -1970.785830 Convergence criteria  Is converged 
Maximum Force:             0.027999     0.000450                No
RMS Force:                 0.014864     0.000300                No
Maximum Displacement:      0.031260     0.001800                No
RMS Displacement:          0.042640     0.001200                No

----------------------------------------------------------------------
                            Iteration: 103                            

lambda1: N/A(PRFO), lambda2: N/A(PRFO)
lowest eigenvalue: -1.742497205734253, second lowest eigenvalue: -0.20865730941295624

                             Coordinates                              
----------------------------------------------------------------------
0    C               -1.2250              -1.4489               0.4161
1    C                0.8775              -0.1311               0.2833
2    C               -1.1460               1.7050               1.0316
3    C                1.6216              -0.7372               1.4769
4    C                1.8252               0.2747              -0.8445
5    N               -0.1286              -1.1069              -0.2784
6    N               -2.3236              -1.9350              -0.2018
7    O               -1.9277               1.3760              -0.0196
8    H               -2.2837               0.4705               0.0531
9    H               -0.3417              -0.9348              -1.2659
10   H               -1.2806              -1.2658               1.4904
11   H                0.2960               0.7706               0.6370
12   H               -2.9835              -2.4292               0.3977
13   H               -2.2002              -2.3607              -1.1238
14   H               -0.7417               2.7110               0.9856
15   H               -1.3088               1.2671               2.0180
16   H                2.3292              -0.0094               1.8845
17   H                1.2794               0.7496              -1.6657
18   H                2.1801              -1.6296               1.1775
19   H                0.9305              -1.0119               2.2769
20   H                2.5763               0.9822              -0.4844
21   H                2.3410              -0.6074              -1.2364


Energy:                -1970.786252 Convergence criteria  Is converged 
Maximum Force:             0.027998     0.000450                No
RMS Force:                 0.014864     0.000300                No
Maximum Displacement:      0.042920     0.001800                No
RMS Displacement:          0.042640     0.001200                No

----------------------------------------------------------------------
                            Iteration: 104                            

lambda1: N/A(PRFO), lambda2: N/A(PRFO)
lowest eigenvalue: -1.9243488311767578, second lowest eigenvalue: -0.20788966119289398

                             Coordinates                              
----------------------------------------------------------------------
0    C               -1.2190              -1.4102               0.3984
1    C                0.8833              -0.0927               0.2654
2    C               -1.1402               1.7433               1.0142
3    C                1.6271              -0.6985               1.4595
4    C                1.8314               0.3127              -0.8622
5    N               -0.1227              -1.0684              -0.2962
6    N               -2.3178              -1.8965              -0.2192
7    O               -1.9221               1.4144              -0.0368
8    H               -2.2783               0.5089               0.0361
9    H               -0.3358              -0.8965              -1.2837
10   H               -1.2744              -1.2265               1.4726
11   H                0.3019               0.8092               0.6188
12   H               -2.9777              -2.3902               0.3806
13   H               -2.1942              -2.3231              -1.1408
14   H               -0.7358               2.7493               0.9682
15   H               -1.3026               1.3053               2.0006
16   H                2.3346               0.0294               1.8671
17   H                1.2859               0.7874              -1.6836
18   H                2.1856              -1.5910               1.1604
19   H                0.9357              -0.9729               2.2593
20   H                2.5825               1.0201              -0.5021
21   H                2.3471              -0.5696              -1.2537


Energy:                -1970.785910 Convergence criteria  Is converged 
Maximum Force:             0.027997     0.000450                No
RMS Force:                 0.014864     0.000300                No
Maximum Displacement:      0.039282     0.001800                No
RMS Displacement:          0.042640     0.001200                No

----------------------------------------------------------------------
                            Iteration: 105                            

lambda1: N/A(PRFO), lambda2: N/A(PRFO)
lowest eigenvalue: -1.7417980432510376, second lowest eigenvalue: -0.2083040475845337

                             Coordinates                              
----------------------------------------------------------------------
0    C               -1.1870              -1.4082               0.4266
1    C                0.9155              -0.0901               0.2940
2    C               -1.1080               1.7463               1.0418
3    C                1.6601              -0.6965               1.4872
4    C                1.8627               0.3164              -0.8338
5    N               -0.0906              -1.0658              -0.2677
6    N               -2.2857              -1.8939              -0.1915
7    O               -1.8893               1.4172              -0.0097
8    H               -2.2451               0.5115               0.0627
9    H               -0.3038              -0.8935              -1.2551
10   H               -1.2430              -1.2259               1.5010
11   H                0.3339               0.8114               0.6483
12   H               -2.9454              -2.3889               0.4075
13   H               -2.1624              -2.3184              -1.1142
14   H               -0.7038               2.7523               0.9959
15   H               -1.2712               1.3085               2.0282
16   H                2.3679               0.0313               1.8947
17   H                1.3166               0.7916              -1.6547
18   H                2.2186              -1.5887               1.1871
19   H                0.9694              -0.9715               2.2874
20   H                2.6137               1.0239              -0.4737
21   H                2.3785              -0.5654              -1.2263


Energy:                -1970.786739 Convergence criteria  Is converged 
Maximum Force:             0.027993     0.000450                No
RMS Force:                 0.014863     0.000300                No
Maximum Displacement:      0.033730     0.001800                No
RMS Displacement:          0.042640     0.001200                No

----------------------------------------------------------------------
                            Iteration: 106                            

lambda1: N/A(PRFO), lambda2: N/A(PRFO)
lowest eigenvalue: -1.919926643371582, second lowest eigenvalue: -0.20564009249210358

                             Coordinates                              
----------------------------------------------------------------------
0    C               -1.2198              -1.3939               0.4497
1    C                0.8825              -0.0765               0.3166
2    C               -1.1410               1.7593               1.0656
3    C                1.6261              -0.6823               1.5108
4    C                1.8307               0.3286              -0.8110
5    N               -0.1235              -1.0523              -0.2450
6    N               -2.3186              -1.8804              -0.1678
7    O               -1.9231               1.4306               0.0147
8    H               -2.2792               0.5251               0.0876
9    H               -0.3366              -0.8804              -1.2326
10   H               -1.2750              -1.2100               1.5239
11   H                0.3011               0.8254               0.6698
12   H               -2.9785              -2.3739               0.4322
13   H               -2.1949              -2.3073              -1.0893
14   H               -0.7365               2.7653               1.0196
15   H               -1.3033               1.3213               2.0520
16   H                2.3336               0.0457               1.9184
17   H                1.2853               0.8033              -1.6325
18   H                2.1847              -1.5748               1.2119
19   H                0.9346              -0.9566               2.3106
20   H                2.5818               1.0361              -0.4509
21   H                2.3465              -0.5537              -1.2024


Energy:                -1970.785775 Convergence criteria  Is converged 
Maximum Force:             0.027988     0.000450                No
RMS Force:                 0.014861     0.000300                No
Maximum Displacement:      0.034839     0.001800                No
RMS Displacement:          0.042640     0.001200                No

----------------------------------------------------------------------
                            Iteration: 107                            

lambda1: N/A(PRFO), lambda2: N/A(PRFO)
lowest eigenvalue: -1.7439701557159424, second lowest eigenvalue: -0.2091561257839203

                             Coordinates                              
----------------------------------------------------------------------
0    C               -1.1898              -1.4025               0.4795
1    C                0.9130              -0.0828               0.3481
2    C               -1.1104               1.7544               1.0932
3    C                1.6602              -0.6908               1.5388
4    C                1.8581               0.3267              -0.7805
5    N               -0.0932              -1.0585              -0.2139
6    N               -2.2881              -1.8869              -0.1399
7    O               -1.8898               1.4248               0.0405
8    H               -2.2447               0.5188               0.1116
9    H               -0.3066              -0.8853              -1.2012
10   H               -1.2470              -1.2237               1.5546
11   H                0.3310               0.8177               0.7047
12   H               -2.9473              -2.3850               0.4571
13   H               -2.1658              -2.3058              -1.0651
14   H               -0.7066               2.7607               1.0480
15   H               -1.2754               1.3170               2.0795
16   H                2.3684               0.0366               1.9462
17   H                1.3104               0.8029              -1.5997
18   H                2.2184              -1.5823               1.2362
19   H                0.9712              -0.9674               2.3399
20   H                2.6090               1.0342              -0.4201
21   H                2.3741              -0.5539              -1.1753


Energy:                -1970.788905 Convergence criteria  Is converged 
Maximum Force:             0.027958     0.000450                No
RMS Force:                 0.014858     0.000300                No
Maximum Displacement:      0.036575     0.001800                No
RMS Displacement:          0.042640     0.001200                No

----------------------------------------------------------------------
                            Iteration: 108                            

lambda1: N/A(PRFO), lambda2: N/A(PRFO)
lowest eigenvalue: -1.8241881132125854, second lowest eigenvalue: -0.19326144456863403

                             Coordinates                              
----------------------------------------------------------------------
0    C               -1.1771              -1.4389               0.4868
1    C                0.9250              -0.1219               0.3532
2    C               -1.0984               1.7138               1.1032
3    C                1.6679              -0.7274               1.5480
4    C                1.8737               0.2827              -0.7742
5    N               -0.0810              -1.0976              -0.2084
6    N               -2.2761              -1.9257              -0.1301
7    O               -1.8809               1.3856               0.0525
8    H               -2.2370               0.4800               0.1250
9    H               -0.2941              -0.9260              -1.1959
10   H               -1.2314              -1.2542               1.5609
11   H                0.3437               0.7802               0.7061
12   H               -2.9358              -2.4188               0.4705
13   H               -2.1525              -2.3538              -1.0511
14   H               -0.6937               2.7196               1.0575
15   H               -1.2605               1.2754               2.0895
16   H                2.3752               0.0006               1.9558
17   H                1.3285               0.7572              -1.5961
18   H                2.2267              -1.6201               1.2496
19   H                0.9760              -1.0016               2.3475
20   H                2.6246               0.9903              -0.4141
21   H                2.3895              -0.5998              -1.1651


Energy:                -1970.785366 Convergence criteria  Is converged 
Maximum Force:             0.027902     0.000450                No
RMS Force:                 0.014846     0.000300                No
Maximum Displacement:      0.048013     0.001800                No
RMS Displacement:          0.042640     0.001200                No

----------------------------------------------------------------------
                            Iteration: 109                            

lambda1: N/A(PRFO), lambda2: N/A(PRFO)
lowest eigenvalue: -1.7516788244247437, second lowest eigenvalue: -0.20889651775360107

                             Coordinates                              
----------------------------------------------------------------------
0    C               -1.1832              -1.4450               0.4453
1    C                0.9190              -0.1273               0.3122
2    C               -1.1043               1.7088               1.0611
3    C                1.6631              -0.7336               1.5059
4    C                1.8667               0.2787              -0.8155
5    N               -0.0870              -1.1029              -0.2495
6    N               -2.2821              -1.9311              -0.1721
7    O               -1.8860               1.3804               0.0097
8    H               -2.2417               0.4747               0.0816
9    H               -0.3003              -0.9309              -1.2370
10   H               -1.2381              -1.2620               1.5197
11   H                0.3375               0.7744               0.6661
12   H               -2.9416              -2.4257               0.4276
13   H               -2.1590              -2.3567              -1.0944
14   H               -0.6999               2.7148               1.0156
15   H               -1.2673               1.2705               2.0473
16   H                2.3707              -0.0057               1.9136
17   H                1.3208               0.7537              -1.6366
18   H                2.2217              -1.6259               1.2064
19   H                0.9720              -1.0084               2.3059
20   H                2.6176               0.9863              -0.4553
21   H                2.3826              -0.6032              -1.2075


Energy:                -1970.786429 Convergence criteria  Is converged 
Maximum Force:             0.027888     0.000450                No
RMS Force:                 0.014839     0.000300                No
Maximum Displacement:      0.043401     0.001800                No
RMS Displacement:          0.042640     0.001200                No

----------------------------------------------------------------------
                            Iteration: 110                            

lambda1: N/A(PRFO), lambda2: N/A(PRFO)
lowest eigenvalue: -1.741629719734192, second lowest eigenvalue: -0.20639993250370026

                             Coordinates                              
----------------------------------------------------------------------
0    C               -1.1832              -1.4487               0.4880
1    C                0.9190              -0.1306               0.3552
2    C               -1.1043               1.7057               1.1035
3    C                1.6637              -0.7372               1.5483
4    C                1.8662               0.2762              -0.7727
5    N               -0.0871              -1.1062              -0.2066
6    N               -2.2821              -1.9344              -0.1298
7    O               -1.8855               1.3772               0.0518
8    H               -2.2411               0.4714               0.1234
9    H               -0.3004              -0.9340              -1.1940
10   H               -1.2385              -1.2665               1.5625
11   H                0.3374               0.7709               0.7097
12   H               -2.9415              -2.4297               0.4695
13   H               -2.1592              -2.3586              -1.0527
14   H               -0.7000               2.7118               1.0581
15   H               -1.2677               1.2676               2.0896
16   H                2.3714              -0.0095               1.9560
17   H                1.3199               0.7514              -1.5934
18   H                2.2223              -1.6294               1.2482
19   H                0.9730              -1.0124               2.3485
20   H                2.6171               0.9838              -0.4124
21   H                2.3822              -0.6055              -1.1653


Energy:                -1970.786967 Convergence criteria  Is converged 
Maximum Force:             0.027885     0.000450                No
RMS Force:                 0.014838     0.000300                No
Maximum Displacement:      0.043548     0.001800                No
RMS Displacement:          0.042640     0.001200                No

----------------------------------------------------------------------
                            Iteration: 111                            

lambda1: N/A(PRFO), lambda2: N/A(PRFO)
lowest eigenvalue: -1.836716890335083, second lowest eigenvalue: -0.20522619783878326

                             Coordinates                              
----------------------------------------------------------------------
0    C               -1.1772              -1.4907               0.4779
1    C                0.9253              -0.1715               0.3460
2    C               -1.0980               1.6655               1.0923
3    C                1.6718              -0.7792               1.5374
4    C                1.8710               0.2374              -0.7824
5    N               -0.0809              -1.1470              -0.2160
6    N               -2.2759              -1.9754              -0.1408
7    O               -1.8778               1.3365               0.0397
8    H               -2.2329               0.4304               0.1105
9    H               -0.2943              -0.9742              -1.2033
10   H               -1.2335              -1.3111               1.5529
11   H                0.3435               0.7293               0.7021
12   H               -2.9349              -2.4729               0.4569
13   H               -2.1536              -2.3956              -1.0656
14   H               -0.6940               2.6717               1.0472
15   H               -1.2627               1.2277               2.0783
16   H                2.3799              -0.0518               1.9449
17   H                1.3236               0.7133              -1.6020
18   H                2.2302              -1.6709               1.2354
19   H                0.9823              -1.0555               2.3382
20   H                2.6218               0.9450              -0.4220
21   H                2.3871              -0.6434              -1.1767


Energy:                -1970.788516 Convergence criteria  Is converged 
Maximum Force:             0.027878     0.000450                No
RMS Force:                 0.014837     0.000300                No
Maximum Displacement:      0.044590     0.001800                No
RMS Displacement:          0.042640     0.001200                No

----------------------------------------------------------------------
                            Iteration: 112                            

lambda1: N/A(PRFO), lambda2: N/A(PRFO)
lowest eigenvalue: -1.8189809322357178, second lowest eigenvalue: -0.19509302079677582

                             Coordinates                              
----------------------------------------------------------------------
0    C               -1.1402              -1.4918               0.4561
1    C                0.9611              -0.1771               0.3204
2    C               -1.0621               1.6575               1.0747
3    C                1.7004              -0.7805               1.5188
4    C                1.9129               0.2235              -0.8058
5    N               -0.0446              -1.1528              -0.2409
6    N               -2.2400              -1.9805              -0.1587
7    O               -1.8474               1.3304               0.0256
8    H               -2.2044               0.4253               0.0994
9    H               -0.2576              -0.9824              -1.2286
10   H               -1.1918              -1.3021               1.5292
11   H                0.3804               0.7265               0.6702
12   H               -2.9000              -2.4696               0.4451
13   H               -2.1154              -2.4163              -1.0763
14   H               -0.6567               2.6630               1.0285
15   H               -1.2220               1.2183               2.0611
16   H                2.4069              -0.0520               1.9270
17   H                1.3698               0.6965              -1.6300
18   H                2.2596              -1.6741               1.2240
19   H                1.0061              -1.0526               2.3170
20   H                2.6639               0.9312              -0.4459
21   H                2.4286              -0.6606              -1.1935


Energy:                -1970.782413 Convergence criteria  Is converged 
Maximum Force:             0.027789     0.000450                No
RMS Force:                 0.014834     0.000300                No
Maximum Displacement:      0.046176     0.001800                No
RMS Displacement:          0.042640     0.001200                No

----------------------------------------------------------------------
                            Iteration: 113                            

lambda1: N/A(PRFO), lambda2: N/A(PRFO)
lowest eigenvalue: -1.4382452964782715, second lowest eigenvalue: -0.2209637612104416

                             Coordinates                              
----------------------------------------------------------------------
0    C               -1.1140              -1.4704               0.4308
1    C                0.9874              -0.1553               0.2954
2    C               -1.0358               1.6794               1.0492
3    C                1.7273              -0.7592               1.4931
4    C                1.9386               0.2461              -0.8311
5    N               -0.0184              -1.1309              -0.2660
6    N               -2.2137              -1.9589              -0.1842
7    O               -1.8206               1.3525              -0.0003
8    H               -2.1774               0.4472               0.0729
9    H               -0.2315              -0.9604              -1.2536
10   H               -1.1659              -1.2815               1.5041
11   H                0.4066               0.7481               0.6458
12   H               -2.8736              -2.4487               0.4191
13   H               -2.0894              -2.3932              -1.1025
14   H               -0.6305               2.6850               1.0035
15   H               -1.1962               1.2399               2.0354
16   H                2.4340              -0.0308               1.9013
17   H                1.3950               0.7194              -1.6548
18   H                2.2865              -1.6525               1.1976
19   H                1.0335              -1.0316               2.2916
20   H                2.6895               0.9538              -0.4712
21   H                2.4543              -0.6376              -1.2194


Energy:                -1970.783109 Convergence criteria  Is converged 
Maximum Force:             0.027758     0.000450                No
RMS Force:                 0.014818     0.000300                No
Maximum Displacement:      0.027392     0.001800                No
RMS Displacement:          0.042640     0.001200                No

----------------------------------------------------------------------
                            Iteration: 114                            

lambda1: N/A(PRFO), lambda2: N/A(PRFO)
lowest eigenvalue: -1.3956732749938965, second lowest eigenvalue: -0.22097325325012207

                             Coordinates                              
----------------------------------------------------------------------
0    C               -1.1074              -1.5082               0.4103
1    C                0.9945              -0.1911               0.2758
2    C               -1.0289               1.6439               1.0277
3    C                1.7377              -0.7971               1.4704
4    C                1.9426               0.2142              -0.8518
5    N               -0.0118              -1.1665              -0.2857
6    N               -2.2068              -1.9953              -0.2061
7    O               -1.8112               1.3179              -0.0240
8    H               -2.1668               0.4119               0.0459
9    H               -0.2252              -0.9955              -1.2732
10   H               -1.1607              -1.3234               1.4843
11   H                0.4131               0.7110               0.6294
12   H               -2.8659              -2.4891               0.3949
13   H               -2.0837              -2.4227              -1.1277
14   H               -0.6238               2.6496               0.9839
15   H               -1.1916               1.2036               2.0131
16   H                2.4448              -0.0691               1.8784
17   H                1.3969               0.6888              -1.6733
18   H                2.2967              -1.6894               1.1715
19   H                1.0460              -1.0718               2.2699
20   H                2.6934               0.9220              -0.4917
21   H                2.4587              -0.6679              -1.2433


Energy:                -1970.786314 Convergence criteria  Is converged 
Maximum Force:             0.027617     0.000450                No
RMS Force:                 0.014753     0.000300                No
Maximum Displacement:      0.041862     0.001800                No
RMS Displacement:          0.042640     0.001200                No

----------------------------------------------------------------------
                            Iteration: 115                            

lambda1: N/A(PRFO), lambda2: N/A(PRFO)
lowest eigenvalue: -1.7521973848342896, second lowest eigenvalue: -0.21180346608161926

                             Coordinates                              
----------------------------------------------------------------------
0    C               -1.1104              -1.5397               0.4401
1    C                0.9916              -0.2219               0.3062
2    C               -1.0318               1.6135               1.0569
3    C                1.7360              -0.8287               1.4995
4    C                1.9387               0.1849              -0.8218
5    N               -0.0148              -1.1972              -0.2555
6    N               -2.2097              -2.0261              -0.1767
7    O               -1.8131               1.2874               0.0046
8    H               -2.1684               0.3812               0.0736
9    H               -0.2283              -1.0258              -1.2429
10   H               -1.1642              -1.3567               1.5145
11   H                0.4101               0.6797               0.6609
12   H               -2.8685              -2.5213               0.4232
13   H               -2.0871              -2.4507              -1.0997
14   H               -0.6268               2.6193               1.0136
15   H               -1.1954               1.1733               2.0422
16   H                2.4434              -0.1009               1.9075
17   H                1.3923               0.6600              -1.6425
18   H                2.2949              -1.7207               1.1995
19   H                1.0451              -1.1041               2.2995
20   H                2.6895               0.8927              -0.4616
21   H                2.4549              -0.6966              -1.2145


Energy:                -1970.787433 Convergence criteria  Is converged 
Maximum Force:             0.027596     0.000450                No
RMS Force:                 0.014743     0.000300                No
Maximum Displacement:      0.033264     0.001800                No
RMS Displacement:          0.042640     0.001200                No

----------------------------------------------------------------------
                            Iteration: 116                            

lambda1: N/A(PRFO), lambda2: N/A(PRFO)
lowest eigenvalue: -1.6641240119934082, second lowest eigenvalue: -0.204157292842865

                             Coordinates                              
----------------------------------------------------------------------
0    C               -1.1164              -1.5818               0.4326
1    C                0.9858              -0.2635               0.2990
2    C               -1.0376               1.5721               1.0490
3    C                1.7311              -0.8708               1.4915
4    C                1.9322               0.1444              -0.8293
5    N               -0.0207              -1.2387              -0.2627
6    N               -2.2156              -2.0677              -0.1847
7    O               -1.8182               1.2460              -0.0038
8    H               -2.1732               0.3397               0.0646
9    H               -0.2343              -1.0671              -1.2501
10   H               -1.1705              -1.4000               1.5072
11   H                0.4041               0.6378               0.6545
12   H               -2.8742              -2.5640               0.4146
13   H               -2.0933              -2.4904              -1.1086
14   H               -0.6327               2.5780               1.0060
15   H               -1.2018               1.1319               2.0341
16   H                2.4387              -0.1431               1.8994
17   H                1.3851               0.6198              -1.6494
18   H                2.2899              -1.7626               1.1906
19   H                1.0408              -1.1468               2.2918
20   H                2.6829               0.8522              -0.4690
21   H                2.4484              -0.7367              -1.2227


Energy:                -1970.788231 Convergence criteria  Is converged 
Maximum Force:             0.027585     0.000450                No
RMS Force:                 0.014738     0.000300                No
Maximum Displacement:      0.043374     0.001800                No
RMS Displacement:          0.042640     0.001200                No

----------------------------------------------------------------------
                            Iteration: 117                            

lambda1: N/A(PRFO), lambda2: N/A(PRFO)
lowest eigenvalue: -1.841845989227295, second lowest eigenvalue: -0.20324230194091797

                             Coordinates                              
----------------------------------------------------------------------
0    C               -1.0949              -1.5473               0.4262
1    C                1.0075              -0.2277               0.2935
2    C               -1.0159               1.6083               1.0417
3    C                1.7548              -0.8363               1.4841
4    C                1.9523               0.1824              -0.8353
5    N                0.0009              -1.2029              -0.2684
6    N               -2.1939              -2.0320              -0.1920
7    O               -1.7950               1.2821              -0.0122
8    H               -2.1494               0.3754               0.0550
9    H               -0.2129              -1.0307              -1.2557
10   H               -1.1500              -1.3682               1.5013
11   H                0.4256               0.6728               0.6508
12   H               -2.8522              -2.5306               0.4057
13   H               -2.0724              -2.4506              -1.1178
14   H               -0.6113               2.6144               0.9993
15   H               -1.1815               1.1683               2.0266
16   H                2.4627              -0.1089               1.8919
17   H                1.4041               0.6586              -1.6542
18   H                2.3133              -1.7275               1.1813
19   H                1.0657              -1.1134               2.2851
20   H                2.7029               0.8901              -0.4750
21   H                2.4686              -0.6979              -1.2306


Energy:                -1970.789866 Convergence criteria  Is converged 
Maximum Force:             0.027566     0.000450                No
RMS Force:                 0.014730     0.000300                No
Maximum Displacement:      0.039758     0.001800                No
RMS Displacement:          0.042640     0.001200                No

----------------------------------------------------------------------
                            Iteration: 118                            

lambda1: N/A(PRFO), lambda2: N/A(PRFO)
lowest eigenvalue: -1.8335281610488892, second lowest eigenvalue: -0.19713279604911804

                             Coordinates                              
----------------------------------------------------------------------
0    C               -1.0987              -1.5058               0.4214
1    C                1.0038              -0.1857               0.2892
2    C               -1.0196               1.6506               1.0364
3    C                1.7520              -0.7948               1.4789
4    C                1.9477               0.2255              -0.8400
5    N               -0.0029              -1.1608              -0.2729
6    N               -2.1977              -1.9900              -0.1972
7    O               -1.7981               1.3242              -0.0180
8    H               -2.1522               0.4174               0.0488
9    H               -0.2168              -0.9882              -1.2601
10   H               -1.1544              -1.3280               1.4967
11   H                0.4217               0.7145               0.6473
12   H               -2.8558              -2.4896               0.3997
13   H               -2.0765              -2.4065              -1.1240
14   H               -0.6152               2.6568               0.9942
15   H               -1.1859               1.2107               2.0213
16   H                2.4602              -0.0676               1.8865
17   H                1.3990               0.7021              -1.6582
18   H                2.3104              -1.6858               1.1751
19   H                1.0636              -1.0724               2.2802
20   H                2.6984               0.9332              -0.4795
21   H                2.4641              -0.6543              -1.2361


Energy:                -1970.790675 Convergence criteria  Is converged 
Maximum Force:             0.027562     0.000450                No
RMS Force:                 0.014729     0.000300                No
Maximum Displacement:      0.044114     0.001800                No
RMS Displacement:          0.042640     0.001200                No

----------------------------------------------------------------------
                            Iteration: 119                            

lambda1: N/A(PRFO), lambda2: N/A(PRFO)
lowest eigenvalue: -1.8390206098556519, second lowest eigenvalue: -0.19447624683380127

                             Coordinates                              
----------------------------------------------------------------------
0    C               -1.1060              -1.5053               0.3792
1    C                0.9963              -0.1858               0.2464
2    C               -1.0271               1.6503               0.9947
3    C                1.7435              -0.7943               1.4371
4    C                1.9411               0.2243              -0.8824
5    N               -0.0103              -1.1609              -0.3155
6    N               -2.2051              -1.9901              -0.2390
7    O               -1.8063               1.3241              -0.0592
8    H               -2.1606               0.4174               0.0080
9    H               -0.2241              -0.9887              -1.3028
10   H               -1.1611              -1.3261               1.4542
11   H                0.4144               0.7148               0.6037
12   H               -2.8634              -2.4886               0.3588
13   H               -2.0835              -2.4088              -1.1647
14   H               -0.6225               2.6563               0.9523
15   H               -1.1927               1.2102               1.9796
16   H                2.4515              -0.0669               1.8449
17   H                1.3929               0.7005              -1.7013
18   H                2.3021              -1.6855               1.1342
19   H                1.0545              -1.0714               2.2380
20   H                2.6918               0.9321              -0.5220
21   H                2.4574              -0.6559              -1.2777


Energy:                -1970.789841 Convergence criteria  Is converged 
Maximum Force:             0.027560     0.000450                No
RMS Force:                 0.014729     0.000300                No
Maximum Displacement:      0.043573     0.001800                No
RMS Displacement:          0.042640     0.001200                No

----------------------------------------------------------------------
                            Iteration: 120                            

lambda1: N/A(PRFO), lambda2: N/A(PRFO)
lowest eigenvalue: -1.833302617073059, second lowest eigenvalue: -0.19717028737068176

                             Coordinates                              
----------------------------------------------------------------------
0    C               -1.1266              -1.5128               0.4176
1    C                0.9767              -0.1898               0.2876
2    C               -1.0469               1.6477               1.0303
3    C                1.7296              -0.8018               1.4727
4    C                1.9166               0.2268              -0.8429
5    N               -0.0304              -1.1648              -0.2749
6    N               -2.2250              -1.9941              -0.2034
7    O               -1.8217               1.3206              -0.0266
8    H               -2.1745               0.4132               0.0375
9    H               -0.2446              -0.9906              -1.2618
10   H               -1.1849              -1.3419               1.4942
11   H                0.3939               0.7085               0.6499
12   H               -2.8825              -2.4993               0.3896
13   H               -2.1056              -2.4005              -1.1350
14   H               -0.6432               2.6542               0.9893
15   H               -1.2165               1.2083               2.0147
16   H                2.4388              -0.0752               1.8799
17   H                1.3652               0.7053              -1.6582
18   H                2.2873              -1.6915               1.1643
19   H                1.0443              -1.0821               2.2757
20   H                2.6672               0.9344              -0.4822
21   H                2.4333              -0.6510              -1.2434


Energy:                -1970.794691 Convergence criteria  Is converged 
Maximum Force:             0.027453     0.000450                No
RMS Force:                 0.014718     0.000300                No
Maximum Displacement:      0.046165     0.001800                No
RMS Displacement:          0.042640     0.001200                No

----------------------------------------------------------------------
                            Iteration: 121                            

lambda1: N/A(PRFO), lambda2: N/A(PRFO)
lowest eigenvalue: -1.804688572883606, second lowest eigenvalue: -0.18344008922576904

                             Coordinates                              
----------------------------------------------------------------------
0    C               -1.1576              -1.5040               0.3894
1    C                0.9454              -0.1818               0.2586
2    C               -1.0782               1.6552               1.0029
3    C                1.6971              -0.7931               1.4449
4    C                1.8863               0.2335              -0.8716
5    N               -0.0615              -1.1568              -0.3037
6    N               -2.2562              -1.9863              -0.2308
7    O               -1.8538               1.3288              -0.0535
8    H               -2.2068               0.4214               0.0107
9    H               -0.2757              -0.9832              -1.2907
10   H               -1.2150              -1.3309               1.4656
11   H                0.3629               0.7169               0.6200
12   H               -2.9138              -2.4899               0.3634
13   H               -2.1363              -2.3954              -1.1610
14   H               -0.6742               2.6617               0.9622
15   H               -1.2470               1.2153               1.9873
16   H                2.4060              -0.0664               1.8523
17   H                1.3355               0.7115              -1.6876
18   H                2.2551              -1.6831               1.1376
19   H                1.0110              -1.0728               2.2475
20   H                2.6369               0.9412              -0.5109
21   H                2.4029              -0.6447              -1.2710


Energy:                -1970.793619 Convergence criteria  Is converged 
Maximum Force:             0.027425     0.000450                No
RMS Force:                 0.014707     0.000300                No
Maximum Displacement:      0.033218     0.001800                No
RMS Displacement:          0.042640     0.001200                No

----------------------------------------------------------------------
                            Iteration: 122                            

lambda1: N/A(PRFO), lambda2: N/A(PRFO)
lowest eigenvalue: -1.818351149559021, second lowest eigenvalue: -0.18531665205955505

                             Coordinates                              
----------------------------------------------------------------------
0    C               -1.1400              -1.5039               0.4282
1    C                0.9629              -0.1820               0.2972
2    C               -1.0607               1.6550               1.0420
3    C                1.7143              -0.7931               1.4839
4    C                1.9041               0.2330              -0.8329
5    N               -0.0440              -1.1570              -0.2650
6    N               -2.2387              -1.9864              -0.1918
7    O               -1.8365               1.3287              -0.0143
8    H               -2.1896               0.4213               0.0499
9    H               -0.2582              -0.9836              -1.2521
10   H               -1.1972              -1.3304               1.5044
11   H                0.3804               0.7169               0.6583
12   H               -2.8963              -2.4898               0.4027
13   H               -2.1187              -2.3963              -1.1217
14   H               -0.6566               2.6614               1.0012
15   H               -1.2294               1.2150               2.0263
16   H                2.4232              -0.0663               1.8913
17   H                1.3534               0.7109              -1.6491
18   H                2.2724              -1.6832               1.1768
19   H                1.0280              -1.0726               2.2863
20   H                2.6546               0.9407              -0.4722
21   H                2.4207              -0.6454              -1.2320


Energy:                -1970.793354 Convergence criteria  Is converged 
Maximum Force:             0.027421     0.000450                No
RMS Force:                 0.014704     0.000300                No
Maximum Displacement:      0.039305     0.001800                No
RMS Displacement:          0.042640     0.001200                No

----------------------------------------------------------------------
                            Iteration: 123                            

lambda1: N/A(PRFO), lambda2: N/A(PRFO)
lowest eigenvalue: -1.812373399734497, second lowest eigenvalue: -0.18582238256931305

                             Coordinates                              
----------------------------------------------------------------------
0    C               -1.1573              -1.5382               0.4424
1    C                0.9453              -0.2176               0.3102
2    C               -1.0783               1.6186               1.0574
3    C                1.6948              -0.8276               1.4987
4    C                1.8881               0.1952              -0.8194
5    N               -0.0615              -1.1927              -0.2519
6    N               -2.2562              -2.0223              -0.1764
7    O               -1.8556               1.2932               0.0019
8    H               -2.2090               0.3859               0.0666
9    H               -0.2755              -1.0203              -1.2391
10   H               -1.2130              -1.3613               1.5179
11   H                0.3631               0.6820               0.6696
12   H               -2.9139              -2.5232               0.4200
13   H               -2.1355              -2.4367              -1.1043
14   H               -0.6738               2.6249               1.0166
15   H               -1.2457               1.1779               2.0417
16   H                2.4031              -0.1005               1.9064
17   H                1.3385               0.6722              -1.6368
18   H                2.2532              -1.7182               1.1937
19   H                1.0071              -1.1061               2.3004
20   H                2.6387               0.9029              -0.4589
21   H                2.4047              -0.6840              -1.2168


Energy:                -1970.791598 Convergence criteria  Is converged 
Maximum Force:             0.027384     0.000450                No
RMS Force:                 0.014691     0.000300                No
Maximum Displacement:      0.040402     0.001800                No
RMS Displacement:          0.042640     0.001200                No

----------------------------------------------------------------------
                            Iteration: 124                            

lambda1: N/A(PRFO), lambda2: N/A(PRFO)
lowest eigenvalue: -1.8379133939743042, second lowest eigenvalue: -0.1935192495584488

                             Coordinates                              
----------------------------------------------------------------------
0    C               -1.1559              -1.5340               0.4406
1    C                0.9426              -0.2306               0.2949
2    C               -1.0803               1.5997               1.0689
3    C                1.6655              -0.8243               1.5095
4    C                1.9076               0.1522              -0.8270
5    N               -0.0618              -1.2070              -0.2644
6    N               -2.2573              -2.0364              -0.1644
7    O               -1.8780               1.2785               0.0270
8    H               -2.2378               0.3744               0.1054
9    H               -0.2734              -1.0452              -1.2536
10   H               -1.1966              -1.3164               1.5086
11   H                0.3642               0.6795               0.6311
12   H               -2.9183              -2.5064               0.4547
13   H               -2.1256              -2.5102              -1.0648
14   H               -0.6724               2.6040               1.0222
15   H               -1.2291               1.1545               2.0549
16   H                2.3675              -0.0929               1.9202
17   H                1.3729               0.6182              -1.6610
18   H                2.2282              -1.7214               1.2306
19   H                0.9602              -1.0884               2.3014
20   H                2.6581               0.8611              -0.4684
21   H                2.4232              -0.7385              -1.2001


Energy:                -1970.767957 Convergence criteria  Is converged 
Maximum Force:             0.026523     0.000450                No
RMS Force:                 0.014780     0.000300                No
Maximum Displacement:      0.073490     0.001800                No
RMS Displacement:          0.042640     0.001200                No

----------------------------------------------------------------------
                            Iteration: 125                            

lambda1: N/A(PRFO), lambda2: N/A(PRFO)
lowest eigenvalue: -1.6391059160232544, second lowest eigenvalue: -0.25634950399398804

                             Coordinates                              
----------------------------------------------------------------------
0    C               -1.1784              -1.5613               0.4652
1    C                0.9202              -0.2575               0.3196
2    C               -1.1027               1.5727               1.0938
3    C                1.6440              -0.8518               1.5334
4    C                1.8846               0.1264              -0.8027
5    N               -0.0843              -1.2337              -0.2397
6    N               -2.2796              -2.0637              -0.1400
7    O               -1.8999               1.2523               0.0512
8    H               -2.2594               0.3479               0.1283
9    H               -0.2961              -1.0720              -1.2289
10   H               -1.2193              -1.3446               1.5334
11   H                0.3417               0.6524               0.6566
12   H               -2.9405              -2.5345               0.4785
13   H               -2.1481              -2.5360              -1.0412
14   H               -0.6950               2.5771               1.0482
15   H               -1.2518               1.1264               2.0792
16   H                2.3460              -0.1205               1.9442
17   H                1.3493               0.5926              -1.6361
18   H                2.2067              -1.7486               1.2537
19   H                0.9392              -1.1165               2.3256
20   H                2.6350               0.8352              -0.4440
21   H                2.4002              -0.7640              -1.1766


Energy:                -1970.769154 Convergence criteria  Is converged 
Maximum Force:             0.026436     0.000450                No
RMS Force:                 0.014732     0.000300                No
Maximum Displacement:      0.028213     0.001800                No
RMS Displacement:          0.042640     0.001200                No

----------------------------------------------------------------------
                            Iteration: 126                            

lambda1: N/A(PRFO), lambda2: N/A(PRFO)
lowest eigenvalue: -1.6353579759597778, second lowest eigenvalue: -0.2576461732387543

                             Coordinates                              
----------------------------------------------------------------------
0    C               -1.1814              -1.5608               0.4228
1    C                0.9173              -0.2568               0.2773
2    C               -1.1057               1.5733               1.0515
3    C                1.6415              -0.8515               1.4907
4    C                1.8813               0.1275              -0.8452
5    N               -0.0873              -1.2329              -0.2821
6    N               -2.2825              -2.0632              -0.1825
7    O               -1.9026               1.2533               0.0086
8    H               -2.2619               0.3487               0.0850
9    H               -0.2992              -1.0713              -1.2712
10   H               -1.2224              -1.3446               1.4911
11   H                0.3388               0.6529               0.6147
12   H               -2.9433              -2.5345               0.4358
13   H               -2.1510              -2.5348              -1.0841
14   H               -0.6980               2.5777               1.0065
15   H               -1.2548               1.1265               2.0366
16   H                2.3436              -0.1202               1.9015
17   H                1.3457               0.5939              -1.6784
18   H                2.2042              -1.7481               1.2105
19   H                0.9369              -1.1165               2.2830
20   H                2.6317               0.8364              -0.4865
21   H                2.3970              -0.7627              -1.2195


Energy:                -1970.769718 Convergence criteria  Is converged 
Maximum Force:             0.026395     0.000450                No
RMS Force:                 0.014709     0.000300                No
Maximum Displacement:      0.043224     0.001800                No
RMS Displacement:          0.042640     0.001200                No

----------------------------------------------------------------------
                            Iteration: 127                            

lambda1: N/A(PRFO), lambda2: N/A(PRFO)
lowest eigenvalue: -1.6335846185684204, second lowest eigenvalue: -0.25822514295578003

                             Coordinates                              
----------------------------------------------------------------------
0    C               -1.2194              -1.5706               0.4060
1    C                0.8794              -0.2663               0.2605
2    C               -1.1436               1.5637               1.0348
3    C                1.6042              -0.8614               1.4733
4    C                1.8428               0.1188              -0.8622
5    N               -0.1254              -1.2423              -0.2989
6    N               -2.3204              -2.0729              -0.1996
7    O               -1.9402               1.2443              -0.0085
8    H               -2.2993               0.3396               0.0669
9    H               -0.3373              -1.0807              -1.2880
10   H               -1.2605              -1.3551               1.4744
11   H                0.3008               0.6432               0.5986
12   H               -2.9811              -2.5449               0.4183
13   H               -2.1890              -2.5433              -1.1018
14   H               -0.7361               2.5683               0.9908
15   H               -1.2930               1.1160               2.0195
16   H                2.3064              -0.1302               1.8842
17   H                1.3068               0.5854              -1.6949
18   H                2.1669              -1.7578               1.1925
19   H                0.9000              -1.1269               2.2658
20   H                2.5932               0.8277              -0.5035
21   H                2.3586              -0.7711              -1.2371


Energy:                -1970.770628 Convergence criteria  Is converged 
Maximum Force:             0.026329     0.000450                No
RMS Force:                 0.014673     0.000300                No
Maximum Displacement:      0.038927     0.001800                No
RMS Displacement:          0.042640     0.001200                No

----------------------------------------------------------------------
                            Iteration: 128                            

lambda1: N/A(PRFO), lambda2: N/A(PRFO)
lowest eigenvalue: -1.6302114725112915, second lowest eigenvalue: -0.2590305805206299

                             Coordinates                              
----------------------------------------------------------------------
0    C               -1.1827              -1.5515               0.4144
1    C                0.9164              -0.2464               0.2690
2    C               -1.1069               1.5832               1.0435
3    C                1.6424              -0.8426               1.4806
4    C                1.8786               0.1402              -0.8542
5    N               -0.0888              -1.2222              -0.2904
6    N               -2.2834              -2.0537              -0.1916
7    O               -1.9026               1.2652              -0.0008
8    H               -2.2612               0.3601               0.0725
9    H               -0.3009              -1.0608              -1.2795
10   H               -1.2242              -1.3373               1.4831
11   H                0.3377               0.6626               0.6085
12   H               -2.9439              -2.5270               0.4254
13   H               -2.1524              -2.5218              -1.0950
14   H               -0.6996               2.5880               1.0013
15   H               -1.2566               1.1338               2.0273
16   H                2.3447              -0.1116               1.8915
17   H                1.3416               0.6073              -1.6861
18   H                2.2051              -1.7385               1.1984
19   H                0.9390              -1.1091               2.2734
20   H                2.6289               0.8492              -0.4955
21   H                2.3945              -0.7490              -1.2304


Energy:                -1970.772462 Convergence criteria  Is converged 
Maximum Force:             0.026195     0.000450                No
RMS Force:                 0.014598     0.000300                No
Maximum Displacement:      0.039025     0.001800                No
RMS Displacement:          0.042640     0.001200                No

----------------------------------------------------------------------
                            Iteration: 129                            

lambda1: N/A(PRFO), lambda2: N/A(PRFO)
lowest eigenvalue: -1.6227166652679443, second lowest eigenvalue: -0.2591133415699005

                             Coordinates                              
----------------------------------------------------------------------
0    C               -1.1878              -1.5610               0.4558
1    C                0.9113              -0.2557               0.3104
2    C               -1.1120               1.5739               1.0850
3    C                1.6377              -0.8521               1.5217
4    C                1.8732               0.1314              -0.8129
5    N               -0.0940              -1.2314              -0.2489
6    N               -2.2885              -2.0631              -0.1503
7    O               -1.9075               1.2562               0.0405
8    H               -2.2660               0.3510               0.1131
9    H               -0.3061              -1.0701              -1.2380
10   H               -1.2294              -1.3472               1.5246
11   H                0.3325               0.6532               0.6503
12   H               -2.9490              -2.5367               0.4665
13   H               -2.1575              -2.5305              -1.0541
14   H               -0.7048               2.5788               1.0434
15   H               -1.2619               1.1240               2.0686
16   H                2.3400              -0.1211               1.9326
17   H                1.3360               0.5986              -1.6446
18   H                2.2004              -1.7479               1.2391
19   H                0.9345              -1.1189               2.3147
20   H                2.6234               0.8404              -0.4542
21   H                2.3891              -0.7577              -1.1895


Energy:                -1970.772967 Convergence criteria  Is converged 
Maximum Force:             0.026158     0.000450                No
RMS Force:                 0.014578     0.000300                No
Maximum Displacement:      0.042046     0.001800                No
RMS Displacement:          0.042640     0.001200                No

----------------------------------------------------------------------
                            Iteration: 130                            

lambda1: N/A(PRFO), lambda2: N/A(PRFO)
lowest eigenvalue: -1.6208828687667847, second lowest eigenvalue: -0.2595721483230591

                             Coordinates                              
----------------------------------------------------------------------
0    C               -1.1590              -1.5677               0.4255
1    C                0.9403              -0.2621               0.2801
2    C               -1.0831               1.5674               1.0548
3    C                1.6673              -0.8590               1.4908
4    C                1.9015               0.1258              -0.8435
5    N               -0.0652              -1.2376              -0.2792
6    N               -2.2595              -2.0698              -0.1809
7    O               -1.8781               1.2503               0.0098
8    H               -2.2364               0.3450               0.0813
9    H               -0.2774              -1.0764              -1.2683
10   H               -1.2007              -1.3546               1.4944
11   H                0.3615               0.6466               0.6207
12   H               -2.9199              -2.5440               0.4355
13   H               -2.1287              -2.5360              -1.0853
14   H               -0.6760               2.5723               1.0142
15   H               -1.2332               1.1165               2.0379
16   H                2.3697              -0.1281               1.9017
17   H                1.3639               0.5933              -1.6747
18   H                2.2301              -1.7546               1.2075
19   H                0.9646              -1.1263               2.2839
20   H                2.6518               0.8348              -0.4848
21   H                2.4175              -0.7629              -1.2207


Energy:                -1970.773909 Convergence criteria  Is converged 
Maximum Force:             0.026088     0.000450                No
RMS Force:                 0.014539     0.000300                No
Maximum Displacement:      0.031823     0.001800                No
RMS Displacement:          0.042640     0.001200                No

----------------------------------------------------------------------
                            Iteration: 131                            

lambda1: N/A(PRFO), lambda2: N/A(PRFO)
lowest eigenvalue: -1.618628740310669, second lowest eigenvalue: -0.26226648688316345

                             Coordinates                              
----------------------------------------------------------------------
0    C               -1.1436              -1.5512               0.3916
1    C                0.9563              -0.2439               0.2465
2    C               -1.0676               1.5848               1.0218
3    C                1.6863              -0.8431               1.4543
4    C                1.9147               0.1477              -0.8784
5    N               -0.0501              -1.2189              -0.3128
6    N               -2.2436              -2.0529              -0.2157
7    O               -1.8605               1.2709              -0.0256
8    H               -2.2178               0.3646               0.0408
9    H               -0.2626              -1.0581              -1.3018
10   H               -1.1860              -1.3414               1.4613
11   H                0.3771               0.6637               0.5905
12   H               -2.9035              -2.5301               0.3987
13   H               -2.1134              -2.5136              -1.1229
14   H               -0.6609               2.5901               0.9857
15   H               -1.2188               1.1299               2.0028
16   H                2.3891              -0.1127               1.8654
17   H                1.3748               0.6164              -1.7074
18   H                2.2491              -1.7376               1.1677
19   H                0.9856              -1.1128               2.2483
20   H                2.6647               0.8568              -0.5196
21   H                2.4310              -0.7395              -1.2586


Energy:                -1970.778078 Convergence criteria  Is converged 
Maximum Force:             0.025789     0.000450                No
RMS Force:                 0.014373     0.000300                No
Maximum Displacement:      0.040556     0.001800                No
RMS Displacement:          0.042640     0.001200                No

----------------------------------------------------------------------
                            Iteration: 132                            

lambda1: N/A(PRFO), lambda2: N/A(PRFO)
lowest eigenvalue: -1.6001155376434326, second lowest eigenvalue: -0.2632303535938263

                             Coordinates                              
----------------------------------------------------------------------
0    C               -1.1484              -1.5936               0.3950
1    C                0.9515              -0.2861               0.2499
2    C               -1.0724               1.5424               1.0253
3    C                1.6820              -0.8856               1.4573
4    C                1.9095               0.1060              -0.8752
5    N               -0.0550              -1.2610              -0.3094
6    N               -2.2484              -2.0953              -0.2126
7    O               -1.8650               1.2290              -0.0225
8    H               -2.2222               0.3226               0.0432
9    H               -0.2676              -1.1003              -1.2984
10   H               -1.1910              -1.3843               1.4647
11   H                0.3723               0.6214               0.5943
12   H               -2.9083              -2.5728               0.4016
13   H               -2.1183              -2.5552              -1.1201
14   H               -0.6659               2.5479               0.9898
15   H               -1.2238               1.0869               2.0059
16   H                2.3848              -0.1553               1.8684
17   H                1.3693               0.5748              -1.7039
18   H                2.2448              -1.7800               1.1702
19   H                0.9815              -1.1556               2.2514
20   H                2.6596               0.8151              -0.5164
21   H                2.4258              -0.7811              -1.2559


Energy:                -1970.778668 Convergence criteria  Is converged 
Maximum Force:             0.025746     0.000450                No
RMS Force:                 0.014349     0.000300                No
Maximum Displacement:      0.042999     0.001800                No
RMS Displacement:          0.042640     0.001200                No

----------------------------------------------------------------------
                            Iteration: 133                            

lambda1: N/A(PRFO), lambda2: N/A(PRFO)
lowest eigenvalue: -1.5851346254348755, second lowest eigenvalue: -0.26260632276535034

                             Coordinates                              
----------------------------------------------------------------------
0    C               -1.1124              -1.5745               0.3851
1    C                0.9879              -0.2662               0.2401
2    C               -1.0363               1.5619               1.0159
3    C                1.7197              -0.8667               1.4463
4    C                1.9446               0.1274              -0.8855
5    N               -0.0190              -1.2409              -0.3191
6    N               -2.2121              -2.0759              -0.2229
7    O               -1.8280               1.2499              -0.0329
8    H               -2.1847               0.3432               0.0304
9    H               -0.2318              -1.0804              -1.3080
10   H               -1.1553              -1.3667               1.4552
11   H                0.4085               0.6408               0.5860
12   H               -2.8720              -2.5546               0.3905
13   H               -2.0824              -2.5334              -1.1316
14   H               -0.6300               2.5675               0.9826
15   H               -1.1879               1.1042               1.9954
16   H                2.4227              -0.1366               1.8574
17   H                1.4035               0.5967              -1.7133
18   H                2.2824              -1.7607               1.1579
19   H                1.0201              -1.1377               2.2408
20   H                2.6946               0.8365              -0.5267
21   H                2.4610              -0.7590              -1.2675


Energy:                -1970.780544 Convergence criteria  Is converged 
Maximum Force:             0.025605     0.000450                No
RMS Force:                 0.014271     0.000300                No
Maximum Displacement:      0.038513     0.001800                No
RMS Displacement:          0.042640     0.001200                No

----------------------------------------------------------------------
                            Iteration: 134                            

lambda1: N/A(PRFO), lambda2: N/A(PRFO)
lowest eigenvalue: -1.5785671472549438, second lowest eigenvalue: -0.26092973351478577

                             Coordinates                              
----------------------------------------------------------------------
0    C               -1.0702              -1.5796               0.3854
1    C                1.0303              -0.2709               0.2403
2    C               -0.9940               1.5570               1.0163
3    C                1.7629              -0.8720               1.4458
4    C                1.9863               0.1237              -0.8856
5    N                0.0232              -1.2454              -0.3188
6    N               -2.1698              -2.0808              -0.2229
7    O               -1.7851               1.2458              -0.0331
8    H               -2.1417               0.3389               0.0289
9    H               -0.1897              -1.0850              -1.3077
10   H               -1.1133              -1.3728               1.4556
11   H                0.4509               0.6358               0.5871
12   H               -2.8296              -2.5602               0.3899
13   H               -2.0402              -2.5369              -1.1324
14   H               -0.5880               2.5628               0.9843
15   H               -1.1458               1.0980               1.9952
16   H                2.4660              -0.1420               1.8569
17   H                1.4445               0.5933              -1.7129
18   H                2.3255              -1.7656               1.1565
19   H                1.0638              -1.1435               2.2406
20   H                2.7363               0.8328              -0.5268
21   H                2.5027              -0.7624              -1.2684


Energy:                -1970.781699 Convergence criteria  Is converged 
Maximum Force:             0.025520     0.000450                No
RMS Force:                 0.014223     0.000300                No
Maximum Displacement:      0.043715     0.001800                No
RMS Displacement:          0.042640     0.001200                No

----------------------------------------------------------------------
                            Iteration: 135                            

lambda1: N/A(PRFO), lambda2: N/A(PRFO)
lowest eigenvalue: -1.572882056236267, second lowest eigenvalue: -0.2613607943058014

                             Coordinates                              
----------------------------------------------------------------------
0    C               -1.0865              -1.6126               0.4078
1    C                1.0142              -0.3034               0.2629
2    C               -1.0102               1.5241               1.0390
3    C                1.7475              -0.9051               1.4675
4    C                1.9694               0.0920              -0.8634
5    N                0.0068              -1.2778              -0.2962
6    N               -2.1859              -2.1136              -0.2008
7    O               -1.8008               1.2139              -0.0110
8    H               -2.1571               0.3068               0.0496
9    H               -0.2062              -1.1175              -1.2852
10   H               -1.1298              -1.4067               1.4783
11   H                0.4347               0.6030               0.6104
12   H               -2.8457              -2.5937               0.4115
13   H               -2.0566              -2.5683              -1.1109
14   H               -0.6044               2.5301               1.0084
15   H               -1.1622               1.0639               2.0173
16   H                2.4508              -0.1752               1.8787
17   H                1.4271               0.5619              -1.6901
18   H                2.3102              -1.7985               1.1775
19   H                1.0490              -1.1771               2.2626
20   H                2.7194               0.8012              -0.5046
21   H                2.4859              -0.7936              -1.2470


Energy:                -1970.782818 Convergence criteria  Is converged 
Maximum Force:             0.025437     0.000450                No
RMS Force:                 0.014177     0.000300                No
Maximum Displacement:      0.034103     0.001800                No
RMS Displacement:          0.042640     0.001200                No

----------------------------------------------------------------------
                            Iteration: 136                            

lambda1: N/A(PRFO), lambda2: N/A(PRFO)
lowest eigenvalue: -1.5678642988204956, second lowest eigenvalue: -0.2621159255504608

                             Coordinates                              
----------------------------------------------------------------------
0    C               -1.0736              -1.6328               0.4435
1    C                1.0273              -0.3232               0.2986
2    C               -0.9972               1.5041               1.0750
3    C                1.7614              -0.9254               1.5025
4    C                1.9818               0.0732              -0.8280
5    N                0.0197              -1.2974              -0.2604
6    N               -2.1729              -2.1337              -0.1653
7    O               -1.7873               1.1948               0.0243
8    H               -2.1434               0.2874               0.0835
9    H               -0.1934              -1.1373              -1.2493
10   H               -1.1171              -1.4278               1.5142
11   H                0.4477               0.5830               0.6470
12   H               -2.8327              -2.6143               0.4464
13   H               -2.0438              -2.5869              -1.0762
14   H               -0.5917               2.5102               1.0456
15   H               -1.1494               1.0426               2.0526
16   H                2.4648              -0.1957               1.9137
17   H                1.4389               0.5434              -1.6542
18   H                2.3240              -1.8186               1.2117
19   H                1.0633              -1.1980               2.2978
20   H                2.7317               0.7823              -0.4692
21   H                2.4983              -0.8121              -1.2124


Energy:                -1970.783934 Convergence criteria  Is converged 
Maximum Force:             0.025355     0.000450                No
RMS Force:                 0.014131     0.000300                No
Maximum Displacement:      0.037258     0.001800                No
RMS Displacement:          0.042640     0.001200                No

----------------------------------------------------------------------
                            Iteration: 137                            

lambda1: N/A(PRFO), lambda2: N/A(PRFO)
lowest eigenvalue: -1.5619155168533325, second lowest eigenvalue: -0.2619282901287079

                             Coordinates                              
----------------------------------------------------------------------
0    C               -1.0862              -1.6376               0.4844
1    C                1.0148              -0.3276               0.3395
2    C               -1.0098               1.4994               1.1160
3    C                1.7498              -0.9304               1.5426
4    C                1.9685               0.0698              -0.7875
5    N                0.0070              -1.3017              -0.2195
6    N               -2.1854              -2.1383              -0.1248
7    O               -1.7992               1.1910               0.0647
8    H               -2.1551               0.2835               0.1225
9    H               -0.2062              -1.1417              -1.2084
10   H               -1.1299              -1.4337               1.5552
11   H                0.4352               0.5783               0.6888
12   H               -2.8452              -2.6196               0.4864
13   H               -2.0566              -2.5901              -1.0365
14   H               -0.6044               2.5056               1.0881
15   H               -1.1622               1.0365               2.0930
16   H                2.4534              -0.2008               1.9537
17   H                1.4250               0.5403              -1.6131
18   H                2.3124              -1.8233               1.2508
19   H                1.0523              -1.2036               2.3381
20   H                2.7185               0.7789              -0.4287
21   H                2.4851              -0.8151              -1.1727


Energy:                -1970.785107 Convergence criteria  Is converged 
Maximum Force:             0.025268     0.000450                No
RMS Force:                 0.014083     0.000300                No
Maximum Displacement:      0.042466     0.001800                No
RMS Displacement:          0.042640     0.001200                No

----------------------------------------------------------------------
                            Iteration: 138                            

lambda1: N/A(PRFO), lambda2: N/A(PRFO)
lowest eigenvalue: -1.5567494630813599, second lowest eigenvalue: -0.2644138038158417

                             Coordinates                              
----------------------------------------------------------------------
0    C               -1.0728              -1.6322               0.5248
1    C                1.0287              -0.3212               0.3800
2    C               -0.9962               1.5051               1.1570
3    C                1.7655              -0.9253               1.5814
4    C                1.9807               0.0783              -0.7477
5    N                0.0203              -1.2949              -0.1789
6    N               -2.1718              -2.1324              -0.0851
7    O               -1.7844               1.1988               0.1042
8    H               -2.1398               0.2908               0.1589
9    H               -0.1931              -1.1352              -1.1677
10   H               -1.1170              -1.4304               1.5961
11   H                0.4488               0.5841               0.7312
12   H               -2.8315              -2.6151               0.5250
13   H               -2.0435              -2.5810              -0.9983
14   H               -0.5912               2.5115               1.1319
15   H               -1.1491               1.0395               2.1325
16   H                2.4693              -0.1959               1.9925
17   H                1.4359               0.5495              -1.5720
18   H                2.3280              -1.8176               1.2878
19   H                1.0691              -1.1997               2.3775
20   H                2.7306               0.7875              -0.3890
21   H                2.4974              -0.8058              -1.1347


Energy:                -1970.787545 Convergence criteria  Is converged 
Maximum Force:             0.025090     0.000450                No
RMS Force:                 0.013984     0.000300                No
Maximum Displacement:      0.043872     0.001800                No
RMS Displacement:          0.042640     0.001200                No

----------------------------------------------------------------------
                            Iteration: 139                            

lambda1: N/A(PRFO), lambda2: N/A(PRFO)
lowest eigenvalue: -1.5463145971298218, second lowest eigenvalue: -0.2665442228317261

                             Coordinates                              
----------------------------------------------------------------------
0    C               -1.0579              -1.6724               0.5265
1    C                1.0438              -0.3610               0.3817
2    C               -0.9813               1.4650               1.1589
3    C                1.7813              -0.9656               1.5825
4    C                1.9951               0.0393              -0.7463
5    N                0.0352              -1.3346              -0.1771
6    N               -2.1568              -2.1724              -0.0837
7    O               -1.7689               1.1594               0.1055
8    H               -2.1241               0.2513               0.1589
9    H               -0.1783              -1.1750              -1.1660
10   H               -1.1022              -1.4715               1.5979
11   H                0.4638               0.5440               0.7337
12   H               -2.8165              -2.6556               0.5260
13   H               -2.0287              -2.6197              -0.9975
14   H               -0.5764               2.4715               1.1350
15   H               -1.1345               0.9984               2.1338
16   H                2.4852              -0.2363               1.9935
17   H                1.4498               0.5108              -1.5701
18   H                2.3437              -1.8577               1.2882
19   H                1.0854              -1.2405               2.3788
20   H                2.7450               0.7485              -0.3876
21   H                2.5118              -0.8444              -1.1340


Energy:                -1970.788468 Convergence criteria  Is converged 
Maximum Force:             0.025025     0.000450                No
RMS Force:                 0.013948     0.000300                No
Maximum Displacement:      0.041105     0.001800                No
RMS Displacement:          0.042640     0.001200                No

----------------------------------------------------------------------
                            Iteration: 140                            

lambda1: N/A(PRFO), lambda2: N/A(PRFO)
lowest eigenvalue: -1.4376399517059326, second lowest eigenvalue: -0.26610124111175537

                             Coordinates                              
----------------------------------------------------------------------
0    C               -1.0631              -1.6431               0.5570
1    C                1.0386              -0.3315               0.4122
2    C               -0.9865               1.4943               1.1895
3    C                1.7764              -0.9363               1.6127
4    C                1.9896               0.0691              -0.7159
5    N                0.0299              -1.3051              -0.1466
6    N               -2.1619              -2.1430              -0.0533
7    O               -1.7739               1.1891               0.1359
8    H               -2.1290               0.2810               0.1888
9    H               -0.1836              -1.1455              -1.1354
10   H               -1.1075              -1.4426               1.6285
11   H                0.4587               0.5734               0.7645
12   H               -2.8217              -2.6265               0.5562
13   H               -2.0340              -2.5898              -0.9673
14   H               -0.5816               2.5009               1.1660
15   H               -1.1398               1.0274               2.1642
16   H                2.4804              -0.2071               2.0238
17   H                1.4441               0.5407              -1.5395
18   H                2.3389              -1.8283               1.3181
19   H                1.0808              -1.2114               2.4091
20   H                2.7395               0.7783              -0.3572
21   H                2.5064              -0.8145              -1.1039


Energy:                -1970.788865 Convergence criteria  Is converged 
Maximum Force:             0.024997     0.000450                No
RMS Force:                 0.013933     0.000300                No
Maximum Displacement:      0.031082     0.001800                No
RMS Displacement:          0.042640     0.001200                No

----------------------------------------------------------------------
                            Iteration: 141                            

lambda1: N/A(PRFO), lambda2: N/A(PRFO)
lowest eigenvalue: -1.4476107358932495, second lowest eigenvalue: -0.2664341926574707

                             Coordinates                              
----------------------------------------------------------------------
0    C               -1.0230              -1.6529               0.5468
1    C                1.0789              -0.3410               0.4021
2    C               -0.9463               1.4846               1.1795
3    C                1.8174              -0.9462               1.6019
4    C                2.0293               0.0604              -0.7264
5    N                0.0700              -1.3145              -0.1567
6    N               -2.1218              -2.1526              -0.0637
7    O               -1.7332               1.1802               0.1253
8    H               -2.0881               0.2718               0.1770
9    H               -0.1436              -1.1549              -1.1455
10   H               -1.0676              -1.4533               1.6185
11   H                0.4988               0.5637               0.7550
12   H               -2.7815              -2.6366               0.5453
13   H               -1.9940              -2.5982              -0.9784
14   H               -0.5415               2.4912               1.1571
15   H               -1.0999               1.0167               2.1537
16   H                2.5215              -0.2171               2.0129
17   H                1.4833               0.5323              -1.5495
18   H                2.3798              -1.8380               1.3066
19   H                1.1222              -1.2218               2.3985
20   H                2.7791               0.7696              -0.3676
21   H                2.5460              -0.8228              -1.1150


Energy:                -1970.789731 Convergence criteria  Is converged 
Maximum Force:             0.024937     0.000450                No
RMS Force:                 0.013899     0.000300                No
Maximum Displacement:      0.041392     0.001800                No
RMS Displacement:          0.042640     0.001200                No

----------------------------------------------------------------------
                            Iteration: 142                            

lambda1: N/A(PRFO), lambda2: N/A(PRFO)
lowest eigenvalue: -1.44473397731781, second lowest eigenvalue: -0.2633012533187866

                             Coordinates                              
----------------------------------------------------------------------
0    C               -1.0395              -1.6183               0.5649
1    C                1.0626              -0.3058               0.4203
2    C               -0.9627               1.5193               1.1980
3    C                1.8021              -0.9118               1.6192
4    C                2.0120               0.0967              -0.7086
5    N                0.0534              -1.2792              -0.1384
6    N               -2.1382              -2.1177              -0.0459
7    O               -1.7489               1.2160               0.1430
8    H               -2.1036               0.3075               0.1929
9    H               -0.1603              -1.1197              -1.1272
10   H               -1.0843              -1.4200               1.6369
11   H                0.4824               0.5985               0.7743
12   H               -2.7979              -2.6024               0.5624
13   H               -2.0108              -2.5615              -0.9615
14   H               -0.5581               2.5261               1.1772
15   H               -1.1167               1.0499               2.1714
16   H                2.5064              -0.1828               2.0302
17   H                1.4653               0.5690              -1.5310
18   H                2.3644              -1.8033               1.3228
19   H                1.1075              -1.1880               2.4161
20   H                2.7619               0.8059              -0.3499
21   H                2.5288              -0.7860              -1.0982


Energy:                -1970.791069 Convergence criteria  Is converged 
Maximum Force:             0.024841     0.000450                No
RMS Force:                 0.013846     0.000300                No
Maximum Displacement:      0.036779     0.001800                No
RMS Displacement:          0.042640     0.001200                No

----------------------------------------------------------------------
                            Iteration: 143                            

lambda1: N/A(PRFO), lambda2: N/A(PRFO)
lowest eigenvalue: -1.4452916383743286, second lowest eigenvalue: -0.2708267271518707

                             Coordinates                              
----------------------------------------------------------------------
0    C               -1.0394              -1.6575               0.5478
1    C                1.0628              -0.3447               0.4032
2    C               -0.9626               1.4802               1.1810
3    C                1.8029              -0.9510               1.6015
4    C                2.0117               0.0584              -0.7259
5    N                0.0535              -1.3180              -0.1555
6    N               -2.1381              -2.1567              -0.0633
7    O               -1.7484               1.1775               0.1256
8    H               -2.1029               0.2688               0.1746
9    H               -0.1603              -1.1586              -1.1443
10   H               -1.0844              -1.4599               1.6199
11   H                0.4826               0.5594               0.7578
12   H               -2.7978              -2.6418               0.5447
13   H               -2.0108              -2.5996              -0.9793
14   H               -0.5581               2.4870               1.1611
15   H               -1.1167               1.0100               2.1540
16   H                2.5073              -0.2222               2.0125
17   H                1.4646               0.5309              -1.5479
18   H                2.3651              -1.8424               1.3047
19   H                1.1086              -1.2276               2.3987
20   H                2.7616               0.7676              -0.3672
21   H                2.5285              -0.8241              -1.1161


Energy:                -1970.791786 Convergence criteria  Is converged 
Maximum Force:             0.024791     0.000450                No
RMS Force:                 0.013818     0.000300                No
Maximum Displacement:      0.039947     0.001800                No
RMS Displacement:          0.042640     0.001200                No

----------------------------------------------------------------------
                            Iteration: 144                            

lambda1: N/A(PRFO), lambda2: N/A(PRFO)
lowest eigenvalue: -1.441320538520813, second lowest eigenvalue: -0.27147790789604187

                             Coordinates                              
----------------------------------------------------------------------
0    C               -1.0129              -1.6885               0.5358
1    C                1.0907              -0.3726               0.3915
2    C               -0.9354               1.4499               1.1708
3    C                1.8363              -0.9826               1.5847
4    C                2.0343               0.0368              -0.7398
5    N                0.0797              -1.3450              -0.1667
6    N               -2.1110              -2.1856              -0.0772
7    O               -1.7173               1.1535               0.1109
8    H               -2.0704               0.2437               0.1504
9    H               -0.1348              -1.1862              -1.1553
10   H               -1.0592              -1.4982               1.6095
11   H                0.5099               0.5295               0.7519
12   H               -2.7710              -2.6745               0.5272
13   H               -1.9858              -2.6187              -0.9980
14   H               -0.5320               2.4574               1.1597
15   H               -1.0915               0.9717               2.1394
16   H                2.5417              -0.2546               1.9953
17   H                1.4833               0.5113              -1.5580
18   H                2.3980              -1.8724               1.2823
19   H                1.1456              -1.2626               2.3837
20   H                2.7841               0.7460              -0.3812
21   H                2.5513              -0.8432              -1.1354


Energy:                -1970.798974 Convergence criteria  Is converged 
Maximum Force:             0.024292     0.000450                No
RMS Force:                 0.013538     0.000300                No
Maximum Displacement:      0.038279     0.001800                No
RMS Displacement:          0.042640     0.001200                No

----------------------------------------------------------------------
                            Iteration: 145                            

lambda1: N/A(PRFO), lambda2: N/A(PRFO)
lowest eigenvalue: -1.765467882156372, second lowest eigenvalue: -0.2708965241909027

                             Coordinates                              
----------------------------------------------------------------------
0    C               -1.0276              -1.7003               0.4979
1    C                1.0762              -0.3837               0.3537
2    C               -0.9501               1.4382               1.1332
3    C                1.8233              -0.9947               1.5454
4    C                2.0184               0.0274              -0.7782
5    N                0.0648              -1.3559              -0.2045
6    N               -2.1257              -2.1966              -0.1156
7    O               -1.7307               1.1434               0.0721
8    H               -2.0835               0.2333               0.1090
9    H               -0.1498              -1.1970              -1.1931
10   H               -1.0740              -1.5121               1.5719
11   H                0.4952               0.5179               0.7156
12   H               -2.7856              -2.6867               0.4880
13   H               -2.0013              -2.6272              -1.0376
14   H               -0.5466               2.4458               1.1241
15   H               -1.1072               0.9586               2.1009
16   H                2.5290              -0.2670               1.9560
17   H                1.4665               0.5026              -1.5953
18   H                2.3849              -1.8841               1.2416
19   H                1.1336              -1.2756               2.3449
20   H                2.7683               0.7366              -0.4195
21   H                2.5355              -0.8519              -1.1752


Energy:                -1970.800512 Convergence criteria  Is converged 
Maximum Force:             0.024203     0.000450                No
RMS Force:                 0.013488     0.000300                No
Maximum Displacement:      0.041306     0.001800                No
RMS Displacement:          0.042640     0.001200                No

----------------------------------------------------------------------
                            Iteration: 146                            

lambda1: N/A(PRFO), lambda2: N/A(PRFO)
lowest eigenvalue: -1.7633254528045654, second lowest eigenvalue: -0.26018616557121277

                             Coordinates                              
----------------------------------------------------------------------
0    C               -1.0289              -1.6661               0.4754
1    C                1.0753              -0.3481               0.3315
2    C               -0.9512               1.4728               1.1116
3    C                1.8249              -0.9609               1.5208
4    C                2.0153               0.0658              -0.8013
5    N                0.0633              -1.3199              -0.2266
6    N               -2.1271              -2.1610              -0.1388
7    O               -1.7299               1.1807               0.0484
8    H               -2.0820               0.2701               0.0810
9    H               -0.1516              -1.1609              -1.2151
10   H               -1.0755              -1.4816               1.5502
11   H                0.4941               0.5525               0.6960
12   H               -2.7869              -2.6528               0.4633
13   H               -2.0039              -2.5871              -1.0630
14   H               -0.5479               2.4804               1.1061
15   H               -1.1099               0.9903               2.0776
16   H                2.5312              -0.2336               1.9311
17   H                1.4616               0.5420              -1.6167
18   H                2.3861              -1.8496               1.2145
19   H                1.1369              -1.2432               2.3212
20   H                2.7651               0.7749              -0.4426
21   H                2.5324              -0.8123              -1.2008


Energy:                -1970.803393 Convergence criteria  Is converged 
Maximum Force:             0.024009     0.000450                No
RMS Force:                 0.013388     0.000300                No
Maximum Displacement:      0.040114     0.001800                No
RMS Displacement:          0.042640     0.001200                No

----------------------------------------------------------------------
                            Iteration: 147                            

lambda1: N/A(PRFO), lambda2: N/A(PRFO)
lowest eigenvalue: -1.7546075582504272, second lowest eigenvalue: -0.2622295022010803

                             Coordinates                              
----------------------------------------------------------------------
0    C               -1.0424              -1.6264               0.4815
1    C                1.0619              -0.3081               0.3376
2    C               -0.9647               1.5126               1.1178
3    C                1.8120              -0.9212               1.5264
4    C                2.0013               0.1065              -0.7954
5    N                0.0497              -1.2798              -0.2206
6    N               -2.1407              -2.1209              -0.1330
7    O               -1.7430               1.2211               0.0542
8    H               -2.0949               0.3104               0.0859
9    H               -0.1653              -1.1208              -1.2090
10   H               -1.0890              -1.4427               1.5564
11   H                0.4806               0.5923               0.7026
12   H               -2.8005              -2.6131               0.4689
13   H               -2.0177              -2.5460              -1.0576
14   H               -0.5614               2.5202               1.1130
15   H               -1.1238               1.0295               2.0834
16   H                2.5185              -0.1940               1.9366
17   H                1.4473               0.5829              -1.6105
18   H                2.3731              -1.8098               1.2195
19   H                1.1243              -1.2038               2.3270
20   H                2.7512               0.8155              -0.4367
21   H                2.5185              -0.7714              -1.1955


Energy:                -1970.803973 Convergence criteria  Is converged 
Maximum Force:             0.023975     0.000450                No
RMS Force:                 0.013369     0.000300                No
Maximum Displacement:      0.041085     0.001800                No
RMS Displacement:          0.042640     0.001200                No

----------------------------------------------------------------------
                            Iteration: 148                            

lambda1: N/A(PRFO), lambda2: N/A(PRFO)
lowest eigenvalue: -1.7511409521102905, second lowest eigenvalue: -0.2674116790294647

                             Coordinates                              
----------------------------------------------------------------------
0    C               -1.0460              -1.6685               0.4883
1    C                1.0584              -0.3501               0.3445
2    C               -0.9683               1.4705               1.1247
3    C                1.8088              -0.9634               1.5329
4    C                1.9974               0.0649              -0.7887
5    N                0.0461              -1.3216              -0.2137
6    N               -2.1443              -2.1628              -0.1262
7    O               -1.7463               1.1793               0.0608
8    H               -2.0981               0.2686               0.0919
9    H               -0.1690              -1.1626              -1.2021
10   H               -1.0926              -1.4854               1.5634
11   H                0.4770               0.5502               0.7099
12   H               -2.8041              -2.6552               0.4754
13   H               -2.0216              -2.5873              -1.0512
14   H               -0.5650               2.4781               1.1205
15   H               -1.1276               0.9871               2.0902
16   H                2.5153              -0.2363               1.9431
17   H                1.4433               0.5415              -1.6034
18   H                2.3698              -1.8519               1.2257
19   H                1.1214              -1.2462               2.3336
20   H                2.7473               0.7740              -0.4300
21   H                2.5146              -0.8128              -1.1891


Energy:                -1970.804335 Convergence criteria  Is converged 
Maximum Force:             0.023956     0.000450                No
RMS Force:                 0.013359     0.000300                No
Maximum Displacement:      0.042698     0.001800                No
RMS Displacement:          0.042640     0.001200                No

----------------------------------------------------------------------
                            Iteration: 149                            

lambda1: N/A(PRFO), lambda2: N/A(PRFO)
lowest eigenvalue: -1.7490028142929077, second lowest eigenvalue: -0.2678241431713104

                             Coordinates                              
----------------------------------------------------------------------
0    C               -1.0885              -1.6665               0.4857
1    C                1.0160              -0.3475               0.3420
2    C               -1.0108               1.4726               1.1225
3    C                1.7674              -0.9615               1.5295
4    C                1.9541               0.0686              -0.7915
5    N                0.0034              -1.3189              -0.2161
6    N               -2.1869              -2.1600              -0.1291
7    O               -1.7880               1.1825               0.0578
8    H               -2.1395               0.2716               0.0871
9    H               -0.2118              -1.1597              -1.2045
10   H               -1.1352              -1.4850               1.5611
11   H                0.4346               0.5524               0.7084
12   H               -2.8466              -2.6533               0.4719
13   H               -2.0648              -2.5827              -1.0549
14   H               -0.6075               2.4802               1.1196
15   H               -1.1708               0.9882               2.0873
16   H                2.4742              -0.2346               1.9396
17   H                1.3993               0.5456              -1.6056
18   H                2.3283              -1.8497               1.2212
19   H                1.0806              -1.2448               2.3305
20   H                2.7041               0.7776              -0.4328
21   H                2.4713              -0.8087              -1.1929


Energy:                -1970.805349 Convergence criteria  Is converged 
Maximum Force:             0.023902     0.000450                No
RMS Force:                 0.013328     0.000300                No
Maximum Displacement:      0.043941     0.001800                No
RMS Displacement:          0.042640     0.001200                No

----------------------------------------------------------------------
                            Iteration: 150                            

lambda1: N/A(PRFO), lambda2: N/A(PRFO)
lowest eigenvalue: -1.665156364440918, second lowest eigenvalue: -0.2691582143306732

                             Coordinates                              
----------------------------------------------------------------------
0    C               -1.0966              -1.6587               0.4450
1    C                1.0080              -0.3392               0.3013
2    C               -1.0188               1.4805               1.0821
3    C                1.7603              -0.9538               1.4879
4    C                1.9453               0.0779              -0.8325
5    N               -0.0048              -1.3104              -0.2568
6    N               -2.1951              -2.1515              -0.1701
7    O               -1.7953               1.1914               0.0166
8    H               -2.1466               0.2803               0.0444
9    H               -0.2202              -1.1510              -1.2451
10   H               -1.1432              -1.4787               1.5207
11   H                0.4265               0.5604               0.6687
12   H               -2.8548              -2.6454               0.4304
13   H               -2.0735              -2.5725              -1.0967
14   H               -0.6156               2.4882               1.0803
15   H               -1.1795               0.9953               2.0464
16   H                2.4673              -0.2270               1.8980
17   H                1.3899               0.5553              -1.6459
18   H                2.3210              -1.8418               1.1788
19   H                1.0741              -1.2376               2.2893
20   H                2.6953               0.7869              -0.4737
21   H                2.4625              -0.7990              -1.2347


Energy:                -1970.806250 Convergence criteria  Is converged 
Maximum Force:             0.023857     0.000450                No
RMS Force:                 0.013303     0.000300                No
Maximum Displacement:      0.042725     0.001800                No
RMS Displacement:          0.042640     0.001200                No

----------------------------------------------------------------------
                            Iteration: 151                            

lambda1: N/A(PRFO), lambda2: N/A(PRFO)
lowest eigenvalue: -1.6607896089553833, second lowest eigenvalue: -0.271296888589859

                             Coordinates                              
----------------------------------------------------------------------
0    C               -1.1210              -1.6311               0.4350
1    C                0.9843              -0.3079               0.2922
2    C               -1.0430               1.5088               1.0745
3    C                1.7434              -0.9271               1.4720
4    C                1.9154               0.1169              -0.8440
5    N               -0.0300              -1.2780              -0.2660
6    N               -2.2207              -2.1183              -0.1819
7    O               -1.8141               1.2267               0.0034
8    H               -2.1631               0.3144               0.0194
9    H               -0.2467              -1.1171              -1.2537
10   H               -1.1675              -1.4627               1.5130
11   H                0.4022               0.5890               0.6667
12   H               -2.8796              -2.6179               0.4145
13   H               -2.1031              -2.5266              -1.1147
14   H               -0.6396               2.5164               1.0814
15   H               -1.2092               1.0178               2.0349
16   H                2.4522              -0.2017               1.8814
17   H                1.3558               0.5972              -1.6527
18   H                2.3030              -1.8135               1.1561
19   H                1.0618              -1.2147               2.2758
20   H                2.6656               0.8255              -0.4850
21   H                2.4325              -0.7569              -1.2529


Energy:                -1970.812746 Convergence criteria  Is converged 
Maximum Force:             0.023522     0.000450                No
RMS Force:                 0.013135     0.000300                No
Maximum Displacement:      0.045863     0.001800                No
RMS Displacement:          0.042640     0.001200                No

----------------------------------------------------------------------
                            Iteration: 152                            

lambda1: N/A(PRFO), lambda2: N/A(PRFO)
lowest eigenvalue: -1.8082246780395508, second lowest eigenvalue: -0.29478034377098083

                             Coordinates                              
----------------------------------------------------------------------
0    C               -1.1375              -1.6222               0.3971
1    C                0.9679              -0.2984               0.2545
2    C               -1.0596               1.5179               1.0370
3    C                1.7278              -0.9183               1.4334
4    C                1.8982               0.1274              -0.8820
5    N               -0.0467              -1.2684              -0.3037
6    N               -2.2375              -2.1083              -0.2200
7    O               -1.8299               1.2366              -0.0349
8    H               -2.1785               0.3241              -0.0204
9    H               -0.2636              -1.1070              -1.2914
10   H               -1.1839              -1.4554               1.4754
11   H                0.3857               0.5981               0.6299
12   H               -2.8962              -2.6088               0.3758
13   H               -2.1206              -2.5148              -1.1537
14   H               -0.6560               2.5254               1.0447
15   H               -1.2266               1.0265               1.9970
16   H                2.4368              -0.1930               1.8427
17   H                1.3380               0.6081              -1.6901
18   H                2.2873              -1.8044               1.1166
19   H                1.0468              -1.2063               2.2375
20   H                2.6484               0.8359              -0.5230
21   H                2.4152              -0.7461              -1.2917


Energy:                -1970.813372 Convergence criteria  Is converged 
Maximum Force:             0.023516     0.000450                No
RMS Force:                 0.013130     0.000300                No
Maximum Displacement:      0.039796     0.001800                No
RMS Displacement:          0.042640     0.001200                No

----------------------------------------------------------------------
                            Iteration: 153                            

lambda1: N/A(PRFO), lambda2: N/A(PRFO)
lowest eigenvalue: -1.805727243423462, second lowest eigenvalue: -0.298480749130249

                             Coordinates                              
----------------------------------------------------------------------
0    C               -1.1531              -1.5995               0.4298
1    C                0.9523              -0.2763               0.2870
2    C               -1.0751               1.5404               1.0693
3    C                1.7113              -0.8954               1.4670
4    C                1.8835               0.1484              -0.8491
5    N               -0.0621              -1.2465              -0.2711
6    N               -2.2526              -2.0869              -0.1871
7    O               -1.8462               1.2583              -0.0017
8    H               -2.1953               0.3460               0.0145
9    H               -0.2787              -1.0857              -1.2589
10   H               -1.1997              -1.4307               1.5078
11   H                0.3702               0.6207               0.6614
12   H               -2.9116              -2.5863               0.4094
13   H               -2.1349              -2.4956              -1.1198
14   H               -0.6717               2.5481               1.0762
15   H               -1.2410               1.0493               2.0296
16   H                2.4200              -0.1699               1.8763
17   H                1.3239               0.6286              -1.6580
18   H                2.2710              -1.7818               1.1512
19   H                1.0296              -1.1830               2.2707
20   H                2.6336               0.8570              -0.4902
21   H                2.4006              -0.7255              -1.2579


Energy:                -1970.812756 Convergence criteria  Is converged 
Maximum Force:             0.023517     0.000450                No
RMS Force:                 0.013130     0.000300                No
Maximum Displacement:      0.034856     0.001800                No
RMS Displacement:          0.042640     0.001200                No

----------------------------------------------------------------------
                            Iteration: 154                            

lambda1: N/A(PRFO), lambda2: N/A(PRFO)
lowest eigenvalue: -1.8078234195709229, second lowest eigenvalue: -0.29403039813041687

                             Coordinates                              
----------------------------------------------------------------------
0    C               -1.1771              -1.5664               0.4278
1    C                0.9285              -0.2416               0.2855
2    C               -1.0991               1.5738               1.0685
3    C                1.6904              -0.8628               1.4624
4    C                1.8570               0.1864              -0.8515
5    N               -0.0865              -1.2112              -0.2728
6    N               -2.2777              -2.0503              -0.1898
7    O               -1.8678               1.2943              -0.0049
8    H               -2.2155               0.3815               0.0061
9    H               -0.3039              -1.0490              -1.2602
10   H               -1.2232              -1.4033               1.5069
11   H                0.3461               0.6542               0.6629
12   H               -2.9359              -2.5528               0.4048
13   H               -2.1620              -2.4531              -1.1253
14   H               -0.6953               2.5813               1.0783
15   H               -1.2680               1.0814               2.0277
16   H                2.4000              -0.1380               1.8714
17   H                1.2957               0.6680              -1.6584
18   H                2.2494              -1.7485               1.1436
19   H                1.0107              -1.1519               2.2673
20   H                2.6074               0.8947              -0.4925
21   H                2.3740              -0.6862              -1.2632


Energy:                -1970.814843 Convergence criteria  Is converged 
Maximum Force:             0.023495     0.000450                No
RMS Force:                 0.013114     0.000300                No
Maximum Displacement:      0.042446     0.001800                No
RMS Displacement:          0.042640     0.001200                No

----------------------------------------------------------------------
                            Iteration: 155                            

lambda1: N/A(PRFO), lambda2: N/A(PRFO)
lowest eigenvalue: -1.7853693962097168, second lowest eigenvalue: -0.3015185296535492

                             Coordinates                              
----------------------------------------------------------------------
0    C               -1.1802              -1.5237               0.4240
1    C                0.9253              -0.1992               0.2816
2    C               -1.1022               1.6164               1.0644
3    C                1.6867              -0.8200               1.4591
4    C                1.8544               0.2281              -0.8553
5    N               -0.0895              -1.1690              -0.2766
6    N               -2.2805              -2.0084              -0.1935
7    O               -1.8715               1.3365              -0.0085
8    H               -2.2195               0.4238               0.0036
9    H               -0.3067              -1.0071              -1.2641
10   H               -1.2266              -1.3594               1.5028
11   H                0.3430               0.6968               0.6584
12   H               -2.9390              -2.5102               0.4015
13   H               -2.1644              -2.4125              -1.1284
14   H               -0.6986               2.6240               1.0738
15   H               -1.2704               1.1242               2.0237
16   H                2.3960              -0.0950               1.8682
17   H                1.2934               0.7095              -1.6626
18   H                2.2458              -1.7058               1.1409
19   H                1.0065              -1.1087               2.2637
20   H                2.6047               0.9365              -0.4963
21   H                2.3714              -0.6447              -1.2664


Energy:                -1970.814498 Convergence criteria  Is converged 
Maximum Force:             0.023491     0.000450                No
RMS Force:                 0.013112     0.000300                No
Maximum Displacement:      0.043968     0.001800                No
RMS Displacement:          0.042640     0.001200                No

----------------------------------------------------------------------
                            Iteration: 156                            

lambda1: N/A(PRFO), lambda2: N/A(PRFO)
lowest eigenvalue: -1.8043943643569946, second lowest eigenvalue: -0.3006332814693451

                             Coordinates                              
----------------------------------------------------------------------
0    C               -1.2216              -1.5306               0.4313
1    C                0.8840              -0.2064               0.2887
2    C               -1.1435               1.6095               1.0715
3    C                1.6448              -0.8267               1.4669
4    C                1.8135               0.2203              -0.8480
5    N               -0.1308              -1.1763              -0.2694
6    N               -2.3216              -2.0161              -0.1861
7    O               -1.9133               1.3291              -0.0010
8    H               -2.2616               0.4165               0.0121
9    H               -0.3478              -1.0148              -1.2570
10   H               -1.2681              -1.3651               1.5099
11   H                0.3017               0.6899               0.6650
12   H               -2.9803              -2.5172               0.4093
13   H               -2.2050              -2.4214              -1.1204
14   H               -0.7401               2.6171               1.0804
15   H               -1.3111               1.1172               2.0310
16   H                2.3540              -0.1016               1.8760
17   H                1.2528               0.7013              -1.6556
18   H                2.2041              -1.7127               1.1493
19   H                0.9642              -1.1152               2.2713
20   H                2.5638               0.9287              -0.4890
21   H                2.3305              -0.6528              -1.2585


Energy:                -1970.814172 Convergence criteria  Is converged 
Maximum Force:             0.023487     0.000450                No
RMS Force:                 0.013110     0.000300                No
Maximum Displacement:      0.042289     0.001800                No
RMS Displacement:          0.042640     0.001200                No

----------------------------------------------------------------------
                            Iteration: 157                            

lambda1: N/A(PRFO), lambda2: N/A(PRFO)
lowest eigenvalue: -1.8034921884536743, second lowest eigenvalue: -0.29936760663986206

                             Coordinates                              
----------------------------------------------------------------------
0    C               -1.2052              -1.5114               0.3962
1    C                0.9004              -0.1880               0.2534
2    C               -1.1271               1.6285               1.0359
3    C                1.6599              -0.8073               1.4329
4    C                1.8310               0.2373              -0.8829
5    N               -0.1141              -1.1581              -0.3046
6    N               -2.3046              -1.9987              -0.2209
7    O               -1.8979               1.3470              -0.0356
8    H               -2.2469               0.4347              -0.0203
9    H               -0.3307              -0.9974              -1.2923
10   H               -1.2521              -1.3432               1.4743
11   H                0.3182               0.7088               0.6283
12   H               -2.9638              -2.4982               0.3753
13   H               -2.1870              -2.4067              -1.1539
14   H               -0.7239               2.6362               1.0437
15   H               -1.2931               1.1365               1.9957
16   H                2.3687              -0.0819               1.8422
17   H                1.2710               0.7177              -1.6914
18   H                2.2195              -1.6935               1.1167
19   H                0.9785              -1.0951               2.2369
20   H                2.5812               0.9459              -0.5241
21   H                2.3481              -0.6364              -1.2922


Energy:                -1970.813403 Convergence criteria  Is converged 
Maximum Force:             0.023483     0.000450                No
RMS Force:                 0.013108     0.000300                No
Maximum Displacement:      0.036667     0.001800                No
RMS Displacement:          0.042640     0.001200                No

----------------------------------------------------------------------
                            Iteration: 158                            

lambda1: N/A(PRFO), lambda2: N/A(PRFO)
lowest eigenvalue: -1.8059942722320557, second lowest eigenvalue: -0.29459348320961

                             Coordinates                              
----------------------------------------------------------------------
0    C               -1.1872              -1.5494               0.3868
1    C                0.9185              -0.2253               0.2441
2    C               -1.1091               1.5906               1.0268
3    C                1.6790              -0.8454               1.4226
4    C                1.8482               0.2010              -0.8925
5    N               -0.0963              -1.1953              -0.3139
6    N               -2.2870              -2.0355              -0.2306
7    O               -1.8790               1.3101              -0.0455
8    H               -2.2275               0.3975              -0.0319
9    H               -0.3131              -1.0341              -1.3016
10   H               -1.2339              -1.3832               1.4653
11   H                0.3362               0.6710               0.6201
12   H               -2.9459              -2.5360               0.3649
13   H               -2.1701              -2.4414              -1.1646
14   H               -0.7058               2.5983               1.0357
15   H               -1.2761               1.0981               1.9863
16   H                2.3881              -0.1202               1.8318
17   H                1.2876               0.6819              -1.7003
18   H                2.2384              -1.7314               1.1053
19   H                0.9983              -1.1338               2.2269
20   H                2.5984               0.9095              -0.5336
21   H                2.3652              -0.6722              -1.3028


Energy:                -1970.814125 Convergence criteria  Is converged 
Maximum Force:             0.023476     0.000450                No
RMS Force:                 0.013102     0.000300                No
Maximum Displacement:      0.039963     0.001800                No
RMS Displacement:          0.042640     0.001200                No

----------------------------------------------------------------------
                            Iteration: 159                            

lambda1: N/A(PRFO), lambda2: N/A(PRFO)
lowest eigenvalue: -1.8031413555145264, second lowest eigenvalue: -0.29826754331588745

                             Coordinates                              
----------------------------------------------------------------------
0    C               -1.2036              -1.5694               0.3638
1    C                0.9021              -0.2522               0.2190
2    C               -1.1252               1.5690               0.9989
3    C                1.6508              -0.8633               1.4101
4    C                1.8423               0.1606              -0.9144
5    N               -0.1102              -1.2246              -0.3379
6    N               -2.2979              -2.0717              -0.2511
7    O               -1.9048               1.2782              -0.0638
8    H               -2.2595               0.3682              -0.0291
9    H               -0.3235              -1.0705              -1.3274
10   H               -1.2536              -1.3785               1.4376
11   H                0.3206               0.6491               0.5821
12   H               -2.9609              -2.5581               0.3519
13   H               -2.1716              -2.5028              -1.1731
14   H               -0.7241               2.5778               0.9973
15   H               -1.2784               1.0792               1.9622
16   H                2.3561              -0.1352               1.8206
17   H                1.2884               0.6357              -1.7302
18   H                2.2131              -1.7520               1.1053
19   H                0.9620              -1.1455               2.2099
20   H                2.5917               0.8704              -0.5563
21   H                2.3599              -0.7178              -1.3130


Energy:                -1970.806615 Convergence criteria  Is converged 
Maximum Force:             0.023444     0.000450                No
RMS Force:                 0.013123     0.000300                No
Maximum Displacement:      0.061430     0.001800                No
RMS Displacement:          0.042640     0.001200                No

----------------------------------------------------------------------
                            Iteration: 160                            

lambda1: N/A(PRFO), lambda2: N/A(PRFO)
lowest eigenvalue: -1.7168835401535034, second lowest eigenvalue: -0.22268834710121155

                             Coordinates                              
----------------------------------------------------------------------
0    C               -1.2251              -1.6061               0.3561
1    C                0.8825              -0.2839               0.2122
2    C               -1.1464               1.5312               0.9967
3    C                1.6414              -0.9018               1.3934
4    C                1.8132               0.1406              -0.9249
5    N               -0.1324              -1.2546              -0.3442
6    N               -2.3192              -2.1038              -0.2621
7    O               -1.9179               1.2536              -0.0751
8    H               -2.2701               0.3418              -0.0594
9    H               -0.3467              -1.1009              -1.3334
10   H               -1.2769              -1.4286               1.4327
11   H                0.2999               0.6135               0.5862
12   H               -2.9827              -2.5958               0.3354
13   H               -2.1969              -2.5192              -1.1916
14   H               -0.7460               2.5403               1.0117
15   H               -1.3057               1.0277               1.9518
16   H                2.3487              -0.1752               1.8033
17   H                1.2525               0.6200              -1.7336
18   H                2.2027              -1.7875               1.0785
19   H                0.9593              -1.1902               2.1966
20   H                2.5627               0.8501              -0.5667
21   H                2.3308              -0.7331              -1.3336


Energy:                -1970.817117 Convergence criteria  Is converged 
Maximum Force:             0.022676     0.000450                No
RMS Force:                 0.012729     0.000300                No
Maximum Displacement:      0.051451     0.001800                No
RMS Displacement:          0.042640     0.001200                No

----------------------------------------------------------------------
                            Iteration: 161                            

lambda1: N/A(PRFO), lambda2: N/A(PRFO)
lowest eigenvalue: -1.7825813293457031, second lowest eigenvalue: -0.20569777488708496

                             Coordinates                              
----------------------------------------------------------------------
0    C               -1.2637              -1.6243               0.3518
1    C                0.8442              -0.3015               0.2080
2    C               -1.1849               1.5127               0.9932
3    C                1.6042              -0.9202               1.3881
4    C                1.7738               0.1242              -0.9295
5    N               -0.1711              -1.2721              -0.3484
6    N               -2.3579              -2.1212              -0.2667
7    O               -1.9556               1.2366              -0.0795
8    H               -2.3074               0.3247              -0.0661
9    H               -0.3857              -1.1182              -1.3375
10   H               -1.3154              -1.4488               1.4288
11   H                0.2614               0.5954               0.5832
12   H               -3.0214              -2.6138               0.3302
13   H               -2.2363              -2.5346              -1.1971
14   H               -0.7846               2.5218               1.0101
15   H               -1.3449               1.0077               1.9474
16   H                2.3118              -0.1939               1.7979
17   H                1.2124               0.6040              -1.7375
18   H                2.1652              -1.8056               1.0721
19   H                0.9228              -1.2093               2.1916
20   H                2.5234               0.8335              -0.5713
21   H                2.2914              -0.7491              -1.3393


Energy:                -1970.818173 Convergence criteria  Is converged 
Maximum Force:             0.022616     0.000450                No
RMS Force:                 0.012695     0.000300                No
Maximum Displacement:      0.040075     0.001800                No
RMS Displacement:          0.042640     0.001200                No

----------------------------------------------------------------------
                            Iteration: 162                            

lambda1: N/A(PRFO), lambda2: N/A(PRFO)
lowest eigenvalue: -1.783346176147461, second lowest eigenvalue: -0.2139349728822708

                             Coordinates                              
----------------------------------------------------------------------
0    C               -1.2310              -1.6119               0.3293
1    C                0.8773              -0.2879               0.1856
2    C               -1.1521               1.5245               0.9724
3    C                1.6396              -0.9082               1.3633
4    C                1.8047               0.1404              -0.9527
5    N               -0.1387              -1.2580              -0.3707
6    N               -2.3257              -2.1065              -0.2900
7    O               -1.9209               1.2518              -0.1024
8    H               -2.2719               0.3394              -0.0939
9    H               -0.3537              -1.1034              -1.3596
10   H               -1.2825              -1.4405               1.4070
11   H                0.2944               0.6081               0.5633
12   H               -2.9891              -2.6009               0.3056
13   H               -2.2054              -2.5160              -1.2223
14   H               -0.7519               2.5336               0.9932
15   H               -1.3137               1.0165               1.9247
16   H                2.3478              -0.1824               1.7729
17   H                1.2419               0.6213              -1.7590
18   H                2.2002              -1.7931               1.0449
19   H                0.9597              -1.1985               2.1677
20   H                2.5545               0.8495              -0.5945
21   H                2.3221              -0.7318              -1.3648


Energy:                -1970.820244 Convergence criteria  Is converged 
Maximum Force:             0.022508     0.000450                No
RMS Force:                 0.012636     0.000300                No
Maximum Displacement:      0.036974     0.001800                No
RMS Displacement:          0.042640     0.001200                No

----------------------------------------------------------------------
                            Iteration: 163                            

lambda1: N/A(PRFO), lambda2: N/A(PRFO)
lowest eigenvalue: -1.7686280012130737, second lowest eigenvalue: -0.21763554215431213

                             Coordinates                              
----------------------------------------------------------------------
0    C               -1.2145              -1.6497               0.3178
1    C                0.8938              -0.3255               0.1742
2    C               -1.1356               1.4866               0.9613
3    C                1.6566              -0.9461               1.3515
4    C                1.8208               0.1033              -0.9643
5    N               -0.1223              -1.2955              -0.3821
6    N               -2.3093              -2.1439              -0.3015
7    O               -1.9041               1.2145              -0.1138
8    H               -2.2549               0.3021              -0.1063
9    H               -0.3374              -1.1408              -1.3710
10   H               -1.2660              -1.4791               1.3958
11   H                0.3108               0.5703               0.5524
12   H               -2.9727              -2.6386               0.2938
13   H               -2.1894              -2.5525              -1.2342
14   H               -0.7355               2.4957               0.9829
15   H               -1.2975               0.9781               1.9133
16   H                2.3649              -0.2204               1.7610
17   H                1.2577               0.5844              -1.7702
18   H                2.2171              -1.8309               1.0326
19   H                0.9770              -1.2366               2.1560
20   H                2.5706               0.8124              -0.6060
21   H                2.3382              -0.7688              -1.3768


Energy:                -1970.820619 Convergence criteria  Is converged 
Maximum Force:             0.022491     0.000450                No
RMS Force:                 0.012627     0.000300                No
Maximum Displacement:      0.038635     0.001800                No
RMS Displacement:          0.042640     0.001200                No

----------------------------------------------------------------------
                            Iteration: 164                            

lambda1: N/A(PRFO), lambda2: N/A(PRFO)
lowest eigenvalue: -1.7676364183425903, second lowest eigenvalue: -0.21842409670352936

                             Coordinates                              
----------------------------------------------------------------------
0    C               -1.1899              -1.6394               0.2849
1    C                0.9185              -0.3148               0.1413
2    C               -1.1110               1.4967               0.9290
3    C                1.6821              -0.9360               1.3178
4    C                1.8447               0.1148              -0.9974
5    N               -0.0978              -1.2846              -0.4149
6    N               -2.2850              -2.1328              -0.3347
7    O               -1.8789               1.2257              -0.1468
8    H               -2.2294               0.3131              -0.1410
9    H               -0.3132              -1.1297              -1.4037
10   H               -1.2413              -1.4703               1.3631
11   H                0.3355               0.5807               0.5204
12   H               -2.9483              -2.6280               0.2602
13   H               -2.1656              -2.5400              -1.2680
14   H               -0.7109               2.5058               0.9518
15   H               -1.2735               0.9872               1.8804
16   H                2.3906              -0.2104               1.7272
17   H                1.2812               0.5963              -1.8028
18   H                2.2424              -1.8206               0.9982
19   H                1.0030              -1.2269               2.1226
20   H                2.5947               0.8238              -0.6391
21   H                2.3621              -0.7569              -1.4107


Energy:                -1970.821290 Convergence criteria  Is converged 
Maximum Force:             0.022460     0.000450                No
RMS Force:                 0.012609     0.000300                No
Maximum Displacement:      0.034644     0.001800                No
RMS Displacement:          0.042640     0.001200                No

----------------------------------------------------------------------
                            Iteration: 165                            

lambda1: N/A(PRFO), lambda2: N/A(PRFO)
lowest eigenvalue: -1.765296220779419, second lowest eigenvalue: -0.21954403817653656

                             Coordinates                              
----------------------------------------------------------------------
0    C               -1.2224              -1.6191               0.3027
1    C                0.8863              -0.2933               0.1594
2    C               -1.1433               1.5166               0.9485
3    C                1.6520              -0.9159               1.3337
4    C                1.8106               0.1385              -0.9801
5    N               -0.1306              -1.2627              -0.3968
6    N               -2.3180              -2.1101              -0.3175
7    O               -1.9097               1.2484              -0.1291
8    H               -2.2592               0.3354              -0.1276
9    H               -0.3465              -1.1069              -1.3853
10   H               -1.2736              -1.4539               1.3817
11   H                0.3032               0.6014               0.5406
12   H               -2.9812              -2.6070               0.2761
13   H               -2.2000              -2.5135              -1.2527
14   H               -0.7434               2.5256               0.9746
15   H               -1.3073               1.0047               1.8983
16   H                2.3612              -0.1908               1.7428
17   H                1.2458               0.6210              -1.7840
18   H                2.2119              -1.8000               1.0120
19   H                0.9743              -1.2079               2.1392
20   H                2.5608               0.8473              -0.6219
21   H                2.3278              -0.7323              -1.3955


Energy:                -1970.823015 Convergence criteria  Is converged 
Maximum Force:             0.022388     0.000450                No
RMS Force:                 0.012570     0.000300                No
Maximum Displacement:      0.035370     0.001800                No
RMS Displacement:          0.042640     0.001200                No

----------------------------------------------------------------------
                            Iteration: 166                            

lambda1: N/A(PRFO), lambda2: N/A(PRFO)
lowest eigenvalue: -1.833539605140686, second lowest eigenvalue: -0.22510024905204773

                             Coordinates                              
----------------------------------------------------------------------
0    C               -1.2436              -1.6519               0.3205
1    C                0.8652              -0.3258               0.1772
2    C               -1.1645               1.4836               0.9667
3    C                1.6314              -0.9488               1.3509
4    C                1.7889               0.1066              -0.9625
5    N               -0.1519              -1.2951              -0.3790
6    N               -2.3395              -2.1422              -0.2999
7    O               -1.9305               1.2162              -0.1113
8    H               -2.2797               0.3032              -0.1110
9    H               -0.3679              -1.1391              -1.3674
10   H               -1.2948              -1.4879               1.3997
11   H                0.2820               0.5686               0.5591
12   H               -3.0026              -2.6396               0.2933
13   H               -2.2218              -2.5445              -1.2356
14   H               -0.7646               2.4927               0.9937
15   H               -1.3288               0.9711               1.9161
16   H                2.3408              -0.2238               1.7600
17   H                1.2238               0.5893              -1.7660
18   H                2.1912              -1.8328               1.0287
19   H                0.9541              -1.2411               2.1567
20   H                2.5392               0.8153              -0.6042
21   H                2.3061              -0.7640              -1.3784


Energy:                -1970.823467 Convergence criteria  Is converged 
Maximum Force:             0.022371     0.000450                No
RMS Force:                 0.012561     0.000300                No
Maximum Displacement:      0.033954     0.001800                No
RMS Displacement:          0.042640     0.001200                No

----------------------------------------------------------------------
                            Iteration: 167                            

lambda1: N/A(PRFO), lambda2: N/A(PRFO)
lowest eigenvalue: -1.833193063735962, second lowest eigenvalue: -0.2270916849374771

                             Coordinates                              
----------------------------------------------------------------------
0    C               -1.2710              -1.6864               0.3190
1    C                0.8385              -0.3575               0.1762
2    C               -1.1915               1.4482               0.9692
3    C                1.6098              -0.9839               1.3448
4    C                1.7577               0.0801              -0.9652
5    N               -0.1801              -1.3257              -0.3799
6    N               -2.3686              -2.1703              -0.3029
7    O               -1.9539               1.1873              -0.1129
8    H               -2.3007               0.2734              -0.1230
9    H               -0.3974              -1.1672              -1.3676
10   H               -1.3214              -1.5325               1.4002
11   H                0.2551               0.5350               0.5633
12   H               -3.0312              -2.6720               0.2872
13   H               -2.2545              -2.5629              -1.2431
14   H               -0.7920               2.4572               1.0035
15   H               -1.3594               0.9305               1.9150
16   H                2.3206              -0.2600               1.7531
17   H                1.1897               0.5652              -1.7653
18   H                2.1683              -1.8668               1.0176
19   H                0.9357              -1.2786               2.1524
20   H                2.5084               0.7882              -0.6069
21   H                2.2743              -0.7884              -1.3860


Energy:                -1970.827389 Convergence criteria  Is converged 
Maximum Force:             0.022245     0.000450                No
RMS Force:                 0.012490     0.000300                No
Maximum Displacement:      0.044579     0.001800                No
RMS Displacement:          0.042640     0.001200                No

----------------------------------------------------------------------
                            Iteration: 168                            

lambda1: N/A(PRFO), lambda2: N/A(PRFO)
lowest eigenvalue: -1.7837351560592651, second lowest eigenvalue: -0.2571756839752197

                             Coordinates                              
----------------------------------------------------------------------
0    C               -1.2284              -1.6863               0.3179
1    C                0.8809              -0.3584               0.1748
2    C               -1.1490               1.4484               0.9669
3    C                1.6506              -0.9837               1.3451
4    C                1.8015               0.0776              -0.9661
5    N               -0.1372              -1.3270              -0.3812
6    N               -2.3253              -2.1727              -0.3035
7    O               -1.9125               1.1858              -0.1140
8    H               -2.2603               0.2722              -0.1210
9    H               -0.3541              -1.1695              -1.3692
10   H               -1.2791              -1.5289               1.3985
11   H                0.2976               0.5348               0.5602
12   H               -2.9883              -2.6727               0.2877
13   H               -2.2100              -2.5686              -1.2422
14   H               -0.7494               2.4574               0.9994
15   H               -1.3156               0.9316               1.9135
16   H                2.3610              -0.2594               1.7536
17   H                1.2344               0.5619              -1.7673
18   H                2.2095              -1.8669               1.0195
19   H                0.9755              -1.2776               2.1521
20   H                2.5521               0.7859              -0.6079
21   H                2.3184              -0.7916              -1.3854


Energy:                -1970.826463 Convergence criteria  Is converged 
Maximum Force:             0.022232     0.000450                No
RMS Force:                 0.012484     0.000300                No
Maximum Displacement:      0.044698     0.001800                No
RMS Displacement:          0.042640     0.001200                No

----------------------------------------------------------------------
                            Iteration: 169                            

lambda1: N/A(PRFO), lambda2: N/A(PRFO)
lowest eigenvalue: -1.8170781135559082, second lowest eigenvalue: -0.24209316074848175

                             Coordinates                              
----------------------------------------------------------------------
0    C               -1.2688              -1.6813               0.3053
1    C                0.8406              -0.3531               0.1622
2    C               -1.1893               1.4534               0.9546
3    C                1.6107              -0.9786               1.3321
4    C                1.7608               0.0834              -0.9788
5    N               -0.1777              -1.3215              -0.3938
6    N               -2.3658              -2.1670              -0.3162
7    O               -1.9525               1.1914              -0.1266
8    H               -2.3001               0.2777              -0.1345
9    H               -0.3947              -1.1638              -1.3817
10   H               -1.3194              -1.5248               1.3860
11   H                0.2573               0.5399               0.5482
12   H               -3.0287              -2.6674               0.2746
13   H               -2.2509              -2.5620              -1.2553
14   H               -0.7898               2.4624               0.9877
15   H               -1.3563               0.9363               1.9010
16   H                2.3212              -0.2545               1.7406
17   H                1.1934               0.5679              -1.7796
18   H                2.1696              -1.8618               1.0060
19   H                0.9359              -1.2728               2.1392
20   H                2.5114               0.7916              -0.6206
21   H                2.2776              -0.7856              -1.3985


Energy:                -1970.826753 Convergence criteria  Is converged 
Maximum Force:             0.022228     0.000450                No
RMS Force:                 0.012482     0.000300                No
Maximum Displacement:      0.040953     0.001800                No
RMS Displacement:          0.042640     0.001200                No

----------------------------------------------------------------------
                            Iteration: 170                            

lambda1: N/A(PRFO), lambda2: N/A(PRFO)
lowest eigenvalue: -1.828407883644104, second lowest eigenvalue: -0.24831674993038177

                             Coordinates                              
----------------------------------------------------------------------
0    C               -1.2403              -1.7140               0.3037
1    C                0.8694              -0.3844               0.1611
2    C               -1.1607               1.4202               0.9551
3    C                1.6421              -1.0118               1.3282
4    C                1.7872               0.0548              -0.9808
5    N               -0.1497              -1.3523              -0.3950
6    N               -2.3385              -2.1960              -0.3186
7    O               -1.9221               1.1612              -0.1281
8    H               -2.2681               0.2470              -0.1412
9    H               -0.3674              -1.1930              -1.3825
10   H               -1.2905              -1.5631               1.3855
11   H                0.2859               0.5076               0.5497
12   H               -3.0008              -2.6991               0.2705
13   H               -2.2254              -2.5858              -1.2601
14   H               -0.7613               2.4292               0.9916
15   H               -1.3297               0.9011               1.8999
16   H                2.3533              -0.2882               1.7363
17   H                1.2184               0.5406              -1.7799
18   H                2.2003              -1.8943               0.9994
19   H                0.9690              -1.3072               2.1362
20   H                2.5381               0.7627              -0.6225
21   H                2.3037              -0.8132              -1.4030


Energy:                -1970.828375 Convergence criteria  Is converged 
Maximum Force:             0.022208     0.000450                No
RMS Force:                 0.012475     0.000300                No
Maximum Displacement:      0.038327     0.001800                No
RMS Displacement:          0.042640     0.001200                No

----------------------------------------------------------------------
                            Iteration: 171                            

lambda1: N/A(PRFO), lambda2: N/A(PRFO)
lowest eigenvalue: -1.8689266443252563, second lowest eigenvalue: -0.25209397077560425

                             Coordinates                              
----------------------------------------------------------------------
0    C               -1.2312              -1.6729               0.2960
1    C                0.8784              -0.3434               0.1533
2    C               -1.1516               1.4614               0.9471
3    C                1.6509              -0.9706               1.3207
4    C                1.7965               0.0955              -0.9885
5    N               -0.1405              -1.3114              -0.4028
6    N               -2.3292              -2.1553              -0.3262
7    O               -1.9132               1.2021              -0.1359
8    H               -2.2593               0.2879              -0.1485
9    H               -0.3581              -1.1523              -1.3903
10   H               -1.2815              -1.5214               1.3776
11   H                0.2950               0.5486               0.5417
12   H               -2.9917              -2.6581               0.2631
13   H               -2.2160              -2.5457              -1.2674
14   H               -0.7522               2.4703               0.9833
15   H               -1.3204               0.9424               1.8921
16   H                2.3621              -0.2469               1.7289
17   H                1.2278               0.5811              -1.7877
18   H                2.2092              -1.8532               0.9922
19   H                0.9777              -1.2659               2.1286
20   H                2.5474               0.8034              -0.6302
21   H                2.3131              -0.7726              -1.4104


Energy:                -1970.828219 Convergence criteria  Is converged 
Maximum Force:             0.022207     0.000450                No
RMS Force:                 0.012474     0.000300                No
Maximum Displacement:      0.041733     0.001800                No
RMS Displacement:          0.042640     0.001200                No

----------------------------------------------------------------------
                            Iteration: 172                            

lambda1: N/A(PRFO), lambda2: N/A(PRFO)
lowest eigenvalue: -1.8881757259368896, second lowest eigenvalue: -0.2500837445259094

                             Coordinates                              
----------------------------------------------------------------------
0    C               -1.2150              -1.6677               0.3351
1    C                0.8946              -0.3383               0.1923
2    C               -1.1354               1.4666               0.9860
3    C                1.6668              -0.9653               1.3600
4    C                1.8129               0.1003              -0.9494
5    N               -0.1243              -1.3064              -0.3637
6    N               -2.3129              -2.1505              -0.2871
7    O               -1.8972               1.2071              -0.0968
8    H               -2.2436               0.2929              -0.1089
9    H               -0.3418              -1.1475              -1.3513
10   H               -1.2654              -1.5155               1.4166
11   H                0.3111               0.5538               0.5804
12   H               -2.9754              -2.6530               0.3024
13   H               -2.1994              -2.5416              -1.2280
14   H               -0.7360               2.4756               1.0218
15   H               -1.3041               0.9478               1.9311
16   H                2.3778              -0.2416               1.7682
17   H                1.2444               0.5858              -1.7488
18   H                2.2251              -1.8480               1.0318
19   H                0.9933              -1.2605               2.1679
20   H                2.5638               0.8083              -0.5911
21   H                2.3295              -0.7679              -1.3710


Energy:                -1970.828047 Convergence criteria  Is converged 
Maximum Force:             0.022206     0.000450                No
RMS Force:                 0.012474     0.000300                No
Maximum Displacement:      0.039610     0.001800                No
RMS Displacement:          0.042640     0.001200                No

----------------------------------------------------------------------
                            Iteration: 173                            

lambda1: N/A(PRFO), lambda2: N/A(PRFO)
lowest eigenvalue: -1.8882967233657837, second lowest eigenvalue: -0.24802100658416748

                             Coordinates                              
----------------------------------------------------------------------
0    C               -1.2323              -1.6693               0.3562
1    C                0.8757              -0.3490               0.2106
2    C               -1.1541               1.4667               0.9946
3    C                1.6322              -0.9645               1.3952
4    C                1.8081               0.0733              -0.9263
5    N               -0.1383              -1.3212              -0.3450
6    N               -2.3222              -2.1782              -0.2612
7    O               -1.9265               1.1898              -0.0767
8    H               -2.2829               0.2788              -0.0575
9    H               -0.3512              -1.1730              -1.3352
10   H               -1.2863              -1.4804               1.4311
11   H                0.2927               0.5493               0.5820
12   H               -2.9885              -2.6625               0.3397
13   H               -2.1956              -2.6041              -1.1863
14   H               -0.7537               2.4761               1.0114
15   H               -1.3098               0.9587               1.9481
16   H                2.3379              -0.2368               1.8058
17   H                1.2479               0.5508              -1.7365
18   H                2.1951              -1.8504               1.0832
19   H                0.9482              -1.2523               2.1971
20   H                2.5567               0.7838              -0.5685
21   H                2.3266              -0.8011              -1.3327


Energy:                -1970.818006 Convergence criteria  Is converged 
Maximum Force:             0.021839     0.000450                No
RMS Force:                 0.012457     0.000300                No
Maximum Displacement:      0.062528     0.001800                No
RMS Displacement:          0.042640     0.001200                No

----------------------------------------------------------------------
                            Iteration: 174                            

lambda1: N/A(PRFO), lambda2: N/A(PRFO)
lowest eigenvalue: -1.6646835803985596, second lowest eigenvalue: -0.12673765420913696

                             Coordinates                              
----------------------------------------------------------------------
0    C               -1.2603              -1.6407               0.3618
1    C                0.8488              -0.3185               0.2162
2    C               -1.1831               1.4886               1.0093
3    C                1.6116              -0.9393               1.3941
4    C                1.7750               0.1117              -0.9227
5    N               -0.1672              -1.2889              -0.3394
6    N               -2.3507              -2.1467              -0.2566
7    O               -1.9496               1.2258              -0.0696
8    H               -2.3041               0.3137              -0.0681
9    H               -0.3812              -1.1401              -1.3292
10   H               -1.3135              -1.4591               1.4383
11   H                0.2653               0.5769               0.5957
12   H               -3.0168              -2.6340               0.3419
13   H               -2.2269              -2.5643              -1.1857
14   H               -0.7828               2.4977               1.0418
15   H               -1.3437               0.9673               1.9548
16   H                2.3186              -0.2131               1.8050
17   H                1.2106               0.5926              -1.7281
18   H                2.1739              -1.8231               1.0749
19   H                0.9316              -1.2319               2.1976
20   H                2.5240               0.8216              -0.5645
21   H                2.2933              -0.7595              -1.3362


Energy:                -1970.822142 Convergence criteria  Is converged 
Maximum Force:             0.021434     0.000450                No
RMS Force:                 0.012227     0.000300                No
Maximum Displacement:      0.041797     0.001800                No
RMS Displacement:          0.042640     0.001200                No

----------------------------------------------------------------------
                            Iteration: 175                            

lambda1: N/A(PRFO), lambda2: N/A(PRFO)
lowest eigenvalue: -1.761359453201294, second lowest eigenvalue: -0.100862056016922

                             Coordinates                              
----------------------------------------------------------------------
0    C               -1.2393              -1.6087               0.3683
1    C                0.8701              -0.2855               0.2216
2    C               -1.1648               1.5077               1.0305
3    C                1.6411              -0.9143               1.3900
4    C                1.7883               0.1557              -0.9197
5    N               -0.1486              -1.2527              -0.3346
6    N               -2.3331              -2.1085              -0.2495
7    O               -1.9230               1.2667              -0.0592
8    H               -2.2737               0.3532              -0.0852
9    H               -0.3653              -1.1015              -1.3233
10   H               -1.2877              -1.4367               1.4469
11   H                0.2864               0.6058               0.6125
12   H               -2.9969              -2.6009               0.3470
13   H               -2.2147              -2.5155              -1.1838
14   H               -0.7635               2.5155               1.0854
15   H               -1.3342               0.9689               1.9649
16   H                2.3497              -0.1904               1.8021
17   H                1.2187               0.6415              -1.7183
18   H                2.2023              -1.7951               1.0609
19   H                0.9661              -1.2135               2.1954
20   H                2.5381               0.8643              -0.5604
21   H                2.3061              -0.7112              -1.3427


Energy:                -1970.824327 Convergence criteria  Is converged 
Maximum Force:             0.021039     0.000450                No
RMS Force:                 0.011992     0.000300                No
Maximum Displacement:      0.048899     0.001800                No
RMS Displacement:          0.042640     0.001200                No

----------------------------------------------------------------------
                            Iteration: 176                            

lambda1: N/A(PRFO), lambda2: N/A(PRFO)
lowest eigenvalue: -1.7923001050949097, second lowest eigenvalue: -0.08732806891202927

                             Coordinates                              
----------------------------------------------------------------------
0    C               -1.2164              -1.5800               0.3465
1    C                0.8929              -0.2568               0.1997
2    C               -1.1421               1.5357               1.0094
3    C                1.6642              -0.8860               1.3677
4    C                1.8108               0.1849              -0.9416
5    N               -0.1259              -1.2238              -0.3566
6    N               -2.3105              -2.0793              -0.2712
7    O               -1.8999               1.2958              -0.0807
8    H               -2.2504               0.3821              -0.1080
9    H               -0.3427              -1.0724              -1.3452
10   H               -1.2644              -1.4084               1.4252
11   H                0.3092               0.6343               0.5912
12   H               -2.9742              -2.5720               0.3253
13   H               -2.1924              -2.4859              -1.2057
14   H               -0.7407               2.5434               1.0654
15   H               -1.3120               0.9962               1.9434
16   H                2.3729              -0.1622               1.7799
17   H                1.2410               0.6710              -1.7400
18   H                2.2254              -1.7666               1.0381
19   H                0.9895              -1.1855               2.1731
20   H                2.5606               0.8934              -0.5822
21   H                2.3286              -0.6818              -1.3651


Energy:                -1970.824202 Convergence criteria  Is converged 
Maximum Force:             0.021032     0.000450                No
RMS Force:                 0.011988     0.000300                No
Maximum Displacement:      0.029636     0.001800                No
RMS Displacement:          0.042640     0.001200                No

----------------------------------------------------------------------
                            Iteration: 177                            

lambda1: N/A(PRFO), lambda2: N/A(PRFO)
lowest eigenvalue: -1.795831322669983, second lowest eigenvalue: -0.08748994767665863

                             Coordinates                              
----------------------------------------------------------------------
0    C               -1.2565              -1.5858               0.3337
1    C                0.8528              -0.2627               0.1868
2    C               -1.1825               1.5287               0.9978
3    C                1.6245              -0.8925               1.3542
4    C                1.7702               0.1797              -0.9547
5    N               -0.1663              -1.2294              -0.3696
6    N               -2.3511              -2.0845              -0.2838
7    O               -1.9398               1.2904              -0.0931
8    H               -2.2898               0.3766              -0.1224
9    H               -0.3833              -1.0777              -1.3581
10   H               -1.3039              -1.4148               1.4125
11   H                0.2691               0.6281               0.5790
12   H               -3.0144              -2.5777               0.3127
13   H               -2.2334              -2.4904              -1.2187
14   H               -0.7809               2.5363               1.0551
15   H               -1.3530               0.9883               1.9310
16   H                2.3333              -0.1689               1.7665
17   H                1.2001               0.6661              -1.7526
18   H                2.1856              -1.7729               1.0239
19   H                0.9501              -1.1925               2.1596
20   H                2.5200               0.8882              -0.5951
21   H                2.2879              -0.6867              -1.3787


Energy:                -1970.824033 Convergence criteria  Is converged 
Maximum Force:             0.021021     0.000450                No
RMS Force:                 0.011982     0.000300                No
Maximum Displacement:      0.041058     0.001800                No
RMS Displacement:          0.042640     0.001200                No
