
Starting Transition State Search (TS) with RS-PRFO...
Trust radius adaptation: eta_shrink=0.75, eta_expand=1.75
Convergence thresholds: f_max=0.002850, f_rms=0.001900, dp_max=0.003150, dp_rms=0.002100

----------------------------------------------------------------------
                             Iteration: 1                             


                             Coordinates                              
----------------------------------------------------------------------
0    C                0.8098               0.7173              -0.1267
1    H                0.5978               1.3569              -0.9760
2    O                0.4797               1.0788               1.0688
3    C                1.3070              -0.5684              -0.1898
4    H                0.8695              -0.1141               1.4164
5    H                1.2490              -1.0009              -1.1736
6    H                2.2258              -0.8572               0.3122


Energy:                 -153.823309 Convergence criteria  Is converged 
Maximum Force:             0.143400     0.002850                No
RMS Force:                 0.050463     0.001900                No
Maximum Displacement:      0.118126     0.003150                No
RMS Displacement:          0.038327     0.002100                No

Model change: -1.547811e-03  Actual change: -1.362251e-03  rho: 0.880
Trust radius (MW):  0.200000  Step norm (MW):  0.200000  On boundary: True

----------------------------------------------------------------------
                             Iteration: 2                             


                             Coordinates                              
----------------------------------------------------------------------
0    C                0.8032               0.7283              -0.1373
1    H                0.5543               1.3833              -0.9659
2    O                0.4921               1.0682               1.0655
3    C                1.3024              -0.5704              -0.1821
4    H                0.8380              -0.1633               1.3912
5    H                1.2781              -1.0356              -1.1582
6    H                2.2067              -0.7391               0.3996


Energy:                 -153.821890 Convergence criteria  Is converged 
Maximum Force:             0.119034     0.002850                No
RMS Force:                 0.042855     0.001900                No
Maximum Displacement:      0.118056     0.003150                No
RMS Displacement:          0.038796     0.002100                No

Model change:  1.258122e-03  Actual change:  1.418427e-03  rho: 1.127
Trust radius (MW):  0.200000  Step norm (MW):  0.200000  On boundary: True

----------------------------------------------------------------------
                             Iteration: 3                             


                             Coordinates                              
----------------------------------------------------------------------
0    C                0.7915               0.7352              -0.1502
1    H                0.5436               1.3900              -0.9754
2    O                0.5057               1.0581               1.0657
3    C                1.2971              -0.5597              -0.1769
4    H                0.8322              -0.2124               1.3485
5    H                1.3355              -1.0995              -1.1101
6    H                2.1529              -0.6829               0.4926


Energy:                 -153.820030 Convergence criteria  Is converged 
Maximum Force:             0.085398     0.002850                No
RMS Force:                 0.029617     0.001900                No
Maximum Displacement:      0.093050     0.003150                No
RMS Displacement:          0.037615     0.002100                No

Model change:  1.655912e-03  Actual change:  1.860210e-03  rho: 1.123
Trust radius (MW):  0.200000  Step norm (MW):  0.200000  On boundary: True

----------------------------------------------------------------------
                             Iteration: 4                             


                             Coordinates                              
----------------------------------------------------------------------
0    C                0.7887               0.7375              -0.1519
1    H                0.5401               1.3897              -0.9765
2    O                0.5083               1.0557               1.0654
3    C                1.2972              -0.5575              -0.1733
4    H                0.8183              -0.2145               1.3126
5    H                1.3409              -1.1102              -1.0951
6    H                2.1553              -0.6851               0.4960


Energy:                 -153.820145 Convergence criteria  Is converged 
Maximum Force:             0.072444     0.002850                No
RMS Force:                 0.025636     0.001900                No
Maximum Displacement:      0.035912     0.003150                No
RMS Displacement:          0.009601     0.002100                No

Model change: -3.041916e-05  Actual change: -1.149194e-04  rho: 3.778
Trust radius (MW):  0.100000  Step norm (MW):  0.050000  On boundary: True

----------------------------------------------------------------------
                             Iteration: 5                             


                             Coordinates                              
----------------------------------------------------------------------
0    C                0.7860               0.7409              -0.1559
1    H                0.5351               1.3894              -0.9810
2    O                0.5123               1.0503               1.0658
3    C                1.2960              -0.5537              -0.1655
4    H                0.8064              -0.2032               1.2323
5    H                1.3442              -1.1296              -1.0732
6    H                2.1523              -0.6768               0.5083


Energy:                 -153.820712 Convergence criteria  Is converged 
Maximum Force:             0.039187     0.002850                No
RMS Force:                 0.014216     0.001900                No
Maximum Displacement:      0.080244     0.003150                No
RMS Displacement:          0.019529     0.002100                No

Model change: -6.431690e-04  Actual change: -5.666783e-04  rho: 0.881
Trust radius (MW):  0.100000  Step norm (MW):  0.100000  On boundary: True

----------------------------------------------------------------------
                             Iteration: 6                             


                             Coordinates                              
----------------------------------------------------------------------
0    C                0.7828               0.7382              -0.1558
1    H                0.5206               1.3823              -0.9839
2    O                0.5125               1.0530               1.0650
3    C                1.3047              -0.5518              -0.1627
4    H                0.7694              -0.2024               1.1681
5    H                1.3372              -1.1686              -1.0467
6    H                2.1428              -0.6659               0.5256


Energy:                 -153.820865 Convergence criteria  Is converged 
Maximum Force:             0.013689     0.002850                No
RMS Force:                 0.004828     0.001900                No
Maximum Displacement:      0.064219     0.003150                No
RMS Displacement:          0.020304     0.002100                No

Model change: -2.011316e-05  Actual change: -1.529349e-04  rho: 7.604
Trust radius (MW):  0.200000  Step norm (MW):  0.100000  On boundary: True

----------------------------------------------------------------------
                             Iteration: 7                             


                             Coordinates                              
----------------------------------------------------------------------
0    C                0.7827               0.7353              -0.1528
1    H                0.5186               1.3827              -0.9810
2    O                0.5113               1.0561               1.0665
3    C                1.3078              -0.5531              -0.1646
4    H                0.7648              -0.1889               1.1298
5    H                1.3284              -1.1750              -1.0436
6    H                2.1418              -0.6722               0.5238


Energy:                 -153.821045 Convergence criteria  Is converged 
Maximum Force:             0.006085     0.002850                No
RMS Force:                 0.002145     0.001900                No
Maximum Displacement:      0.038337     0.003150                No
RMS Displacement:          0.009516     0.002100                No

Model change: -2.326342e-04  Actual change: -1.803394e-04  rho: 0.775
Trust radius (MW):  0.050000  Step norm (MW):  0.049628  On boundary: False

----------------------------------------------------------------------
                             Iteration: 8                             


                             Coordinates                              
----------------------------------------------------------------------
0    C                0.7841               0.7347              -0.1508
1    H                0.5158               1.3828              -0.9770
2    O                0.5041               1.0544               1.0683
3    C                1.3165              -0.5498              -0.1690
4    H                0.7583              -0.1919               1.1242
5    H                1.3294              -1.1742              -1.0457
6    H                2.1435              -0.6746               0.5257


Energy:                 -153.821081 Convergence criteria  Is converged 
Maximum Force:             0.000085     0.002850                Yes
RMS Force:                 0.000037     0.001900                Yes
Maximum Displacement:      0.008671     0.003150                No
RMS Displacement:          0.003741     0.002100                No

Model change: -3.609100e-05  Actual change: -3.604627e-05  rho: 0.999
Trust radius (MW):  0.050000  Step norm (MW):  0.048739  On boundary: False

----------------------------------------------------------------------
                             Iteration: 9                             


                             Coordinates                              
----------------------------------------------------------------------
0    C                0.7880               0.7365              -0.1500
1    H                0.5271               1.3876              -0.9763
2    O                0.4960               1.0513               1.0676
3    C                1.3216              -0.5475              -0.1680
4    H                0.7506              -0.1951               1.1212
5    H                1.3431              -1.1687              -1.0469
6    H                2.1420              -0.6745               0.5342


Energy:                 -153.821081 Convergence criteria  Is converged 
Maximum Force:             0.000104     0.002850                Yes
RMS Force:                 0.000047     0.001900                Yes
Maximum Displacement:      0.013711     0.003150                No
RMS Displacement:          0.005584     0.002100                No

Model change: -7.439993e-09  Actual change: -3.860634e-08  rho: 5.189
Trust radius (MW):  0.050000  Step norm (MW):  0.048734  On boundary: False

----------------------------------------------------------------------
                            Iteration: 10                             


                             Coordinates                              
----------------------------------------------------------------------
0    C                0.7860               0.7334              -0.1498
1    H                0.5251               1.3844              -0.9761
2    O                0.4941               1.0482               1.0677
3    C                1.3196              -0.5506              -0.1679
4    H                0.7487              -0.1982               1.1213
5    H                1.3411              -1.1717              -1.0467
6    H                2.1400              -0.6775               0.5343


Energy:                 -153.821081 Convergence criteria  Is converged 
Maximum Force:             0.000000     0.002850                Yes
RMS Force:                 0.000000     0.001900                Yes
Maximum Displacement:      0.003127     0.003150                Yes
RMS Displacement:          0.002119     0.002100                No

Model change: -6.075378e-09  Actual change: -4.682045e-08  rho: 7.707
Trust radius (MW):  0.025000  Step norm (MW):  0.024367  On boundary: False

----------------------------------------------------------------------
                            Iteration: 11                             


                             Coordinates                              
----------------------------------------------------------------------
0    C                0.7861               0.7333              -0.1498
1    H                0.5253               1.3845              -0.9760
2    O                0.4939               1.0480               1.0677
3    C                1.3197              -0.5506              -0.1679
4    H                0.7486              -0.1983               1.1212
5    H                1.3413              -1.1717              -1.0467
6    H                2.1400              -0.6777               0.5344


Energy:                 -153.821081 Convergence criteria  Is converged 
Maximum Force:             0.000000     0.002850                Yes
RMS Force:                 0.000000     0.001900                Yes
Maximum Displacement:      0.000232     0.003150                Yes
RMS Displacement:          0.000107     0.002100                Yes

Model change: -5.532499e-12  Actual change:  6.886165e-08  rho: -12446.755
Trust radius (MW):  0.001000  Step norm (MW):  0.000975  On boundary: False


----------------------------------------------------------------------
                          Normal Termination                          


Starting Transition State Search (TS) with RS-PRFO...
Trust radius adaptation: eta_shrink=0.75, eta_expand=1.75
Convergence thresholds: f_max=0.002850, f_rms=0.001900, dp_max=0.003150, dp_rms=0.002100

----------------------------------------------------------------------
                             Iteration: 1                             


                             Coordinates                              
----------------------------------------------------------------------
0    C                0.8098               0.7173              -0.1267
1    H                0.5978               1.3569              -0.9760
2    O                0.4797               1.0788               1.0688
3    C                1.3070              -0.5684              -0.1898
4    H                0.8695              -0.1141               1.4164
5    H                1.2490              -1.0009              -1.1736
6    H                2.2258              -0.8572               0.3122


Energy:                 -153.823309 Convergence criteria  Is converged 
Maximum Force:             0.143400     0.002850                No
RMS Force:                 0.050463     0.001900                No
Maximum Displacement:      0.118126     0.003150                No
RMS Displacement:          0.038327     0.002100                No

Model change: -1.547848e-03  Actual change: -1.362297e-03  rho: 0.880
Trust radius (MW):  0.200000  Step norm (MW):  0.200000  On boundary: True

----------------------------------------------------------------------
                             Iteration: 2                             


                             Coordinates                              
----------------------------------------------------------------------
0    C                0.8032               0.7283              -0.1373
1    H                0.5543               1.3833              -0.9659
2    O                0.4921               1.0682               1.0655
3    C                1.3024              -0.5704              -0.1821
4    H                0.8380              -0.1633               1.3912
5    H                1.2781              -1.0356              -1.1582
6    H                2.2067              -0.7391               0.3996


Energy:                 -153.821890 Convergence criteria  Is converged 
Maximum Force:             0.119034     0.002850                No
RMS Force:                 0.042855     0.001900                No
Maximum Displacement:      0.118056     0.003150                No
RMS Displacement:          0.038796     0.002100                No

Model change:  1.258138e-03  Actual change:  1.418446e-03  rho: 1.127
Trust radius (MW):  0.200000  Step norm (MW):  0.200000  On boundary: True

----------------------------------------------------------------------
                             Iteration: 3                             


                             Coordinates                              
----------------------------------------------------------------------
0    C                0.7915               0.7352              -0.1502
1    H                0.5436               1.3900              -0.9754
2    O                0.5057               1.0581               1.0657
3    C                1.2971              -0.5597              -0.1769
4    H                0.8322              -0.2124               1.3485
5    H                1.3355              -1.0995              -1.1101
6    H                2.1529              -0.6829               0.4926


Energy:                 -153.820030 Convergence criteria  Is converged 
Maximum Force:             0.085398     0.002850                No
RMS Force:                 0.029617     0.001900                No
Maximum Displacement:      0.093050     0.003150                No
RMS Displacement:          0.037615     0.002100                No

Model change:  1.655925e-03  Actual change:  1.860222e-03  rho: 1.123
Trust radius (MW):  0.200000  Step norm (MW):  0.200000  On boundary: True

----------------------------------------------------------------------
                             Iteration: 4                             


                             Coordinates                              
----------------------------------------------------------------------
0    C                0.7887               0.7375              -0.1519
1    H                0.5401               1.3897              -0.9765
2    O                0.5083               1.0557               1.0654
3    C                1.2972              -0.5575              -0.1733
4    H                0.8183              -0.2145               1.3126
5    H                1.3409              -1.1102              -1.0951
6    H                2.1553              -0.6851               0.4960


Energy:                 -153.820145 Convergence criteria  Is converged 
Maximum Force:             0.072444     0.002850                No
RMS Force:                 0.025636     0.001900                No
Maximum Displacement:      0.035912     0.003150                No
RMS Displacement:          0.009601     0.002100                No

Model change: -3.041559e-05  Actual change: -1.148996e-04  rho: 3.778
Trust radius (MW):  0.100000  Step norm (MW):  0.050000  On boundary: True

----------------------------------------------------------------------
                             Iteration: 5                             


                             Coordinates                              
----------------------------------------------------------------------
0    C                0.7860               0.7409              -0.1559
1    H                0.5351               1.3894              -0.9810
2    O                0.5123               1.0503               1.0658
3    C                1.2960              -0.5537              -0.1655
4    H                0.8064              -0.2032               1.2323
5    H                1.3442              -1.1296              -1.0732
6    H                2.1523              -0.6768               0.5083


Energy:                 -153.820712 Convergence criteria  Is converged 
Maximum Force:             0.039188     0.002850                No
RMS Force:                 0.014216     0.001900                No
Maximum Displacement:      0.080244     0.003150                No
RMS Displacement:          0.019529     0.002100                No

Model change: -6.431446e-04  Actual change: -5.666187e-04  rho: 0.881
Trust radius (MW):  0.100000  Step norm (MW):  0.100000  On boundary: True

----------------------------------------------------------------------
                             Iteration: 6                             


                             Coordinates                              
----------------------------------------------------------------------
0    C                0.7828               0.7382              -0.1558
1    H                0.5206               1.3823              -0.9839
2    O                0.5125               1.0530               1.0650
3    C                1.3047              -0.5518              -0.1627
4    H                0.7694              -0.2024               1.1681
5    H                1.3372              -1.1686              -1.0467
6    H                2.1428              -0.6659               0.5256


Energy:                 -153.820865 Convergence criteria  Is converged 
Maximum Force:             0.013689     0.002850                No
RMS Force:                 0.004828     0.001900                No
Maximum Displacement:      0.064220     0.003150                No
RMS Displacement:          0.020304     0.002100                No

Model change: -2.013102e-05  Actual change: -1.529838e-04  rho: 7.599
Trust radius (MW):  0.200000  Step norm (MW):  0.100000  On boundary: True

----------------------------------------------------------------------
                             Iteration: 7                             


                             Coordinates                              
----------------------------------------------------------------------
0    C                0.7827               0.7353              -0.1528
1    H                0.5186               1.3827              -0.9810
2    O                0.5113               1.0561               1.0665
3    C                1.3078              -0.5531              -0.1646
4    H                0.7648              -0.1889               1.1298
5    H                1.3284              -1.1750              -1.0436
6    H                2.1418              -0.6722               0.5238


Energy:                 -153.821045 Convergence criteria  Is converged 
Maximum Force:             0.006085     0.002850                No
RMS Force:                 0.002145     0.001900                No
Maximum Displacement:      0.038337     0.003150                No
RMS Displacement:          0.009516     0.002100                No

Model change: -2.326341e-04  Actual change: -1.803555e-04  rho: 0.775
Trust radius (MW):  0.050000  Step norm (MW):  0.049628  On boundary: False

----------------------------------------------------------------------
                             Iteration: 8                             


                             Coordinates                              
----------------------------------------------------------------------
0    C                0.7841               0.7347              -0.1508
1    H                0.5158               1.3828              -0.9770
2    O                0.5041               1.0544               1.0683
3    C                1.3165              -0.5498              -0.1690
4    H                0.7583              -0.1919               1.1242
5    H                1.3294              -1.1742              -1.0457
6    H                2.1435              -0.6746               0.5257


Energy:                 -153.821081 Convergence criteria  Is converged 
Maximum Force:             0.000085     0.002850                Yes
RMS Force:                 0.000037     0.001900                Yes
Maximum Displacement:      0.008669     0.003150                No
RMS Displacement:          0.003741     0.002100                No

Model change: -3.609086e-05  Actual change: -3.602477e-05  rho: 0.998
Trust radius (MW):  0.050000  Step norm (MW):  0.048739  On boundary: False

----------------------------------------------------------------------
                             Iteration: 9                             


                             Coordinates                              
----------------------------------------------------------------------
0    C                0.7883               0.7367              -0.1504
1    H                0.5273               1.3879              -0.9766
2    O                0.4964               1.0514               1.0672
3    C                1.3220              -0.5472              -0.1686
4    H                0.7511              -0.1949               1.1207
5    H                1.3435              -1.1683              -1.0475
6    H                2.1424              -0.6742               0.5335


Energy:                 -153.821081 Convergence criteria  Is converged 
Maximum Force:             0.000103     0.002850                Yes
RMS Force:                 0.000046     0.001900                Yes
Maximum Displacement:      0.014065     0.003150                No
RMS Displacement:          0.005610     0.002100                No

Model change: -7.439289e-09  Actual change: -2.423164e-08  rho: 3.257
Trust radius (MW):  0.050000  Step norm (MW):  0.048734  On boundary: False

----------------------------------------------------------------------
                            Iteration: 10                             


                             Coordinates                              
----------------------------------------------------------------------
0    C                0.7911               0.7434              -0.1492
1    H                0.5301               1.3945              -0.9754
2    O                0.4992               1.0581               1.0683
3    C                1.3248              -0.5405              -0.1674
4    H                0.7539              -0.1882               1.1218
5    H                1.3463              -1.1616              -1.0462
6    H                2.1452              -0.6675               0.5347


Energy:                 -153.821081 Convergence criteria  Is converged 
Maximum Force:             0.000000     0.002850                Yes
RMS Force:                 0.000000     0.001900                Yes
Maximum Displacement:      0.006720     0.003150                No
RMS Displacement:          0.004235     0.002100                No

Model change: -6.048798e-09  Actual change: -3.668970e-08  rho: 6.066
Trust radius (MW):  0.050000  Step norm (MW):  0.048734  On boundary: False

----------------------------------------------------------------------
                            Iteration: 11                             


                             Coordinates                              
----------------------------------------------------------------------
0    C                0.7912               0.7434              -0.1493
1    H                0.5304               1.3946              -0.9755
2    O                0.4991               1.0579               1.0682
3    C                1.3247              -0.5406              -0.1676
4    H                0.7537              -0.1884               1.1215
5    H                1.3463              -1.1616              -1.0465
6    H                2.1450              -0.6678               0.5346


Energy:                 -153.821081 Convergence criteria  Is converged 
Maximum Force:             0.000001     0.002850                Yes
RMS Force:                 0.000000     0.001900                Yes
Maximum Displacement:      0.000303     0.003150                Yes
RMS Displacement:          0.000162     0.002100                Yes

Model change: -5.299733e-12  Actual change: -5.612975e-09  rho: 1059.105
Trust radius (MW):  0.001563  Step norm (MW):  0.001523  On boundary: False


----------------------------------------------------------------------
                          Normal Termination                          


Starting Transition State Search (TS) with RS-PRFO...
Trust radius adaptation: eta_shrink=0.75, eta_expand=1.75
Convergence thresholds: f_max=0.002850, f_rms=0.001900, dp_max=0.003150, dp_rms=0.002100

----------------------------------------------------------------------
                             Iteration: 1                             


                             Coordinates                              
----------------------------------------------------------------------
0    C                0.8101               0.7182              -0.1266
1    H                0.6000               1.3576              -0.9759
2    O                0.4806               1.0757               1.0696
3    C                1.3070              -0.5694              -0.1875
4    H                0.8627              -0.1031               1.4121
5    H                1.2420              -0.9999              -1.1715
6    H                2.2386              -0.8590               0.2938


Energy:                 -153.824781 Convergence criteria  Is converged 
Maximum Force:             0.146009     0.002850                No
RMS Force:                 0.051400     0.001900                No
Maximum Displacement:      0.115404     0.003150                No
RMS Displacement:          0.037514     0.002100                No

Model change: -2.172197e-03  Actual change: -1.974069e-03  rho: 0.909
Trust radius (MW):  0.200000  Step norm (MW):  0.200000  On boundary: True

----------------------------------------------------------------------
                             Iteration: 2                             


                             Coordinates                              
----------------------------------------------------------------------
0    C                0.8041               0.7333              -0.1383
1    H                0.5518               1.3917              -0.9626
2    O                0.4924               1.0626               1.0644
3    C                1.3040              -0.5746              -0.1737
4    H                0.8153              -0.1353               1.3812
5    H                1.2508              -1.0314              -1.1538
6    H                2.2449              -0.7399               0.3518


Energy:                 -153.824088 Convergence criteria  Is converged 
Maximum Force:             0.127314     0.002850                No
RMS Force:                 0.046695     0.001900                No
Maximum Displacement:      0.119042     0.003150                No
RMS Displacement:          0.036395     0.002100                No

Model change:  6.233213e-04  Actual change:  6.924642e-04  rho: 1.111
Trust radius (MW):  0.200000  Step norm (MW):  0.200000  On boundary: True

----------------------------------------------------------------------
                             Iteration: 3                             


                             Coordinates                              
----------------------------------------------------------------------
0    C                0.7954               0.7460              -0.1547
1    H                0.5355               1.4112              -0.9672
2    O                0.5056               1.0472               1.0631
3    C                1.2991              -0.5667              -0.1614
4    H                0.7864              -0.1711               1.3377
5    H                1.2799              -1.0963              -1.1050
6    H                2.2145              -0.6585               0.4196


Energy:                 -153.822502 Convergence criteria  Is converged 
Maximum Force:             0.102138     0.002850                No
RMS Force:                 0.038007     0.001900                No
Maximum Displacement:      0.081415     0.003150                No
RMS Displacement:          0.034798     0.002100                No

Model change:  1.664750e-03  Actual change:  1.586216e-03  rho: 0.953
Trust radius (MW):  0.200000  Step norm (MW):  0.200000  On boundary: True

----------------------------------------------------------------------
                             Iteration: 4                             


                             Coordinates                              
----------------------------------------------------------------------
0    C                0.7877               0.7521              -0.1698
1    H                0.5302               1.4145              -0.9811
2    O                0.5177               1.0355               1.0633
3    C                1.2920              -0.5517              -0.1518
4    H                0.7910              -0.1892               1.2638
5    H                1.3154              -1.1672              -1.0374
6    H                2.1632              -0.6383               0.5032


Energy:                 -153.821515 Convergence criteria  Is converged 
Maximum Force:             0.061626     0.002850                No
RMS Force:                 0.023306     0.001900                No
Maximum Displacement:      0.083602     0.003150                No
RMS Displacement:          0.036449     0.002100                No

Model change:  9.264567e-04  Actual change:  9.872268e-04  rho: 1.066
Trust radius (MW):  0.200000  Step norm (MW):  0.200000  On boundary: True

----------------------------------------------------------------------
                             Iteration: 5                             


                             Coordinates                              
----------------------------------------------------------------------
0    C                0.7892               0.7377              -0.1668
1    H                0.5339               1.3725              -1.0026
2    O                0.4994               1.0533               1.0501
3    C                1.3154              -0.5534              -0.1379
4    H                0.7509              -0.2067               1.1996
5    H                1.3518              -1.2003              -0.9975
6    H                2.1562              -0.6376               0.5559


Energy:                 -153.820487 Convergence criteria  Is converged 
Maximum Force:             0.017972     0.002850                No
RMS Force:                 0.006652     0.001900                No
Maximum Displacement:      0.064147     0.003150                No
RMS Displacement:          0.028369     0.002100                No

Model change:  1.290567e-03  Actual change:  1.027593e-03  rho: 0.796
Trust radius (MW):  0.200000  Step norm (MW):  0.200000  On boundary: True

----------------------------------------------------------------------
                             Iteration: 6                             


                             Coordinates                              
----------------------------------------------------------------------
0    C                0.7861               0.7155              -0.1629
1    H                0.5257               1.3269              -1.0201
2    O                0.4995               1.0841               1.0403
3    C                1.3204              -0.5687              -0.1257
4    H                0.7532              -0.1564               1.1426
5    H                1.3441              -1.2277              -0.9778
6    H                2.1471              -0.6561               0.5752


Energy:                 -153.821058 Convergence criteria  Is converged 
Maximum Force:             0.003673     0.002850                No
RMS Force:                 0.001640     0.001900                Yes
Maximum Displacement:      0.057026     0.003150                No
RMS Displacement:          0.024110     0.002100                No

Model change: -4.876755e-04  Actual change: -5.703982e-04  rho: 1.170
Trust radius (MW):  0.200000  Step norm (MW):  0.195385  On boundary: False

----------------------------------------------------------------------
                             Iteration: 7                             


                             Coordinates                              
----------------------------------------------------------------------
0    C                0.7731               0.7097              -0.1645
1    H                0.4821               1.3104              -1.0191
2    O                0.4983               1.0834               1.0403
3    C                1.3337              -0.5625              -0.1250
4    H                0.7814              -0.1527               1.1550
5    H                1.3509              -1.2295              -0.9698
6    H                2.1707              -0.6350               0.5656


Energy:                 -153.821081 Convergence criteria  Is converged 
Maximum Force:             0.000516     0.002850                Yes
RMS Force:                 0.000222     0.001900                Yes
Maximum Displacement:      0.043615     0.003150                No
RMS Displacement:          0.015079     0.002100                No

Model change: -2.457281e-05  Actual change: -2.300349e-05  rho: 0.936
Trust radius (MW):  0.100000  Step norm (MW):  0.097475  On boundary: False

----------------------------------------------------------------------
                             Iteration: 8                             


                             Coordinates                              
----------------------------------------------------------------------
0    C                0.7686               0.7086              -0.1648
1    H                0.4777               1.3089              -1.0190
2    O                0.4942               1.0825               1.0400
3    C                1.3287              -0.5635              -0.1255
4    H                0.7761              -0.1538               1.1547
5    H                1.3460              -1.2305              -0.9701
6    H                2.1653              -0.6361               0.5652


Energy:                 -153.821081 Convergence criteria  Is converged 
Maximum Force:             0.000001     0.002850                Yes
RMS Force:                 0.000000     0.001900                Yes
Maximum Displacement:      0.005375     0.003150                No
RMS Displacement:          0.002871     0.002100                No

Model change: -3.351857e-07  Actual change: -2.935177e-07  rho: 0.876
Trust radius (MW):  0.100000  Step norm (MW):  0.031119  On boundary: False

----------------------------------------------------------------------
                             Iteration: 9                             


                             Coordinates                              
----------------------------------------------------------------------
0    C                0.7622               0.7070              -0.1639
1    H                0.4574               1.3015              -1.0174
2    O                0.4964               1.0828               1.0423
3    C                1.3343              -0.5599              -0.1254
4    H                0.7907              -0.1505               1.1587
5    H                1.3492              -1.2299              -0.9678
6    H                2.1784              -0.6224               0.5572


Energy:                 -153.821081 Convergence criteria  Is converged 
Maximum Force:             0.000119     0.002850                Yes
RMS Force:                 0.000055     0.001900                Yes
Maximum Displacement:      0.020281     0.003150                No
RMS Displacement:          0.007702     0.002100                No

Model change: -2.208347e-10  Actual change: -2.409473e-08  rho: 109.108
Trust radius (MW):  0.050000  Step norm (MW):  0.048735  On boundary: False

----------------------------------------------------------------------
                            Iteration: 10                             


                             Coordinates                              
----------------------------------------------------------------------
0    C                0.7650               0.7052              -0.1622
1    H                0.4602               1.2997              -1.0156
2    O                0.4992               1.0811               1.0439
3    C                1.3371              -0.5616              -0.1239
4    H                0.7935              -0.1522               1.1602
5    H                1.3520              -1.2315              -0.9662
6    H                2.1811              -0.6241               0.5587


Energy:                 -153.821081 Convergence criteria  Is converged 
Maximum Force:             0.000000     0.002850                Yes
RMS Force:                 0.000000     0.001900                Yes
Maximum Displacement:      0.002849     0.003150                Yes
RMS Displacement:          0.002111     0.002100                No

Model change: -2.422183e-08  Actual change: -2.012459e-08  rho: 0.831
Trust radius (MW):  0.025000  Step norm (MW):  0.024367  On boundary: False

----------------------------------------------------------------------
                            Iteration: 11                             


                             Coordinates                              
----------------------------------------------------------------------
0    C                0.7646               0.7054              -0.1619
1    H                0.4590               1.2992              -1.0156
2    O                0.4990               1.0817               1.0440
3    C                1.3377              -0.5610              -0.1231
4    H                0.7943              -0.1513               1.1610
5    H                1.3528              -1.2314              -0.9651
6    H                2.1820              -0.6224               0.5592


Energy:                 -153.821081 Convergence criteria  Is converged 
Maximum Force:             0.000001     0.002850                Yes
RMS Force:                 0.000000     0.001900                Yes
Maximum Displacement:      0.001675     0.003150                Yes
RMS Displacement:          0.000750     0.002100                Yes

Model change: -2.604786e-11  Actual change: -1.067835e-08  rho: 409.951
Trust radius (MW):  0.006250  Step norm (MW):  0.006092  On boundary: False


----------------------------------------------------------------------
                          Normal Termination                          


Starting Transition State Search (TS) with RS-PRFO...
Trust radius adaptation: eta_shrink=0.75, eta_expand=1.75
Convergence thresholds: f_max=0.002850, f_rms=0.001900, dp_max=0.003150, dp_rms=0.002100

----------------------------------------------------------------------
                             Iteration: 1                             


                             Coordinates                              
----------------------------------------------------------------------
0    C                0.8064               0.7014              -0.1129
1    H                0.6268               1.3002              -0.9954
2    O                0.4290               1.1751               1.0207
3    C                1.3430              -0.5567              -0.2073
4    H                0.9413              -0.1557               1.4611
5    H                1.2827              -0.9974              -1.1792
6    H                2.2071              -0.9252               0.2587


Energy:                 -153.797876 Convergence criteria  Is converged 
Maximum Force:             0.080648     0.002850                No
RMS Force:                 0.033535     0.001900                No
Maximum Displacement:      0.116940     0.003150                No
RMS Displacement:          0.037111     0.002100                No

Model change: -1.716752e-02  Actual change: -1.697413e-02  rho: 0.989
Trust radius (MW):  0.200000  Step norm (MW):  0.200000  On boundary: True

----------------------------------------------------------------------
                             Iteration: 2                             


                             Coordinates                              
----------------------------------------------------------------------
0    C                0.7971               0.7236              -0.1270
1    H                0.5770               1.3127              -1.0170
2    O                0.4400               1.1629               1.0195
3    C                1.3420              -0.5631              -0.1915
4    H                0.8944              -0.2216               1.4182
5    H                1.2731              -1.0116              -1.1707
6    H                2.2589              -0.8537               0.3131


Energy:                 -153.802086 Convergence criteria  Is converged 
Maximum Force:             0.054321     0.002850                No
RMS Force:                 0.019592     0.001900                No
Maximum Displacement:      0.071529     0.003150                No
RMS Displacement:          0.033769     0.002100                No

Model change: -4.282196e-03  Actual change: -4.209854e-03  rho: 0.983
Trust radius (MW):  0.200000  Step norm (MW):  0.200000  On boundary: True

----------------------------------------------------------------------
                             Iteration: 3                             


                             Coordinates                              
----------------------------------------------------------------------
0    C                0.7898               0.7439              -0.1380
1    H                0.5507               1.3349              -1.0222
2    O                0.4506               1.1492               1.0163
3    C                1.3409              -0.5642              -0.1733
4    H                0.8407              -0.2799               1.3365
5    H                1.2530              -1.0553              -1.1350
6    H                2.2914              -0.7850               0.3291


Energy:                 -153.806173 Convergence criteria  Is converged 
Maximum Force:             0.050988     0.002850                No
RMS Force:                 0.018450     0.001900                No
Maximum Displacement:      0.081703     0.003150                No
RMS Displacement:          0.034510     0.002100                No

Model change: -3.062816e-03  Actual change: -4.087780e-03  rho: 1.335
Trust radius (MW):  0.200000  Step norm (MW):  0.200000  On boundary: True

----------------------------------------------------------------------
                             Iteration: 4                             


                             Coordinates                              
----------------------------------------------------------------------
0    C                0.7877               0.7490              -0.1296
1    H                0.5588               1.3343              -1.0222
2    O                0.4499               1.1532               1.0119
3    C                1.3390              -0.5672              -0.1626
4    H                0.8840              -0.3688               1.1795
5    H                1.2420              -1.0750              -1.1182
6    H                2.3102              -0.7642               0.3114


Energy:                 -153.824398 Convergence criteria  Is converged 
Maximum Force:             0.113158     0.002850                No
RMS Force:                 0.039354     0.001900                No
Maximum Displacement:      0.157035     0.003150                No
RMS Displacement:          0.041782     0.002100                No

Model change: -2.284294e-02  Actual change: -1.822503e-02  rho: 0.798
Trust radius (MW):  0.200000  Step norm (MW):  0.200000  On boundary: True

----------------------------------------------------------------------
                             Iteration: 5                             


                             Coordinates                              
----------------------------------------------------------------------
0    C                0.7835               0.7511              -0.1158
1    H                0.5605               1.3288              -1.0235
2    O                0.4479               1.1671               0.9993
3    C                1.3400              -0.5770              -0.1535
4    H                0.9316              -0.5146               1.1147
5    H                1.2506              -1.0831              -1.1095
6    H                2.3232              -0.7325               0.2961


Energy:                 -153.849759 Convergence criteria  Is converged 
Maximum Force:             0.148372     0.002850                No
RMS Force:                 0.055236     0.001900                No
Maximum Displacement:      0.145783     0.003150                No
RMS Displacement:          0.037869     0.002100                No

Model change: -2.370191e-02  Actual change: -2.536077e-02  rho: 1.070
Trust radius (MW):  0.200000  Step norm (MW):  0.200000  On boundary: True

----------------------------------------------------------------------
                             Iteration: 6                             


                             Coordinates                              
----------------------------------------------------------------------
0    C                0.7738               0.7481              -0.1131
1    H                0.5510               1.3095              -1.0350
2    O                0.4459               1.1803               0.9874
3    C                1.3465              -0.5807              -0.1370
4    H                0.9644              -0.6608               1.0839
5    H                1.2725              -1.1031              -1.0881
6    H                2.3471              -0.6769               0.2780


Energy:                 -153.874563 Convergence criteria  Is converged 
Maximum Force:             0.138530     0.002850                No
RMS Force:                 0.048845     0.001900                No
Maximum Displacement:      0.146244     0.003150                No
RMS Displacement:          0.037862     0.002100                No

Model change: -2.691439e-02  Actual change: -2.480386e-02  rho: 0.922
Trust radius (MW):  0.200000  Step norm (MW):  0.200000  On boundary: True

----------------------------------------------------------------------
                             Iteration: 7                             


                             Coordinates                              
----------------------------------------------------------------------
0    C                0.7728               0.7544              -0.1114
1    H                0.5540               1.3201              -1.0387
2    O                0.4453               1.1845               0.9850
3    C                1.3498              -0.5821              -0.1256
4    H                0.9365              -0.8041               1.0031
5    H                1.2475              -1.1359              -1.0597
6    H                2.3790              -0.6361               0.2152


Energy:                 -153.897826 Convergence criteria  Is converged 
Maximum Force:             0.103246     0.002850                No
RMS Force:                 0.039214     0.001900                No
Maximum Displacement:      0.143246     0.003150                No
RMS Displacement:          0.042144     0.002100                No

Model change: -2.446554e-02  Actual change: -2.326273e-02  rho: 0.951
Trust radius (MW):  0.200000  Step norm (MW):  0.200000  On boundary: True

----------------------------------------------------------------------
                             Iteration: 8                             


                             Coordinates                              
----------------------------------------------------------------------
0    C                0.7709               0.7589              -0.1047
1    H                0.5676               1.3191              -1.0363
2    O                0.4442               1.1902               0.9813
3    C                1.3578              -0.5835              -0.1199
4    H                0.8792              -0.9371               0.9466
5    H                1.2072              -1.1768              -1.0246
6    H                2.4084              -0.5883               0.1452


Energy:                 -153.910484 Convergence criteria  Is converged 
Maximum Force:             0.107721     0.002850                No
RMS Force:                 0.038264     0.001900                No
Maximum Displacement:      0.132977     0.003150                No
RMS Displacement:          0.042060     0.002100                No

Model change: -1.285122e-02  Actual change: -1.265838e-02  rho: 0.985
Trust radius (MW):  0.200000  Step norm (MW):  0.200000  On boundary: True

----------------------------------------------------------------------
                             Iteration: 9                             


                             Coordinates                              
----------------------------------------------------------------------
0    C                0.7684               0.7614              -0.0963
1    H                0.5916               1.3149              -1.0362
2    O                0.4410               1.2011               0.9785
3    C                1.3657              -0.5899              -0.1165
4    H                0.8480              -1.0800               0.8970
5    H                1.1700              -1.2016              -0.9989
6    H                2.4387              -0.5444               0.0731


Energy:                 -153.915059 Convergence criteria  Is converged 
Maximum Force:             0.104279     0.002850                No
RMS Force:                 0.039242     0.001900                No
Maximum Displacement:      0.142921     0.003150                No
RMS Displacement:          0.041105     0.002100                No

Model change: -4.725261e-03  Actual change: -4.575160e-03  rho: 0.968
Trust radius (MW):  0.200000  Step norm (MW):  0.200000  On boundary: True

----------------------------------------------------------------------
                            Iteration: 10                             


                             Coordinates                              
----------------------------------------------------------------------
0    C                0.7697               0.7510              -0.0817
1    H                0.6336               1.3060              -1.0299
2    O                0.4323               1.2259               0.9756
3    C                1.3707              -0.6047              -0.1202
4    H                0.8622              -1.1954               0.9014
5    H                1.1608              -1.1741              -1.0263
6    H                2.4545              -0.5396               0.0066


Energy:                 -153.911988 Convergence criteria  Is converged 
Maximum Force:             0.114483     0.002850                No
RMS Force:                 0.043322     0.001900                No
Maximum Displacement:      0.115450     0.003150                No
RMS Displacement:          0.033088     0.002100                No

Model change:  3.122585e-03  Actual change:  3.071621e-03  rho: 0.984
Trust radius (MW):  0.200000  Step norm (MW):  0.200000  On boundary: True

----------------------------------------------------------------------
                            Iteration: 11                             


                             Coordinates                              
----------------------------------------------------------------------
0    C                0.7721               0.7207              -0.0665
1    H                0.6919               1.2559              -1.0335
2    O                0.4342               1.2281               0.9689
3    C                1.3621              -0.5830              -0.1225
4    H                0.8986              -1.1286               0.8418
5    H                1.1238              -1.1386              -1.0259
6    H                2.4407              -0.5252               0.0221


Energy:                 -153.919721 Convergence criteria  Is converged 
Maximum Force:             0.115625     0.002850                No
RMS Force:                 0.042039     0.001900                No
Maximum Displacement:      0.066783     0.003150                No
RMS Displacement:          0.031084     0.002100                No

Model change: -8.649436e-03  Actual change: -7.733253e-03  rho: 0.894
Trust radius (MW):  0.200000  Step norm (MW):  0.200000  On boundary: True

----------------------------------------------------------------------
                            Iteration: 12                             


                             Coordinates                              
----------------------------------------------------------------------
0    C                0.7782               0.7357              -0.0650
1    H                0.6928               1.2844              -1.0237
2    O                0.4245               1.2453               0.9687
3    C                1.3657              -0.6126              -0.1201
4    H                0.9231              -1.2477               0.8601
5    H                1.1244              -1.1376              -1.0438
6    H                2.4526              -0.5335              -0.0336


Energy:                 -153.918013 Convergence criteria  Is converged 
Maximum Force:             0.102335     0.002850                No
RMS Force:                 0.040694     0.001900                No
Maximum Displacement:      0.119048     0.003150                No
RMS Displacement:          0.031771     0.002100                No

Model change:  1.785249e-03  Actual change:  1.708128e-03  rho: 0.957
Trust radius (MW):  0.200000  Step norm (MW):  0.200000  On boundary: True

----------------------------------------------------------------------
                            Iteration: 13                             


                             Coordinates                              
----------------------------------------------------------------------
0    C                0.7985               0.7380              -0.0607
1    H                0.7603               1.2979              -1.0210
2    O                0.4145               1.2675               0.9613
3    C                1.3553              -0.6342              -0.1144
4    H                0.9331              -1.3373               0.8828
5    H                1.0950              -1.1429              -1.0411
6    H                2.4455              -0.5761              -0.0630


Energy:                 -153.912583 Convergence criteria  Is converged 
Maximum Force:             0.111810     0.002850                No
RMS Force:                 0.045543     0.001900                No
Maximum Displacement:      0.089585     0.003150                No
RMS Displacement:          0.029852     0.002100                No

Model change:  5.532989e-03  Actual change:  5.430346e-03  rho: 0.981
Trust radius (MW):  0.200000  Step norm (MW):  0.200000  On boundary: True

----------------------------------------------------------------------
                            Iteration: 14                             


                             Coordinates                              
----------------------------------------------------------------------
0    C                0.8202               0.7389              -0.0597
1    H                0.8293               1.3065              -1.0162
2    O                0.4139               1.2863               0.9500
3    C                1.3334              -0.6490              -0.1026
4    H                0.9338              -1.4149               0.9067
5    H                1.0577              -1.1550              -1.0262
6    H                2.4255              -0.6268              -0.0788


Energy:                 -153.906044 Convergence criteria  Is converged 
Maximum Force:             0.117154     0.002850                No
RMS Force:                 0.050601     0.001900                No
Maximum Displacement:      0.077652     0.003150                No
RMS Displacement:          0.029458     0.002100                No

Model change:  6.675960e-03  Actual change:  6.538169e-03  rho: 0.979
Trust radius (MW):  0.200000  Step norm (MW):  0.200000  On boundary: True

----------------------------------------------------------------------
                            Iteration: 15                             


                             Coordinates                              
----------------------------------------------------------------------
0    C                0.8235               0.7596              -0.0573
1    H                0.8358               1.2487              -1.0598
2    O                0.4159               1.2763               0.9458
3    C                1.3236              -0.6576              -0.0909
4    H                1.0181              -1.4646               0.8411
5    H                1.0239              -1.1146              -1.0326
6    H                2.4143              -0.5462              -0.0657


Energy:                 -153.911501 Convergence criteria  Is converged 
Maximum Force:             0.105312     0.002850                No
RMS Force:                 0.041436     0.001900                No
Maximum Displacement:      0.084289     0.003150                No
RMS Displacement:          0.037567     0.002100                No

Model change: -5.507860e-03  Actual change: -5.456703e-03  rho: 0.991
Trust radius (MW):  0.200000  Step norm (MW):  0.200000  On boundary: True

----------------------------------------------------------------------
                            Iteration: 16                             


                             Coordinates                              
----------------------------------------------------------------------
0    C                0.8276               0.7279              -0.0695
1    H                0.8383               1.3014              -1.0244
2    O                0.4080               1.2917               0.9610
3    C                1.3300              -0.6535              -0.0974
4    H                0.9766              -1.3933               0.8517
5    H                1.0558              -1.1209              -1.0419
6    H                2.4216              -0.5781              -0.1199


Energy:                 -153.913344 Convergence criteria  Is converged 
Maximum Force:             0.106200     0.002850                No
RMS Force:                 0.056044     0.001900                No
Maximum Displacement:      0.071364     0.003150                No
RMS Displacement:          0.029220     0.002100                No

Model change: -1.626308e-03  Actual change: -1.843406e-03  rho: 1.133
Trust radius (MW):  0.200000  Step norm (MW):  0.200000  On boundary: True

----------------------------------------------------------------------
                            Iteration: 17                             


                             Coordinates                              
----------------------------------------------------------------------
0    C                0.8298               0.7164              -0.0645
1    H                0.8294               1.3537              -0.9739
2    O                0.4025               1.2785               0.9748
3    C                1.3394              -0.6396              -0.1201
4    H                0.9371              -1.3068               0.8860
5    H                1.0435              -1.0837              -1.0724
6    H                2.4317              -0.5747              -0.1821


Energy:                 -153.908588 Convergence criteria  Is converged 
Maximum Force:             0.125303     0.002850                No
RMS Force:                 0.063629     0.001900                No
Maximum Displacement:      0.086494     0.003150                No
RMS Displacement:          0.033363     0.002100                No

Model change:  4.740523e-03  Actual change:  4.756094e-03  rho: 1.003
Trust radius (MW):  0.200000  Step norm (MW):  0.200000  On boundary: True

----------------------------------------------------------------------
                            Iteration: 18                             


                             Coordinates                              
----------------------------------------------------------------------
0    C                0.8338               0.7104              -0.0712
1    H                0.8213               1.3660              -0.9617
2    O                0.4010               1.2805               0.9778
3    C                1.3358              -0.6369              -0.1151
4    H                0.9798              -1.2954               0.8160
5    H                1.0320              -1.0893              -1.0596
6    H                2.4271              -0.5839              -0.1642


Energy:                 -153.915782 Convergence criteria  Is converged 
Maximum Force:             0.148774     0.002850                No
RMS Force:                 0.066426     0.001900                No
Maximum Displacement:      0.070004     0.003150                No
RMS Displacement:          0.019676     0.002100                No

Model change: -7.641604e-03  Actual change: -7.193670e-03  rho: 0.941
Trust radius (MW):  0.100000  Step norm (MW):  0.100000  On boundary: True

----------------------------------------------------------------------
                            Iteration: 19                             


                             Coordinates                              
----------------------------------------------------------------------
0    C                0.8335               0.7102              -0.0684
1    H                0.8163               1.3706              -0.9501
2    O                0.4020               1.2793               0.9748
3    C                1.3326              -0.6352              -0.1110
4    H                1.0217              -1.2702               0.7400
5    H                1.0252              -1.1027              -1.0458
6    H                2.4231              -0.5989              -0.1474


Energy:                 -153.922364 Convergence criteria  Is converged 
Maximum Force:             0.145359     0.002850                No
RMS Force:                 0.057142     0.001900                No
Maximum Displacement:      0.076063     0.003150                No
RMS Displacement:          0.021086     0.002100                No

Model change: -7.344133e-03  Actual change: -6.581607e-03  rho: 0.896
Trust radius (MW):  0.100000  Step norm (MW):  0.100000  On boundary: True

----------------------------------------------------------------------
                            Iteration: 20                             


                             Coordinates                              
----------------------------------------------------------------------
0    C                0.8358               0.7127              -0.0635
1    H                0.8113               1.3819              -0.9355
2    O                0.4022               1.2761               0.9713
3    C                1.3305              -0.6279              -0.1146
4    H                1.0608              -1.2768               0.7099
5    H                0.9866              -1.1325              -1.0177
6    H                2.4215              -0.6385              -0.1203


Energy:                 -153.922192 Convergence criteria  Is converged 
Maximum Force:             0.144591     0.002850                No
RMS Force:                 0.054397     0.001900                No
Maximum Displacement:      0.039643     0.003150                No
RMS Displacement:          0.020052     0.002100                No

Model change:  1.578038e-04  Actual change:  1.714242e-04  rho: 1.086
Trust radius (MW):  0.100000  Step norm (MW):  0.100000  On boundary: True

----------------------------------------------------------------------
                            Iteration: 21                             


                             Coordinates                              
----------------------------------------------------------------------
0    C                0.8449               0.7095              -0.0721
1    H                0.8298               1.3845              -0.9377
2    O                0.3986               1.2786               0.9777
3    C                1.3269              -0.6292              -0.1143
4    H                1.0742              -1.2462               0.7400
5    H                0.9515              -1.1442              -0.9984
6    H                2.4164              -0.6476              -0.1710


Energy:                 -153.919577 Convergence criteria  Is converged 
Maximum Force:             0.165665     0.002850                No
RMS Force:                 0.064987     0.001900                No
Maximum Displacement:      0.050659     0.003150                No
RMS Displacement:          0.018314     0.002100                No

Model change:  2.630104e-03  Actual change:  2.614993e-03  rho: 0.994
Trust radius (MW):  0.100000  Step norm (MW):  0.100000  On boundary: True

----------------------------------------------------------------------
                            Iteration: 22                             


                             Coordinates                              
----------------------------------------------------------------------
0    C                0.8438               0.7089              -0.0653
1    H                0.8235               1.3938              -0.9231
2    O                0.4006               1.2765               0.9717
3    C                1.3255              -0.6242              -0.1149
4    H                1.0804              -1.2552               0.7316
5    H                0.9518              -1.1564              -0.9884
6    H                2.4141              -0.6558              -0.1657


Energy:                 -153.919913 Convergence criteria  Is converged 
Maximum Force:             0.167042     0.002850                No
RMS Force:                 0.061307     0.001900                No
Maximum Displacement:      0.014529     0.003150                No
RMS Displacement:          0.006901     0.002100                No

Model change: -3.412942e-04  Actual change: -3.357984e-04  rho: 0.984
Trust radius (MW):  0.050000  Step norm (MW):  0.050000  On boundary: True

----------------------------------------------------------------------
                            Iteration: 23                             


                             Coordinates                              
----------------------------------------------------------------------
0    C                0.8481               0.7045              -0.0643
1    H                0.8292               1.3992              -0.9135
2    O                0.3998               1.2760               0.9709
3    C                1.3227              -0.6201              -0.1146
4    H                1.0873              -1.2417               0.7402
5    H                0.9402              -1.1605              -0.9783
6    H                2.4087              -0.6586              -0.1967


Energy:                 -153.918420 Convergence criteria  Is converged 
Maximum Force:             0.185565     0.002850                No
RMS Force:                 0.065574     0.001900                No
Maximum Displacement:      0.030943     0.003150                No
RMS Displacement:          0.009179     0.002100                No

Model change:  1.492231e-03  Actual change:  1.493237e-03  rho: 1.001
Trust radius (MW):  0.050000  Step norm (MW):  0.050000  On boundary: True

----------------------------------------------------------------------
                            Iteration: 24                             


                             Coordinates                              
----------------------------------------------------------------------
0    C                0.8501               0.7016              -0.0585
1    H                0.8345               1.3971              -0.9059
2    O                0.4004               1.2740               0.9671
3    C                1.3197              -0.6130              -0.1157
4    H                1.0980              -1.2387               0.7398
5    H                0.9317              -1.1701              -0.9656
6    H                2.4033              -0.6670              -0.2129


Energy:                 -153.917574 Convergence criteria  Is converged 
Maximum Force:             0.197050     0.002850                No
RMS Force:                 0.066862     0.001900                No
Maximum Displacement:      0.016259     0.003150                No
RMS Displacement:          0.007012     0.002100                No

Model change:  8.428593e-04  Actual change:  8.454606e-04  rho: 1.003
Trust radius (MW):  0.050000  Step norm (MW):  0.050000  On boundary: True

----------------------------------------------------------------------
                            Iteration: 25                             


                             Coordinates                              
----------------------------------------------------------------------
0    C                0.8541               0.6985              -0.0594
1    H                0.8487               1.3849              -0.9125
2    O                0.3989               1.2741               0.9688
3    C                1.3170              -0.6099              -0.1153
4    H                1.1047              -1.2230               0.7507
5    H                0.9257              -1.1712              -0.9601
6    H                2.3969              -0.6710              -0.2438


Energy:                 -153.916645 Convergence criteria  Is converged 
Maximum Force:             0.210985     0.002850                No
RMS Force:                 0.071691     0.001900                No
Maximum Displacement:      0.030892     0.003150                No
RMS Displacement:          0.009587     0.002100                No

Model change:  9.274141e-04  Actual change:  9.288563e-04  rho: 1.002
Trust radius (MW):  0.050000  Step norm (MW):  0.050000  On boundary: True

----------------------------------------------------------------------
                            Iteration: 26                             


                             Coordinates                              
----------------------------------------------------------------------
0    C                0.8566               0.6913              -0.0578
1    H                0.8472               1.3839              -0.9041
2    O                0.3991               1.2738               0.9672
3    C                1.3136              -0.6003              -0.1155
4    H                1.1122              -1.2266               0.7439
5    H                0.9318              -1.1781              -0.9532
6    H                2.3915              -0.6829              -0.2437


Energy:                 -153.912581 Convergence criteria  Is converged 
Maximum Force:             0.244794     0.002850                No
RMS Force:                 0.081731     0.001900                No
Maximum Displacement:      0.011911     0.003150                No
RMS Displacement:          0.005587     0.002100                No

Model change:  4.049271e-03  Actual change:  4.064606e-03  rho: 1.004
Trust radius (MW):  0.050000  Step norm (MW):  0.050000  On boundary: True

----------------------------------------------------------------------
                            Iteration: 27                             


                             Coordinates                              
----------------------------------------------------------------------
0    C                0.8568               0.6879              -0.0512
1    H                0.8554               1.3667              -0.9076
2    O                0.4007               1.2711               0.9633
3    C                1.3103              -0.5924              -0.1169
4    H                1.1200              -1.2194               0.7430
5    H                0.9319              -1.1768              -0.9503
6    H                2.3870              -0.6858              -0.2414


Energy:                 -153.911631 Convergence criteria  Is converged 
Maximum Force:             0.257697     0.002850                No
RMS Force:                 0.084602     0.001900                No
Maximum Displacement:      0.017278     0.003150                No
RMS Displacement:          0.005738     0.002100                No

Model change:  9.450877e-04  Actual change:  9.494513e-04  rho: 1.005
Trust radius (MW):  0.050000  Step norm (MW):  0.050000  On boundary: True

----------------------------------------------------------------------
                            Iteration: 28                             


                             Coordinates                              
----------------------------------------------------------------------
0    C                0.8611               0.6784              -0.0549
1    H                0.8572               1.3622              -0.9057
2    O                0.3996               1.2723               0.9656
3    C                1.3079              -0.5849              -0.1168
4    H                1.1211              -1.2169               0.7381
5    H                0.9271              -1.1737              -0.9446
6    H                2.3841              -0.6817              -0.2378


Energy:                 -153.905829 Convergence criteria  Is converged 
Maximum Force:             0.304967     0.002850                No
RMS Force:                 0.099604     0.001900                No
Maximum Displacement:      0.009497     0.003150                No
RMS Displacement:          0.004101     0.002100                No

Model change:  5.798492e-03  Actual change:  5.802568e-03  rho: 1.001
Trust radius (MW):  0.050000  Step norm (MW):  0.050000  On boundary: True

----------------------------------------------------------------------
                            Iteration: 29                             


                             Coordinates                              
----------------------------------------------------------------------
0    C                0.8610               0.6759              -0.0486
1    H                0.8635               1.3497              -0.9072
2    O                0.4020               1.2682               0.9605
3    C                1.3046              -0.5772              -0.1160
4    H                1.1212              -1.2120               0.7381
5    H                0.9264              -1.1694              -0.9426
6    H                2.3805              -0.6761              -0.2426


Energy:                 -153.904725 Convergence criteria  Is converged 
Maximum Force:             0.317076     0.002850                No
RMS Force:                 0.102755     0.001900                No
Maximum Displacement:      0.012533     0.003150                No
RMS Displacement:          0.004775     0.002100                No

Model change:  1.099038e-03  Actual change:  1.104188e-03  rho: 1.005
Trust radius (MW):  0.050000  Step norm (MW):  0.050000  On boundary: True

----------------------------------------------------------------------
                            Iteration: 30                             


                             Coordinates                              
----------------------------------------------------------------------
0    C                0.8653               0.6740              -0.0515
1    H                0.8781               1.3400              -0.9160
2    O                0.4018               1.2668               0.9605
3    C                1.3009              -0.5746              -0.1124
4    H                1.1281              -1.1984               0.7510
5    H                0.9084              -1.1650              -0.9335
6    H                2.3742              -0.6712              -0.2629


Energy:                 -153.903239 Convergence criteria  Is converged 
Maximum Force:             0.333437     0.002850                No
RMS Force:                 0.107982     0.001900                No
Maximum Displacement:      0.020257     0.003150                No
RMS Displacement:          0.009129     0.002100                No

Model change:  1.484147e-03  Actual change:  1.485286e-03  rho: 1.001
Trust radius (MW):  0.050000  Step norm (MW):  0.050000  On boundary: True

----------------------------------------------------------------------
                            Iteration: 31                             


                             Coordinates                              
----------------------------------------------------------------------
0    C                0.8678               0.6718              -0.0481
1    H                0.8882               1.3333              -0.9168
2    O                0.4026               1.2647               0.9588
3    C                1.2981              -0.5702              -0.1133
4    H                1.1387              -1.1847               0.7585
5    H                0.8846              -1.1644              -0.9209
6    H                2.3673              -0.6714              -0.2849


Energy:                 -153.901662 Convergence criteria  Is converged 
Maximum Force:             0.349432     0.002850                No
RMS Force:                 0.112338     0.001900                No
Maximum Displacement:      0.023829     0.003150                No
RMS Displacement:          0.009314     0.002100                No

Model change:  1.576617e-03  Actual change:  1.577726e-03  rho: 1.001
Trust radius (MW):  0.050000  Step norm (MW):  0.050000  On boundary: True

----------------------------------------------------------------------
                            Iteration: 32                             


                             Coordinates                              
----------------------------------------------------------------------
0    C                0.8737               0.6686              -0.0483
1    H                0.9039               1.3305              -0.9166
2    O                0.4027               1.2645               0.9589
3    C                1.2933              -0.5677              -0.1134
4    H                1.1407              -1.1709               0.7663
5    H                0.8611              -1.1610              -0.9107
6    H                2.3582              -0.6734              -0.3030


Energy:                 -153.898811 Convergence criteria  Is converged 
Maximum Force:             0.375601     0.002850                No
RMS Force:                 0.119802     0.001900                No
Maximum Displacement:      0.023510     0.003150                No
RMS Displacement:          0.008903     0.002100                No

Model change:  2.849415e-03  Actual change:  2.850525e-03  rho: 1.000
Trust radius (MW):  0.050000  Step norm (MW):  0.050000  On boundary: True

----------------------------------------------------------------------
                            Iteration: 33                             


                             Coordinates                              
----------------------------------------------------------------------
0    C                0.8790               0.6670              -0.0438
1    H                0.9228               1.3297              -0.9123
2    O                0.4041               1.2629               0.9578
3    C                1.2876              -0.5653              -0.1159
4    H                1.1337              -1.1601               0.7682
5    H                0.8415              -1.1523              -0.9092
6    H                2.3492              -0.6763              -0.3155


Energy:                 -153.897068 Convergence criteria  Is converged 
Maximum Force:             0.393616     0.002850                No
RMS Force:                 0.124238     0.001900                No
Maximum Displacement:      0.019605     0.003150                No
RMS Displacement:          0.008043     0.002100                No

Model change:  1.743399e-03  Actual change:  1.742815e-03  rho: 1.000
Trust radius (MW):  0.050000  Step norm (MW):  0.050000  On boundary: True

----------------------------------------------------------------------
                            Iteration: 34                             


                             Coordinates                              
----------------------------------------------------------------------
0    C                0.8751               0.6626              -0.0467
1    H                0.9091               1.3216              -0.9187
2    O                0.4030               1.2625               0.9574
3    C                1.2930              -0.5616              -0.1128
4    H                1.1500              -1.1477               0.7782
5    H                0.8368              -1.1539              -0.8966
6    H                2.3511              -0.6650              -0.3293


Energy:                 -153.895197 Convergence criteria  Is converged 
Maximum Force:             0.409544     0.002850                No
RMS Force:                 0.128872     0.001900                No
Maximum Displacement:      0.016322     0.003150                No
RMS Displacement:          0.008202     0.002100                No

Model change:  1.871693e-03  Actual change:  1.870931e-03  rho: 1.000
Trust radius (MW):  0.050000  Step norm (MW):  0.050000  On boundary: True

----------------------------------------------------------------------
                            Iteration: 35                             


                             Coordinates                              
----------------------------------------------------------------------
0    C                0.8821               0.6625              -0.0427
1    H                0.9288               1.3228              -0.9132
2    O                0.4042               1.2618               0.9569
3    C                1.2850              -0.5606              -0.1155
4    H                1.1413              -1.1475               0.7741
5    H                0.8273              -1.1487              -0.9004
6    H                2.3420              -0.6721              -0.3335


Energy:                 -153.893272 Convergence criteria  Is converged 
Maximum Force:             0.424060     0.002850                No
RMS Force:                 0.133196     0.001900                No
Maximum Displacement:      0.019659     0.003150                No
RMS Displacement:          0.006670     0.002100                No

Model change:  1.927068e-03  Actual change:  1.925740e-03  rho: 0.999
Trust radius (MW):  0.050000  Step norm (MW):  0.050000  On boundary: True

----------------------------------------------------------------------
                            Iteration: 36                             


                             Coordinates                              
----------------------------------------------------------------------
0    C                0.8784               0.6559              -0.0452
1    H                0.9163               1.3135              -0.9170
2    O                0.4031               1.2617               0.9568
3    C                1.2894              -0.5537              -0.1127
4    H                1.1577              -1.1428               0.7763
5    H                0.8312              -1.1510              -0.8904
6    H                2.3425              -0.6667              -0.3435


Energy:                 -153.888479 Convergence criteria  Is converged 
Maximum Force:             0.457135     0.002850                No
RMS Force:                 0.143887     0.001900                No
Maximum Displacement:      0.016430     0.003150                No
RMS Displacement:          0.006710     0.002100                No

Model change:  4.790629e-03  Actual change:  4.792605e-03  rho: 1.000
Trust radius (MW):  0.050000  Step norm (MW):  0.050000  On boundary: True

----------------------------------------------------------------------
                            Iteration: 37                             


                             Coordinates                              
----------------------------------------------------------------------
0    C                0.8841               0.6564              -0.0396
1    H                0.9347               1.3099              -0.9127
2    O                0.4047               1.2604               0.9558
3    C                1.2815              -0.5513              -0.1158
4    H                1.1528              -1.1487               0.7675
5    H                0.8287              -1.1480              -0.8963
6    H                2.3336              -0.6749              -0.3467


Energy:                 -153.886386 Convergence criteria  Is converged 
Maximum Force:             0.468222     0.002850                No
RMS Force:                 0.148087     0.001900                No
Maximum Displacement:      0.018457     0.003150                No
RMS Displacement:          0.006399     0.002100                No

Model change:  2.094464e-03  Actual change:  2.092558e-03  rho: 0.999
Trust radius (MW):  0.050000  Step norm (MW):  0.050000  On boundary: True

----------------------------------------------------------------------
                            Iteration: 38                             


                             Coordinates                              
----------------------------------------------------------------------
0    C                0.8800               0.6501              -0.0441
1    H                0.9177               1.3076              -0.9136
2    O                0.4033               1.2610               0.9562
3    C                1.2874              -0.5460              -0.1126
4    H                1.1639              -1.1437               0.7699
5    H                0.8309              -1.1508              -0.8850
6    H                2.3369              -0.6704              -0.3512


Energy:                 -153.881742 Convergence criteria  Is converged 
Maximum Force:             0.498120     0.002850                No
RMS Force:                 0.157359     0.001900                No
Maximum Displacement:      0.017002     0.003150                No
RMS Displacement:          0.006150     0.002100                No

Model change:  4.649080e-03  Actual change:  4.644412e-03  rho: 0.999
Trust radius (MW):  0.050000  Step norm (MW):  0.050000  On boundary: True

----------------------------------------------------------------------
                            Iteration: 39                             


                             Coordinates                              
----------------------------------------------------------------------
0    C                0.8846               0.6460              -0.0385
1    H                0.9218               1.3111              -0.9016
2    O                0.4047               1.2593               0.9549
3    C                1.2817              -0.5414              -0.1182
4    H                1.1618              -1.1327               0.7664
5    H                0.8241              -1.1502              -0.8838
6    H                2.3335              -0.6658              -0.3401


Energy:                 -153.876143 Convergence criteria  Is converged 
Maximum Force:             0.533148     0.002850                No
RMS Force:                 0.167558     0.001900                No
Maximum Displacement:      0.011924     0.003150                No
RMS Displacement:          0.005683     0.002100                No

Model change:  5.599143e-03  Actual change:  5.598876e-03  rho: 1.000
Trust radius (MW):  0.050000  Step norm (MW):  0.050000  On boundary: True

----------------------------------------------------------------------
                            Iteration: 40                             


                             Coordinates                              
----------------------------------------------------------------------
0    C                0.8808               0.6419              -0.0439
1    H                0.9074               1.3123              -0.8997
2    O                0.4050               1.2574               0.9536
3    C                1.2868              -0.5367              -0.1134
4    H                1.1614              -1.1231               0.7705
5    H                0.8151              -1.1466              -0.8677
6    H                2.3372              -0.6566              -0.3343


Energy:                 -153.872519 Convergence criteria  Is converged 
Maximum Force:             0.553238     0.002850                No
RMS Force:                 0.173472     0.001900                No
Maximum Displacement:      0.016126     0.003150                No
RMS Displacement:          0.006701     0.002100                No

Model change:  3.626260e-03  Actual change:  3.623810e-03  rho: 0.999
Trust radius (MW):  0.050000  Step norm (MW):  0.050000  On boundary: True

----------------------------------------------------------------------
                            Iteration: 41                             


                             Coordinates                              
----------------------------------------------------------------------
0    C                0.8881               0.6427              -0.0429
1    H                0.9144               1.3266              -0.8871
2    O                0.4066               1.2557               0.9522
3    C                1.2784              -0.5370              -0.1152
4    H                1.1560              -1.1144               0.7742
5    H                0.8076              -1.1499              -0.8657
6    H                2.3318              -0.6557              -0.3206


Energy:                 -153.869986 Convergence criteria  Is converged 
Maximum Force:             0.566353     0.002850                No
RMS Force:                 0.177144     0.001900                No
Maximum Displacement:      0.014292     0.003150                No
RMS Displacement:          0.006764     0.002100                No

Model change:  2.535693e-03  Actual change:  2.533881e-03  rho: 0.999
Trust radius (MW):  0.050000  Step norm (MW):  0.050000  On boundary: True

----------------------------------------------------------------------
                            Iteration: 42                             


                             Coordinates                              
----------------------------------------------------------------------
0    C                0.8831               0.6392              -0.0491
1    H                0.8986               1.3318              -0.8847
2    O                0.4063               1.2550               0.9513
3    C                1.2849              -0.5337              -0.1093
4    H                1.1550              -1.1082               0.7802
5    H                0.8061              -1.1468              -0.8544
6    H                2.3350              -0.6555              -0.3234


Energy:                 -153.867369 Convergence criteria  Is converged 
Maximum Force:             0.579653     0.002850                No
RMS Force:                 0.180958     0.001900                No
Maximum Displacement:      0.015727     0.003150                No
RMS Displacement:          0.005684     0.002100                No

Model change:  2.618500e-03  Actual change:  2.616319e-03  rho: 0.999
Trust radius (MW):  0.050000  Step norm (MW):  0.050000  On boundary: True

----------------------------------------------------------------------
                            Iteration: 43                             


                             Coordinates                              
----------------------------------------------------------------------
0    C                0.8896               0.6341              -0.0461
1    H                0.9015               1.3341              -0.8733
2    O                0.4073               1.2537               0.9499
3    C                1.2774              -0.5281              -0.1119
4    H                1.1572              -1.0997               0.7780
5    H                0.8055              -1.1499              -0.8513
6    H                2.3276              -0.6504              -0.3170


Energy:                 -153.858158 Convergence criteria  Is converged 
Maximum Force:             0.626283     0.002850                No
RMS Force:                 0.195525     0.001900                No
Maximum Displacement:      0.011359     0.003150                No
RMS Displacement:          0.005083     0.002100                No

Model change:  9.196328e-03  Actual change:  9.211361e-03  rho: 1.002
Trust radius (MW):  0.050000  Step norm (MW):  0.050000  On boundary: True

----------------------------------------------------------------------
                            Iteration: 44                             


                             Coordinates                              
----------------------------------------------------------------------
0    C                0.8927               0.6259              -0.0488
1    H                0.9049               1.3207              -0.8676
2    O                0.4073               1.2533               0.9506
3    C                1.2742              -0.5196              -0.1100
4    H                1.1580              -1.0957               0.7720
5    H                0.8093              -1.1405              -0.8498
6    H                2.3204              -0.6466              -0.3200


Energy:                 -153.845425 Convergence criteria  Is converged 
Maximum Force:             0.691760     0.002850                No
RMS Force:                 0.216822     0.001900                No
Maximum Displacement:      0.013359     0.003150                No
RMS Displacement:          0.005459     0.002100                No

Model change:  1.269075e-02  Actual change:  1.273262e-02  rho: 1.003
Trust radius (MW):  0.050000  Step norm (MW):  0.050000  On boundary: True

----------------------------------------------------------------------
                            Iteration: 45                             


                             Coordinates                              
----------------------------------------------------------------------
0    C                0.8928               0.6265              -0.0504
1    H                0.9173               1.2871              -0.8697
2    O                0.4083               1.2507               0.9501
3    C                1.2717              -0.5156              -0.1057
4    H                1.1594              -1.0988               0.7702
5    H                0.8112              -1.1273              -0.8591
6    H                2.3180              -0.6362              -0.3314


Energy:                 -153.843056 Convergence criteria  Is converged 
Maximum Force:             0.684880     0.002850                No
RMS Force:                 0.219261     0.001900                No
Maximum Displacement:      0.033629     0.003150                No
RMS Displacement:          0.009425     0.002100                No

Model change:  2.366206e-03  Actual change:  2.369597e-03  rho: 1.001
Trust radius (MW):  0.050000  Step norm (MW):  0.050000  On boundary: True

----------------------------------------------------------------------
                            Iteration: 46                             


                             Coordinates                              
----------------------------------------------------------------------
0    C                0.8941               0.6243              -0.0526
1    H                0.9252               1.2749              -0.8799
2    O                0.4093               1.2484               0.9488
3    C                1.2681              -0.5106              -0.0985
4    H                1.1637              -1.1089               0.7651
5    H                0.8162              -1.1119              -0.8688
6    H                2.3125              -0.6259              -0.3459


Energy:                 -153.837790 Convergence criteria  Is converged 
Maximum Force:             0.716021     0.002850                No
RMS Force:                 0.229700     0.001900                No
Maximum Displacement:      0.015361     0.003150                No
RMS Displacement:          0.007774     0.002100                No

Model change:  5.267318e-03  Actual change:  5.265983e-03  rho: 1.000
Trust radius (MW):  0.050000  Step norm (MW):  0.050000  On boundary: True

----------------------------------------------------------------------
                            Iteration: 47                             


                             Coordinates                              
----------------------------------------------------------------------
0    C                0.8956               0.6215              -0.0519
1    H                0.9223               1.2849              -0.8694
2    O                0.4109               1.2469               0.9445
3    C                1.2643              -0.5069              -0.0917
4    H                1.1705              -1.1238               0.7552
5    H                0.8194              -1.0991              -0.8760
6    H                2.3057              -0.6205              -0.3605


Energy:                 -153.831442 Convergence criteria  Is converged 
Maximum Force:             0.748051     0.002850                No
RMS Force:                 0.239913     0.001900                No
Maximum Displacement:      0.014887     0.003150                No
RMS Displacement:          0.007585     0.002100                No

Model change:  6.345322e-03  Actual change:  6.347170e-03  rho: 1.000
Trust radius (MW):  0.050000  Step norm (MW):  0.050000  On boundary: True

----------------------------------------------------------------------
                            Iteration: 48                             


                             Coordinates                              
----------------------------------------------------------------------
0    C                0.8993               0.6207              -0.0448
1    H                0.9359               1.2837              -0.8535
2    O                0.4116               1.2456               0.9437
3    C                1.2598              -0.5047              -0.0963
4    H                1.1709              -1.1306               0.7407
5    H                0.8088              -1.0887              -0.8853
6    H                2.3013              -0.6194              -0.3695


Energy:                 -153.827172 Convergence criteria  Is converged 
Maximum Force:             0.760298     0.002850                No
RMS Force:                 0.244866     0.001900                No
Maximum Displacement:      0.015916     0.003150                No
RMS Displacement:          0.007621     0.002100                No

Model change:  4.273575e-03  Actual change:  4.270558e-03  rho: 0.999
Trust radius (MW):  0.050000  Step norm (MW):  0.050000  On boundary: True

----------------------------------------------------------------------
                            Iteration: 49                             


                             Coordinates                              
----------------------------------------------------------------------
0    C                0.8952               0.6171              -0.0499
1    H                0.9259               1.2720              -0.8643
2    O                0.4111               1.2458               0.9427
3    C                1.2641              -0.5012              -0.0885
4    H                1.1816              -1.1372               0.7403
5    H                0.8110              -1.0826              -0.8824
6    H                2.3038              -0.6108              -0.3779


Energy:                 -153.823463 Convergence criteria  Is converged 
Maximum Force:             0.777202     0.002850                No
RMS Force:                 0.250940     0.001900                No
Maximum Displacement:      0.011730     0.003150                No
RMS Displacement:          0.006401     0.002100                No

Model change:  3.711898e-03  Actual change:  3.709108e-03  rho: 0.999
Trust radius (MW):  0.050000  Step norm (MW):  0.050000  On boundary: True

----------------------------------------------------------------------
                            Iteration: 50                             


                             Coordinates                              
----------------------------------------------------------------------
0    C                0.9000               0.6135              -0.0419
1    H                0.9300               1.2767              -0.8519
2    O                0.4112               1.2462               0.9422
3    C                1.2594              -0.4988              -0.0953
4    H                1.1852              -1.1330               0.7330
5    H                0.8034              -1.0829              -0.8891
6    H                2.3013              -0.6099              -0.3827


Energy:                 -153.816606 Convergence criteria  Is converged 
Maximum Force:             0.814657     0.002850                No
RMS Force:                 0.261988     0.001900                No
Maximum Displacement:      0.012347     0.003150                No
RMS Displacement:          0.005265     0.002100                No

Model change:  6.859860e-03  Actual change:  6.857268e-03  rho: 1.000
Trust radius (MW):  0.050000  Step norm (MW):  0.050000  On boundary: True

----------------------------------------------------------------------
                            Iteration: 51                             


                             Coordinates                              
----------------------------------------------------------------------
0    C                0.8951               0.6121              -0.0470
1    H                0.9254               1.2586              -0.8595
2    O                0.4119               1.2436               0.9405
3    C                1.2632              -0.4933              -0.0889
4    H                1.1896              -1.1287               0.7360
5    H                0.8028              -1.0816              -0.8763
6    H                2.3046              -0.6039              -0.3789


Energy:                 -153.812700 Convergence criteria  Is converged 
Maximum Force:             0.823629     0.002850                No
RMS Force:                 0.267323     0.001900                No
Maximum Displacement:      0.018009     0.003150                No
RMS Displacement:          0.006264     0.002100                No

Model change:  3.903599e-03  Actual change:  3.905825e-03  rho: 1.001
Trust radius (MW):  0.050000  Step norm (MW):  0.050000  On boundary: True

----------------------------------------------------------------------
                            Iteration: 52                             


                             Coordinates                              
----------------------------------------------------------------------
0    C                0.8988               0.6140              -0.0437
1    H                0.9449               1.2336              -0.8686
2    O                0.4134               1.2405               0.9389
3    C                1.2572              -0.4896              -0.0895
4    H                1.1911              -1.1257               0.7301
5    H                0.7955              -1.0796              -0.8721
6    H                2.2951              -0.6026              -0.3751


Energy:                 -153.808875 Convergence criteria  Is converged 
Maximum Force:             0.833590     0.002850                No
RMS Force:                 0.272482     0.001900                No
Maximum Displacement:      0.025036     0.003150                No
RMS Displacement:          0.008191     0.002100                No

Model change:  3.822146e-03  Actual change:  3.824587e-03  rho: 1.001
Trust radius (MW):  0.050000  Step norm (MW):  0.050000  On boundary: True

----------------------------------------------------------------------
                            Iteration: 53                             


                             Coordinates                              
----------------------------------------------------------------------
0    C                0.8935               0.6079              -0.0429
1    H                0.9360               1.2255              -0.8911
2    O                0.4128               1.2407               0.9384
3    C                1.2622              -0.4837              -0.0874
4    H                1.2017              -1.1255               0.7302
5    H                0.7977              -1.0805              -0.8693
6    H                2.3037              -0.5959              -0.3812


Energy:                 -153.803552 Convergence criteria  Is converged 
Maximum Force:             0.882372     0.002850                No
RMS Force:                 0.286131     0.001900                No
Maximum Displacement:      0.022501     0.003150                No
RMS Displacement:          0.007119     0.002100                No

Model change:  5.350054e-03  Actual change:  5.323456e-03  rho: 0.995
Trust radius (MW):  0.050000  Step norm (MW):  0.050000  On boundary: True

----------------------------------------------------------------------
                            Iteration: 54                             


                             Coordinates                              
----------------------------------------------------------------------
0    C                0.9020               0.6090              -0.0444
1    H                0.9515               1.2269              -0.8863
2    O                0.4136               1.2398               0.9383
3    C                1.2536              -0.4841              -0.0872
4    H                1.1940              -1.1149               0.7352
5    H                0.7872              -1.0821              -0.8667
6    H                2.2954              -0.5995              -0.3770


Energy:                 -153.799246 Convergence criteria  Is converged 
Maximum Force:             0.904749     0.002850                No
RMS Force:                 0.292871     0.001900                No
Maximum Displacement:      0.015537     0.003150                No
RMS Displacement:          0.006292     0.002100                No

Model change:  4.306863e-03  Actual change:  4.306119e-03  rho: 1.000
Trust radius (MW):  0.050000  Step norm (MW):  0.050000  On boundary: True

----------------------------------------------------------------------
                            Iteration: 55                             


                             Coordinates                              
----------------------------------------------------------------------
0    C                0.8954               0.6058              -0.0474
1    H                0.9413               1.2193              -0.8916
2    O                0.4138               1.2375               0.9370
3    C                1.2602              -0.4785              -0.0841
4    H                1.1931              -1.1024               0.7404
5    H                0.7904              -1.0804              -0.8528
6    H                2.2994              -0.5981              -0.3723


Energy:                 -153.794852 Convergence criteria  Is converged 
Maximum Force:             0.926257     0.002850                No
RMS Force:                 0.300078     0.001900                No
Maximum Displacement:      0.013822     0.003150                No
RMS Displacement:          0.006052     0.002100                No

Model change:  4.397208e-03  Actual change:  4.393524e-03  rho: 0.999
Trust radius (MW):  0.050000  Step norm (MW):  0.050000  On boundary: True

----------------------------------------------------------------------
                            Iteration: 56                             


                             Coordinates                              
----------------------------------------------------------------------
0    C                0.9037               0.6073              -0.0473
1    H                0.9548               1.2240              -0.8892
2    O                0.4151               1.2358               0.9358
3    C                1.2509              -0.4780              -0.0834
4    H                1.1889              -1.0973               0.7450
5    H                0.7831              -1.0831              -0.8512
6    H                2.2877              -0.6016              -0.3696


Energy:                 -153.790325 Convergence criteria  Is converged 
Maximum Force:             0.955000     0.002850                No
RMS Force:                 0.308700     0.001900                No
Maximum Displacement:      0.013522     0.003150                No
RMS Displacement:          0.005608     0.002100                No

Model change:  4.528628e-03  Actual change:  4.527260e-03  rho: 1.000
Trust radius (MW):  0.050000  Step norm (MW):  0.050000  On boundary: True

----------------------------------------------------------------------
                            Iteration: 57                             


                             Coordinates                              
----------------------------------------------------------------------
0    C                0.8986               0.6042              -0.0509
1    H                0.9465               1.2085              -0.8799
2    O                0.4158               1.2333               0.9337
3    C                1.2551              -0.4710              -0.0787
4    H                1.1926              -1.0932               0.7417
5    H                0.7897              -1.0779              -0.8383
6    H                2.2868              -0.6015              -0.3690


Energy:                 -153.780483 Convergence criteria  Is converged 
Maximum Force:             0.981860     0.002850                No
RMS Force:                 0.321273     0.001900                No
Maximum Displacement:      0.015532     0.003150                No
RMS Displacement:          0.006275     0.002100                No

Model change:  9.833470e-03  Actual change:  9.841482e-03  rho: 1.001
Trust radius (MW):  0.050000  Step norm (MW):  0.050000  On boundary: True

----------------------------------------------------------------------
                            Iteration: 58                             


                             Coordinates                              
----------------------------------------------------------------------
0    C                0.9051               0.6057              -0.0477
1    H                0.9653               1.2009              -0.8839
2    O                0.4165               1.2327               0.9327
3    C                1.2465              -0.4694              -0.0785
4    H                1.1978              -1.1047               0.7333
5    H                0.7874              -1.0820              -0.8442
6    H                2.2775              -0.6069              -0.3755


Energy:                 -153.775676 Convergence criteria  Is converged 
Maximum Force:             1.006904     0.002850                No
RMS Force:                 0.330764     0.001900                No
Maximum Displacement:      0.018855     0.003150                No
RMS Displacement:          0.006931     0.002100                No

Model change:  4.810743e-03  Actual change:  4.806823e-03  rho: 0.999
Trust radius (MW):  0.050000  Step norm (MW):  0.050000  On boundary: True

----------------------------------------------------------------------
                            Iteration: 59                             


                             Coordinates                              
----------------------------------------------------------------------
0    C                0.8985               0.6020              -0.0486
1    H                0.9549               1.1973              -0.8935
2    O                0.4158               1.2330               0.9322
3    C                1.2527              -0.4641              -0.0746
4    H                1.2075              -1.1137               0.7236
5    H                0.7979              -1.0843              -0.8439
6    H                2.2840              -0.6153              -0.3852


Energy:                 -153.770782 Convergence criteria  Is converged 
Maximum Force:             1.034451     0.002850                No
RMS Force:                 0.340508     0.001900                No
Maximum Displacement:      0.010427     0.003150                No
RMS Displacement:          0.006707     0.002100                No

Model change:  4.899539e-03  Actual change:  4.894394e-03  rho: 0.999
Trust radius (MW):  0.050000  Step norm (MW):  0.050000  On boundary: True

----------------------------------------------------------------------
                            Iteration: 60                             


                             Coordinates                              
----------------------------------------------------------------------
0    C                0.9062               0.6020              -0.0455
1    H                0.9646               1.2040              -0.8913
2    O                0.4162               1.2332               0.9317
3    C                1.2435              -0.4629              -0.0752
4    H                1.2143              -1.1200               0.7168
5    H                0.7993              -1.0962              -0.8509
6    H                2.2782              -0.6219              -0.3936


Energy:                 -153.763582 Convergence criteria  Is converged 
Maximum Force:             1.070366     0.002850                No
RMS Force:                 0.352418     0.001900                No
Maximum Displacement:      0.011881     0.003150                No
RMS Displacement:          0.006069     0.002100                No

Model change:  7.208365e-03  Actual change:  7.199588e-03  rho: 0.999
Trust radius (MW):  0.050000  Step norm (MW):  0.050000  On boundary: True

----------------------------------------------------------------------
                            Iteration: 61                             


                             Coordinates                              
----------------------------------------------------------------------
0    C                0.8993               0.5992              -0.0465
1    H                0.9567               1.2052              -0.8956
2    O                0.4160               1.2330               0.9306
3    C                1.2491              -0.4574              -0.0707
4    H                1.2206              -1.1333               0.7083
5    H                0.8087              -1.1001              -0.8541
6    H                2.2877              -0.6346              -0.4021


Energy:                 -153.758533 Convergence criteria  Is converged 
Maximum Force:             1.095835     0.002850                No
RMS Force:                 0.360607     0.001900                No
Maximum Displacement:      0.013315     0.003150                No
RMS Displacement:          0.006731     0.002100                No

Model change:  5.054165e-03  Actual change:  5.049153e-03  rho: 0.999
Trust radius (MW):  0.050000  Step norm (MW):  0.050000  On boundary: True

----------------------------------------------------------------------
                            Iteration: 62                             


                             Coordinates                              
----------------------------------------------------------------------
0    C                0.9065               0.6008              -0.0431
1    H                0.9652               1.2065              -0.8974
2    O                0.4163               1.2331               0.9304
3    C                1.2402              -0.4567              -0.0716
4    H                1.2301              -1.1418               0.7001
5    H                0.8062              -1.1154              -0.8637
6    H                2.2882              -0.6419              -0.4096


Energy:                 -153.753422 Convergence criteria  Is converged 
Maximum Force:             1.127148     0.002850                No
RMS Force:                 0.367439     0.001900                No
Maximum Displacement:      0.015302     0.003150                No
RMS Displacement:          0.006526     0.002100                No

Model change:  5.119723e-03  Actual change:  5.111071e-03  rho: 0.998
Trust radius (MW):  0.050000  Step norm (MW):  0.050000  On boundary: True

----------------------------------------------------------------------
                            Iteration: 63                             


                             Coordinates                              
----------------------------------------------------------------------
0    C                0.9002               0.5972              -0.0422
1    H                0.9645               1.1997              -0.8993
2    O                0.4158               1.2334               0.9310
3    C                1.2454              -0.4504              -0.0712
4    H                1.2329              -1.1497               0.6871
5    H                0.8045              -1.1263              -0.8697
6    H                2.3102              -0.6519              -0.4129


Energy:                 -153.744963 Convergence criteria  Is converged 
Maximum Force:             1.161067     0.002850                No
RMS Force:                 0.376958     0.001900                No
Maximum Displacement:      0.021997     0.003150                No
RMS Displacement:          0.007434     0.002100                No

Model change:  8.477078e-03  Actual change:  8.459658e-03  rho: 0.998
Trust radius (MW):  0.050000  Step norm (MW):  0.050000  On boundary: True

----------------------------------------------------------------------
                            Iteration: 64                             


                             Coordinates                              
----------------------------------------------------------------------
0    C                0.9001               0.5988              -0.0400
1    H                0.9659               1.1869              -0.8977
2    O                0.4156               1.2334               0.9308
3    C                1.2442              -0.4490              -0.0708
4    H                1.2359              -1.1495               0.6808
5    H                0.7868              -1.1475              -0.8893
6    H                2.3412              -0.6552              -0.4168


Energy:                 -153.741532 Convergence criteria  Is converged 
Maximum Force:             1.166106     0.002850                No
RMS Force:                 0.375710     0.001900                No
Maximum Displacement:      0.030972     0.003150                No
RMS Displacement:          0.010597     0.002100                No

Model change:  3.537516e-03  Actual change:  3.430293e-03  rho: 0.970
Trust radius (MW):  0.050000  Step norm (MW):  0.050000  On boundary: True

----------------------------------------------------------------------
                            Iteration: 65                             


                             Coordinates                              
----------------------------------------------------------------------
0    C                0.8979               0.6049              -0.0389
1    H                0.9662               1.1878              -0.8997
2    O                0.4157               1.2332               0.9306
3    C                1.2456              -0.4540              -0.0696
4    H                1.2331              -1.1464               0.6880
5    H                0.7721              -1.1607              -0.9111
6    H                2.3664              -0.6545              -0.4243


Energy:                 -153.752848 Convergence criteria  Is converged 
Maximum Force:             1.108356     0.002850                No
RMS Force:                 0.356406     0.001900                No
Maximum Displacement:      0.025206     0.003150                No
RMS Displacement:          0.008994     0.002100                No

Model change: -1.124159e-02  Actual change: -1.131563e-02  rho: 1.007
Trust radius (MW):  0.050000  Step norm (MW):  0.050000  On boundary: True

----------------------------------------------------------------------
                            Iteration: 66                             


                             Coordinates                              
----------------------------------------------------------------------
0    C                0.8952               0.6123              -0.0377
1    H                0.9666               1.1904              -0.9045
2    O                0.4158               1.2330               0.9304
3    C                1.2478              -0.4607              -0.0690
4    H                1.2299              -1.1455               0.6989
5    H                0.7607              -1.1715              -0.9300
6    H                2.3842              -0.6539              -0.4305


Energy:                 -153.767600 Convergence criteria  Is converged 
Maximum Force:             1.035154     0.002850                No
RMS Force:                 0.331793     0.001900                No
Maximum Displacement:      0.018891     0.003150                No
RMS Displacement:          0.007665     0.002100                No

Model change: -1.475624e-02  Actual change: -1.475245e-02  rho: 1.000
Trust radius (MW):  0.050000  Step norm (MW):  0.050000  On boundary: True

----------------------------------------------------------------------
                            Iteration: 67                             


                             Coordinates                              
----------------------------------------------------------------------
0    C                0.8920               0.6210              -0.0363
1    H                0.9675               1.1941              -0.9117
2    O                0.4160               1.2328               0.9303
3    C                1.2509              -0.4687              -0.0693
4    H                1.2274              -1.1477               0.7107
5    H                0.7533              -1.1783              -0.9426
6    H                2.3923              -0.6528              -0.4335


Energy:                 -153.785371 Convergence criteria  Is converged 
Maximum Force:             0.941355     0.002850                No
RMS Force:                 0.300033     0.001900                No
Maximum Displacement:      0.012642     0.003150                No
RMS Displacement:          0.005839     0.002100                No

Model change: -1.779451e-02  Actual change: -1.777102e-02  rho: 0.999
Trust radius (MW):  0.050000  Step norm (MW):  0.050000  On boundary: True

----------------------------------------------------------------------
                            Iteration: 68                             


                             Coordinates                              
----------------------------------------------------------------------
0    C                0.8889               0.6298              -0.0350
1    H                0.9684               1.1983              -0.9200
2    O                0.4161               1.2326               0.9302
3    C                1.2545              -0.4771              -0.0698
4    H                1.2255              -1.1504               0.7222
5    H                0.7467              -1.1838              -0.9535
6    H                2.3926              -0.6507              -0.4337


Energy:                 -153.802550 Convergence criteria  Is converged 
Maximum Force:             0.853874     0.002850                No
RMS Force:                 0.270034     0.001900                No
Maximum Displacement:      0.011556     0.003150                No
RMS Displacement:          0.005355     0.002100                No

Model change: -1.712091e-02  Actual change: -1.717887e-02  rho: 1.003
Trust radius (MW):  0.050000  Step norm (MW):  0.050000  On boundary: True

----------------------------------------------------------------------
                            Iteration: 69                             


                             Coordinates                              
----------------------------------------------------------------------
0    C                0.8859               0.6386              -0.0337
1    H                0.9694               1.2026              -0.9286
2    O                0.4161               1.2324               0.9301
3    C                1.2583              -0.4857              -0.0706
4    H                1.2240              -1.1532               0.7332
5    H                0.7413              -1.1871              -0.9618
6    H                2.3872              -0.6479              -0.4318


Energy:                 -153.818979 Convergence criteria  Is converged 
Maximum Force:             0.781645     0.002850                No
RMS Force:                 0.244928     0.001900                No
Maximum Displacement:      0.010967     0.003150                No
RMS Displacement:          0.005102     0.002100                No

Model change: -1.630904e-02  Actual change: -1.642881e-02  rho: 1.007
Trust radius (MW):  0.050000  Step norm (MW):  0.050000  On boundary: True

----------------------------------------------------------------------
                            Iteration: 70                             


                             Coordinates                              
----------------------------------------------------------------------
0    C                0.8829               0.6473              -0.0326
1    H                0.9705               1.2070              -0.9372
2    O                0.4162               1.2322               0.9300
3    C                1.2623              -0.4945              -0.0717
4    H                1.2226              -1.1560               0.7435
5    H                0.7381              -1.1873              -0.9662
6    H                2.3789              -0.6446              -0.4290


Energy:                 -153.834562 Convergence criteria  Is converged 
Maximum Force:             0.709954     0.002850                No
RMS Force:                 0.220215     0.001900                No
Maximum Displacement:      0.010324     0.003150                No
RMS Displacement:          0.004933     0.002100                No

Model change: -1.544867e-02  Actual change: -1.558268e-02  rho: 1.009
Trust radius (MW):  0.050000  Step norm (MW):  0.050000  On boundary: True

----------------------------------------------------------------------
                            Iteration: 71                             


                             Coordinates                              
----------------------------------------------------------------------
0    C                0.8800               0.6558              -0.0315
1    H                0.9713               1.2118              -0.9454
2    O                0.4162               1.2321               0.9300
3    C                1.2663              -0.5033              -0.0727
4    H                1.2213              -1.1580               0.7537
5    H                0.7336              -1.1888              -0.9727
6    H                2.3699              -0.6412              -0.4258


Energy:                 -153.848002 Convergence criteria  Is converged 
Maximum Force:             0.644045     0.002850                No
RMS Force:                 0.197417     0.001900                No
Maximum Displacement:      0.010170     0.003150                No
RMS Displacement:          0.005086     0.002100                No

Model change: -1.344273e-02  Actual change: -1.344074e-02  rho: 1.000
Trust radius (MW):  0.050000  Step norm (MW):  0.050000  On boundary: True

----------------------------------------------------------------------
                            Iteration: 72                             


                             Coordinates                              
----------------------------------------------------------------------
0    C                0.8770               0.6644              -0.0303
1    H                0.9721               1.2166              -0.9533
2    O                0.4163               1.2320               0.9300
3    C                1.2703              -0.5123              -0.0738
4    H                1.2199              -1.1595               0.7637
5    H                0.7291              -1.1895              -0.9784
6    H                2.3618              -0.6377              -0.4228


Energy:                 -153.859915 Convergence criteria  Is converged 
Maximum Force:             0.579044     0.002850                No
RMS Force:                 0.175293     0.001900                No
Maximum Displacement:      0.010008     0.003150                No
RMS Displacement:          0.004934     0.002100                No

Model change: -1.191516e-02  Actual change: -1.191268e-02  rho: 1.000
Trust radius (MW):  0.050000  Step norm (MW):  0.050000  On boundary: True

----------------------------------------------------------------------
                            Iteration: 73                             


                             Coordinates                              
----------------------------------------------------------------------
0    C                0.8740               0.6730              -0.0291
1    H                0.9729               1.2212              -0.9608
2    O                0.4163               1.2319               0.9299
3    C                1.2741              -0.5215              -0.0751
4    H                1.2183              -1.1608               0.7731
5    H                0.7273              -1.1869              -0.9793
6    H                2.3540              -0.6343              -0.4199


Energy:                 -153.871094 Convergence criteria  Is converged 
Maximum Force:             0.517800     0.002850                No
RMS Force:                 0.154783     0.001900                No
Maximum Displacement:      0.009432     0.003150                No
RMS Displacement:          0.004622     0.002100                No

Model change: -1.116001e-02  Actual change: -1.117857e-02  rho: 1.002
Trust radius (MW):  0.050000  Step norm (MW):  0.050000  On boundary: True

----------------------------------------------------------------------
                            Iteration: 74                             


                             Coordinates                              
----------------------------------------------------------------------
0    C                0.8710               0.6816              -0.0280
1    H                0.9731               1.2268              -0.9673
2    O                0.4164               1.2318               0.9298
3    C                1.2780              -0.5308              -0.0763
4    H                1.2165              -1.1612               0.7825
5    H                0.7234              -1.1865              -0.9824
6    H                2.3479              -0.6309              -0.4171


Energy:                 -153.880300 Convergence criteria  Is converged 
Maximum Force:             0.463257     0.002850                No
RMS Force:                 0.136742     0.001900                No
Maximum Displacement:      0.009376     0.003150                No
RMS Displacement:          0.004536     0.002100                No

Model change: -9.195352e-03  Actual change: -9.206344e-03  rho: 1.001
Trust radius (MW):  0.050000  Step norm (MW):  0.050000  On boundary: True

----------------------------------------------------------------------
                            Iteration: 75                             


                             Coordinates                              
----------------------------------------------------------------------
0    C                0.8680               0.6902              -0.0263
1    H                0.9730               1.2327              -0.9726
2    O                0.4165               1.2316               0.9293
3    C                1.2821              -0.5395              -0.0773
4    H                1.2150              -1.1607               0.7917
5    H                0.7158              -1.1907              -0.9905
6    H                2.3431              -0.6281              -0.4137


Energy:                 -153.886769 Convergence criteria  Is converged 
Maximum Force:             0.411829     0.002850                No
RMS Force:                 0.120445     0.001900                No
Maximum Displacement:      0.009198     0.003150                No
RMS Displacement:          0.004949     0.002100                No

Model change: -6.455887e-03  Actual change: -6.469378e-03  rho: 1.002
Trust radius (MW):  0.050000  Step norm (MW):  0.050000  On boundary: True

----------------------------------------------------------------------
                            Iteration: 76                             


                             Coordinates                              
----------------------------------------------------------------------
0    C                0.8652               0.6982              -0.0246
1    H                0.9718               1.2412              -0.9760
2    O                0.4166               1.2318               0.9288
3    C                1.2862              -0.5478              -0.0783
4    H                1.2141              -1.1594               0.8006
5    H                0.7047              -1.2005              -1.0020
6    H                2.3394              -0.6270              -0.4088


Energy:                 -153.890676 Convergence criteria  Is converged 
Maximum Force:             0.369351     0.002850                No
RMS Force:                 0.107935     0.001900                No
Maximum Displacement:      0.011551     0.003150                No
RMS Displacement:          0.005842     0.002100                No

Model change: -3.895141e-03  Actual change: -3.906511e-03  rho: 1.003
Trust radius (MW):  0.050000  Step norm (MW):  0.050000  On boundary: True

----------------------------------------------------------------------
                            Iteration: 77                             


                             Coordinates                              
----------------------------------------------------------------------
0    C                0.8620               0.7054              -0.0205
1    H                0.9674               1.2560              -0.9737
2    O                0.4172               1.2316               0.9267
3    C                1.2898              -0.5544              -0.0805
4    H                1.2151              -1.1576               0.8071
5    H                0.6977              -1.2164              -1.0077
6    H                2.3359              -0.6326              -0.4008


Energy:                 -153.892727 Convergence criteria  Is converged 
Maximum Force:             0.337627     0.002850                No
RMS Force:                 0.100231     0.001900                No
Maximum Displacement:      0.015964     0.003150                No
RMS Displacement:          0.006468     0.002100                No

Model change: -2.050843e-03  Actual change: -2.050670e-03  rho: 1.000
Trust radius (MW):  0.050000  Step norm (MW):  0.050000  On boundary: True

----------------------------------------------------------------------
                            Iteration: 78                             


                             Coordinates                              
----------------------------------------------------------------------
0    C                0.8608               0.7054              -0.0165
1    H                0.9609               1.2704              -0.9647
2    O                0.4182               1.2312               0.9236
3    C                1.2884              -0.5540              -0.0839
4    H                1.2194              -1.1587               0.8040
5    H                0.7188              -1.2141              -0.9784
6    H                2.3314              -0.6460              -0.3937


Energy:                 -153.896001 Convergence criteria  Is converged 
Maximum Force:             0.340135     0.002850                No
RMS Force:                 0.101791     0.001900                No
Maximum Displacement:      0.029325     0.003150                No
RMS Displacement:          0.009677     0.002100                No

Model change: -3.313776e-03  Actual change: -3.274050e-03  rho: 0.988
Trust radius (MW):  0.050000  Step norm (MW):  0.050000  On boundary: True

----------------------------------------------------------------------
                            Iteration: 79                             


                             Coordinates                              
----------------------------------------------------------------------
0    C                0.8602               0.7064              -0.0161
1    H                0.9576               1.2782              -0.9613
2    O                0.4181               1.2316               0.9234
3    C                1.2875              -0.5570              -0.0871
4    H                1.2193              -1.1598               0.8031
5    H                0.7439              -1.1976              -0.9439
6    H                2.3290              -0.6527              -0.3932


Energy:                 -153.902244 Convergence criteria  Is converged 
Maximum Force:             0.324666     0.002850                No
RMS Force:                 0.097239     0.001900                No
Maximum Displacement:      0.034418     0.003150                No
RMS Displacement:          0.010338     0.002100                No

Model change: -6.218459e-03  Actual change: -6.243772e-03  rho: 1.004
Trust radius (MW):  0.050000  Step norm (MW):  0.050000  On boundary: True

----------------------------------------------------------------------
                            Iteration: 80                             


                             Coordinates                              
----------------------------------------------------------------------
0    C                0.8596               0.7073              -0.0155
1    H                0.9525               1.2894              -0.9554
2    O                0.4181               1.2322               0.9229
3    C                1.2865              -0.5596              -0.0903
4    H                1.2188              -1.1616               0.8015
5    H                0.7704              -1.1866              -0.9101
6    H                2.3267              -0.6619              -0.3931


Energy:                 -153.906359 Convergence criteria  Is converged 
Maximum Force:             0.303871     0.002850                No
RMS Force:                 0.092053     0.001900                No
Maximum Displacement:      0.033793     0.003150                No
RMS Displacement:          0.010382     0.002100                No

Model change: -4.185320e-03  Actual change: -4.114351e-03  rho: 0.983
Trust radius (MW):  0.050000  Step norm (MW):  0.050000  On boundary: True

----------------------------------------------------------------------
                            Iteration: 81                             


                             Coordinates                              
----------------------------------------------------------------------
0    C                0.8591               0.7084              -0.0151
1    H                0.9447               1.3061              -0.9464
2    O                0.4179               1.2332               0.9226
3    C                1.2860              -0.5626              -0.0935
4    H                1.2187              -1.1633               0.8002
5    H                0.7963              -1.1815              -0.8800
6    H                2.3249              -0.6752              -0.3930


Energy:                 -153.908477 Convergence criteria  Is converged 
Maximum Force:             0.281391     0.002850                No
RMS Force:                 0.087712     0.001900                No
Maximum Displacement:      0.030101     0.003150                No
RMS Displacement:          0.010308     0.002100                No

Model change: -2.167284e-03  Actual change: -2.118594e-03  rho: 0.978
Trust radius (MW):  0.050000  Step norm (MW):  0.050000  On boundary: True

----------------------------------------------------------------------
                            Iteration: 82                             


                             Coordinates                              
----------------------------------------------------------------------
0    C                0.8590               0.7064              -0.0131
1    H                0.9323               1.3298              -0.9296
2    O                0.4182               1.2340               0.9206
3    C                1.2852              -0.5612              -0.0956
4    H                1.2196              -1.1658               0.7963
5    H                0.8166              -1.1894              -0.8614
6    H                2.3222              -0.6947              -0.3920


Energy:                 -153.906085 Convergence criteria  Is converged 
Maximum Force:             0.285774     0.002850                No
RMS Force:                 0.091892     0.001900                No
Maximum Displacement:      0.023761     0.003150                No
RMS Displacement:          0.010351     0.002100                No

Model change:  2.385150e-03  Actual change:  2.392128e-03  rho: 1.003
Trust radius (MW):  0.050000  Step norm (MW):  0.050000  On boundary: True

----------------------------------------------------------------------
                            Iteration: 83                             


                             Coordinates                              
----------------------------------------------------------------------
0    C                0.8589               0.7060              -0.0132
1    H                0.9162               1.3613              -0.9099
2    O                0.4176               1.2361               0.9203
3    C                1.2869              -0.5641              -0.0980
4    H                1.2164              -1.1657               0.7958
5    H                0.8238              -1.1997              -0.8491
6    H                2.3237              -0.7097              -0.3882


Energy:                 -153.905525 Convergence criteria  Is converged 
Maximum Force:             0.276384     0.002850                No
RMS Force:                 0.091453     0.001900                No
Maximum Displacement:      0.031435     0.003150                No
RMS Displacement:          0.010281     0.002100                No

Model change:  5.580341e-04  Actual change:  5.602088e-04  rho: 1.004
Trust radius (MW):  0.050000  Step norm (MW):  0.050000  On boundary: True

----------------------------------------------------------------------
                            Iteration: 84                             


                             Coordinates                              
----------------------------------------------------------------------
0    C                0.8587               0.7058              -0.0134
1    H                0.8993               1.3925              -0.8886
2    O                0.4170               1.2384               0.9199
3    C                1.2894              -0.5678              -0.1004
4    H                1.2135              -1.1650               0.7965
5    H                0.8237              -1.2094              -0.8418
6    H                2.3266              -0.7225              -0.3824


Energy:                 -153.904924 Convergence criteria  Is converged 
Maximum Force:             0.267297     0.002850                No
RMS Force:                 0.090845     0.001900                No
Maximum Displacement:      0.031278     0.003150                No
RMS Displacement:          0.010037     0.002100                No

Model change:  6.008269e-04  Actual change:  6.014590e-04  rho: 1.001
Trust radius (MW):  0.050000  Step norm (MW):  0.050000  On boundary: True

----------------------------------------------------------------------
                            Iteration: 85                             


                             Coordinates                              
----------------------------------------------------------------------
0    C                0.8586               0.7050              -0.0128
1    H                0.8816               1.4222              -0.8667
2    O                0.4162               1.2412               0.9195
3    C                1.2921              -0.5713              -0.1032
4    H                1.2110              -1.1650               0.7962
5    H                0.8217              -1.2185              -0.8358
6    H                2.3297              -0.7348              -0.3764


Energy:                 -153.903596 Convergence criteria  Is converged 
Maximum Force:             0.260623     0.002850                No
RMS Force:                 0.090963     0.001900                No
Maximum Displacement:      0.029703     0.003150                No
RMS Displacement:          0.009848     0.002100                No

Model change:  1.330537e-03  Actual change:  1.327730e-03  rho: 0.998
Trust radius (MW):  0.050000  Step norm (MW):  0.050000  On boundary: True

----------------------------------------------------------------------
                            Iteration: 86                             


                             Coordinates                              
----------------------------------------------------------------------
0    C                0.8523               0.7011              -0.0121
1    H                0.8553               1.4193              -0.8661
2    O                0.4203               1.2445               0.9198
3    C                1.2937              -0.5694              -0.1041
4    H                1.2246              -1.1741               0.7897
5    H                0.8266              -1.2298              -0.8272
6    H                2.3286              -0.7410              -0.3810


Energy:                 -153.901011 Convergence criteria  Is converged 
Maximum Force:             0.272927     0.002850                No
RMS Force:                 0.094755     0.001900                No
Maximum Displacement:      0.026247     0.003150                No
RMS Displacement:          0.008124     0.002100                No

Model change:  2.585658e-03  Actual change:  2.584666e-03  rho: 1.000
Trust radius (MW):  0.050000  Step norm (MW):  0.050000  On boundary: True

----------------------------------------------------------------------
                            Iteration: 87                             


                             Coordinates                              
----------------------------------------------------------------------
0    C                0.8558               0.7040              -0.0100
1    H                0.8737               1.4096              -0.8718
2    O                0.4185               1.2421               0.9179
3    C                1.2901              -0.5647              -0.1027
4    H                1.2349              -1.1945               0.7763
5    H                0.8330              -1.2386              -0.8209
6    H                2.3230              -0.7539              -0.3803


Energy:                 -153.898318 Convergence criteria  Is converged 
Maximum Force:             0.294984     0.002850                No
RMS Force:                 0.099894     0.001900                No
Maximum Displacement:      0.020378     0.003150                No
RMS Displacement:          0.008724     0.002100                No

Model change:  2.686554e-03  Actual change:  2.692996e-03  rho: 1.002
Trust radius (MW):  0.050000  Step norm (MW):  0.050000  On boundary: True

----------------------------------------------------------------------
                            Iteration: 88                             


                             Coordinates                              
----------------------------------------------------------------------
0    C                0.8496               0.7049              -0.0136
1    H                0.8568               1.4018              -0.8814
2    O                0.4228               1.2418               0.9190
3    C                1.2904              -0.5618              -0.0993
4    H                1.2509              -1.2062               0.7716
5    H                0.8407              -1.2485              -0.8125
6    H                2.3187              -0.7652              -0.3890


Energy:                 -153.896765 Convergence criteria  Is converged 
Maximum Force:             0.305342     0.002850                No
RMS Force:                 0.101465     0.001900                No
Maximum Displacement:      0.016877     0.003150                No
RMS Displacement:          0.008144     0.002100                No

Model change:  1.551830e-03  Actual change:  1.553192e-03  rho: 1.001
Trust radius (MW):  0.050000  Step norm (MW):  0.050000  On boundary: True

----------------------------------------------------------------------
                            Iteration: 89                             


                             Coordinates                              
----------------------------------------------------------------------
0    C                0.8568               0.7053              -0.0119
1    H                0.8730               1.4136              -0.8710
2    O                0.4190               1.2402               0.9165
3    C                1.2866              -0.5589              -0.0973
4    H                1.2515              -1.2122               0.7673
5    H                0.8540              -1.2535              -0.8143
6    H                2.3090              -0.7791              -0.3982


Energy:                 -153.892857 Convergence criteria  Is converged 
Maximum Force:             0.325357     0.002850                No
RMS Force:                 0.106988     0.001900                No
Maximum Displacement:      0.016214     0.003150                No
RMS Displacement:          0.007698     0.002100                No

Model change:  3.904663e-03  Actual change:  3.907839e-03  rho: 1.001
Trust radius (MW):  0.050000  Step norm (MW):  0.050000  On boundary: True

----------------------------------------------------------------------
                            Iteration: 90                             


                             Coordinates                              
----------------------------------------------------------------------
0    C                0.8550               0.7084              -0.0121
1    H                0.8817               1.3976              -0.8832
2    O                0.4198               1.2384               0.9164
3    C                1.2852              -0.5554              -0.0938
4    H                1.2547              -1.2211               0.7644
5    H                0.8767              -1.2581              -0.8214
6    H                2.2995              -0.8005              -0.4134


Energy:                 -153.890700 Convergence criteria  Is converged 
Maximum Force:             0.339281     0.002850                No
RMS Force:                 0.109754     0.001900                No
Maximum Displacement:      0.022685     0.003150                No
RMS Displacement:          0.009735     0.002100                No

Model change:  2.155521e-03  Actual change:  2.156978e-03  rho: 1.001
Trust radius (MW):  0.050000  Step norm (MW):  0.050000  On boundary: True

----------------------------------------------------------------------
                            Iteration: 91                             


                             Coordinates                              
----------------------------------------------------------------------
0    C                0.8570               0.7024              -0.0121
1    H                0.8700               1.4191              -0.8662
2    O                0.4204               1.2384               0.9143
3    C                1.2846              -0.5530              -0.0940
4    H                1.2557              -1.2222               0.7600
5    H                0.8584              -1.2504              -0.8125
6    H                2.3033              -0.7851              -0.3986


Energy:                 -153.887748 Convergence criteria  Is converged 
Maximum Force:             0.352107     0.002850                No
RMS Force:                 0.114761     0.001900                No
Maximum Displacement:      0.021461     0.003150                No
RMS Displacement:          0.009524     0.002100                No

Model change:  2.958208e-03  Actual change:  2.952208e-03  rho: 0.998
Trust radius (MW):  0.050000  Step norm (MW):  0.050000  On boundary: True

----------------------------------------------------------------------
                            Iteration: 92                             


                             Coordinates                              
----------------------------------------------------------------------
0    C                0.8567               0.6999              -0.0116
1    H                0.8749               1.4024              -0.8772
2    O                0.4228               1.2344               0.9125
3    C                1.2818              -0.5448              -0.0919
4    H                1.2670              -1.2213               0.7569
5    H                0.8443              -1.2472              -0.7989
6    H                2.2993              -0.7765              -0.4001


Energy:                 -153.884172 Convergence criteria  Is converged 
Maximum Force:             0.380605     0.002850                No
RMS Force:                 0.122665     0.001900                No
Maximum Displacement:      0.016719     0.003150                No
RMS Displacement:          0.007438     0.002100                No

Model change:  3.574710e-03  Actual change:  3.576474e-03  rho: 1.000
Trust radius (MW):  0.050000  Step norm (MW):  0.050000  On boundary: True

----------------------------------------------------------------------
                            Iteration: 93                             


                             Coordinates                              
----------------------------------------------------------------------
0    C                0.8582               0.6931              -0.0089
1    H                0.8675               1.4146              -0.8667
2    O                0.4243               1.2326               0.9090
3    C                1.2805              -0.5408              -0.0919
4    H                1.2599              -1.2029               0.7630
5    H                0.8333              -1.2336              -0.7980
6    H                2.2992              -0.7605              -0.3954


Energy:                 -153.880335 Convergence criteria  Is converged 
Maximum Force:             0.396938     0.002850                No
RMS Force:                 0.130711     0.001900                No
Maximum Displacement:      0.018459     0.003150                No
RMS Displacement:          0.008223     0.002100                No

Model change:  3.838359e-03  Actual change:  3.836680e-03  rho: 1.000
Trust radius (MW):  0.050000  Step norm (MW):  0.050000  On boundary: True

----------------------------------------------------------------------
                            Iteration: 94                             


                             Coordinates                              
----------------------------------------------------------------------
0    C                0.8576               0.6929              -0.0065
1    H                0.8797               1.3907              -0.8839
2    O                0.4263               1.2279               0.9071
3    C                1.2778              -0.5334              -0.0909
4    H                1.2551              -1.1925               0.7653
5    H                0.8356              -1.2313              -0.7952
6    H                2.2951              -0.7598              -0.3946


Energy:                 -153.877345 Convergence criteria  Is converged 
Maximum Force:             0.420078     0.002850                No
RMS Force:                 0.138262     0.001900                No
Maximum Displacement:      0.023955     0.003150                No
RMS Displacement:          0.007837     0.002100                No

Model change:  2.985881e-03  Actual change:  2.989851e-03  rho: 1.001
Trust radius (MW):  0.050000  Step norm (MW):  0.050000  On boundary: True

----------------------------------------------------------------------
                            Iteration: 95                             


                             Coordinates                              
----------------------------------------------------------------------
0    C                0.8583               0.6882              -0.0036
1    H                0.8770               1.3970              -0.8824
2    O                0.4288               1.2237               0.9031
3    C                1.2754              -0.5263              -0.0904
4    H                1.2515              -1.1810               0.7659
5    H                0.8236              -1.2231              -0.7857
6    H                2.2946              -0.7484              -0.3812


Energy:                 -153.870776 Convergence criteria  Is converged 
Maximum Force:             0.448161     0.002850                No
RMS Force:                 0.149846     0.001900                No
Maximum Displacement:      0.013351     0.003150                No
RMS Displacement:          0.006659     0.002100                No

Model change:  6.565938e-03  Actual change:  6.568902e-03  rho: 1.000
Trust radius (MW):  0.050000  Step norm (MW):  0.050000  On boundary: True

----------------------------------------------------------------------
                            Iteration: 96                             


                             Coordinates                              
----------------------------------------------------------------------
0    C                0.8580               0.6889              -0.0035
1    H                0.8849               1.3837              -0.8958
2    O                0.4314               1.2175               0.9014
3    C                1.2729              -0.5196              -0.0893
4    H                1.2464              -1.1691               0.7688
5    H                0.8129              -1.2187              -0.7755
6    H                2.2949              -0.7402              -0.3678


Energy:                 -153.867564 Convergence criteria  Is converged 
Maximum Force:             0.467000     0.002850                No
RMS Force:                 0.156996     0.001900                No
Maximum Displacement:      0.013406     0.003150                No
RMS Displacement:          0.007500     0.002100                No

Model change:  3.210901e-03  Actual change:  3.211856e-03  rho: 1.000
Trust radius (MW):  0.050000  Step norm (MW):  0.050000  On boundary: True

----------------------------------------------------------------------
                            Iteration: 97                             


                             Coordinates                              
----------------------------------------------------------------------
0    C                0.8584               0.6909              -0.0078
1    H                0.8808               1.3951              -0.8966
2    O                0.4339               1.2106               0.9009
3    C                1.2707              -0.5148              -0.0871
4    H                1.2363              -1.1499               0.7804
5    H                0.8101              -1.2202              -0.7663
6    H                2.2940              -0.7412              -0.3564


Energy:                 -153.865222 Convergence criteria  Is converged 
Maximum Force:             0.478153     0.002850                No
RMS Force:                 0.161341     0.001900                No
Maximum Displacement:      0.019154     0.003150                No
RMS Displacement:          0.007193     0.002100                No

Model change:  2.342579e-03  Actual change:  2.342054e-03  rho: 1.000
Trust radius (MW):  0.050000  Step norm (MW):  0.050000  On boundary: True

----------------------------------------------------------------------
                            Iteration: 98                             


                             Coordinates                              
----------------------------------------------------------------------
0    C                0.8648               0.6913              -0.0071
1    H                0.8981               1.4005              -0.8944
2    O                0.4324               1.2052               0.8988
3    C                1.2666              -0.5100              -0.0863
4    H                1.2211              -1.1408               0.7825
5    H                0.8071              -1.2122              -0.7672
6    H                2.2913              -0.7395              -0.3432


Energy:                 -153.861289 Convergence criteria  Is converged 
Maximum Force:             0.498940     0.002850                No
RMS Force:                 0.168010     0.001900                No
Maximum Displacement:      0.017290     0.003150                No
RMS Displacement:          0.007001     0.002100                No

Model change:  3.932957e-03  Actual change:  3.932721e-03  rho: 1.000
Trust radius (MW):  0.050000  Step norm (MW):  0.050000  On boundary: True

----------------------------------------------------------------------
                            Iteration: 99                             


                             Coordinates                              
----------------------------------------------------------------------
0    C                0.8584               0.6878              -0.0096
1    H                0.8836               1.3983              -0.8991
2    O                0.4375               1.2020               0.8973
3    C                1.2678              -0.5041              -0.0826
4    H                1.2176              -1.1285               0.7891
5    H                0.8069              -1.2052              -0.7626
6    H                2.2903              -0.7341              -0.3418


Energy:                 -153.856933 Convergence criteria  Is converged 
Maximum Force:             0.517120     0.002850                No
RMS Force:                 0.175203     0.001900                No
Maximum Displacement:      0.014460     0.003150                No
RMS Displacement:          0.005754     0.002100                No

Model change:  4.359045e-03  Actual change:  4.356908e-03  rho: 1.000
Trust radius (MW):  0.050000  Step norm (MW):  0.050000  On boundary: True

----------------------------------------------------------------------
                            Iteration: 100                            


                             Coordinates                              
----------------------------------------------------------------------
0    C                0.8654               0.6862              -0.0102
1    H                0.8824               1.4186              -0.8860
2    O                0.4374               1.1980               0.8947
3    C                1.2619              -0.5006              -0.0801
4    H                1.2132              -1.1195               0.7933
5    H                0.8081              -1.2047              -0.7602
6    H                2.2843              -0.7226              -0.3423


Energy:                 -153.851110 Convergence criteria  Is converged 
Maximum Force:             0.539086     0.002850                No
RMS Force:                 0.182383     0.001900                No
Maximum Displacement:      0.020246     0.003150                No
RMS Displacement:          0.006914     0.002100                No

Model change:  5.827966e-03  Actual change:  5.822450e-03  rho: 0.999
Trust radius (MW):  0.050000  Step norm (MW):  0.050000  On boundary: True

----------------------------------------------------------------------
                            Iteration: 101                            


                             Coordinates                              
----------------------------------------------------------------------
0    C                0.8661               0.6795              -0.0097
1    H                0.8704               1.4433              -0.8659
2    O                0.4387               1.1974               0.8917
3    C                1.2605              -0.4961              -0.0775
4    H                1.2140              -1.1148               0.7939
5    H                0.8122              -1.1938              -0.7655
6    H                2.2787              -0.7262              -0.3465


Energy:                 -153.842125 Convergence criteria  Is converged 
Maximum Force:             0.568944     0.002850                No
RMS Force:                 0.192679     0.001900                No
Maximum Displacement:      0.024698     0.003150                No
RMS Displacement:          0.008437     0.002100                No

Model change:  8.977591e-03  Actual change:  8.985022e-03  rho: 1.001
Trust radius (MW):  0.050000  Step norm (MW):  0.050000  On boundary: True

----------------------------------------------------------------------
                            Iteration: 102                            


                             Coordinates                              
----------------------------------------------------------------------
0    C                0.8640               0.6798              -0.0032
1    H                0.8746               1.4406              -0.8776
2    O                0.4415               1.1934               0.8864
3    C                1.2580              -0.4902              -0.0749
4    H                1.2161              -1.1187               0.7891
5    H                0.8244              -1.1930              -0.7663
6    H                2.2700              -0.7318              -0.3535


Energy:                 -153.832842 Convergence criteria  Is converged 
Maximum Force:             0.592262     0.002850                No
RMS Force:                 0.206603     0.001900                No
Maximum Displacement:      0.012155     0.003150                No
RMS Displacement:          0.005586     0.002100                No

Model change:  9.263025e-03  Actual change:  9.282987e-03  rho: 1.002
Trust radius (MW):  0.050000  Step norm (MW):  0.050000  On boundary: True

----------------------------------------------------------------------
                            Iteration: 103                            


                             Coordinates                              
----------------------------------------------------------------------
0    C                0.8660               0.6784              -0.0088
1    H                0.8743               1.4554              -0.8927
2    O                0.4421               1.1906               0.8875
3    C                1.2551              -0.4872              -0.0676
4    H                1.2167              -1.1245               0.7883
5    H                0.8344              -1.1828              -0.7743
6    H                2.2614              -0.7268              -0.3678


Energy:                 -153.830830 Convergence criteria  Is converged 
Maximum Force:             0.608314     0.002850                No
RMS Force:                 0.207759     0.001900                No
Maximum Displacement:      0.015125     0.003150                No
RMS Displacement:          0.007474     0.002100                No

Model change:  2.013543e-03  Actual change:  2.012271e-03  rho: 0.999
Trust radius (MW):  0.050000  Step norm (MW):  0.050000  On boundary: True

----------------------------------------------------------------------
                            Iteration: 104                            


                             Coordinates                              
----------------------------------------------------------------------
0    C                0.8650               0.6822              -0.0100
1    H                0.8835               1.4488              -0.9181
2    O                0.4443               1.1851               0.8860
3    C                1.2523              -0.4833              -0.0615
4    H                1.2171              -1.1290               0.7880
5    H                0.8409              -1.1771              -0.7770
6    H                2.2551              -0.7254              -0.3746


Energy:                 -153.828306 Convergence criteria  Is converged 
Maximum Force:             0.616069     0.002850                No
RMS Force:                 0.212238     0.001900                No
Maximum Displacement:      0.025329     0.003150                No
RMS Displacement:          0.007158     0.002100                No

Model change:  2.516244e-03  Actual change:  2.524003e-03  rho: 1.003
Trust radius (MW):  0.050000  Step norm (MW):  0.050000  On boundary: True

----------------------------------------------------------------------
                            Iteration: 105                            


                             Coordinates                              
----------------------------------------------------------------------
0    C                0.8648               0.6855              -0.0130
1    H                0.8945               1.4322              -0.9387
2    O                0.4461               1.1791               0.8864
3    C                1.2495              -0.4773              -0.0584
4    H                1.2172              -1.1287               0.7859
5    H                0.8385              -1.1764              -0.7690
6    H                2.2526              -0.7253              -0.3663


Energy:                 -153.825586 Convergence criteria  Is converged 
Maximum Force:             0.634308     0.002850                No
RMS Force:                 0.216880     0.001900                No
Maximum Displacement:      0.020639     0.003150                No
RMS Displacement:          0.007191     0.002100                No

Model change:  2.715843e-03  Actual change:  2.719628e-03  rho: 1.001
Trust radius (MW):  0.050000  Step norm (MW):  0.050000  On boundary: True

----------------------------------------------------------------------
                            Iteration: 106                            


                             Coordinates                              
----------------------------------------------------------------------
0    C                0.8632               0.6901              -0.0128
1    H                0.9072               1.4075              -0.9559
2    O                0.4483               1.1733               0.8854
3    C                1.2476              -0.4725              -0.0572
4    H                1.2157              -1.1247               0.7861
5    H                0.8350              -1.1771              -0.7611
6    H                2.2517              -0.7252              -0.3576


Energy:                 -153.822992 Convergence criteria  Is converged 
Maximum Force:             0.643862     0.002850                No
RMS Force:                 0.223032     0.001900                No
Maximum Displacement:      0.024673     0.003150                No
RMS Displacement:          0.007951     0.002100                No

Model change:  2.590450e-03  Actual change:  2.594532e-03  rho: 1.002
Trust radius (MW):  0.050000  Step norm (MW):  0.050000  On boundary: True

----------------------------------------------------------------------
                            Iteration: 107                            


                             Coordinates                              
----------------------------------------------------------------------
0    C                0.8656               0.6888              -0.0196
1    H                0.9107               1.3983              -0.9580
2    O                0.4493               1.1682               0.8875
3    C                1.2448              -0.4658              -0.0548
4    H                1.2112              -1.1131               0.7883
5    H                0.8264              -1.1706              -0.7529
6    H                2.2502              -0.7164              -0.3471


Energy:                 -153.820277 Convergence criteria  Is converged 
Maximum Force:             0.677899     0.002850                No
RMS Force:                 0.226975     0.001900                No
Maximum Displacement:      0.011582     0.003150                No
RMS Displacement:          0.006090     0.002100                No

Model change:  2.710656e-03  Actual change:  2.714553e-03  rho: 1.001
Trust radius (MW):  0.050000  Step norm (MW):  0.050000  On boundary: True

----------------------------------------------------------------------
                            Iteration: 108                            


                             Coordinates                              
----------------------------------------------------------------------
0    C                0.8636               0.6930              -0.0175
1    H                0.9147               1.3829              -0.9555
2    O                0.4524               1.1621               0.8837
3    C                1.2439              -0.4633              -0.0542
4    H                1.2026              -1.0952               0.7977
5    H                0.8156              -1.1647              -0.7471
6    H                2.2517              -0.7067              -0.3375


Energy:                 -153.817610 Convergence criteria  Is converged 
Maximum Force:             0.675557     0.002850                No
RMS Force:                 0.235895     0.001900                No
Maximum Displacement:      0.017869     0.003150                No
RMS Displacement:          0.007582     0.002100                No

Model change:  2.646320e-03  Actual change:  2.667615e-03  rho: 1.008
Trust radius (MW):  0.050000  Step norm (MW):  0.050000  On boundary: True

----------------------------------------------------------------------
                            Iteration: 109                            


                             Coordinates                              
----------------------------------------------------------------------
0    C                0.8678               0.6863              -0.0246
1    H                0.9120               1.3761              -0.9388
2    O                0.4512               1.1625               0.8874
3    C                1.2423              -0.4589              -0.0538
4    H                1.1981              -1.0832               0.7998
5    H                0.8125              -1.1574              -0.7462
6    H                2.2496              -0.6991              -0.3362


Energy:                 -153.816082 Convergence criteria  Is converged 
Maximum Force:             0.715993     0.002850                No
RMS Force:                 0.235678     0.001900                No
Maximum Displacement:      0.016656     0.003150                No
RMS Displacement:          0.006085     0.002100                No

Model change:  1.539277e-03  Actual change:  1.527594e-03  rho: 0.992
Trust radius (MW):  0.050000  Step norm (MW):  0.050000  On boundary: True

----------------------------------------------------------------------
                            Iteration: 110                            


                             Coordinates                              
----------------------------------------------------------------------
0    C                0.8650               0.6883              -0.0172
1    H                0.9080               1.3750              -0.9239
2    O                0.4544               1.1589               0.8804
3    C                1.2421              -0.4581              -0.0538
4    H                1.1935              -1.0727               0.8040
5    H                0.8084              -1.1508              -0.7442
6    H                2.2478              -0.6917              -0.3335


Energy:                 -153.809110 Convergence criteria  Is converged 
Maximum Force:             0.710020     0.002850                No
RMS Force:                 0.248814     0.001900                No
Maximum Displacement:      0.014946     0.003150                No
RMS Displacement:          0.005609     0.002100                No

Model change:  6.925714e-03  Actual change:  6.972184e-03  rho: 1.007
Trust radius (MW):  0.050000  Step norm (MW):  0.050000  On boundary: True

----------------------------------------------------------------------
                            Iteration: 111                            


                             Coordinates                              
----------------------------------------------------------------------
0    C                0.8686               0.6818              -0.0225
1    H                0.9015               1.3696              -0.8958
2    O                0.4531               1.1601               0.8835
3    C                1.2414              -0.4547              -0.0554
4    H                1.1896              -1.0628               0.8058
5    H                0.8027              -1.1459              -0.7439
6    H                2.2492              -0.6844              -0.3309


Energy:                 -153.806687 Convergence criteria  Is converged 
Maximum Force:             0.749323     0.002850                No
RMS Force:                 0.249167     0.001900                No
Maximum Displacement:      0.028114     0.003150                No
RMS Displacement:          0.007585     0.002100                No

Model change:  2.429412e-03  Actual change:  2.422822e-03  rho: 0.997
Trust radius (MW):  0.050000  Step norm (MW):  0.050000  On boundary: True

----------------------------------------------------------------------
                            Iteration: 112                            


                             Coordinates                              
----------------------------------------------------------------------
0    C                0.8652               0.6854              -0.0148
1    H                0.8963               1.3658              -0.8738
2    O                0.4549               1.1600               0.8774
3    C                1.2431              -0.4584              -0.0570
4    H                1.1870              -1.0595               0.8110
5    H                0.8005              -1.1447              -0.7467
6    H                2.2516              -0.6817              -0.3320


Energy:                 -153.804351 Convergence criteria  Is converged 
Maximum Force:             0.712101     0.002850                No
RMS Force:                 0.252980     0.001900                No
Maximum Displacement:      0.021961     0.003150                No
RMS Displacement:          0.005948     0.002100                No

Model change:  2.296203e-03  Actual change:  2.336030e-03  rho: 1.017
Trust radius (MW):  0.050000  Step norm (MW):  0.050000  On boundary: True

----------------------------------------------------------------------
                            Iteration: 113                            


                             Coordinates                              
----------------------------------------------------------------------
0    C                0.8632               0.6879              -0.0108
1    H                0.9056               1.3336              -0.8708
2    O                0.4546               1.1615               0.8770
3    C                1.2432              -0.4564              -0.0597
4    H                1.1921              -1.0721               0.8070
5    H                0.8114              -1.1594              -0.7488
6    H                2.2531              -0.6993              -0.3368


Energy:                 -153.801504 Convergence criteria  Is converged 
Maximum Force:             0.720239     0.002850                No
RMS Force:                 0.255467     0.001900                No
Maximum Displacement:      0.032144     0.003150                No
RMS Displacement:          0.009867     0.002100                No

Model change:  2.842569e-03  Actual change:  2.846674e-03  rho: 1.001
Trust radius (MW):  0.050000  Step norm (MW):  0.050000  On boundary: True

----------------------------------------------------------------------
                            Iteration: 114                            


                             Coordinates                              
----------------------------------------------------------------------
0    C                0.8608               0.6914              -0.0062
1    H                0.9180               1.3056              -0.8826
2    O                0.4549               1.1615               0.8759
3    C                1.2429              -0.4539              -0.0614
4    H                1.1985              -1.0865               0.8005
5    H                0.8213              -1.1719              -0.7473
6    H                2.2522              -0.7152              -0.3383


Energy:                 -153.797440 Convergence criteria  Is converged 
Maximum Force:             0.727659     0.002850                No
RMS Force:                 0.262012     0.001900                No
Maximum Displacement:      0.028036     0.003150                No
RMS Displacement:          0.009588     0.002100                No

Model change:  4.056943e-03  Actual change:  4.063777e-03  rho: 1.002
Trust radius (MW):  0.050000  Step norm (MW):  0.050000  On boundary: True

----------------------------------------------------------------------
                            Iteration: 115                            


                             Coordinates                              
----------------------------------------------------------------------
0    C                0.8631               0.6872              -0.0095
1    H                0.9167               1.3085              -0.8816
2    O                0.4539               1.1626               0.8781
3    C                1.2423              -0.4523              -0.0611
4    H                1.1991              -1.0847               0.7967
5    H                0.8202              -1.1678              -0.7452
6    H                2.2498              -0.7116              -0.3365


Energy:                 -153.797706 Convergence criteria  Is converged 
Maximum Force:             0.748967     0.002850                No
RMS Force:                 0.259295     0.001900                No
Maximum Displacement:      0.004150     0.003150                No
RMS Displacement:          0.002356     0.002100                No

Model change: -2.462503e-04  Actual change: -2.657411e-04  rho: 1.079
Trust radius (MW):  0.025000  Step norm (MW):  0.025000  On boundary: True

----------------------------------------------------------------------
                            Iteration: 116                            


                             Coordinates                              
----------------------------------------------------------------------
0    C                0.8612               0.6902              -0.0064
1    H                0.9214               1.2983              -0.8866
2    O                0.4546               1.1621               0.8765
3    C                1.2426              -0.4526              -0.0618
4    H                1.2029              -1.0938               0.7932
5    H                0.8183              -1.1711              -0.7431
6    H                2.2519              -0.7136              -0.3333


Energy:                 -153.796409 Convergence criteria  Is converged 
Maximum Force:             0.738138     0.002850                No
RMS Force:                 0.261904     0.001900                No
Maximum Displacement:      0.010218     0.003150                No
RMS Displacement:          0.003921     0.002100                No

Model change:  1.296893e-03  Actual change:  1.296908e-03  rho: 1.000
Trust radius (MW):  0.025000  Step norm (MW):  0.025000  On boundary: True

----------------------------------------------------------------------
                            Iteration: 117                            


                             Coordinates                              
----------------------------------------------------------------------
0    C                0.8633               0.6855              -0.0083
1    H                0.9206               1.2990              -0.8845
2    O                0.4540               1.1628               0.8776
3    C                1.2416              -0.4498              -0.0615
4    H                1.2040              -1.0927               0.7880
5    H                0.8162              -1.1655              -0.7409
6    H                2.2492              -0.7082              -0.3313


Energy:                 -153.793704 Convergence criteria  Is converged 
Maximum Force:             0.767576     0.002850                No
RMS Force:                 0.263487     0.001900                No
Maximum Displacement:      0.005576     0.003150                No
RMS Displacement:          0.002738     0.002100                No

Model change:  2.706151e-03  Actual change:  2.705678e-03  rho: 1.000
Trust radius (MW):  0.025000  Step norm (MW):  0.025000  On boundary: True

----------------------------------------------------------------------
                            Iteration: 118                            


                             Coordinates                              
----------------------------------------------------------------------
0    C                0.8615               0.6875              -0.0043
1    H                0.9241               1.2889              -0.8855
2    O                0.4552               1.1615               0.8750
3    C                1.2412              -0.4484              -0.0617
4    H                1.2059              -1.0972               0.7864
5    H                0.8176              -1.1679              -0.7403
6    H                2.2493              -0.7109              -0.3310


Energy:                 -153.788913 Convergence criteria  Is converged 
Maximum Force:             0.769225     0.002850                No
RMS Force:                 0.271377     0.001900                No
Maximum Displacement:      0.010074     0.003150                No
RMS Displacement:          0.003026     0.002100                No

Model change:  4.772315e-03  Actual change:  4.790415e-03  rho: 1.004
Trust radius (MW):  0.025000  Step norm (MW):  0.025000  On boundary: True

----------------------------------------------------------------------
                            Iteration: 119                            


                             Coordinates                              
----------------------------------------------------------------------
0    C                0.8638               0.6835              -0.0078
1    H                0.9228               1.2916              -0.8839
2    O                0.4542               1.1626               0.8773
3    C                1.2407              -0.4472              -0.0614
4    H                1.2057              -1.0939               0.7836
5    H                0.8169              -1.1631              -0.7391
6    H                2.2466              -0.7068              -0.3304


Energy:                 -153.789555 Convergence criteria  Is converged 
Maximum Force:             0.785786     0.002850                No
RMS Force:                 0.267181     0.001900                No
Maximum Displacement:      0.004806     0.003150                No
RMS Displacement:          0.002423     0.002100                No

Model change: -6.217893e-04  Actual change: -6.421148e-04  rho: 1.033
Trust radius (MW):  0.025000  Step norm (MW):  0.025000  On boundary: True

----------------------------------------------------------------------
                            Iteration: 120                            


                             Coordinates                              
----------------------------------------------------------------------
0    C                0.8619               0.6862              -0.0042
1    H                0.9284               1.2789              -0.8895
2    O                0.4551               1.1617               0.8753
3    C                1.2409              -0.4474              -0.0616
4    H                1.2059              -1.0960               0.7851
5    H                0.8172              -1.1627              -0.7419
6    H                2.2476              -0.7062              -0.3330


Energy:                 -153.788295 Convergence criteria  Is converged 
Maximum Force:             0.775572     0.002850                No
RMS Force:                 0.271222     0.001900                No
Maximum Displacement:      0.012622     0.003150                No
RMS Displacement:          0.003617     0.002100                No

Model change:  1.250822e-03  Actual change:  1.259803e-03  rho: 1.007
Trust radius (MW):  0.025000  Step norm (MW):  0.025000  On boundary: True

----------------------------------------------------------------------
                            Iteration: 121                            


                             Coordinates                              
----------------------------------------------------------------------
0    C                0.8641               0.6820              -0.0074
1    H                0.9269               1.2822              -0.8879
2    O                0.4541               1.1628               0.8774
3    C                1.2403              -0.4461              -0.0612
4    H                1.2056              -1.0927               0.7824
5    H                0.8163              -1.1576              -0.7409
6    H                2.2450              -0.7016              -0.3325


Energy:                 -153.788428 Convergence criteria  Is converged 
Maximum Force:             0.794888     0.002850                No
RMS Force:                 0.268556     0.001900                No
Maximum Displacement:      0.005044     0.003150                No
RMS Displacement:          0.002490     0.002100                No

Model change: -1.135614e-04  Actual change: -1.321164e-04  rho: 1.163
Trust radius (MW):  0.025000  Step norm (MW):  0.025000  On boundary: True

----------------------------------------------------------------------
                            Iteration: 122                            


                             Coordinates                              
----------------------------------------------------------------------
0    C                0.8624               0.6837              -0.0033
1    H                0.9301               1.2731              -0.8888
2    O                0.4554               1.1612               0.8745
3    C                1.2398              -0.4445              -0.0611
4    H                1.2065              -1.0954               0.7823
5    H                0.8178              -1.1585              -0.7416
6    H                2.2448              -0.7030              -0.3336


Energy:                 -153.783292 Convergence criteria  Is converged 
Maximum Force:             0.798712     0.002850                No
RMS Force:                 0.277289     0.001900                No
Maximum Displacement:      0.009086     0.003150                No
RMS Displacement:          0.002641     0.002100                No

Model change:  5.111579e-03  Actual change:  5.135542e-03  rho: 1.005
Trust radius (MW):  0.025000  Step norm (MW):  0.025000  On boundary: True

----------------------------------------------------------------------
                            Iteration: 123                            


                             Coordinates                              
----------------------------------------------------------------------
0    C                0.8647               0.6794              -0.0065
1    H                0.9287               1.2755              -0.8868
2    O                0.4546               1.1622               0.8765
3    C                1.2392              -0.4429              -0.0607
4    H                1.2061              -1.0919               0.7796
5    H                0.8174              -1.1531              -0.7405
6    H                2.2416              -0.6985              -0.3333


Energy:                 -153.782735 Convergence criteria  Is converged 
Maximum Force:             0.820421     0.002850                No
RMS Force:                 0.274966     0.001900                No
Maximum Displacement:      0.005392     0.003150                No
RMS Displacement:          0.002533     0.002100                No

Model change:  5.644774e-04  Actual change:  5.567047e-04  rho: 0.986
Trust radius (MW):  0.025000  Step norm (MW):  0.025000  On boundary: True

----------------------------------------------------------------------
                            Iteration: 124                            


                             Coordinates                              
----------------------------------------------------------------------
0    C                0.8626               0.6827              -0.0029
1    H                0.9318               1.2671              -0.8879
2    O                0.4558               1.1606               0.8738
3    C                1.2394              -0.4436              -0.0606
4    H                1.2056              -1.0922               0.7817
5    H                0.8171              -1.1513              -0.7421
6    H                2.2416              -0.6967              -0.3349


Energy:                 -153.781196 Convergence criteria  Is converged 
Maximum Force:             0.802276     0.002850                No
RMS Force:                 0.279464     0.001900                No
Maximum Displacement:      0.008452     0.003150                No
RMS Displacement:          0.002571     0.002100                No

Model change:  1.516211e-03  Actual change:  1.539106e-03  rho: 1.015
Trust radius (MW):  0.025000  Step norm (MW):  0.025000  On boundary: True

----------------------------------------------------------------------
                            Iteration: 125                            


                             Coordinates                              
----------------------------------------------------------------------
0    C                0.8649               0.6787              -0.0064
1    H                0.9309               1.2690              -0.8871
2    O                0.4548               1.1616               0.8761
3    C                1.2388              -0.4423              -0.0601
4    H                1.2052              -1.0889               0.7794
5    H                0.8165              -1.1460              -0.7414
6    H                2.2388              -0.6920              -0.3347


Energy:                 -153.781450 Convergence criteria  Is converged 
Maximum Force:             0.822317     0.002850                No
RMS Force:                 0.275881     0.001900                No
Maximum Displacement:      0.005288     0.003150                No
RMS Displacement:          0.002414     0.002100                No

Model change: -2.463918e-04  Actual change: -2.536050e-04  rho: 1.029
Trust radius (MW):  0.025000  Step norm (MW):  0.025000  On boundary: True

----------------------------------------------------------------------
                            Iteration: 126                            


                             Coordinates                              
----------------------------------------------------------------------
0    C                0.8628               0.6820              -0.0028
1    H                0.9338               1.2611              -0.8886
2    O                0.4561               1.1600               0.8734
3    C                1.2390              -0.4430              -0.0599
4    H                1.2046              -1.0891               0.7818
5    H                0.8160              -1.1440              -0.7433
6    H                2.2391              -0.6897              -0.3365


Energy:                 -153.779956 Convergence criteria  Is converged 
Maximum Force:             0.804286     0.002850                No
RMS Force:                 0.280701     0.001900                No
Maximum Displacement:      0.007850     0.003150                No
RMS Displacement:          0.002541     0.002100                No

Model change:  1.470547e-03  Actual change:  1.494280e-03  rho: 1.016
Trust radius (MW):  0.025000  Step norm (MW):  0.025000  On boundary: True

----------------------------------------------------------------------
                            Iteration: 127                            


                             Coordinates                              
----------------------------------------------------------------------
0    C                0.8651               0.6780              -0.0063
1    H                0.9332               1.2626              -0.8882
2    O                0.4552               1.1610               0.8757
3    C                1.2384              -0.4415              -0.0594
4    H                1.2043              -1.0862               0.7795
5    H                0.8153              -1.1389              -0.7426
6    H                2.2365              -0.6853              -0.3363


Energy:                 -153.780037 Convergence criteria  Is converged 
Maximum Force:             0.826556     0.002850                No
RMS Force:                 0.277372     0.001900                No
Maximum Displacement:      0.005047     0.003150                No
RMS Displacement:          0.002326     0.002100                No

Model change: -7.758074e-05  Actual change: -8.155958e-05  rho: 1.051
Trust radius (MW):  0.025000  Step norm (MW):  0.025000  On boundary: True

----------------------------------------------------------------------
                            Iteration: 128                            


                             Coordinates                              
----------------------------------------------------------------------
0    C                0.8630               0.6813              -0.0029
1    H                0.9363               1.2552              -0.8904
2    O                0.4564               1.1593               0.8732
3    C                1.2386              -0.4426              -0.0591
4    H                1.2034              -1.0860               0.7825
5    H                0.8142              -1.1362              -0.7452
6    H                2.2370              -0.6821              -0.3385


Energy:                 -153.779266 Convergence criteria  Is converged 
Maximum Force:             0.805668     0.002850                No
RMS Force:                 0.281388     0.001900                No
Maximum Displacement:      0.007410     0.003150                No
RMS Displacement:          0.002664     0.002100                No

Model change:  7.519728e-04  Actual change:  7.713704e-04  rho: 1.026
Trust radius (MW):  0.025000  Step norm (MW):  0.025000  On boundary: True

----------------------------------------------------------------------
                            Iteration: 129                            


                             Coordinates                              
----------------------------------------------------------------------
0    C                0.8652               0.6768              -0.0054
1    H                0.9355               1.2556              -0.8882
2    O                0.4558               1.1599               0.8746
3    C                1.2375              -0.4395              -0.0585
4    H                1.2037              -1.0839               0.7789
5    H                0.8146              -1.1320              -0.7434
6    H                2.2336              -0.6791              -0.3377


Energy:                 -153.775974 Convergence criteria  Is converged 
Maximum Force:             0.842038     0.002850                No
RMS Force:                 0.283010     0.001900                No
Maximum Displacement:      0.004557     0.003150                No
RMS Displacement:          0.002307     0.002100                No

Model change:  3.282984e-03  Actual change:  3.291795e-03  rho: 1.003
Trust radius (MW):  0.025000  Step norm (MW):  0.025000  On boundary: True

----------------------------------------------------------------------
                            Iteration: 130                            


                             Coordinates                              
----------------------------------------------------------------------
0    C                0.8664               0.6736              -0.0059
1    H                0.9360               1.2516              -0.8858
2    O                0.4563               1.1589               0.8740
3    C                1.2362              -0.4371              -0.0569
4    H                1.2023              -1.0786               0.7780
5    H                0.8141              -1.1201              -0.7448
6    H                2.2282              -0.6687              -0.3404


Energy:                 -153.771074 Convergence criteria  Is converged 
Maximum Force:             0.862502     0.002850                No
RMS Force:                 0.287885     0.001900                No
Maximum Displacement:      0.011912     0.003150                No
RMS Displacement:          0.004163     0.002100                No

Model change:  4.904125e-03  Actual change:  4.899623e-03  rho: 0.999
Trust radius (MW):  0.025000  Step norm (MW):  0.025000  On boundary: True

----------------------------------------------------------------------
                            Iteration: 131                            


                             Coordinates                              
----------------------------------------------------------------------
0    C                0.8684               0.6688              -0.0077
1    H                0.9356               1.2544              -0.8874
2    O                0.4559               1.1593               0.8750
3    C                1.2352              -0.4345              -0.0560
4    H                1.2008              -1.0742               0.7781
5    H                0.8139              -1.1133              -0.7467
6    H                2.2256              -0.6627              -0.3431


Energy:                 -153.767766 Convergence criteria  Is converged 
Maximum Force:             0.895991     0.002850                No
RMS Force:                 0.292440     0.001900                No
Maximum Displacement:      0.006757     0.003150                No
RMS Displacement:          0.002860     0.002100                No

Model change:  3.303457e-03  Actual change:  3.308383e-03  rho: 1.001
Trust radius (MW):  0.025000  Step norm (MW):  0.025000  On boundary: True

----------------------------------------------------------------------
                            Iteration: 132                            


                             Coordinates                              
----------------------------------------------------------------------
0    C                0.8664               0.6719              -0.0041
1    H                0.9378               1.2494              -0.8895
2    O                0.4572               1.1577               0.8723
3    C                1.2354              -0.4355              -0.0557
4    H                1.1993              -1.0731               0.7821
5    H                0.8137              -1.1105              -0.7499
6    H                2.2258              -0.6597              -0.3461


Energy:                 -153.767309 Convergence criteria  Is converged 
Maximum Force:             0.877975     0.002850                No
RMS Force:                 0.295640     0.001900                No
Maximum Displacement:      0.005054     0.003150                No
RMS Displacement:          0.002503     0.002100                No

Model change:  4.381231e-04  Actual change:  4.570615e-04  rho: 1.043
Trust radius (MW):  0.025000  Step norm (MW):  0.025000  On boundary: True

----------------------------------------------------------------------
                            Iteration: 133                            


                             Coordinates                              
----------------------------------------------------------------------
0    C                0.8684               0.6672              -0.0058
1    H                0.9372               1.2495              -0.8876
2    O                0.4570               1.1577               0.8730
3    C                1.2340              -0.4320              -0.0549
4    H                1.1990              -1.0702               0.7801
5    H                0.8141              -1.1048              -0.7493
6    H                2.2221              -0.6553              -0.3467


Energy:                 -153.761681 Convergence criteria  Is converged 
Maximum Force:             0.919669     0.002850                No
RMS Force:                 0.302133     0.001900                No
Maximum Displacement:      0.005685     0.003150                No
RMS Displacement:          0.002460     0.002100                No

Model change:  5.613948e-03  Actual change:  5.627531e-03  rho: 1.002
Trust radius (MW):  0.025000  Step norm (MW):  0.025000  On boundary: True

----------------------------------------------------------------------
                            Iteration: 134                            


                             Coordinates                              
----------------------------------------------------------------------
0    C                0.8689               0.6655              -0.0058
1    H                0.9381               1.2463              -0.8871
2    O                0.4577               1.1564               0.8719
3    C                1.2332              -0.4311              -0.0530
4    H                1.1958              -1.0634               0.7832
5    H                0.8137              -1.0913              -0.7531
6    H                2.2170              -0.6433              -0.3518


Energy:                 -153.758527 Convergence criteria  Is converged 
Maximum Force:             0.928107     0.002850                No
RMS Force:                 0.306210     0.001900                No
Maximum Displacement:      0.013511     0.003150                No
RMS Displacement:          0.004801     0.002100                No

Model change:  3.153826e-03  Actual change:  3.154028e-03  rho: 1.000
Trust radius (MW):  0.025000  Step norm (MW):  0.025000  On boundary: True

----------------------------------------------------------------------
                            Iteration: 135                            


                             Coordinates                              
----------------------------------------------------------------------
0    C                0.8687               0.6654              -0.0052
1    H                0.9402               1.2414              -0.8894
2    O                0.4588               1.1545               0.8703
3    C                1.2322              -0.4302              -0.0507
4    H                1.1930              -1.0596               0.7886
5    H                0.8112              -1.0804              -0.7594
6    H                2.2159              -0.6319              -0.3576


Energy:                 -153.756276 Convergence criteria  Is converged 
Maximum Force:             0.936243     0.002850                No
RMS Force:                 0.311273     0.001900                No
Maximum Displacement:      0.011390     0.003150                No
RMS Displacement:          0.004526     0.002100                No

Model change:  2.250531e-03  Actual change:  2.250914e-03  rho: 1.000
Trust radius (MW):  0.025000  Step norm (MW):  0.025000  On boundary: True

----------------------------------------------------------------------
                            Iteration: 136                            


                             Coordinates                              
----------------------------------------------------------------------
0    C                0.8678               0.6671              -0.0040
1    H                0.9447               1.2333              -0.8959
2    O                0.4601               1.1521               0.8685
3    C                1.2312              -0.4290              -0.0484
4    H                1.1919              -1.0604               0.7935
5    H                0.8092              -1.0747              -0.7654
6    H                2.2171              -0.6251              -0.3626


Energy:                 -153.754345 Convergence criteria  Is converged 
Maximum Force:             0.943358     0.002850                No
RMS Force:                 0.317277     0.001900                No
Maximum Displacement:      0.008165     0.003150                No
RMS Displacement:          0.003918     0.002100                No

Model change:  1.929477e-03  Actual change:  1.931162e-03  rho: 1.001
Trust radius (MW):  0.025000  Step norm (MW):  0.025000  On boundary: True

----------------------------------------------------------------------
                            Iteration: 137                            


                             Coordinates                              
----------------------------------------------------------------------
0    C                0.8676               0.6683              -0.0047
1    H                0.9513               1.2222              -0.9067
2    O                0.4609               1.1500               0.8683
3    C                1.2297              -0.4264              -0.0460
4    H                1.1928              -1.0644               0.7943
5    H                0.8100              -1.0725              -0.7694
6    H                2.2173              -0.6232              -0.3666


Energy:                 -153.752075 Convergence criteria  Is converged 
Maximum Force:             0.964564     0.002850                No
RMS Force:                 0.322978     0.001900                No
Maximum Displacement:      0.011086     0.003150                No
RMS Displacement:          0.004154     0.002100                No

Model change:  2.268756e-03  Actual change:  2.269787e-03  rho: 1.000
Trust radius (MW):  0.025000  Step norm (MW):  0.025000  On boundary: True

----------------------------------------------------------------------
                            Iteration: 138                            


                             Coordinates                              
----------------------------------------------------------------------
0    C                0.8667               0.6700              -0.0034
1    H                0.9565               1.2116              -0.9132
2    O                0.4621               1.1477               0.8667
3    C                1.2282              -0.4236              -0.0441
4    H                1.1946              -1.0689               0.7929
5    H                0.8144              -1.0728              -0.7709
6    H                2.2152              -0.6255              -0.3699


Energy:                 -153.746690 Convergence criteria  Is converged 
Maximum Force:             0.983330     0.002850                No
RMS Force:                 0.332067     0.001900                No
Maximum Displacement:      0.010568     0.003150                No
RMS Displacement:          0.003634     0.002100                No

Model change:  5.385309e-03  Actual change:  5.385877e-03  rho: 1.000
Trust radius (MW):  0.025000  Step norm (MW):  0.025000  On boundary: True

----------------------------------------------------------------------
                            Iteration: 139                            


                             Coordinates                              
----------------------------------------------------------------------
0    C                0.8656               0.6707              -0.0003
1    H                0.9599               1.2026              -0.9153
2    O                0.4634               1.1458               0.8643
3    C                1.2270              -0.4203              -0.0434
4    H                1.1960              -1.0719               0.7914
5    H                0.8184              -1.0744              -0.7719
6    H                2.2138              -0.6288              -0.3723


Energy:                 -153.738337 Convergence criteria  Is converged 
Maximum Force:             1.006617     0.002850                No
RMS Force:                 0.344224     0.001900                No
Maximum Displacement:      0.009004     0.003150                No
RMS Displacement:          0.002966     0.002100                No

Model change:  8.357723e-03  Actual change:  8.352205e-03  rho: 0.999
Trust radius (MW):  0.025000  Step norm (MW):  0.025000  On boundary: True

----------------------------------------------------------------------
                            Iteration: 140                            


                             Coordinates                              
----------------------------------------------------------------------
0    C                0.8641               0.6728               0.0028
1    H                0.9650               1.1912              -0.9204
2    O                0.4644               1.1443               0.8624
3    C                1.2262              -0.4184              -0.0429
4    H                1.1972              -1.0757               0.7913
5    H                0.8224              -1.0775              -0.7747
6    H                2.2141              -0.6331              -0.3762


Energy:                 -153.732945 Convergence criteria  Is converged 
Maximum Force:             1.013317     0.002850                No
RMS Force:                 0.352743     0.001900                No
Maximum Displacement:      0.011393     0.003150                No
RMS Displacement:          0.003725     0.002100                No

Model change:  5.390803e-03  Actual change:  5.392300e-03  rho: 1.000
Trust radius (MW):  0.025000  Step norm (MW):  0.025000  On boundary: True

----------------------------------------------------------------------
                            Iteration: 141                            


                             Coordinates                              
----------------------------------------------------------------------
0    C                0.8631               0.6741               0.0047
1    H                0.9712               1.1774              -0.9265
2    O                0.4651               1.1430               0.8615
3    C                1.2252              -0.4158              -0.0423
4    H                1.1993              -1.0802               0.7891
5    H                0.8283              -1.0813              -0.7769
6    H                2.2131              -0.6391              -0.3803


Energy:                 -153.727134 Convergence criteria  Is converged 
Maximum Force:             1.032041     0.002850                No
RMS Force:                 0.361163     0.001900                No
Maximum Displacement:      0.013784     0.003150                No
RMS Displacement:          0.004468     0.002100                No

Model change:  5.810510e-03  Actual change:  5.811552e-03  rho: 1.000
Trust radius (MW):  0.025000  Step norm (MW):  0.025000  On boundary: True

----------------------------------------------------------------------
                            Iteration: 142                            


                             Coordinates                              
----------------------------------------------------------------------
0    C                0.8625               0.6741               0.0066
1    H                0.9761               1.1651              -0.9299
2    O                0.4658               1.1417               0.8603
3    C                1.2239              -0.4120              -0.0418
4    H                1.2015              -1.0840               0.7857
5    H                0.8346              -1.0845              -0.7774
6    H                2.2108              -0.6451              -0.3833


Energy:                 -153.718416 Convergence criteria  Is converged 
Maximum Force:             1.062835     0.002850                No
RMS Force:                 0.371755     0.001900                No
Maximum Displacement:      0.012326     0.003150                No
RMS Displacement:          0.004044     0.002100                No

Model change:  8.717850e-03  Actual change:  8.717043e-03  rho: 1.000
Trust radius (MW):  0.025000  Step norm (MW):  0.025000  On boundary: True

----------------------------------------------------------------------
                            Iteration: 143                            


                             Coordinates                              
----------------------------------------------------------------------
0    C                0.8619               0.6752               0.0074
1    H                0.9834               1.1506              -0.9391
2    O                0.4659               1.1412               0.8607
3    C                1.2231              -0.4098              -0.0416
4    H                1.2035              -1.0882               0.7833
5    H                0.8415              -1.0893              -0.7793
6    H                2.2095              -0.6524              -0.3875


Energy:                 -153.714821 Convergence criteria  Is converged 
Maximum Force:             1.081134     0.002850                No
RMS Force:                 0.376848     0.001900                No
Maximum Displacement:      0.014526     0.003150                No
RMS Displacement:          0.005026     0.002100                No

Model change:  3.596067e-03  Actual change:  3.595914e-03  rho: 1.000
Trust radius (MW):  0.025000  Step norm (MW):  0.025000  On boundary: True

----------------------------------------------------------------------
                            Iteration: 144                            


                             Coordinates                              
----------------------------------------------------------------------
0    C                0.8618               0.6758               0.0072
1    H                0.9905               1.1367              -0.9481
2    O                0.4656               1.1411               0.8618
3    C                1.2224              -0.4075              -0.0415
4    H                1.2058              -1.0926               0.7800
5    H                0.8487              -1.0945              -0.7804
6    H                2.2080              -0.6605              -0.3911


Energy:                 -153.712201 Convergence criteria  Is converged 
Maximum Force:             1.101749     0.002850                No
RMS Force:                 0.379832     0.001900                No
Maximum Displacement:      0.013944     0.003150                No
RMS Displacement:          0.005029     0.002100                No

Model change:  2.620633e-03  Actual change:  2.619981e-03  rho: 1.000
Trust radius (MW):  0.025000  Step norm (MW):  0.025000  On boundary: True

----------------------------------------------------------------------
                            Iteration: 145                            


                             Coordinates                              
----------------------------------------------------------------------
0    C                0.8625               0.6745               0.0063
1    H                0.9954               1.1265              -0.9539
2    O                0.4654               1.1407               0.8629
3    C                1.2210              -0.4035              -0.0412
4    H                1.2086              -1.0967               0.7748
5    H                0.8556              -1.0991              -0.7789
6    H                2.2050              -0.6682              -0.3925


Energy:                 -153.706206 Convergence criteria  Is converged 
Maximum Force:             1.137609     0.002850                No
RMS Force:                 0.384197     0.001900                No
Maximum Displacement:      0.010109     0.003150                No
RMS Displacement:          0.004216     0.002100                No

Model change:  6.000861e-03  Actual change:  5.994656e-03  rho: 0.999
Trust radius (MW):  0.025000  Step norm (MW):  0.025000  On boundary: True

----------------------------------------------------------------------
                            Iteration: 146                            


                             Coordinates                              
----------------------------------------------------------------------
0    C                0.8636               0.6710               0.0061
1    H                0.9968               1.1239              -0.9559
2    O                0.4656               1.1400               0.8630
3    C                1.2192              -0.3983              -0.0409
4    H                1.2104              -1.0985               0.7703
5    H                0.8592              -1.1005              -0.7758
6    H                2.2017              -0.6718              -0.3913


Energy:                 -153.696221 Convergence criteria  Is converged 
Maximum Force:             1.180869     0.002850                No
RMS Force:                 0.391218     0.001900                No
Maximum Displacement:      0.005197     0.003150                No
RMS Displacement:          0.002532     0.002100                No

Model change:  9.993079e-03  Actual change:  9.985190e-03  rho: 0.999
Trust radius (MW):  0.025000  Step norm (MW):  0.025000  On boundary: True

----------------------------------------------------------------------
                            Iteration: 147                            


                             Coordinates                              
----------------------------------------------------------------------
0    C                0.8650               0.6698               0.0028
1    H                0.9986               1.1247              -0.9632
2    O                0.4651               1.1394               0.8653
3    C                1.2181              -0.3952              -0.0404
4    H                1.2118              -1.1007               0.7677
5    H                0.8650              -1.1054              -0.7713
6    H                2.1983              -0.6796              -0.3895


Energy:                 -153.694078 Convergence criteria  Is converged 
Maximum Force:             1.210157     0.002850                No
RMS Force:                 0.391964     0.001900                No
Maximum Displacement:      0.007777     0.003150                No
RMS Displacement:          0.003487     0.002100                No

Model change:  2.139487e-03  Actual change:  2.142504e-03  rho: 1.001
Trust radius (MW):  0.025000  Step norm (MW):  0.025000  On boundary: True

----------------------------------------------------------------------
                            Iteration: 148                            


                             Coordinates                              
----------------------------------------------------------------------
0    C                0.8647               0.6717               0.0017
1    H                0.9968               1.1244              -0.9566
2    O                0.4667               1.1361               0.8638
3    C                1.2170              -0.3932              -0.0387
4    H                1.2090              -1.0944               0.7703
5    H                0.8690              -1.1027              -0.7655
6    H                2.1913              -0.6804              -0.3867


Energy:                 -153.688500 Convergence criteria  Is converged 
Maximum Force:             1.209065     0.002850                No
RMS Force:                 0.395540     0.001900                No
Maximum Displacement:      0.006969     0.003150                No
RMS Displacement:          0.003410     0.002100                No

Model change:  5.578327e-03  Actual change:  5.578688e-03  rho: 1.000
Trust radius (MW):  0.025000  Step norm (MW):  0.025000  On boundary: True

----------------------------------------------------------------------
                            Iteration: 149                            


                             Coordinates                              
----------------------------------------------------------------------
0    C                0.8636               0.6736               0.0031
1    H                1.0003               1.1151              -0.9587
2    O                0.4681               1.1333               0.8620
3    C                1.2161              -0.3911              -0.0379
4    H                1.2058              -1.0869               0.7729
5    H                0.8754              -1.1017              -0.7636
6    H                2.1855              -0.6833              -0.3883


Energy:                 -153.681305 Convergence criteria  Is converged 
Maximum Force:             1.208908     0.002850                No
RMS Force:                 0.401919     0.001900                No
Maximum Displacement:      0.009298     0.003150                No
RMS Displacement:          0.003730     0.002100                No

Model change:  7.195804e-03  Actual change:  7.194222e-03  rho: 1.000
Trust radius (MW):  0.025000  Step norm (MW):  0.025000  On boundary: True

----------------------------------------------------------------------
                            Iteration: 150                            


                             Coordinates                              
----------------------------------------------------------------------
0    C                0.8621               0.6771               0.0046
1    H                1.0055               1.1030              -0.9633
2    O                0.4688               1.1316               0.8612
3    C                1.2161              -0.3911              -0.0379
4    H                1.2033              -1.0806               0.7745
5    H                0.8820              -1.1049              -0.7635
6    H                2.1827              -0.6895              -0.3909


Energy:                 -153.679104 Convergence criteria  Is converged 
Maximum Force:             1.190271     0.002850                No
RMS Force:                 0.404272     0.001900                No
Maximum Displacement:      0.012077     0.003150                No
RMS Displacement:          0.004200     0.002100                No

Model change:  2.201575e-03  Actual change:  2.201680e-03  rho: 1.000
Trust radius (MW):  0.025000  Step norm (MW):  0.025000  On boundary: True

----------------------------------------------------------------------
                            Iteration: 151                            


                             Coordinates                              
----------------------------------------------------------------------
0    C                0.8629               0.6757               0.0035
1    H                1.0084               1.0971              -0.9668
2    O                0.4688               1.1306               0.8625
3    C                1.2149              -0.3870              -0.0384
4    H                1.2024              -1.0748               0.7712
5    H                0.8890              -1.1106              -0.7587
6    H                2.1787              -0.6987              -0.3892


Energy:                 -153.672270 Convergence criteria  Is converged 
Maximum Force:             1.228050     0.002850                No
RMS Force:                 0.409877     0.001900                No
Maximum Displacement:      0.009226     0.003150                No
RMS Displacement:          0.003995     0.002100                No

Model change:  6.825337e-03  Actual change:  6.833822e-03  rho: 1.001
Trust radius (MW):  0.025000  Step norm (MW):  0.025000  On boundary: True

----------------------------------------------------------------------
                            Iteration: 152                            


                             Coordinates                              
----------------------------------------------------------------------
0    C                0.8610               0.6796               0.0056
1    H                1.0093               1.0910              -0.9632
2    O                0.4700               1.1287               0.8603
3    C                1.2153              -0.3887              -0.0380
4    H                1.2000              -1.0673               0.7710
5    H                0.8918              -1.1090              -0.7577
6    H                2.1755              -0.6991              -0.3899


Energy:                 -153.670594 Convergence criteria  Is converged 
Maximum Force:             1.185782     0.002850                No
RMS Force:                 0.410814     0.001900                No
Maximum Displacement:      0.007557     0.003150                No
RMS Displacement:          0.002876     0.002100                No

Model change:  1.675513e-03  Actual change:  1.675544e-03  rho: 1.000
Trust radius (MW):  0.025000  Step norm (MW):  0.025000  On boundary: True

----------------------------------------------------------------------
                            Iteration: 153                            


                             Coordinates                              
----------------------------------------------------------------------
0    C                0.8627               0.6754               0.0045
1    H                1.0087               1.0934              -0.9636
2    O                0.4700               1.1283               0.8609
3    C                1.2139              -0.3845              -0.0379
4    H                1.2003              -1.0638               0.7660
5    H                0.8939              -1.1073              -0.7525
6    H                2.1707              -0.6996              -0.3868


Energy:                 -153.662615 Convergence criteria  Is converged 
Maximum Force:             1.238821     0.002850                No
RMS Force:                 0.417619     0.001900                No
Maximum Displacement:      0.005181     0.003150                No
RMS Displacement:          0.002710     0.002100                No

Model change:  7.954744e-03  Actual change:  7.978987e-03  rho: 1.003
Trust radius (MW):  0.025000  Step norm (MW):  0.025000  On boundary: True

----------------------------------------------------------------------
                            Iteration: 154                            


                             Coordinates                              
----------------------------------------------------------------------
0    C                0.8609               0.6789               0.0068
1    H                1.0089               1.0892              -0.9598
2    O                0.4712               1.1267               0.8586
3    C                1.2145              -0.3868              -0.0375
4    H                1.1979              -1.0555               0.7650
5    H                0.8958              -1.1032              -0.7509
6    H                2.1665              -0.6975              -0.3870


Energy:                 -153.661255 Convergence criteria  Is converged 
Maximum Force:             1.187660     0.002850                No
RMS Force:                 0.417638     0.001900                No
Maximum Displacement:      0.008311     0.003150                No
RMS Displacement:          0.002998     0.002100                No

Model change:  1.358329e-03  Actual change:  1.360734e-03  rho: 1.002
Trust radius (MW):  0.025000  Step norm (MW):  0.025000  On boundary: True

----------------------------------------------------------------------
                            Iteration: 155                            


                             Coordinates                              
----------------------------------------------------------------------
0    C                0.8625               0.6747               0.0057
1    H                1.0079               1.0913              -0.9585
2    O                0.4713               1.1262               0.8589
3    C                1.2132              -0.3828              -0.0373
4    H                1.1977              -1.0514               0.7609
5    H                0.8980              -1.0993              -0.7456
6    H                2.1605              -0.6962              -0.3841


Energy:                 -153.652685 Convergence criteria  Is converged 
Maximum Force:             1.243557     0.002850                No
RMS Force:                 0.425337     0.001900                No
Maximum Displacement:      0.006022     0.003150                No
RMS Displacement:          0.002898     0.002100                No

Model change:  8.544919e-03  Actual change:  8.570010e-03  rho: 1.003
Trust radius (MW):  0.025000  Step norm (MW):  0.025000  On boundary: True

----------------------------------------------------------------------
                            Iteration: 156                            


                             Coordinates                              
----------------------------------------------------------------------
0    C                0.8610               0.6777               0.0077
1    H                1.0074               1.0891              -0.9545
2    O                0.4725               1.1244               0.8567
3    C                1.2137              -0.3850              -0.0368
4    H                1.1945              -1.0414               0.7609
5    H                0.8995              -1.0929              -0.7437
6    H                2.1553              -0.6920              -0.3843


Energy:                 -153.651078 Convergence criteria  Is converged 
Maximum Force:             1.189815     0.002850                No
RMS Force:                 0.425134     0.001900                No
Maximum Displacement:      0.009953     0.003150                No
RMS Displacement:          0.003463     0.002100                No

Model change:  1.603185e-03  Actual change:  1.606879e-03  rho: 1.002
Trust radius (MW):  0.025000  Step norm (MW):  0.025000  On boundary: True

----------------------------------------------------------------------
                            Iteration: 157                            


                             Coordinates                              
----------------------------------------------------------------------
0    C                0.8630               0.6738               0.0051
1    H                1.0049               1.0948              -0.9521
2    O                0.4723               1.1240               0.8578
3    C                1.2128              -0.3825              -0.0366
4    H                1.1915              -1.0346               0.7637
5    H                0.8991              -1.0871              -0.7397
6    H                2.1508              -0.6876              -0.3816


Energy:                 -153.648068 Convergence criteria  Is converged 
Maximum Force:             1.233615     0.002850                No
RMS Force:                 0.426562     0.001900                No
Maximum Displacement:      0.006778     0.003150                No
RMS Displacement:          0.003373     0.002100                No

Model change:  3.000425e-03  Actual change:  3.009415e-03  rho: 1.003
Trust radius (MW):  0.025000  Step norm (MW):  0.025000  On boundary: True

----------------------------------------------------------------------
                            Iteration: 158                            


                             Coordinates                              
----------------------------------------------------------------------
0    C                0.8611               0.6771               0.0079
1    H                1.0046               1.0939              -0.9501
2    O                0.4737               1.1221               0.8552
3    C                1.2132              -0.3842              -0.0361
4    H                1.1877              -1.0274               0.7686
5    H                0.8993              -1.0846              -0.7418
6    H                2.1505              -0.6853              -0.3840


Energy:                 -153.646388 Convergence criteria  Is converged 
Maximum Force:             1.190309     0.002850                No
RMS Force:                 0.430472     0.001900                No
Maximum Displacement:      0.007263     0.003150                No
RMS Displacement:          0.002728     0.002100                No

Model change:  1.673056e-03  Actual change:  1.680229e-03  rho: 1.004
Trust radius (MW):  0.025000  Step norm (MW):  0.025000  On boundary: True

----------------------------------------------------------------------
                            Iteration: 159                            


                             Coordinates                              
----------------------------------------------------------------------
0    C                0.8627               0.6731               0.0069
1    H                1.0026               1.0966              -0.9464
2    O                0.4740               1.1211               0.8550
3    C                1.2118              -0.3800              -0.0359
4    H                1.1857              -1.0225               0.7700
5    H                0.9012              -1.0801              -0.7373
6    H                2.1449              -0.6832              -0.3818


Energy:                 -153.637102 Convergence criteria  Is converged 
Maximum Force:             1.257711     0.002850                No
RMS Force:                 0.441123     0.001900                No
Maximum Displacement:      0.005645     0.003150                No
RMS Displacement:          0.002926     0.002100                No

Model change:  9.264104e-03  Actual change:  9.285581e-03  rho: 1.002
Trust radius (MW):  0.025000  Step norm (MW):  0.025000  On boundary: True

----------------------------------------------------------------------
                            Iteration: 160                            


                             Coordinates                              
----------------------------------------------------------------------
0    C                0.8612               0.6754               0.0094
1    H                1.0019               1.0956              -0.9428
2    O                0.4755               1.1189               0.8523
3    C                1.2120              -0.3809              -0.0355
4    H                1.1816              -1.0127               0.7734
5    H                0.9031              -1.0743              -0.7358
6    H                2.1398              -0.6796              -0.3823


Energy:                 -153.631962 Convergence criteria  Is converged 
Maximum Force:             1.220972     0.002850                No
RMS Force:                 0.447031     0.001900                No
Maximum Displacement:      0.009720     0.003150                No
RMS Displacement:          0.003416     0.002100                No

Model change:  5.135739e-03  Actual change:  5.139993e-03  rho: 1.001
Trust radius (MW):  0.025000  Step norm (MW):  0.025000  On boundary: True

----------------------------------------------------------------------
                            Iteration: 161                            


                             Coordinates                              
----------------------------------------------------------------------
0    C                0.8610               0.6762               0.0093
1    H                0.9992               1.0992              -0.9377
2    O                0.4767               1.1163               0.8510
3    C                1.2115              -0.3799              -0.0351
4    H                1.1738              -1.0004               0.7866
5    H                0.9018              -1.0737              -0.7366
6    H                2.1408              -0.6780              -0.3824


Energy:                 -153.629082 Convergence criteria  Is converged 
Maximum Force:             1.226989     0.002850                No
RMS Force:                 0.453138     0.001900                No
Maximum Displacement:      0.013195     0.003150                No
RMS Displacement:          0.004637     0.002100                No

Model change:  2.879365e-03  Actual change:  2.880329e-03  rho: 1.000
Trust radius (MW):  0.025000  Step norm (MW):  0.025000  On boundary: True

----------------------------------------------------------------------
                            Iteration: 162                            


                             Coordinates                              
----------------------------------------------------------------------
0    C                0.8596               0.6789               0.0112
1    H                0.9990               1.1018              -0.9397
2    O                0.4780               1.1139               0.8492
3    C                1.2114              -0.3798              -0.0350
4    H                1.1676              -0.9899               0.7965
5    H                0.9021              -1.0774              -0.7387
6    H                2.1435              -0.6809              -0.3836


Energy:                 -153.626428 Convergence criteria  Is converged 
Maximum Force:             1.208863     0.002850                No
RMS Force:                 0.460541     0.001900                No
Maximum Displacement:      0.010496     0.003150                No
RMS Displacement:          0.003885     0.002100                No

Model change:  2.659152e-03  Actual change:  2.654296e-03  rho: 0.998
Trust radius (MW):  0.025000  Step norm (MW):  0.025000  On boundary: True

----------------------------------------------------------------------
                            Iteration: 163                            


                             Coordinates                              
----------------------------------------------------------------------
0    C                0.8577               0.6822               0.0139
1    H                1.0010               1.0994              -0.9440
2    O                0.4789               1.1126               0.8476
3    C                1.2115              -0.3800              -0.0349
4    H                1.1657              -0.9881               0.8011
5    H                0.9021              -1.0868              -0.7437
6    H                2.1511              -0.6879              -0.3864


Energy:                 -153.624602 Convergence criteria  Is converged 
Maximum Force:             1.190696     0.002850                No
RMS Force:                 0.467236     0.001900                No
Maximum Displacement:      0.009330     0.003150                No
RMS Displacement:          0.003832     0.002100                No

Model change:  1.837764e-03  Actual change:  1.825573e-03  rho: 0.993
Trust radius (MW):  0.025000  Step norm (MW):  0.025000  On boundary: True

----------------------------------------------------------------------
                            Iteration: 164                            


                             Coordinates                              
----------------------------------------------------------------------
0    C                0.8560               0.6852               0.0167
1    H                1.0039               1.0939              -0.9480
2    O                0.4797               1.1114               0.8461
3    C                1.2113              -0.3792              -0.0351
4    H                1.1660              -0.9904               0.8025
5    H                0.9029              -1.0971              -0.7470
6    H                2.1578              -0.6963              -0.3881


Energy:                 -153.619586 Convergence criteria  Is converged 
Maximum Force:             1.186198     0.002850                No
RMS Force:                 0.475362     0.001900                No
Maximum Displacement:      0.010340     0.003150                No
RMS Displacement:          0.003933     0.002100                No

Model change:  5.026242e-03  Actual change:  5.016145e-03  rho: 0.998
Trust radius (MW):  0.025000  Step norm (MW):  0.025000  On boundary: True

----------------------------------------------------------------------
                            Iteration: 165                            


                             Coordinates                              
----------------------------------------------------------------------
0    C                0.8544               0.6886               0.0183
1    H                1.0062               1.0903              -0.9521
2    O                0.4802               1.1107               0.8453
3    C                1.2112              -0.3790              -0.0353
4    H                1.1678              -0.9968               0.8035
5    H                0.9014              -1.1095              -0.7493
6    H                2.1667              -0.7054              -0.3874


Energy:                 -153.618276 Convergence criteria  Is converged 
Maximum Force:             1.179163     0.002850                No
RMS Force:                 0.480069     0.001900                No
Maximum Displacement:      0.012404     0.003150                No
RMS Displacement:          0.004474     0.002100                No

Model change:  1.316290e-03  Actual change:  1.310583e-03  rho: 0.996
Trust radius (MW):  0.025000  Step norm (MW):  0.025000  On boundary: True

----------------------------------------------------------------------
                            Iteration: 166                            


                             Coordinates                              
----------------------------------------------------------------------
0    C                0.8540               0.6899               0.0183
1    H                1.0070               1.0915              -0.9563
2    O                0.4804               1.1100               0.8453
3    C                1.2105              -0.3767              -0.0352
4    H                1.1722              -1.0080               0.8006
5    H                0.8977              -1.1221              -0.7475
6    H                2.1751              -0.7141              -0.3820


Energy:                 -153.615900 Convergence criteria  Is converged 
Maximum Force:             1.205354     0.002850                No
RMS Force:                 0.484777     0.001900                No
Maximum Displacement:      0.012615     0.003150                No
RMS Displacement:          0.005041     0.002100                No

Model change:  2.375697e-03  Actual change:  2.375126e-03  rho: 1.000
Trust radius (MW):  0.025000  Step norm (MW):  0.025000  On boundary: True

----------------------------------------------------------------------
                            Iteration: 167                            


                             Coordinates                              
----------------------------------------------------------------------
0    C                0.8529               0.6915               0.0203
1    H                1.0078               1.0903              -0.9575
2    O                0.4815               1.1084               0.8435
3    C                1.2095              -0.3740              -0.0348
4    H                1.1760              -1.0164               0.7967
5    H                0.8949              -1.1319              -0.7459
6    H                2.1815              -0.7209              -0.3777


Energy:                 -153.606555 Convergence criteria  Is converged 
Maximum Force:             1.226746     0.002850                No
RMS Force:                 0.495244     0.001900                No
Maximum Displacement:      0.009773     0.003150                No
RMS Displacement:          0.004017     0.002100                No

Model change:  9.343969e-03  Actual change:  9.345224e-03  rho: 1.000
Trust radius (MW):  0.025000  Step norm (MW):  0.025000  On boundary: True

----------------------------------------------------------------------
                            Iteration: 168                            


                             Coordinates                              
----------------------------------------------------------------------
0    C                0.8518               0.6945               0.0209
1    H                1.0067               1.0953              -0.9590
2    O                0.4823               1.1069               0.8421
3    C                1.2091              -0.3733              -0.0339
4    H                1.1800              -1.0269               0.7941
5    H                0.8892              -1.1411              -0.7440
6    H                2.1892              -0.7257              -0.3718


Energy:                 -153.603297 Convergence criteria  Is converged 
Maximum Force:             1.223950     0.002850                No
RMS Force:                 0.500682     0.001900                No
Maximum Displacement:      0.010420     0.003150                No
RMS Displacement:          0.004445     0.002100                No

Model change:  3.259405e-03  Actual change:  3.258226e-03  rho: 1.000
Trust radius (MW):  0.025000  Step norm (MW):  0.025000  On boundary: True

----------------------------------------------------------------------
                            Iteration: 169                            


                             Coordinates                              
----------------------------------------------------------------------
0    C                0.8509               0.6964               0.0218
1    H                1.0054               1.1012              -0.9611
2    O                0.4833               1.1053               0.8404
3    C                1.2082              -0.3715              -0.0329
4    H                1.1846              -1.0386               0.7911
5    H                0.8851              -1.1494              -0.7413
6    H                2.1949              -0.7307              -0.3662


Energy:                 -153.596764 Convergence criteria  Is converged 
Maximum Force:             1.238506     0.002850                No
RMS Force:                 0.508570     0.001900                No
Maximum Displacement:      0.011743     0.003150                No
RMS Displacement:          0.004413     0.002100                No

Model change:  6.532979e-03  Actual change:  6.532635e-03  rho: 1.000
Trust radius (MW):  0.025000  Step norm (MW):  0.025000  On boundary: True

----------------------------------------------------------------------
                            Iteration: 170                            


                             Coordinates                              
----------------------------------------------------------------------
0    C                0.8493               0.7003               0.0229
1    H                1.0044               1.1073              -0.9643
2    O                0.4842               1.1040               0.8390
3    C                1.2082              -0.3722              -0.0321
4    H                1.1878              -1.0495               0.7923
5    H                0.8823              -1.1571              -0.7412
6    H                2.2008              -0.7357              -0.3634


Energy:                 -153.595036 Convergence criteria  Is converged 
Maximum Force:             1.243280     0.002850                No
RMS Force:                 0.512254     0.001900                No
Maximum Displacement:      0.010901     0.003150                No
RMS Displacement:          0.004008     0.002100                No

Model change:  1.733700e-03  Actual change:  1.728821e-03  rho: 0.997
Trust radius (MW):  0.025000  Step norm (MW):  0.025000  On boundary: True

----------------------------------------------------------------------
                            Iteration: 171                            


                             Coordinates                              
----------------------------------------------------------------------
0    C                0.8482               0.7034               0.0232
1    H                1.0027               1.1163              -0.9686
2    O                0.4848               1.1030               0.8379
3    C                1.2080              -0.3723              -0.0310
4    H                1.1918              -1.0629               0.7932
5    H                0.8818              -1.1654              -0.7405
6    H                2.2051              -0.7423              -0.3612


Energy:                 -153.593243 Convergence criteria  Is converged 
Maximum Force:             1.258536     0.002850                No
RMS Force:                 0.515834     0.001900                No
Maximum Displacement:      0.013385     0.003150                No
RMS Displacement:          0.004625     0.002100                No

Model change:  1.792186e-03  Actual change:  1.792033e-03  rho: 1.000
Trust radius (MW):  0.025000  Step norm (MW):  0.025000  On boundary: True

----------------------------------------------------------------------
                            Iteration: 172                            


                             Coordinates                              
----------------------------------------------------------------------
0    C                0.8472               0.7064               0.0234
1    H                1.0001               1.1271              -0.9716
2    O                0.4855               1.1019               0.8368
3    C                1.2077              -0.3726              -0.0297
4    H                1.1954              -1.0760               0.7953
5    H                0.8831              -1.1726              -0.7398
6    H                2.2076              -0.7492              -0.3600


Energy:                 -153.591579 Convergence criteria  Is converged 
Maximum Force:             1.273823     0.002850                No
RMS Force:                 0.519046     0.001900                No
Maximum Displacement:      0.013091     0.003150                No
RMS Displacement:          0.004603     0.002100                No

Model change:  1.663425e-03  Actual change:  1.664759e-03  rho: 1.001
Trust radius (MW):  0.025000  Step norm (MW):  0.025000  On boundary: True

----------------------------------------------------------------------
                            Iteration: 173                            


                             Coordinates                              
----------------------------------------------------------------------
0    C                0.8462               0.7092               0.0239
1    H                0.9975               1.1393              -0.9758
2    O                0.4863               1.1007               0.8354
3    C                1.2073              -0.3727              -0.0284
4    H                1.1984              -1.0879               0.7980
5    H                0.8861              -1.1784              -0.7388
6    H                2.2080              -0.7557              -0.3596


Energy:                 -153.588162 Convergence criteria  Is converged 
Maximum Force:             1.291410     0.002850                No
RMS Force:                 0.523429     0.001900                No
Maximum Displacement:      0.012208     0.003150                No
RMS Displacement:          0.004549     0.002100                No

Model change:  3.416032e-03  Actual change:  3.416975e-03  rho: 1.000
Trust radius (MW):  0.025000  Step norm (MW):  0.025000  On boundary: True

----------------------------------------------------------------------
                            Iteration: 174                            


                             Coordinates                              
----------------------------------------------------------------------
0    C                0.8450               0.7123               0.0245
1    H                0.9957               1.1529              -0.9846
2    O                0.4869               1.0997               0.8344
3    C                1.2075              -0.3741              -0.0273
4    H                1.2001              -1.0968               0.8023
5    H                0.8894              -1.1819              -0.7379
6    H                2.2071              -0.7606              -0.3599


Energy:                 -153.587860 Convergence criteria  Is converged 
Maximum Force:             1.303175     0.002850                No
RMS Force:                 0.524924     0.001900                No
Maximum Displacement:      0.013590     0.003150                No
RMS Displacement:          0.004532     0.002100                No

Model change:  3.038862e-04  Actual change:  3.019245e-04  rho: 0.994
Trust radius (MW):  0.025000  Step norm (MW):  0.025000  On boundary: True

----------------------------------------------------------------------
                            Iteration: 175                            


                             Coordinates                              
----------------------------------------------------------------------
0    C                0.8440               0.7150               0.0249
1    H                0.9945               1.1672              -0.9963
2    O                0.4873               1.0989               0.8338
3    C                1.2078              -0.3759              -0.0264
4    H                1.2010              -1.1040               0.8071
5    H                0.8925              -1.1841              -0.7370
6    H                2.2057              -0.7642              -0.3603


Energy:                 -153.589004 Convergence criteria  Is converged 
Maximum Force:             1.306978     0.002850                No
RMS Force:                 0.524501     0.001900                No
Maximum Displacement:      0.014331     0.003150                No
RMS Displacement:          0.004695     0.002100                No

Model change: -1.143769e-03  Actual change: -1.144227e-03  rho: 1.000
Trust radius (MW):  0.025000  Step norm (MW):  0.025000  On boundary: True

----------------------------------------------------------------------
                            Iteration: 176                            


                             Coordinates                              
----------------------------------------------------------------------
0    C                0.8430               0.7175               0.0257
1    H                0.9932               1.1816              -1.0078
2    O                0.4880               1.0978               0.8328
3    C                1.2079              -0.3771              -0.0253
4    H                1.2020              -1.1110               0.8114
5    H                0.8963              -1.1862              -0.7358
6    H                2.2036              -0.7682              -0.3608


Energy:                 -153.587191 Convergence criteria  Is converged 
Maximum Force:             1.313012     0.002850                No
RMS Force:                 0.525495     0.001900                No
Maximum Displacement:      0.014329     0.003150                No
RMS Displacement:          0.004687     0.002100                No

Model change:  1.813561e-03  Actual change:  1.813125e-03  rho: 1.000
Trust radius (MW):  0.025000  Step norm (MW):  0.025000  On boundary: True

----------------------------------------------------------------------
                            Iteration: 177                            


                             Coordinates                              
----------------------------------------------------------------------
0    C                0.8422               0.7205               0.0252
1    H                0.9911               1.1964              -1.0171
2    O                0.4882               1.0971               0.8325
3    C                1.2082              -0.3794              -0.0240
4    H                1.2031              -1.1176               0.8150
5    H                0.9005              -1.1879              -0.7349
6    H                2.2011              -0.7720              -0.3617


Energy:                 -153.589702 Convergence criteria  Is converged 
Maximum Force:             1.312099     0.002850                No
RMS Force:                 0.523362     0.001900                No
Maximum Displacement:      0.014875     0.003150                No
RMS Displacement:          0.004520     0.002100                No

Model change: -2.511937e-03  Actual change: -2.510717e-03  rho: 1.000
Trust radius (MW):  0.025000  Step norm (MW):  0.025000  On boundary: True

----------------------------------------------------------------------
                            Iteration: 178                            


                             Coordinates                              
----------------------------------------------------------------------
0    C                0.8415               0.7235               0.0243
1    H                0.9887               1.2112              -1.0251
2    O                0.4885               1.0964               0.8324
3    C                1.2085              -0.3817              -0.0224
4    H                1.2043              -1.1243               0.8182
5    H                0.9053              -1.1893              -0.7345
6    H                2.1984              -0.7758              -0.3634


Energy:                 -153.592456 Convergence criteria  Is converged 
Maximum Force:             1.310153     0.002850                No
RMS Force:                 0.521012     0.001900                No
Maximum Displacement:      0.014722     0.003150                No
RMS Displacement:          0.004433     0.002100                No

Model change: -2.756324e-03  Actual change: -2.754729e-03  rho: 0.999
Trust radius (MW):  0.025000  Step norm (MW):  0.025000  On boundary: True

----------------------------------------------------------------------
                            Iteration: 179                            


                             Coordinates                              
----------------------------------------------------------------------
0    C                0.8407               0.7267               0.0236
1    H                0.9865               1.2249              -1.0325
2    O                0.4889               1.0955               0.8320
3    C                1.2086              -0.3837              -0.0206
4    H                1.2056              -1.1309               0.8211
5    H                0.9111              -1.1906              -0.7346
6    H                2.1951              -0.7801              -0.3661


Energy:                 -153.593384 Convergence criteria  Is converged 
Maximum Force:             1.311570     0.002850                No
RMS Force:                 0.519821     0.001900                No
Maximum Displacement:      0.013739     0.003150                No
RMS Displacement:          0.004336     0.002100                No

Model change: -9.286246e-04  Actual change: -9.277231e-04  rho: 0.999
Trust radius (MW):  0.025000  Step norm (MW):  0.025000  On boundary: True

----------------------------------------------------------------------
                            Iteration: 180                            


                             Coordinates                              
----------------------------------------------------------------------
0    C                0.8398               0.7302               0.0225
1    H                0.9846               1.2367              -1.0391
2    O                0.4892               1.0947               0.8319
3    C                1.2089              -0.3864              -0.0186
4    H                1.2065              -1.1360               0.8237
5    H                0.9177              -1.1917              -0.7359
6    H                2.1918              -0.7843              -0.3703


Energy:                 -153.595862 Convergence criteria  Is converged 
Maximum Force:             1.311419     0.002850                No
RMS Force:                 0.517542     0.001900                No
Maximum Displacement:      0.011773     0.003150                No
RMS Displacement:          0.004003     0.002100                No

Model change: -2.479235e-03  Actual change: -2.478306e-03  rho: 1.000
Trust radius (MW):  0.025000  Step norm (MW):  0.025000  On boundary: True

----------------------------------------------------------------------
                            Iteration: 181                            


                             Coordinates                              
----------------------------------------------------------------------
0    C                0.8389               0.7339               0.0215
1    H                0.9834               1.2460              -1.0453
2    O                0.4893               1.0942               0.8320
3    C                1.2093              -0.3894              -0.0166
4    H                1.2068              -1.1390               0.8260
5    H                0.9251              -1.1927              -0.7387
6    H                2.1886              -0.7887              -0.3761


Energy:                 -153.598763 Convergence criteria  Is converged 
Maximum Force:             1.311267     0.002850                No
RMS Force:                 0.514814     0.001900                No
Maximum Displacement:      0.009289     0.003150                No
RMS Displacement:          0.003765     0.002100                No

Model change: -2.901733e-03  Actual change: -2.900734e-03  rho: 1.000
Trust radius (MW):  0.025000  Step norm (MW):  0.025000  On boundary: True

----------------------------------------------------------------------
                            Iteration: 182                            


                             Coordinates                              
----------------------------------------------------------------------
0    C                0.8380               0.7376               0.0205
1    H                0.9829               1.2528              -1.0509
2    O                0.4893               1.0939               0.8323
3    C                1.2099              -0.3928              -0.0148
4    H                1.2064              -1.1397               0.8282
5    H                0.9331              -1.1938              -0.7429
6    H                2.1857              -0.7932              -0.3834


Energy:                 -153.602655 Convergence criteria  Is converged 
Maximum Force:             1.309560     0.002850                No
RMS Force:                 0.511271     0.001900                No
Maximum Displacement:      0.007974     0.003150                No
RMS Displacement:          0.003649     0.002100                No

Model change: -3.892852e-03  Actual change: -3.891818e-03  rho: 1.000
Trust radius (MW):  0.025000  Step norm (MW):  0.025000  On boundary: True

----------------------------------------------------------------------
                            Iteration: 183                            


                             Coordinates                              
----------------------------------------------------------------------
0    C                0.8373               0.7411               0.0193
1    H                0.9827               1.2577              -1.0556
2    O                0.4891               1.0940               0.8330
3    C                1.2106              -0.3965              -0.0131
4    H                1.2052              -1.1382               0.8307
5    H                0.9413              -1.1947              -0.7483
6    H                2.1831              -0.7976              -0.3919


Energy:                 -153.607779 Convergence criteria  Is converged 
Maximum Force:             1.305444     0.002850                No
RMS Force:                 0.506899     0.001900                No
Maximum Displacement:      0.008485     0.003150                No
RMS Displacement:          0.003666     0.002100                No

Model change: -5.124532e-03  Actual change: -5.124277e-03  rho: 1.000
Trust radius (MW):  0.025000  Step norm (MW):  0.025000  On boundary: True

----------------------------------------------------------------------
                            Iteration: 184                            


                             Coordinates                              
----------------------------------------------------------------------
0    C                0.8368               0.7441               0.0178
1    H                0.9826               1.2613              -1.0593
2    O                0.4887               1.0943               0.8341
3    C                1.2113              -0.4001              -0.0117
4    H                1.2034              -1.1351               0.8336
5    H                0.9495              -1.1954              -0.7545
6    H                2.1809              -0.8017              -0.4010


Energy:                 -153.614033 Convergence criteria  Is converged 
Maximum Force:             1.299121     0.002850                No
RMS Force:                 0.501952     0.001900                No
Maximum Displacement:      0.009195     0.003150                No
RMS Displacement:          0.003717     0.002100                No

Model change: -6.252883e-03  Actual change: -6.253755e-03  rho: 1.000
Trust radius (MW):  0.025000  Step norm (MW):  0.025000  On boundary: True

----------------------------------------------------------------------
                            Iteration: 185                            


                             Coordinates                              
----------------------------------------------------------------------
0    C                0.8364               0.7468               0.0160
1    H                0.9826               1.2639              -1.0622
2    O                0.4881               1.0949               0.8354
3    C                1.2121              -0.4038              -0.0103
4    H                1.2011              -1.1308               0.8369
5    H                0.9575              -1.1959              -0.7612
6    H                2.1789              -0.8054              -0.4106


Energy:                 -153.621067 Convergence criteria  Is converged 
Maximum Force:             1.291456     0.002850                No
RMS Force:                 0.496803     0.001900                No
Maximum Displacement:      0.009567     0.003150                No
RMS Displacement:          0.003765     0.002100                No

Model change: -7.033244e-03  Actual change: -7.034181e-03  rho: 1.000
Trust radius (MW):  0.025000  Step norm (MW):  0.025000  On boundary: True

----------------------------------------------------------------------
                            Iteration: 186                            


                             Coordinates                              
----------------------------------------------------------------------
0    C                0.8361               0.7492               0.0143
1    H                0.9826               1.2659              -1.0646
2    O                0.4876               1.0953               0.8367
3    C                1.2128              -0.4071              -0.0089
4    H                1.1982              -1.1253               0.8408
5    H                0.9664              -1.1962              -0.7685
6    H                2.1765              -0.8093              -0.4212


Energy:                 -153.627157 Convergence criteria  Is converged 
Maximum Force:             1.285340     0.002850                No
RMS Force:                 0.492671     0.001900                No
Maximum Displacement:      0.010539     0.003150                No
RMS Displacement:          0.004088     0.002100                No

Model change: -6.088093e-03  Actual change: -6.089626e-03  rho: 1.000
Trust radius (MW):  0.025000  Step norm (MW):  0.025000  On boundary: True

----------------------------------------------------------------------
                            Iteration: 187                            


                             Coordinates                              
----------------------------------------------------------------------
0    C                0.8361               0.7512               0.0121
1    H                0.9825               1.2675              -1.0659
2    O                0.4870               1.0959               0.8383
3    C                1.2134              -0.4102              -0.0077
4    H                1.1951              -1.1191               0.8449
5    H                0.9750              -1.1962              -0.7759
6    H                2.1741              -0.8128              -0.4316


Energy:                 -153.634321 Convergence criteria  Is converged 
Maximum Force:             1.277248     0.002850                No
RMS Force:                 0.488243     0.001900                No
Maximum Displacement:      0.010479     0.003150                No
RMS Displacement:          0.004073     0.002100                No

Model change: -7.161988e-03  Actual change: -7.164555e-03  rho: 1.000
Trust radius (MW):  0.025000  Step norm (MW):  0.025000  On boundary: True

----------------------------------------------------------------------
                            Iteration: 188                            


                             Coordinates                              
----------------------------------------------------------------------
0    C                0.8361               0.7528               0.0103
1    H                0.9823               1.2685              -1.0663
2    O                0.4865               1.0962               0.8395
3    C                1.2137              -0.4124              -0.0061
4    H                1.1917              -1.1123               0.8488
5    H                0.9860              -1.1965              -0.7836
6    H                2.1704              -0.8178              -0.4436


Energy:                 -153.638388 Convergence criteria  Is converged 
Maximum Force:             1.273481     0.002850                No
RMS Force:                 0.485985     0.001900                No
Maximum Displacement:      0.011940     0.003150                No
RMS Displacement:          0.004642     0.002100                No

Model change: -4.065098e-03  Actual change: -4.066477e-03  rho: 1.000
Trust radius (MW):  0.025000  Step norm (MW):  0.025000  On boundary: True

----------------------------------------------------------------------
                            Iteration: 189                            


                             Coordinates                              
----------------------------------------------------------------------
0    C                0.8362               0.7546               0.0080
1    H                0.9819               1.2697              -1.0664
2    O                0.4859               1.0967               0.8411
3    C                1.2141              -0.4151              -0.0048
4    H                1.1887              -1.1061               0.8527
5    H                0.9957              -1.1968              -0.7906
6    H                2.1673              -0.8222              -0.4542


Energy:                 -153.644678 Convergence criteria  Is converged 
Maximum Force:             1.266332     0.002850                No
RMS Force:                 0.482405     0.001900                No
Maximum Displacement:      0.010661     0.003150                No
RMS Displacement:          0.004205     0.002100                No

Model change: -6.289229e-03  Actual change: -6.290259e-03  rho: 1.000
Trust radius (MW):  0.025000  Step norm (MW):  0.025000  On boundary: True

----------------------------------------------------------------------
                            Iteration: 190                            


                             Coordinates                              
----------------------------------------------------------------------
0    C                0.8364               0.7565               0.0055
1    H                0.9816               1.2709              -1.0664
2    O                0.4852               1.0974               0.8429
3    C                1.2147              -0.4180              -0.0036
4    H                1.1857              -1.1005               0.8567
5    H                1.0051              -1.1973              -0.7971
6    H                2.1642              -0.8267              -0.4643


Energy:                 -153.651324 Convergence criteria  Is converged 
Maximum Force:             1.258723     0.002850                No
RMS Force:                 0.478689     0.001900                No
Maximum Displacement:      0.010088     0.003150                No
RMS Displacement:          0.004043     0.002100                No

Model change: -6.645178e-03  Actual change: -6.645582e-03  rho: 1.000
Trust radius (MW):  0.025000  Step norm (MW):  0.025000  On boundary: True

----------------------------------------------------------------------
                            Iteration: 191                            


                             Coordinates                              
----------------------------------------------------------------------
0    C                0.8366               0.7582               0.0027
1    H                0.9811               1.2717              -1.0658
2    O                0.4844               1.0980               0.8448
3    C                1.2152              -0.4207              -0.0024
4    H                1.1828              -1.0949               0.8605
5    H                1.0150              -1.1974              -0.8028
6    H                2.1602              -0.8312              -0.4740


Energy:                 -153.658029 Convergence criteria  Is converged 
Maximum Force:             1.250458     0.002850                No
RMS Force:                 0.474879     0.001900                No
Maximum Displacement:      0.009931     0.003150                No
RMS Displacement:          0.004035     0.002100                No

Model change: -6.703877e-03  Actual change: -6.705781e-03  rho: 1.000
Trust radius (MW):  0.025000  Step norm (MW):  0.025000  On boundary: True

----------------------------------------------------------------------
                            Iteration: 192                            


                             Coordinates                              
----------------------------------------------------------------------
0    C                0.8376               0.7581              -0.0008
1    H                0.9801               1.2714              -1.0618
2    O                0.4837               1.0984               0.8469
3    C                1.2152              -0.4214              -0.0013
4    H                1.1804              -1.0883               0.8616
5    H                1.0268              -1.1953              -0.8048
6    H                2.1520              -0.8356              -0.4818


Energy:                 -153.664091 Convergence criteria  Is converged 
Maximum Force:             1.237446     0.002850                No
RMS Force:                 0.470196     0.001900                No
Maximum Displacement:      0.011772     0.003150                No
RMS Displacement:          0.004262     0.002100                No

Model change: -6.051241e-03  Actual change: -6.061401e-03  rho: 1.002
Trust radius (MW):  0.025000  Step norm (MW):  0.025000  On boundary: True

----------------------------------------------------------------------
                            Iteration: 193                            


                             Coordinates                              
----------------------------------------------------------------------
0    C                0.8393               0.7552              -0.0032
1    H                0.9787               1.2679              -1.0532
2    O                0.4832               1.0987               0.8483
3    C                1.2147              -0.4191              -0.0025
4    H                1.1814              -1.0862               0.8558
5    H                1.0250              -1.1933              -0.7962
6    H                2.1479              -0.8344              -0.4738


Energy:                 -153.669112 Convergence criteria  Is converged 
Maximum Force:             1.218388     0.002850                No
RMS Force:                 0.464219     0.001900                No
Maximum Displacement:      0.008634     0.003150                No
RMS Displacement:          0.003885     0.002100                No

Model change: -5.028022e-03  Actual change: -5.021104e-03  rho: 0.999
Trust radius (MW):  0.025000  Step norm (MW):  0.025000  On boundary: True

----------------------------------------------------------------------
                            Iteration: 194                            


                             Coordinates                              
----------------------------------------------------------------------
0    C                0.8411               0.7520              -0.0059
1    H                0.9774               1.2647              -1.0450
2    O                0.4825               1.0993               0.8501
3    C                1.2144              -0.4170              -0.0036
4    H                1.1826              -1.0850               0.8503
5    H                1.0218              -1.1916              -0.7889
6    H                2.1456              -0.8323              -0.4661


Energy:                 -153.675244 Convergence criteria  Is converged 
Maximum Force:             1.191381     0.002850                No
RMS Force:                 0.456004     0.001900                No
Maximum Displacement:      0.008167     0.003150                No
RMS Displacement:          0.003628     0.002100                No

Model change: -6.139027e-03  Actual change: -6.131757e-03  rho: 0.999
Trust radius (MW):  0.025000  Step norm (MW):  0.025000  On boundary: True

----------------------------------------------------------------------
                            Iteration: 195                            


                             Coordinates                              
----------------------------------------------------------------------
0    C                0.8430               0.7487              -0.0087
1    H                0.9761               1.2612              -1.0368
2    O                0.4817               1.1000               0.8519
3    C                1.2139              -0.4147              -0.0045
4    H                1.1832              -1.0825               0.8456
5    H                1.0195              -1.1893              -0.7827
6    H                2.1430              -0.8301              -0.4600


Energy:                 -153.680814 Convergence criteria  Is converged 
Maximum Force:             1.161230     0.002850                No
RMS Force:                 0.447322     0.001900                No
Maximum Displacement:      0.008274     0.003150                No
RMS Displacement:          0.003390     0.002100                No

Model change: -5.574108e-03  Actual change: -5.570128e-03  rho: 0.999
Trust radius (MW):  0.025000  Step norm (MW):  0.025000  On boundary: True

----------------------------------------------------------------------
                            Iteration: 196                            


                             Coordinates                              
----------------------------------------------------------------------
0    C                0.8449               0.7452              -0.0116
1    H                0.9751               1.2566              -1.0283
2    O                0.4809               1.1007               0.8538
3    C                1.2136              -0.4127              -0.0055
4    H                1.1828              -1.0781               0.8420
5    H                1.0177              -1.1865              -0.7777
6    H                2.1403              -0.8276              -0.4553


Energy:                 -153.686240 Convergence criteria  Is converged 
Maximum Force:             1.130769     0.002850                No
RMS Force:                 0.438848     0.001900                No
Maximum Displacement:      0.008435     0.003150                No
RMS Displacement:          0.003321     0.002100                No

Model change: -5.428567e-03  Actual change: -5.426223e-03  rho: 1.000
Trust radius (MW):  0.025000  Step norm (MW):  0.025000  On boundary: True

----------------------------------------------------------------------
                            Iteration: 197                            


                             Coordinates                              
----------------------------------------------------------------------
0    C                0.8468               0.7416              -0.0141
1    H                0.9746               1.2508              -1.0200
2    O                0.4802               1.1014               0.8557
3    C                1.2131              -0.4104              -0.0065
4    H                1.1820              -1.0725               0.8387
5    H                1.0160              -1.1833              -0.7735
6    H                2.1378              -0.8247              -0.4514


Energy:                 -153.690523 Convergence criteria  Is converged 
Maximum Force:             1.098964     0.002850                No
RMS Force:                 0.430463     0.001900                No
Maximum Displacement:      0.008329     0.003150                No
RMS Displacement:          0.003383     0.002100                No

Model change: -4.289881e-03  Actual change: -4.282522e-03  rho: 0.998
Trust radius (MW):  0.025000  Step norm (MW):  0.025000  On boundary: True

----------------------------------------------------------------------
                            Iteration: 198                            


                             Coordinates                              
----------------------------------------------------------------------
0    C                0.8487               0.7381              -0.0170
1    H                0.9740               1.2463              -1.0128
2    O                0.4793               1.1023               0.8578
3    C                1.2129              -0.4089              -0.0075
4    H                1.1815              -1.0680               0.8354
5    H                1.0123              -1.1799              -0.7694
6    H                2.1364              -0.8205              -0.4466


Energy:                 -153.696280 Convergence criteria  Is converged 
Maximum Force:             1.054524     0.002850                No
RMS Force:                 0.418303     0.001900                No
Maximum Displacement:      0.007150     0.003150                No
RMS Displacement:          0.003243     0.002100                No

Model change: -5.770653e-03  Actual change: -5.757487e-03  rho: 0.998
Trust radius (MW):  0.025000  Step norm (MW):  0.025000  On boundary: True

----------------------------------------------------------------------
                            Iteration: 199                            


                             Coordinates                              
----------------------------------------------------------------------
0    C                0.8507               0.7348              -0.0202
1    H                0.9733               1.2429              -1.0067
2    O                0.4783               1.1034               0.8602
3    C                1.2128              -0.4077              -0.0084
4    H                1.1813              -1.0643               0.8321
5    H                1.0082              -1.1762              -0.7655
6    H                2.1354              -0.8159              -0.4418


Energy:                 -153.702591 Convergence criteria  Is converged 
Maximum Force:             0.999321     0.002850                No
RMS Force:                 0.403239     0.001900                No
Maximum Displacement:      0.006134     0.003150                No
RMS Displacement:          0.003111     0.002100                No

Model change: -6.321250e-03  Actual change: -6.311228e-03  rho: 0.998
Trust radius (MW):  0.025000  Step norm (MW):  0.025000  On boundary: True

----------------------------------------------------------------------
                            Iteration: 200                            


                             Coordinates                              
----------------------------------------------------------------------
0    C                0.8527               0.7315              -0.0235
1    H                0.9727               1.2396              -1.0010
2    O                0.4772               1.1045               0.8626
3    C                1.2127              -0.4067              -0.0092
4    H                1.1810              -1.0606               0.8288
5    H                1.0040              -1.1724              -0.7617
6    H                2.1343              -0.8110              -0.4371


Energy:                 -153.708463 Convergence criteria  Is converged 
Maximum Force:             0.941388     0.002850                No
RMS Force:                 0.388155     0.001900                No
Maximum Displacement:      0.005685     0.003150                No
RMS Displacement:          0.003052     0.002100                No

Model change: -5.873813e-03  Actual change: -5.872159e-03  rho: 1.000
Trust radius (MW):  0.025000  Step norm (MW):  0.025000  On boundary: True


                      Maximum Iterations Reached                      


Wrote trajectory to: /home/user/software/MAPLE/example/ts/afir/inp1_ts0_prfo_prfo_traj.xyz
Wrote final TS structure to: /home/user/software/MAPLE/example/ts/afir/inp1_ts0_prfo_prfo_ts.xyz
