
**********************************************************************
*                                                                    *
*                        M   A   P   L   E                           *
*                                                                    *
*      MAchine-learning Potential for Landscape Exploration          *
*                                                                    *
*                                                                    *
*      © 2025 University of Pittsburgh. All rights reserved.         *
*      Licensed under CC BY 4.0 for academic use.                    *
*                                                                    *
*      Principal Developer:  Xujian Wang                             *
*                                                                    *
**********************************************************************


Parsing # commands...
Global parameter: model = ANI-1xnr
Task set to 'ts'
Global parameter: device = gpu0
Parsed configuration:
----------------------------------------
Task: ts
model          : ANI-1xnr
method         : dimer
maxiter        : 200
neb_images     : 7
level          : medium
refine         : None
device         : gpu0

                             Coordinates                              
**********************************************************************

Group 1 (inline)
--------------------
1    C              0.877331             0.783158            -0.162981
2    H              0.690916             1.554058            -0.921975
3    O              0.529607             0.976229             1.123479
4    C              1.348867            -0.556387            -0.192325
5    H              0.782899            -0.242979             1.066332
6    H              1.076497            -1.294332            -0.958363
7    H              2.295125            -0.729381             0.339772

---------------------------------------------------------------
                       DIMER INITIAL STATE
---------------------------------------------------------------
Energy (initial)                        ....  -29.60726494 Eh
RMS(|F|)                                ....   0.001463 Eh/Angstrom
MAX(|F|)                                ....   0.002109 Eh/Angstrom

INITIAL COORDINATES (ANGSTROEM):
0    C            0.8773            0.7832           -0.1630
1    H            0.6909            1.5541           -0.9220
2    O            0.5296            0.9762            1.1235
3    C            1.3489           -0.5564           -0.1923
4    H            0.7829           -0.2430            1.0663
5    H            1.0765           -1.2943           -0.9584
6    H            2.2951           -0.7294            0.3398

----------------------------------------------------------------------
                           Dimer Iterations                           
----------------------------------------------------------------------

----------------------------------------------------------------------
                             Iteration: 1                                

                             Coordinates                               
----------------------------------------------------------------------
0    C            0.8774            0.7832           -0.1629
1    H            0.6911            1.5542           -0.9220
2    O            0.5295            0.9763            1.1235
3    C            1.3490           -0.5564           -0.1924
4    H            0.7828           -0.2433            1.0661
5    H            1.0762           -1.2946           -0.9581
6    H            2.2952           -0.7290            0.3397

Energy:                  -29.607265 Convergence criteria  Is converged 
Maximum Force:             0.002109     0.000450                No
RMS Force:                 0.001463     0.000300                No
Maximum Displacement:      0.000451     0.001800                Yes
RMS Displacement:          0.000293     0.001200                Yes

Trust radius (MW):  0.150000  Step norm (MW):  0.000365  On boundary: False
Curvature (kappa):         -1.031337 Eh/Å²
Max Rotational Force:       0.084467 Eh/Angstrom
RMS Rotational Force:       0.038916 Eh/Angstrom
Mode Flip:              Yes


----------------------------------------------------------------------
                             Iteration: 2                                

                             Coordinates                               
----------------------------------------------------------------------
0    C            0.8774            0.7832           -0.1629
1    H            0.6912            1.5543           -0.9220
2    O            0.5295            0.9763            1.1236
3    C            1.3490           -0.5563           -0.1925
4    H            0.7827           -0.2435            1.0659
5    H            1.0760           -1.2947           -0.9579
6    H            2.2953           -0.7288            0.3396

Energy:                  -29.607267 Convergence criteria  Is converged 
Maximum Force:             0.002064     0.000450                No
RMS Force:                 0.001360     0.000300                No
Maximum Displacement:      0.000324     0.001800                Yes
RMS Displacement:          0.000204     0.001200                Yes

Trust radius (MW):  0.150000  Step norm (MW):  0.000254  On boundary: False
Curvature (kappa):         -0.968130 Eh/Å²
Max Rotational Force:       0.245857 Eh/Angstrom
RMS Rotational Force:       0.088134 Eh/Angstrom
Mode Flip:              Yes


----------------------------------------------------------------------
                             Iteration: 3                                

                             Coordinates                               
----------------------------------------------------------------------
0    C            0.8775            0.7833           -0.1629
1    H            0.6913            1.5543           -0.9220
2    O            0.5294            0.9762            1.1236
3    C            1.3491           -0.5563           -0.1925
4    H            0.7826           -0.2437            1.0658
5    H            1.0759           -1.2949           -0.9577
6    H            2.2954           -0.7285            0.3396

Energy:                  -29.607269 Convergence criteria  Is converged 
Maximum Force:             0.002022     0.000450                No
RMS Force:                 0.001314     0.000300                No
Maximum Displacement:      0.000312     0.001800                Yes
RMS Displacement:          0.000197     0.001200                Yes

Trust radius (MW):  0.150000  Step norm (MW):  0.000250  On boundary: False
Curvature (kappa):         -0.616013 Eh/Å²
Max Rotational Force:       0.802631 Eh/Angstrom
RMS Rotational Force:       0.276592 Eh/Angstrom
Mode Flip:              Yes


----------------------------------------------------------------------
                             Iteration: 4                                

                             Coordinates                               
----------------------------------------------------------------------
0    C            0.8775            0.7832           -0.1628
1    H            0.6914            1.5544           -0.9220
2    O            0.5294            0.9762            1.1236
3    C            1.3492           -0.5563           -0.1926
4    H            0.7825           -0.2438            1.0657
5    H            1.0757           -1.2951           -0.9575
6    H            2.2955           -0.7283            0.3395

Energy:                  -29.607270 Convergence criteria  Is converged 
Maximum Force:             0.002003     0.000450                No
RMS Force:                 0.001280     0.000300                No
Maximum Displacement:      0.000311     0.001800                Yes
RMS Displacement:          0.000192     0.001200                Yes

Trust radius (MW):  0.150000  Step norm (MW):  0.000239  On boundary: False
Curvature (kappa):         -0.582853 Eh/Å²
Max Rotational Force:       0.768002 Eh/Angstrom
RMS Rotational Force:       0.302157 Eh/Angstrom
Mode Flip:              Yes


----------------------------------------------------------------------
                             Iteration: 5                                

                             Coordinates                               
----------------------------------------------------------------------
0    C            0.8776            0.7833           -0.1629
1    H            0.6916            1.5545           -0.9219
2    O            0.5294            0.9761            1.1237
3    C            1.3492           -0.5563           -0.1927
4    H            0.7824           -0.2440            1.0656
5    H            1.0755           -1.2952           -0.9573
6    H            2.2956           -0.7281            0.3395

Energy:                  -29.607272 Convergence criteria  Is converged 
Maximum Force:             0.001956     0.000450                No
RMS Force:                 0.001248     0.000300                No
Maximum Displacement:      0.000300     0.001800                Yes
RMS Displacement:          0.000187     0.001200                Yes

Trust radius (MW):  0.150000  Step norm (MW):  0.000237  On boundary: False
Curvature (kappa):         -0.582248 Eh/Å²
Max Rotational Force:       0.874686 Eh/Angstrom
RMS Rotational Force:       0.302279 Eh/Angstrom
Mode Flip:              Yes


----------------------------------------------------------------------
                             Iteration: 6                                

                             Coordinates                               
----------------------------------------------------------------------
0    C            0.8776            0.7833           -0.1628
1    H            0.6917            1.5546           -0.9219
2    O            0.5294            0.9760            1.1237
3    C            1.3493           -0.5562           -0.1927
4    H            0.7823           -0.2441            1.0655
5    H            1.0754           -1.2954           -0.9571
6    H            2.2957           -0.7278            0.3394

Energy:                  -29.607273 Convergence criteria  Is converged 
Maximum Force:             0.001938     0.000450                No
RMS Force:                 0.001222     0.000300                No
Maximum Displacement:      0.000299     0.001800                Yes
RMS Displacement:          0.000183     0.001200                Yes

Trust radius (MW):  0.150000  Step norm (MW):  0.000228  On boundary: False
Curvature (kappa):         -0.582230 Eh/Å²
Max Rotational Force:       0.767849 Eh/Angstrom
RMS Rotational Force:       0.302106 Eh/Angstrom
Mode Flip:              Yes


----------------------------------------------------------------------
                             Iteration: 7                                

                             Coordinates                               
----------------------------------------------------------------------
0    C            0.8776            0.7834           -0.1629
1    H            0.6918            1.5547           -0.9219
2    O            0.5293            0.9759            1.1237
3    C            1.3493           -0.5562           -0.1928
4    H            0.7822           -0.2442            1.0654
5    H            1.0752           -1.2955           -0.9570
6    H            2.2958           -0.7276            0.3393

Energy:                  -29.607275 Convergence criteria  Is converged 
Maximum Force:             0.001898     0.000450                No
RMS Force:                 0.001197     0.000300                No
Maximum Displacement:      0.000290     0.001800                Yes
RMS Displacement:          0.000180     0.001200                Yes

Trust radius (MW):  0.150000  Step norm (MW):  0.000226  On boundary: False
Curvature (kappa):         -0.581860 Eh/Å²
Max Rotational Force:       0.874258 Eh/Angstrom
RMS Rotational Force:       0.302117 Eh/Angstrom
Mode Flip:              Yes


----------------------------------------------------------------------
                             Iteration: 8                                

                             Coordinates                               
----------------------------------------------------------------------
0    C            0.8777            0.7834           -0.1628
1    H            0.6919            1.5548           -0.9218
2    O            0.5293            0.9758            1.1237
3    C            1.3494           -0.5562           -0.1928
4    H            0.7821           -0.2443            1.0653
5    H            1.0750           -1.2957           -0.9568
6    H            2.2959           -0.7274            0.3392

Energy:                  -29.607276 Convergence criteria  Is converged 
Maximum Force:             0.001880     0.000450                No
RMS Force:                 0.001175     0.000300                No
Maximum Displacement:      0.000289     0.001800                Yes
RMS Displacement:          0.000176     0.001200                Yes

Trust radius (MW):  0.150000  Step norm (MW):  0.000219  On boundary: False
Curvature (kappa):         -0.581930 Eh/Å²
Max Rotational Force:       0.767766 Eh/Angstrom
RMS Rotational Force:       0.302023 Eh/Angstrom
Mode Flip:              Yes


----------------------------------------------------------------------
                             Iteration: 9                                

                             Coordinates                               
----------------------------------------------------------------------
0    C            0.8777            0.7834           -0.1629
1    H            0.6920            1.5549           -0.9218
2    O            0.5293            0.9757            1.1237
3    C            1.3494           -0.5562           -0.1929
4    H            0.7820           -0.2444            1.0652
5    H            1.0749           -1.2959           -0.9566
6    H            2.2959           -0.7272            0.3392

Energy:                  -29.607277 Convergence criteria  Is converged 
Maximum Force:             0.001846     0.000450                No
RMS Force:                 0.001154     0.000300                No
Maximum Displacement:      0.000281     0.001800                Yes
RMS Displacement:          0.000173     0.001200                Yes

Trust radius (MW):  0.150000  Step norm (MW):  0.000217  On boundary: False
Curvature (kappa):         -0.581733 Eh/Å²
Max Rotational Force:       0.874083 Eh/Angstrom
RMS Rotational Force:       0.302031 Eh/Angstrom
Mode Flip:              Yes


----------------------------------------------------------------------
                             Iteration: 10                               

                             Coordinates                               
----------------------------------------------------------------------
0    C            0.8777            0.7834           -0.1629
1    H            0.6922            1.5550           -0.9218
2    O            0.5292            0.9756            1.1237
3    C            1.3495           -0.5561           -0.1929
4    H            0.7819           -0.2445            1.0651
5    H            1.0747           -1.2960           -0.9564
6    H            2.2960           -0.7270            0.3391

Energy:                  -29.607279 Convergence criteria  Is converged 
Maximum Force:             0.001828     0.000450                No
RMS Force:                 0.001135     0.000300                No
Maximum Displacement:      0.000280     0.001800                Yes
RMS Displacement:          0.000170     0.001200                Yes

Trust radius (MW):  0.150000  Step norm (MW):  0.000210  On boundary: False
Curvature (kappa):         -0.581859 Eh/Å²
Max Rotational Force:       0.767885 Eh/Angstrom
RMS Rotational Force:       0.301992 Eh/Angstrom
Mode Flip:              Yes


----------------------------------------------------------------------
                             Iteration: 11                               

                             Coordinates                               
----------------------------------------------------------------------
0    C            0.8777            0.7835           -0.1629
1    H            0.6923            1.5550           -0.9217
2    O            0.5292            0.9755            1.1237
3    C            1.3495           -0.5561           -0.1930
4    H            0.7818           -0.2446            1.0650
5    H            1.0746           -1.2962           -0.9562
6    H            2.2961           -0.7268            0.3390

Energy:                  -29.607280 Convergence criteria  Is converged 
Maximum Force:             0.001798     0.000450                No
RMS Force:                 0.001117     0.000300                No
Maximum Displacement:      0.000273     0.001800                Yes
RMS Displacement:          0.000168     0.001200                Yes

Trust radius (MW):  0.150000  Step norm (MW):  0.000208  On boundary: False
Curvature (kappa):         -0.581276 Eh/Å²
Max Rotational Force:       0.874796 Eh/Angstrom
RMS Rotational Force:       0.302220 Eh/Angstrom
Mode Flip:              Yes


----------------------------------------------------------------------
                             Iteration: 12                               

                             Coordinates                               
----------------------------------------------------------------------
0    C            0.8778            0.7835           -0.1629
1    H            0.6924            1.5551           -0.9217
2    O            0.5292            0.9754            1.1237
3    C            1.3495           -0.5561           -0.1930
4    H            0.7817           -0.2447            1.0649
5    H            1.0745           -1.2963           -0.9561
6    H            2.2962           -0.7266            0.3390

Energy:                  -29.607281 Convergence criteria  Is converged 
Maximum Force:             0.001780     0.000450                No
RMS Force:                 0.001100     0.000300                No
Maximum Displacement:      0.000272     0.001800                Yes
RMS Displacement:          0.000165     0.001200                Yes

Trust radius (MW):  0.150000  Step norm (MW):  0.000202  On boundary: False
Curvature (kappa):         -0.581755 Eh/Å²
Max Rotational Force:       0.768576 Eh/Angstrom
RMS Rotational Force:       0.302101 Eh/Angstrom
Mode Flip:              Yes


----------------------------------------------------------------------
                             Iteration: 13                               

                             Coordinates                               
----------------------------------------------------------------------
0    C            0.8778            0.7835           -0.1629
1    H            0.6925            1.5552           -0.9217
2    O            0.5291            0.9754            1.1237
3    C            1.3496           -0.5561           -0.1930
4    H            0.7816           -0.2448            1.0648
5    H            1.0743           -1.2964           -0.9559
6    H            2.2963           -0.7264            0.3389

Energy:                  -29.607283 Convergence criteria  Is converged 
Maximum Force:             0.001754     0.000450                No
RMS Force:                 0.001084     0.000300                No
Maximum Displacement:      0.000266     0.001800                Yes
RMS Displacement:          0.000163     0.001200                Yes

Trust radius (MW):  0.150000  Step norm (MW):  0.000199  On boundary: False
Curvature (kappa):         -0.581331 Eh/Å²
Max Rotational Force:       0.875289 Eh/Angstrom
RMS Rotational Force:       0.302312 Eh/Angstrom
Mode Flip:              Yes


----------------------------------------------------------------------
                             Iteration: 14                               

                             Coordinates                               
----------------------------------------------------------------------
0    C            0.8778            0.7835           -0.1629
1    H            0.6926            1.5553           -0.9216
2    O            0.5291            0.9753            1.1237
3    C            1.3496           -0.5561           -0.1931
4    H            0.7815           -0.2449            1.0647
5    H            1.0742           -1.2966           -0.9557
6    H            2.2964           -0.7262            0.3388

Energy:                  -29.607284 Convergence criteria  Is converged 
Maximum Force:             0.001736     0.000450                No
RMS Force:                 0.001069     0.000300                No
Maximum Displacement:      0.000264     0.001800                Yes
RMS Displacement:          0.000160     0.001200                Yes

Trust radius (MW):  0.150000  Step norm (MW):  0.000194  On boundary: False
Curvature (kappa):         -0.578967 Eh/Å²
Max Rotational Force:       0.771239 Eh/Angstrom
RMS Rotational Force:       0.303270 Eh/Angstrom
Mode Flip:              Yes


----------------------------------------------------------------------
                             Iteration: 15                               

                             Coordinates                               
----------------------------------------------------------------------
0    C            0.8778            0.7835           -0.1629
1    H            0.6927            1.5554           -0.9216
2    O            0.5291            0.9752            1.1237
3    C            1.3496           -0.5561           -0.1931
4    H            0.7815           -0.2450            1.0647
5    H            1.0740           -1.2967           -0.9555
6    H            2.2965           -0.7260            0.3387

Energy:                  -29.607285 Convergence criteria  Is converged 
Maximum Force:             0.001712     0.000450                No
RMS Force:                 0.001054     0.000300                No
Maximum Displacement:      0.000259     0.001800                Yes
RMS Displacement:          0.000158     0.001200                Yes

Trust radius (MW):  0.150000  Step norm (MW):  0.000192  On boundary: False
Curvature (kappa):         -0.579036 Eh/Å²
Max Rotational Force:       0.878279 Eh/Angstrom
RMS Rotational Force:       0.303367 Eh/Angstrom
Mode Flip:              Yes


----------------------------------------------------------------------
                             Iteration: 16                               

                             Coordinates                               
----------------------------------------------------------------------
0    C            0.8779            0.7835           -0.1629
1    H            0.6929            1.5555           -0.9216
2    O            0.5290            0.9751            1.1237
3    C            1.3497           -0.5560           -0.1932
4    H            0.7814           -0.2450            1.0646
5    H            1.0739           -1.2969           -0.9554
6    H            2.2966           -0.7258            0.3387

Energy:                  -29.607286 Convergence criteria  Is converged 
Maximum Force:             0.001695     0.000450                No
RMS Force:                 0.001040     0.000300                No
Maximum Displacement:      0.000257     0.001800                Yes
RMS Displacement:          0.000156     0.001200                Yes

Trust radius (MW):  0.150000  Step norm (MW):  0.000187  On boundary: False
Curvature (kappa):         -0.579250 Eh/Å²
Max Rotational Force:       0.771808 Eh/Angstrom
RMS Rotational Force:       0.303418 Eh/Angstrom
Mode Flip:              Yes


----------------------------------------------------------------------
                             Iteration: 17                               

                             Coordinates                               
----------------------------------------------------------------------
0    C            0.8779            0.7836           -0.1630
1    H            0.6930            1.5556           -0.9215
2    O            0.5290            0.9750            1.1237
3    C            1.3497           -0.5560           -0.1932
4    H            0.7813           -0.2451            1.0645
5    H            1.0738           -1.2970           -0.9552
6    H            2.2966           -0.7256            0.3386

Energy:                  -29.607287 Convergence criteria  Is converged 
Maximum Force:             0.001673     0.000450                No
RMS Force:                 0.001026     0.000300                No
Maximum Displacement:      0.000253     0.001800                Yes
RMS Displacement:          0.000154     0.001200                Yes

Trust radius (MW):  0.150000  Step norm (MW):  0.000185  On boundary: False
Curvature (kappa):         -0.579372 Eh/Å²
Max Rotational Force:       0.878765 Eh/Angstrom
RMS Rotational Force:       0.303514 Eh/Angstrom
Mode Flip:              Yes


----------------------------------------------------------------------
                             Iteration: 18                               

                             Coordinates                               
----------------------------------------------------------------------
0    C            0.8779            0.7836           -0.1630
1    H            0.6931            1.5557           -0.9215
2    O            0.5289            0.9749            1.1237
3    C            1.3497           -0.5560           -0.1932
4    H            0.7812           -0.2452            1.0644
5    H            1.0737           -1.2971           -0.9550
6    H            2.2967           -0.7254            0.3385

Energy:                  -29.607288 Convergence criteria  Is converged 
Maximum Force:             0.001656     0.000450                No
RMS Force:                 0.001014     0.000300                No
Maximum Displacement:      0.000251     0.001800                Yes
RMS Displacement:          0.000152     0.001200                Yes

Trust radius (MW):  0.150000  Step norm (MW):  0.000180  On boundary: False
Curvature (kappa):         -0.579599 Eh/Å²
Max Rotational Force:       0.772339 Eh/Angstrom
RMS Rotational Force:       0.303581 Eh/Angstrom
Mode Flip:              Yes


----------------------------------------------------------------------
                             Iteration: 19                               

                             Coordinates                               
----------------------------------------------------------------------
0    C            0.8779            0.7836           -0.1630
1    H            0.6932            1.5558           -0.9215
2    O            0.5289            0.9748            1.1237
3    C            1.3497           -0.5560           -0.1933
4    H            0.7811           -0.2452            1.0644
5    H            1.0735           -1.2973           -0.9548
6    H            2.2968           -0.7252            0.3384

Energy:                  -29.607289 Convergence criteria  Is converged 
Maximum Force:             0.001635     0.000450                No
RMS Force:                 0.001001     0.000300                No
Maximum Displacement:      0.000247     0.001800                Yes
RMS Displacement:          0.000150     0.001200                Yes

Trust radius (MW):  0.150000  Step norm (MW):  0.000178  On boundary: False
Curvature (kappa):         -0.579753 Eh/Å²
Max Rotational Force:       0.879291 Eh/Angstrom
RMS Rotational Force:       0.303681 Eh/Angstrom
Mode Flip:              Yes


----------------------------------------------------------------------
                             Iteration: 20                               

                             Coordinates                               
----------------------------------------------------------------------
0    C            0.8779            0.7836           -0.1630
1    H            0.6933            1.5559           -0.9214
2    O            0.5289            0.9747            1.1237
3    C            1.3498           -0.5560           -0.1933
4    H            0.7811           -0.2453            1.0643
5    H            1.0734           -1.2974           -0.9547
6    H            2.2969           -0.7251            0.3384

Energy:                  -29.607290 Convergence criteria  Is converged 
Maximum Force:             0.001618     0.000450                No
RMS Force:                 0.000989     0.000300                No
Maximum Displacement:      0.000245     0.001800                Yes
RMS Displacement:          0.000148     0.001200                Yes

Trust radius (MW):  0.150000  Step norm (MW):  0.000174  On boundary: False
Curvature (kappa):         -0.579992 Eh/Å²
Max Rotational Force:       0.772899 Eh/Angstrom
RMS Rotational Force:       0.303758 Eh/Angstrom
Mode Flip:              Yes


----------------------------------------------------------------------
                             Iteration: 21                               

                             Coordinates                               
----------------------------------------------------------------------
0    C            0.8780            0.7836           -0.1630
1    H            0.6934            1.5559           -0.9214
2    O            0.5288            0.9746            1.1237
3    C            1.3498           -0.5560           -0.1933
4    H            0.7810           -0.2454            1.0642
5    H            1.0733           -1.2975           -0.9545
6    H            2.2970           -0.7249            0.3383

Energy:                  -29.607291 Convergence criteria  Is converged 
Maximum Force:             0.001599     0.000450                No
RMS Force:                 0.000977     0.000300                No
Maximum Displacement:      0.000241     0.001800                Yes
RMS Displacement:          0.000147     0.001200                Yes

Trust radius (MW):  0.150000  Step norm (MW):  0.000171  On boundary: False
Curvature (kappa):         -0.580171 Eh/Å²
Max Rotational Force:       0.879848 Eh/Angstrom
RMS Rotational Force:       0.303861 Eh/Angstrom
Mode Flip:              Yes


----------------------------------------------------------------------
                             Iteration: 22                               

                             Coordinates                               
----------------------------------------------------------------------
0    C            0.8780            0.7836           -0.1630
1    H            0.6935            1.5560           -0.9213
2    O            0.5288            0.9745            1.1237
3    C            1.3498           -0.5560           -0.1933
4    H            0.7809           -0.2454            1.0641
5    H            1.0732           -1.2977           -0.9544
6    H            2.2970           -0.7247            0.3382

Energy:                  -29.607292 Convergence criteria  Is converged 
Maximum Force:             0.001583     0.000450                No
RMS Force:                 0.000966     0.000300                No
Maximum Displacement:      0.000239     0.001800                Yes
RMS Displacement:          0.000145     0.001200                Yes

Trust radius (MW):  0.150000  Step norm (MW):  0.000168  On boundary: False
Curvature (kappa):         -0.580414 Eh/Å²
Max Rotational Force:       0.773477 Eh/Angstrom
RMS Rotational Force:       0.303945 Eh/Angstrom
Mode Flip:              Yes


----------------------------------------------------------------------
                             Iteration: 23                               

                             Coordinates                               
----------------------------------------------------------------------
0    C            0.8780            0.7837           -0.1631
1    H            0.6936            1.5561           -0.9213
2    O            0.5287            0.9744            1.1237
3    C            1.3498           -0.5560           -0.1934
4    H            0.7809           -0.2455            1.0641
5    H            1.0731           -1.2978           -0.9542
6    H            2.2971           -0.7246            0.3381

Energy:                  -29.607293 Convergence criteria  Is converged 
Maximum Force:             0.001564     0.000450                No
RMS Force:                 0.000955     0.000300                No
Maximum Displacement:      0.000236     0.001800                Yes
RMS Displacement:          0.000143     0.001200                Yes

Trust radius (MW):  0.150000  Step norm (MW):  0.000165  On boundary: False
Curvature (kappa):         -0.580611 Eh/Å²
Max Rotational Force:       0.880428 Eh/Angstrom
RMS Rotational Force:       0.304050 Eh/Angstrom
Mode Flip:              Yes


----------------------------------------------------------------------
                             Iteration: 24                               

                             Coordinates                               
----------------------------------------------------------------------
0    C            0.8780            0.7837           -0.1631
1    H            0.6937            1.5562           -0.9213
2    O            0.5287            0.9743            1.1237
3    C            1.3499           -0.5560           -0.1934
4    H            0.7808           -0.2455            1.0640
5    H            1.0729           -1.2979           -0.9540
6    H            2.2972           -0.7244            0.3380

Energy:                  -29.607294 Convergence criteria  Is converged 
Maximum Force:             0.001548     0.000450                No
RMS Force:                 0.000944     0.000300                No
Maximum Displacement:      0.000233     0.001800                Yes
RMS Displacement:          0.000142     0.001200                Yes

Trust radius (MW):  0.150000  Step norm (MW):  0.000162  On boundary: False
Curvature (kappa):         -0.580858 Eh/Å²
Max Rotational Force:       0.774066 Eh/Angstrom
RMS Rotational Force:       0.304139 Eh/Angstrom
Mode Flip:              Yes


----------------------------------------------------------------------
                             Iteration: 25                               

                             Coordinates                               
----------------------------------------------------------------------
0    C            0.8780            0.7837           -0.1631
1    H            0.6938            1.5563           -0.9212
2    O            0.5286            0.9742            1.1236
3    C            1.3499           -0.5560           -0.1934
4    H            0.7807           -0.2456            1.0639
5    H            1.0728           -1.2980           -0.9539
6    H            2.2973           -0.7242            0.3380

Energy:                  -29.607295 Convergence criteria  Is converged 
Maximum Force:             0.001531     0.000450                No
RMS Force:                 0.000933     0.000300                No
Maximum Displacement:      0.000230     0.001800                Yes
RMS Displacement:          0.000140     0.001200                Yes

Trust radius (MW):  0.150000  Step norm (MW):  0.000160  On boundary: False
Curvature (kappa):         -0.581068 Eh/Å²
Max Rotational Force:       0.881017 Eh/Angstrom
RMS Rotational Force:       0.304244 Eh/Angstrom
Mode Flip:              Yes


----------------------------------------------------------------------
                             Iteration: 26                               

                             Coordinates                               
----------------------------------------------------------------------
0    C            0.8780            0.7837           -0.1631
1    H            0.6940            1.5564           -0.9212
2    O            0.5286            0.9741            1.1236
3    C            1.3499           -0.5559           -0.1935
4    H            0.7807           -0.2456            1.0639
5    H            1.0727           -1.2982           -0.9537
6    H            2.2974           -0.7241            0.3379

Energy:                  -29.607296 Convergence criteria  Is converged 
Maximum Force:             0.001515     0.000450                No
RMS Force:                 0.000923     0.000300                No
Maximum Displacement:      0.000228     0.001800                Yes
RMS Displacement:          0.000138     0.001200                Yes

Trust radius (MW):  0.150000  Step norm (MW):  0.000156  On boundary: False
Curvature (kappa):         -0.581315 Eh/Å²
Max Rotational Force:       0.774657 Eh/Angstrom
RMS Rotational Force:       0.304335 Eh/Angstrom
Mode Flip:              Yes


----------------------------------------------------------------------
                             Iteration: 27                               

                             Coordinates                               
----------------------------------------------------------------------
0    C            0.8781            0.7837           -0.1631
1    H            0.6941            1.5565           -0.9211
2    O            0.5286            0.9740            1.1236
3    C            1.3499           -0.5559           -0.1935
4    H            0.7806           -0.2457            1.0638
5    H            1.0726           -1.2983           -0.9536
6    H            2.2974           -0.7239            0.3378

Energy:                  -29.607297 Convergence criteria  Is converged 
Maximum Force:             0.001498     0.000450                No
RMS Force:                 0.000913     0.000300                No
Maximum Displacement:      0.000225     0.001800                Yes
RMS Displacement:          0.000137     0.001200                Yes

Trust radius (MW):  0.150000  Step norm (MW):  0.000156  On boundary: False
Curvature (kappa):         -0.581536 Eh/Å²
Max Rotational Force:       0.881610 Eh/Angstrom
RMS Rotational Force:       0.304439 Eh/Angstrom
Mode Flip:              Yes


----------------------------------------------------------------------
                             Iteration: 28                               

                             Coordinates                               
----------------------------------------------------------------------
0    C            0.8781            0.7837           -0.1632
1    H            0.6942            1.5566           -0.9211
2    O            0.5285            0.9739            1.1236
3    C            1.3500           -0.5559           -0.1935
4    H            0.7805           -0.2457            1.0638
5    H            1.0725           -1.2984           -0.9534
6    H            2.2975           -0.7238            0.3377

Energy:                  -29.607298 Convergence criteria  Is converged 
Maximum Force:             0.001483     0.000450                No
RMS Force:                 0.000903     0.000300                No
Maximum Displacement:      0.000223     0.001800                Yes
RMS Displacement:          0.000135     0.001200                Yes

Trust radius (MW):  0.150000  Step norm (MW):  0.000153  On boundary: False
Curvature (kappa):         -0.581786 Eh/Å²
Max Rotational Force:       0.775245 Eh/Angstrom
RMS Rotational Force:       0.304532 Eh/Angstrom
Mode Flip:              Yes


----------------------------------------------------------------------
                             Iteration: 29                               

                             Coordinates                               
----------------------------------------------------------------------
0    C            0.8781            0.7837           -0.1632
1    H            0.6943            1.5567           -0.9210
2    O            0.5285            0.9738            1.1236
3    C            1.3500           -0.5559           -0.1935
4    H            0.7805           -0.2458            1.0637
5    H            1.0724           -1.2985           -0.9533
6    H            2.2976           -0.7236            0.3376

Energy:                  -29.607299 Convergence criteria  Is converged 
Maximum Force:             0.001467     0.000450                No
RMS Force:                 0.000894     0.000300                No
Maximum Displacement:      0.000221     0.001800                Yes
RMS Displacement:          0.000134     0.001200                Yes

Trust radius (MW):  0.150000  Step norm (MW):  0.000153  On boundary: False
Curvature (kappa):         -0.582010 Eh/Å²
Max Rotational Force:       0.882198 Eh/Angstrom
RMS Rotational Force:       0.304634 Eh/Angstrom
Mode Flip:              Yes


----------------------------------------------------------------------
                             Iteration: 30                               

                             Coordinates                               
----------------------------------------------------------------------
0    C            0.8781            0.7837           -0.1632
1    H            0.6944            1.5568           -0.9210
2    O            0.5284            0.9737            1.1236
3    C            1.3500           -0.5559           -0.1936
4    H            0.7804           -0.2458            1.0637
5    H            1.0723           -1.2986           -0.9531
6    H            2.2977           -0.7235            0.3376

Energy:                  -29.607300 Convergence criteria  Is converged 
Maximum Force:             0.001452     0.000450                No
RMS Force:                 0.000884     0.000300                No
Maximum Displacement:      0.000219     0.001800                Yes
RMS Displacement:          0.000133     0.001200                Yes

Trust radius (MW):  0.150000  Step norm (MW):  0.000150  On boundary: False
Curvature (kappa):         -0.582258 Eh/Å²
Max Rotational Force:       0.775826 Eh/Angstrom
RMS Rotational Force:       0.304728 Eh/Angstrom
Mode Flip:              Yes


----------------------------------------------------------------------
                             Iteration: 31                               

                             Coordinates                               
----------------------------------------------------------------------
0    C            0.8781            0.7837           -0.1632
1    H            0.6945            1.5569           -0.9210
2    O            0.5284            0.9736            1.1236
3    C            1.3500           -0.5559           -0.1936
4    H            0.7803           -0.2459            1.0636
5    H            1.0722           -1.2988           -0.9530
6    H            2.2977           -0.7233            0.3375

Energy:                  -29.607300 Convergence criteria  Is converged 
Maximum Force:             0.001437     0.000450                No
RMS Force:                 0.000875     0.000300                No
Maximum Displacement:      0.000216     0.001800                Yes
RMS Displacement:          0.000131     0.001200                Yes

Trust radius (MW):  0.150000  Step norm (MW):  0.000150  On boundary: False
Curvature (kappa):         -0.582485 Eh/Å²
Max Rotational Force:       0.882779 Eh/Angstrom
RMS Rotational Force:       0.304827 Eh/Angstrom
Mode Flip:              Yes


----------------------------------------------------------------------
                             Iteration: 32                               

                             Coordinates                               
----------------------------------------------------------------------
0    C            0.8781            0.7837           -0.1632
1    H            0.6946            1.5570           -0.9209
2    O            0.5283            0.9735            1.1236
3    C            1.3500           -0.5559           -0.1936
4    H            0.7803           -0.2459            1.0635
5    H            1.0721           -1.2989           -0.9528
6    H            2.2978           -0.7232            0.3374

Energy:                  -29.607301 Convergence criteria  Is converged 
Maximum Force:             0.001422     0.000450                No
RMS Force:                 0.000866     0.000300                No
Maximum Displacement:      0.000214     0.001800                Yes
RMS Displacement:          0.000130     0.001200                Yes

Trust radius (MW):  0.150000  Step norm (MW):  0.000147  On boundary: False
Curvature (kappa):         -0.582303 Eh/Å²
Max Rotational Force:       0.776053 Eh/Angstrom
RMS Rotational Force:       0.304764 Eh/Angstrom
Mode Flip:              Yes


----------------------------------------------------------------------
                             Iteration: 33                               

                             Coordinates                               
----------------------------------------------------------------------
0    C            0.8781            0.7838           -0.1633
1    H            0.6947            1.5571           -0.9209
2    O            0.5283            0.9735            1.1236
3    C            1.3501           -0.5559           -0.1936
4    H            0.7802           -0.2459            1.0635
5    H            1.0720           -1.2990           -0.9527
6    H            2.2979           -0.7231            0.3373

Energy:                  -29.607302 Convergence criteria  Is converged 
Maximum Force:             0.001407     0.000450                No
RMS Force:                 0.000858     0.000300                No
Maximum Displacement:      0.000211     0.001800                Yes
RMS Displacement:          0.000129     0.001200                Yes

Trust radius (MW):  0.150000  Step norm (MW):  0.000147  On boundary: False
Curvature (kappa):         -0.582532 Eh/Å²
Max Rotational Force:       0.883009 Eh/Angstrom
RMS Rotational Force:       0.304860 Eh/Angstrom
Mode Flip:              Yes


----------------------------------------------------------------------
                             Iteration: 34                               

                             Coordinates                               
----------------------------------------------------------------------
0    C            0.8781            0.7838           -0.1633
1    H            0.6948            1.5571           -0.9208
2    O            0.5282            0.9734            1.1235
3    C            1.3501           -0.5559           -0.1936
4    H            0.7802           -0.2460            1.0634
5    H            1.0719           -1.2991           -0.9525
6    H            2.2980           -0.7229            0.3372

Energy:                  -29.607303 Convergence criteria  Is converged 
Maximum Force:             0.001393     0.000450                No
RMS Force:                 0.000849     0.000300                No
Maximum Displacement:      0.000209     0.001800                Yes
RMS Displacement:          0.000127     0.001200                Yes

Trust radius (MW):  0.150000  Step norm (MW):  0.000144  On boundary: False
Curvature (kappa):         -0.582778 Eh/Å²
Max Rotational Force:       0.776590 Eh/Angstrom
RMS Rotational Force:       0.304951 Eh/Angstrom
Mode Flip:              Yes


----------------------------------------------------------------------
                             Iteration: 35                               

                             Coordinates                               
----------------------------------------------------------------------
0    C            0.8781            0.7838           -0.1633
1    H            0.6949            1.5572           -0.9208
2    O            0.5282            0.9733            1.1235
3    C            1.3501           -0.5559           -0.1937
4    H            0.7801           -0.2460            1.0634
5    H            1.0718           -1.2992           -0.9524
6    H            2.2980           -0.7228            0.3371

Energy:                  -29.607304 Convergence criteria  Is converged 
Maximum Force:             0.001379     0.000450                No
RMS Force:                 0.000841     0.000300                No
Maximum Displacement:      0.000207     0.001800                Yes
RMS Displacement:          0.000126     0.001200                Yes

Trust radius (MW):  0.150000  Step norm (MW):  0.000144  On boundary: False
Curvature (kappa):         -0.582962 Eh/Å²
Max Rotational Force:       0.883589 Eh/Angstrom
RMS Rotational Force:       0.305051 Eh/Angstrom
Mode Flip:              Yes


----------------------------------------------------------------------
                             Iteration: 36                               

                             Coordinates                               
----------------------------------------------------------------------
0    C            0.8781            0.7838           -0.1633
1    H            0.6950            1.5573           -0.9208
2    O            0.5281            0.9732            1.1235
3    C            1.3501           -0.5559           -0.1937
4    H            0.7801           -0.2461            1.0634
5    H            1.0717           -1.2993           -0.9522
6    H            2.2981           -0.7227            0.3371

Energy:                  -29.607304 Convergence criteria  Is converged 
Maximum Force:             0.001365     0.000450                No
RMS Force:                 0.000833     0.000300                No
Maximum Displacement:      0.000205     0.001800                Yes
RMS Displacement:          0.000125     0.001200                Yes

Trust radius (MW):  0.150000  Step norm (MW):  0.000142  On boundary: False
Curvature (kappa):         -0.583203 Eh/Å²
Max Rotational Force:       0.777152 Eh/Angstrom
RMS Rotational Force:       0.305140 Eh/Angstrom
Mode Flip:              Yes


----------------------------------------------------------------------
                             Iteration: 37                               

                             Coordinates                               
----------------------------------------------------------------------
0    C            0.8781            0.7838           -0.1633
1    H            0.6951            1.5574           -0.9207
2    O            0.5281            0.9731            1.1235
3    C            1.3501           -0.5559           -0.1937
4    H            0.7800           -0.2461            1.0633
5    H            1.0716           -1.2994           -0.9521
6    H            2.2982           -0.7225            0.3370

Energy:                  -29.607305 Convergence criteria  Is converged 
Maximum Force:             0.001351     0.000450                No
RMS Force:                 0.000824     0.000300                No
Maximum Displacement:      0.000203     0.001800                Yes
RMS Displacement:          0.000124     0.001200                Yes

Trust radius (MW):  0.150000  Step norm (MW):  0.000141  On boundary: False
Curvature (kappa):         -0.583432 Eh/Å²
Max Rotational Force:       0.884134 Eh/Angstrom
RMS Rotational Force:       0.305232 Eh/Angstrom
Mode Flip:              Yes


----------------------------------------------------------------------
                             Iteration: 38                               

                             Coordinates                               
----------------------------------------------------------------------
0    C            0.8782            0.7838           -0.1634
1    H            0.6952            1.5575           -0.9207
2    O            0.5280            0.9730            1.1235
3    C            1.3502           -0.5559           -0.1937
4    H            0.7800           -0.2461            1.0633
5    H            1.0715           -1.2996           -0.9520
6    H            2.2983           -0.7224            0.3369

Energy:                  -29.607306 Convergence criteria  Is converged 
Maximum Force:             0.001338     0.000450                No
RMS Force:                 0.000817     0.000300                No
Maximum Displacement:      0.000201     0.001800                Yes
RMS Displacement:          0.000122     0.001200                Yes

Trust radius (MW):  0.150000  Step norm (MW):  0.000139  On boundary: False
Curvature (kappa):         -0.583124 Eh/Å²
Max Rotational Force:       0.778146 Eh/Angstrom
RMS Rotational Force:       0.305526 Eh/Angstrom
Mode Flip:              Yes


----------------------------------------------------------------------
                             Iteration: 39                               

                             Coordinates                               
----------------------------------------------------------------------
0    C            0.8782            0.7838           -0.1634
1    H            0.6953            1.5576           -0.9206
2    O            0.5279            0.9730            1.1235
3    C            1.3502           -0.5559           -0.1938
4    H            0.7799           -0.2462            1.0632
5    H            1.0714           -1.2997           -0.9518
6    H            2.2983           -0.7223            0.3368

Energy:                  -29.607306 Convergence criteria  Is converged 
Maximum Force:             0.001324     0.000450                No
RMS Force:                 0.000809     0.000300                No
Maximum Displacement:      0.000199     0.001800                Yes
RMS Displacement:          0.000121     0.001200                Yes

Trust radius (MW):  0.150000  Step norm (MW):  0.000138  On boundary: False
Curvature (kappa):         -0.582422 Eh/Å²
Max Rotational Force:       0.885526 Eh/Angstrom
RMS Rotational Force:       0.305638 Eh/Angstrom
Mode Flip:              Yes


----------------------------------------------------------------------
                             Iteration: 40                               

                             Coordinates                               
----------------------------------------------------------------------
0    C            0.8782            0.7838           -0.1634
1    H            0.6954            1.5577           -0.9206
2    O            0.5279            0.9729            1.1235
3    C            1.3502           -0.5559           -0.1938
4    H            0.7799           -0.2462            1.0632
5    H            1.0713           -1.2998           -0.9517
6    H            2.2984           -0.7221            0.3367

Energy:                  -29.607307 Convergence criteria  Is converged 
Maximum Force:             0.001311     0.000450                No
RMS Force:                 0.000801     0.000300                No
Maximum Displacement:      0.000197     0.001800                Yes
RMS Displacement:          0.000120     0.001200                Yes

Trust radius (MW):  0.150000  Step norm (MW):  0.000136  On boundary: False
Curvature (kappa):         -0.582653 Eh/Å²
Max Rotational Force:       0.779171 Eh/Angstrom
RMS Rotational Force:       0.305726 Eh/Angstrom
Mode Flip:              Yes


----------------------------------------------------------------------
                             Iteration: 41                               

                             Coordinates                               
----------------------------------------------------------------------
0    C            0.8782            0.7838           -0.1634
1    H            0.6955            1.5578           -0.9206
2    O            0.5278            0.9728            1.1234
3    C            1.3502           -0.5559           -0.1938
4    H            0.7798           -0.2463            1.0631
5    H            1.0712           -1.2999           -0.9515
6    H            2.2985           -0.7220            0.3367

Energy:                  -29.607308 Convergence criteria  Is converged 
Maximum Force:             0.001298     0.000450                No
RMS Force:                 0.000794     0.000300                No
Maximum Displacement:      0.000195     0.001800                Yes
RMS Displacement:          0.000119     0.001200                Yes

Trust radius (MW):  0.150000  Step norm (MW):  0.000135  On boundary: False
Curvature (kappa):         -0.582961 Eh/Å²
Max Rotational Force:       0.886189 Eh/Angstrom
RMS Rotational Force:       0.305820 Eh/Angstrom
Mode Flip:              Yes


----------------------------------------------------------------------
                             Iteration: 42                               

                             Coordinates                               
----------------------------------------------------------------------
0    C            0.8782            0.7838           -0.1634
1    H            0.6956            1.5579           -0.9205
2    O            0.5278            0.9727            1.1234
3    C            1.3502           -0.5559           -0.1938
4    H            0.7798           -0.2463            1.0631
5    H            1.0712           -1.3000           -0.9514
6    H            2.2985           -0.7219            0.3366

Energy:                  -29.607308 Convergence criteria  Is converged 
Maximum Force:             0.001286     0.000450                No
RMS Force:                 0.000786     0.000300                No
Maximum Displacement:      0.000193     0.001800                Yes
RMS Displacement:          0.000118     0.001200                Yes

Trust radius (MW):  0.150000  Step norm (MW):  0.000134  On boundary: False
Curvature (kappa):         -0.583193 Eh/Å²
Max Rotational Force:       0.779778 Eh/Angstrom
RMS Rotational Force:       0.305903 Eh/Angstrom
Mode Flip:              Yes


----------------------------------------------------------------------
                             Iteration: 43                               

                             Coordinates                               
----------------------------------------------------------------------
0    C            0.8782            0.7838           -0.1635
1    H            0.6957            1.5579           -0.9205
2    O            0.5277            0.9727            1.1234
3    C            1.3502           -0.5559           -0.1938
4    H            0.7797           -0.2463            1.0631
5    H            1.0711           -1.3001           -0.9513
6    H            2.2986           -0.7218            0.3365

Energy:                  -29.607309 Convergence criteria  Is converged 
Maximum Force:             0.001273     0.000450                No
RMS Force:                 0.000779     0.000300                No
Maximum Displacement:      0.000191     0.001800                Yes
RMS Displacement:          0.000117     0.001200                Yes

Trust radius (MW):  0.150000  Step norm (MW):  0.000133  On boundary: False
Curvature (kappa):         -0.583416 Eh/Å²
Max Rotational Force:       0.886688 Eh/Angstrom
RMS Rotational Force:       0.305986 Eh/Angstrom
Mode Flip:              Yes


----------------------------------------------------------------------
                             Iteration: 44                               

                             Coordinates                               
----------------------------------------------------------------------
0    C            0.8782            0.7838           -0.1635
1    H            0.6958            1.5580           -0.9204
2    O            0.5277            0.9726            1.1234
3    C            1.3503           -0.5559           -0.1938
4    H            0.7797           -0.2464            1.0630
5    H            1.0710           -1.3002           -0.9511
6    H            2.2987           -0.7217            0.3364

Energy:                  -29.607310 Convergence criteria  Is converged 
Maximum Force:             0.001260     0.000450                No
RMS Force:                 0.000772     0.000300                No
Maximum Displacement:      0.000189     0.001800                Yes
RMS Displacement:          0.000116     0.001200                Yes

Trust radius (MW):  0.150000  Step norm (MW):  0.000131  On boundary: False
Curvature (kappa):         -0.583641 Eh/Å²
Max Rotational Force:       0.780260 Eh/Angstrom
RMS Rotational Force:       0.306066 Eh/Angstrom
Mode Flip:              Yes


----------------------------------------------------------------------
                             Iteration: 45                               

                             Coordinates                               
----------------------------------------------------------------------
0    C            0.8782            0.7838           -0.1635
1    H            0.6959            1.5581           -0.9204
2    O            0.5276            0.9725            1.1234
3    C            1.3503           -0.5559           -0.1939
4    H            0.7797           -0.2464            1.0630
5    H            1.0709           -1.3003           -0.9510
6    H            2.2988           -0.7215            0.3363

Energy:                  -29.607310 Convergence criteria  Is converged 
Maximum Force:             0.001248     0.000450                No
RMS Force:                 0.000765     0.000300                No
Maximum Displacement:      0.000187     0.001800                Yes
RMS Displacement:          0.000115     0.001200                Yes

Trust radius (MW):  0.150000  Step norm (MW):  0.000130  On boundary: False
Curvature (kappa):         -0.583340 Eh/Å²
Max Rotational Force:       0.887662 Eh/Angstrom
RMS Rotational Force:       0.306323 Eh/Angstrom
Mode Flip:              Yes


----------------------------------------------------------------------
                             Iteration: 46                               

                             Coordinates                               
----------------------------------------------------------------------
0    C            0.8782            0.7838           -0.1635
1    H            0.6960            1.5582           -0.9204
2    O            0.5276            0.9724            1.1234
3    C            1.3503           -0.5559           -0.1939
4    H            0.7796           -0.2464            1.0629
5    H            1.0708           -1.3004           -0.9509
6    H            2.2988           -0.7214            0.3363

Energy:                  -29.607311 Convergence criteria  Is converged 
Maximum Force:             0.001236     0.000450                No
RMS Force:                 0.000758     0.000300                No
Maximum Displacement:      0.000186     0.001800                Yes
RMS Displacement:          0.000114     0.001200                Yes

Trust radius (MW):  0.150000  Step norm (MW):  0.000129  On boundary: False
Curvature (kappa):         -0.583505 Eh/Å²
Max Rotational Force:       0.781023 Eh/Angstrom
RMS Rotational Force:       0.306387 Eh/Angstrom
Mode Flip:              Yes


----------------------------------------------------------------------
                             Iteration: 47                               

                             Coordinates                               
----------------------------------------------------------------------
0    C            0.8782            0.7838           -0.1635
1    H            0.6961            1.5583           -0.9203
2    O            0.5275            0.9724            1.1234
3    C            1.3503           -0.5559           -0.1939
4    H            0.7796           -0.2464            1.0629
5    H            1.0707           -1.3005           -0.9508
6    H            2.2989           -0.7213            0.3362

Energy:                  -29.607312 Convergence criteria  Is converged 
Maximum Force:             0.001224     0.000450                No
RMS Force:                 0.000751     0.000300                No
Maximum Displacement:      0.000184     0.001800                Yes
RMS Displacement:          0.000113     0.001200                Yes

Trust radius (MW):  0.150000  Step norm (MW):  0.000128  On boundary: False
Curvature (kappa):         -0.583725 Eh/Å²
Max Rotational Force:       0.888055 Eh/Angstrom
RMS Rotational Force:       0.306465 Eh/Angstrom
Mode Flip:              Yes


----------------------------------------------------------------------
                             Iteration: 48                               

                             Coordinates                               
----------------------------------------------------------------------
0    C            0.8782            0.7839           -0.1635
1    H            0.6961            1.5584           -0.9203
2    O            0.5274            0.9723            1.1233
3    C            1.3503           -0.5559           -0.1939
4    H            0.7795           -0.2465            1.0629
5    H            1.0706           -1.3006           -0.9506
6    H            2.2990           -0.7212            0.3361

Energy:                  -29.607312 Convergence criteria  Is converged 
Maximum Force:             0.001212     0.000450                No
RMS Force:                 0.000745     0.000300                No
Maximum Displacement:      0.000182     0.001800                Yes
RMS Displacement:          0.000112     0.001200                Yes

Trust radius (MW):  0.150000  Step norm (MW):  0.000127  On boundary: False
Curvature (kappa):         -0.583942 Eh/Å²
Max Rotational Force:       0.781481 Eh/Angstrom
RMS Rotational Force:       0.306541 Eh/Angstrom
Mode Flip:              Yes


----------------------------------------------------------------------
                             Iteration: 49                               

                             Coordinates                               
----------------------------------------------------------------------
0    C            0.8782            0.7839           -0.1636
1    H            0.6962            1.5585           -0.9202
2    O            0.5274            0.9722            1.1233
3    C            1.3503           -0.5559           -0.1939
4    H            0.7795           -0.2465            1.0628
5    H            1.0706           -1.3007           -0.9505
6    H            2.2990           -0.7211            0.3360

Energy:                  -29.607313 Convergence criteria  Is converged 
Maximum Force:             0.001201     0.000450                No
RMS Force:                 0.000738     0.000300                No
Maximum Displacement:      0.000180     0.001800                Yes
RMS Displacement:          0.000111     0.001200                Yes

Trust radius (MW):  0.150000  Step norm (MW):  0.000126  On boundary: False
Curvature (kappa):         -0.584157 Eh/Å²
Max Rotational Force:       0.888510 Eh/Angstrom
RMS Rotational Force:       0.306617 Eh/Angstrom
Mode Flip:              Yes


----------------------------------------------------------------------
                             Iteration: 50                               

                             Coordinates                               
----------------------------------------------------------------------
0    C            0.8782            0.7839           -0.1636
1    H            0.6963            1.5585           -0.9202
2    O            0.5273            0.9722            1.1233
3    C            1.3504           -0.5559           -0.1939
4    H            0.7795           -0.2465            1.0628
5    H            1.0705           -1.3008           -0.9504
6    H            2.2991           -0.7210            0.3359

Energy:                  -29.607313 Convergence criteria  Is converged 
Maximum Force:             0.001189     0.000450                No
RMS Force:                 0.000732     0.000300                No
Maximum Displacement:      0.000178     0.001800                Yes
RMS Displacement:          0.000110     0.001200                Yes

Trust radius (MW):  0.150000  Step norm (MW):  0.000124  On boundary: False
Curvature (kappa):         -0.584373 Eh/Å²
Max Rotational Force:       0.781924 Eh/Angstrom
RMS Rotational Force:       0.306690 Eh/Angstrom
Mode Flip:              Yes


----------------------------------------------------------------------
                             Iteration: 51                               

                             Coordinates                               
----------------------------------------------------------------------
0    C            0.8782            0.7839           -0.1636
1    H            0.6964            1.5586           -0.9202
2    O            0.5273            0.9721            1.1233
3    C            1.3504           -0.5559           -0.1940
4    H            0.7794           -0.2466            1.0628
5    H            1.0704           -1.3009           -0.9503
6    H            2.2992           -0.7209            0.3359

Energy:                  -29.607314 Convergence criteria  Is converged 
Maximum Force:             0.001178     0.000450                No
RMS Force:                 0.000725     0.000300                No
Maximum Displacement:      0.000177     0.001800                Yes
RMS Displacement:          0.000109     0.001200                Yes

Trust radius (MW):  0.150000  Step norm (MW):  0.000123  On boundary: False
Curvature (kappa):         -0.584710 Eh/Å²
Max Rotational Force:       0.888908 Eh/Angstrom
RMS Rotational Force:       0.306731 Eh/Angstrom
Mode Flip:              Yes


----------------------------------------------------------------------
                             Iteration: 52                               

                             Coordinates                               
----------------------------------------------------------------------
0    C            0.8782            0.7839           -0.1636
1    H            0.6965            1.5587           -0.9201
2    O            0.5272            0.9720            1.1233
3    C            1.3504           -0.5559           -0.1940
4    H            0.7794           -0.2466            1.0627
5    H            1.0703           -1.3010           -0.9501
6    H            2.2992           -0.7208            0.3358

Energy:                  -29.607314 Convergence criteria  Is converged 
Maximum Force:             0.001167     0.000450                No
RMS Force:                 0.000719     0.000300                No
Maximum Displacement:      0.000175     0.001800                Yes
RMS Displacement:          0.000108     0.001200                Yes

Trust radius (MW):  0.150000  Step norm (MW):  0.000122  On boundary: False
Curvature (kappa):         -0.584922 Eh/Å²
Max Rotational Force:       0.782335 Eh/Angstrom
RMS Rotational Force:       0.306802 Eh/Angstrom
Mode Flip:              Yes


----------------------------------------------------------------------
                             Iteration: 53                               

                             Coordinates                               
----------------------------------------------------------------------
0    C            0.8782            0.7839           -0.1636
1    H            0.6966            1.5588           -0.9201
2    O            0.5272            0.9719            1.1233
3    C            1.3504           -0.5558           -0.1940
4    H            0.7793           -0.2466            1.0627
5    H            1.0702           -1.3011           -0.9500
6    H            2.2993           -0.7207            0.3357

Energy:                  -29.607315 Convergence criteria  Is converged 
Maximum Force:             0.001156     0.000450                No
RMS Force:                 0.000713     0.000300                No
Maximum Displacement:      0.000173     0.001800                Yes
RMS Displacement:          0.000107     0.001200                Yes

Trust radius (MW):  0.150000  Step norm (MW):  0.000121  On boundary: False
Curvature (kappa):         -0.585130 Eh/Å²
Max Rotational Force:       0.889337 Eh/Angstrom
RMS Rotational Force:       0.306873 Eh/Angstrom
Mode Flip:              Yes


----------------------------------------------------------------------
                             Iteration: 54                               

                             Coordinates                               
----------------------------------------------------------------------
0    C            0.8782            0.7839           -0.1636
1    H            0.6967            1.5589           -0.9200
2    O            0.5271            0.9719            1.1232
3    C            1.3504           -0.5558           -0.1940
4    H            0.7793           -0.2466            1.0627
5    H            1.0702           -1.3012           -0.9499
6    H            2.2994           -0.7206            0.3356

Energy:                  -29.607315 Convergence criteria  Is converged 
Maximum Force:             0.001145     0.000450                No
RMS Force:                 0.000707     0.000300                No
Maximum Displacement:      0.000172     0.001800                Yes
RMS Displacement:          0.000106     0.001200                Yes

Trust radius (MW):  0.150000  Step norm (MW):  0.000120  On boundary: False
Curvature (kappa):         -0.585337 Eh/Å²
Max Rotational Force:       0.782753 Eh/Angstrom
RMS Rotational Force:       0.306942 Eh/Angstrom
Mode Flip:              Yes


----------------------------------------------------------------------
                             Iteration: 55                               

                             Coordinates                               
----------------------------------------------------------------------
0    C            0.8782            0.7839           -0.1637
1    H            0.6968            1.5590           -0.9200
2    O            0.5270            0.9718            1.1232
3    C            1.3504           -0.5558           -0.1940
4    H            0.7793           -0.2467            1.0626
5    H            1.0701           -1.3013           -0.9498
6    H            2.2994           -0.7205            0.3355

Energy:                  -29.607316 Convergence criteria  Is converged 
Maximum Force:             0.001134     0.000450                No
RMS Force:                 0.000701     0.000300                No
Maximum Displacement:      0.000170     0.001800                Yes
RMS Displacement:          0.000105     0.001200                Yes

Trust radius (MW):  0.150000  Step norm (MW):  0.000119  On boundary: False
Curvature (kappa):         -0.585540 Eh/Å²
Max Rotational Force:       0.889749 Eh/Angstrom
RMS Rotational Force:       0.307011 Eh/Angstrom
Mode Flip:              Yes


----------------------------------------------------------------------
                             Iteration: 56                               

                             Coordinates                               
----------------------------------------------------------------------
0    C            0.8782            0.7839           -0.1637
1    H            0.6969            1.5590           -0.9200
2    O            0.5270            0.9717            1.1232
3    C            1.3504           -0.5558           -0.1940
4    H            0.7792           -0.2467            1.0626
5    H            1.0700           -1.3014           -0.9497
6    H            2.2995           -0.7204            0.3355

Energy:                  -29.607317 Convergence criteria  Is converged 
Maximum Force:             0.001123     0.000450                No
RMS Force:                 0.000695     0.000300                No
Maximum Displacement:      0.000169     0.001800                Yes
RMS Displacement:          0.000104     0.001200                Yes

Trust radius (MW):  0.150000  Step norm (MW):  0.000118  On boundary: False
Curvature (kappa):         -0.584239 Eh/Å²
Max Rotational Force:       0.781830 Eh/Angstrom
RMS Rotational Force:       0.306514 Eh/Angstrom
Mode Flip:              Yes


----------------------------------------------------------------------
                             Iteration: 57                               

                             Coordinates                               
----------------------------------------------------------------------
0    C            0.8782            0.7839           -0.1637
1    H            0.6970            1.5591           -0.9199
2    O            0.5269            0.9717            1.1232
3    C            1.3505           -0.5558           -0.1940
4    H            0.7792           -0.2467            1.0626
5    H            1.0699           -1.3015           -0.9495
6    H            2.2996           -0.7203            0.3354

Energy:                  -29.607317 Convergence criteria  Is converged 
Maximum Force:             0.001113     0.000450                No
RMS Force:                 0.000689     0.000300                No
Maximum Displacement:      0.000167     0.001800                Yes
RMS Displacement:          0.000103     0.001200                Yes

Trust radius (MW):  0.150000  Step norm (MW):  0.000117  On boundary: False
Curvature (kappa):         -0.584446 Eh/Å²
Max Rotational Force:       0.888618 Eh/Angstrom
RMS Rotational Force:       0.306576 Eh/Angstrom
Mode Flip:              Yes


----------------------------------------------------------------------
                             Iteration: 58                               

                             Coordinates                               
----------------------------------------------------------------------
0    C            0.8782            0.7839           -0.1637
1    H            0.6971            1.5592           -0.9199
2    O            0.5269            0.9716            1.1232
3    C            1.3505           -0.5558           -0.1941
4    H            0.7792           -0.2467            1.0626
5    H            1.0699           -1.3016           -0.9494
6    H            2.2996           -0.7202            0.3353

Energy:                  -29.607317 Convergence criteria  Is converged 
Maximum Force:             0.001102     0.000450                No
RMS Force:                 0.000683     0.000300                No
Maximum Displacement:      0.000165     0.001800                Yes
RMS Displacement:          0.000103     0.001200                Yes

Trust radius (MW):  0.150000  Step norm (MW):  0.000116  On boundary: False
Curvature (kappa):         -0.584756 Eh/Å²
Max Rotational Force:       0.782124 Eh/Angstrom
RMS Rotational Force:       0.306601 Eh/Angstrom
Mode Flip:              Yes


----------------------------------------------------------------------
                             Iteration: 59                               

                             Coordinates                               
----------------------------------------------------------------------
0    C            0.8782            0.7839           -0.1637
1    H            0.6972            1.5593           -0.9199
2    O            0.5268            0.9716            1.1232
3    C            1.3505           -0.5558           -0.1941
4    H            0.7792           -0.2468            1.0625
5    H            1.0698           -1.3017           -0.9493
6    H            2.2997           -0.7201            0.3352

Energy:                  -29.607318 Convergence criteria  Is converged 
Maximum Force:             0.001092     0.000450                No
RMS Force:                 0.000678     0.000300                No
Maximum Displacement:      0.000164     0.001800                Yes
RMS Displacement:          0.000102     0.001200                Yes

Trust radius (MW):  0.150000  Step norm (MW):  0.000115  On boundary: False
Curvature (kappa):         -0.585110 Eh/Å²
Max Rotational Force:       0.889037 Eh/Angstrom
RMS Rotational Force:       0.306721 Eh/Angstrom
Mode Flip:              Yes


----------------------------------------------------------------------
                             Iteration: 60                               

                             Coordinates                               
----------------------------------------------------------------------
0    C            0.8782            0.7839           -0.1637
1    H            0.6972            1.5593           -0.9198
2    O            0.5267            0.9715            1.1231
3    C            1.3505           -0.5558           -0.1941
4    H            0.7791           -0.2468            1.0625
5    H            1.0697           -1.3017           -0.9492
6    H            2.2998           -0.7200            0.3352

Energy:                  -29.607319 Convergence criteria  Is converged 
Maximum Force:             0.001082     0.000450                No
RMS Force:                 0.000672     0.000300                No
Maximum Displacement:      0.000162     0.001800                Yes
RMS Displacement:          0.000101     0.001200                Yes

Trust radius (MW):  0.150000  Step norm (MW):  0.000114  On boundary: False
Curvature (kappa):         -0.585306 Eh/Å²
Max Rotational Force:       0.782645 Eh/Angstrom
RMS Rotational Force:       0.306786 Eh/Angstrom
Mode Flip:              Yes


----------------------------------------------------------------------
                             Iteration: 61                               

                             Coordinates                               
----------------------------------------------------------------------
0    C            0.8782            0.7839           -0.1638
1    H            0.6973            1.5594           -0.9198
2    O            0.5267            0.9714            1.1231
3    C            1.3505           -0.5558           -0.1941
4    H            0.7791           -0.2468            1.0625
5    H            1.0696           -1.3018           -0.9491
6    H            2.2998           -0.7199            0.3351

Energy:                  -29.607319 Convergence criteria  Is converged 
Maximum Force:             0.001072     0.000450                No
RMS Force:                 0.000667     0.000300                No
Maximum Displacement:      0.000161     0.001800                Yes
RMS Displacement:          0.000100     0.001200                Yes

Trust radius (MW):  0.150000  Step norm (MW):  0.000113  On boundary: False
Curvature (kappa):         -0.585500 Eh/Å²
Max Rotational Force:       0.889418 Eh/Angstrom
RMS Rotational Force:       0.306848 Eh/Angstrom
Mode Flip:              Yes


----------------------------------------------------------------------
                             Iteration: 62                               

                             Coordinates                               
----------------------------------------------------------------------
0    C            0.8782            0.7839           -0.1638
1    H            0.6974            1.5595           -0.9198
2    O            0.5266            0.9714            1.1231
3    C            1.3505           -0.5558           -0.1941
4    H            0.7791           -0.2468            1.0624
5    H            1.0696           -1.3019           -0.9490
6    H            2.2999           -0.7198            0.3350

Energy:                  -29.607319 Convergence criteria  Is converged 
Maximum Force:             0.001062     0.000450                No
RMS Force:                 0.000661     0.000300                No
Maximum Displacement:      0.000159     0.001800                Yes
RMS Displacement:          0.000099     0.001200                Yes

Trust radius (MW):  0.150000  Step norm (MW):  0.000112  On boundary: False
Curvature (kappa):         -0.585693 Eh/Å²
Max Rotational Force:       0.783017 Eh/Angstrom
RMS Rotational Force:       0.306910 Eh/Angstrom
Mode Flip:              Yes


----------------------------------------------------------------------
                             Iteration: 63                               

                             Coordinates                               
----------------------------------------------------------------------
0    C            0.8782            0.7839           -0.1638
1    H            0.6975            1.5596           -0.9197
2    O            0.5266            0.9713            1.1231
3    C            1.3505           -0.5558           -0.1941
4    H            0.7790           -0.2469            1.0624
5    H            1.0695           -1.3020           -0.9489
6    H            2.2999           -0.7197            0.3349

Energy:                  -29.607320 Convergence criteria  Is converged 
Maximum Force:             0.001053     0.000450                No
RMS Force:                 0.000656     0.000300                No
Maximum Displacement:      0.000158     0.001800                Yes
RMS Displacement:          0.000098     0.001200                Yes

Trust radius (MW):  0.150000  Step norm (MW):  0.000111  On boundary: False
Curvature (kappa):         -0.585789 Eh/Å²
Max Rotational Force:       0.889944 Eh/Angstrom
RMS Rotational Force:       0.307007 Eh/Angstrom
Mode Flip:              Yes


----------------------------------------------------------------------
                             Iteration: 64                               

                             Coordinates                               
----------------------------------------------------------------------
0    C            0.8782            0.7839           -0.1638
1    H            0.6976            1.5597           -0.9197
2    O            0.5265            0.9713            1.1231
3    C            1.3505           -0.5558           -0.1941
4    H            0.7790           -0.2469            1.0624
5    H            1.0694           -1.3021           -0.9488
6    H            2.3000           -0.7196            0.3349

Energy:                  -29.607320 Convergence criteria  Is converged 
Maximum Force:             0.001043     0.000450                No
RMS Force:                 0.000651     0.000300                No
Maximum Displacement:      0.000156     0.001800                Yes
RMS Displacement:          0.000098     0.001200                Yes

Trust radius (MW):  0.150000  Step norm (MW):  0.000110  On boundary: False
Curvature (kappa):         -0.585978 Eh/Å²
Max Rotational Force:       0.783520 Eh/Angstrom
RMS Rotational Force:       0.307067 Eh/Angstrom
Mode Flip:              Yes


----------------------------------------------------------------------
                             Iteration: 65                               

                             Coordinates                               
----------------------------------------------------------------------
0    C            0.8782            0.7839           -0.1638
1    H            0.6977            1.5597           -0.9196
2    O            0.5264            0.9712            1.1231
3    C            1.3506           -0.5558           -0.1941
4    H            0.7790           -0.2469            1.0624
5    H            1.0694           -1.3022           -0.9486
6    H            2.3001           -0.7195            0.3348

Energy:                  -29.607321 Convergence criteria  Is converged 
Maximum Force:             0.001033     0.000450                No
RMS Force:                 0.000645     0.000300                No
Maximum Displacement:      0.000155     0.001800                Yes
RMS Displacement:          0.000097     0.001200                Yes

Trust radius (MW):  0.150000  Step norm (MW):  0.000109  On boundary: False
Curvature (kappa):         -0.586164 Eh/Å²
Max Rotational Force:       0.890307 Eh/Angstrom
RMS Rotational Force:       0.307126 Eh/Angstrom
Mode Flip:              Yes


----------------------------------------------------------------------
                             Iteration: 66                               

                             Coordinates                               
----------------------------------------------------------------------
0    C            0.8782            0.7839           -0.1638
1    H            0.6978            1.5598           -0.9196
2    O            0.5264            0.9711            1.1230
3    C            1.3506           -0.5558           -0.1942
4    H            0.7790           -0.2469            1.0624
5    H            1.0693           -1.3023           -0.9485
6    H            2.3001           -0.7194            0.3347

Energy:                  -29.607321 Convergence criteria  Is converged 
Maximum Force:             0.001024     0.000450                No
RMS Force:                 0.000640     0.000300                No
Maximum Displacement:      0.000154     0.001800                Yes
RMS Displacement:          0.000096     0.001200                Yes

Trust radius (MW):  0.150000  Step norm (MW):  0.000108  On boundary: False
Curvature (kappa):         -0.586349 Eh/Å²
Max Rotational Force:       0.783872 Eh/Angstrom
RMS Rotational Force:       0.307184 Eh/Angstrom
Mode Flip:              Yes


----------------------------------------------------------------------
                             Iteration: 67                               

                             Coordinates                               
----------------------------------------------------------------------
0    C            0.8782            0.7839           -0.1639
1    H            0.6979            1.5599           -0.9196
2    O            0.5263            0.9711            1.1230
3    C            1.3506           -0.5558           -0.1942
4    H            0.7789           -0.2470            1.0623
5    H            1.0692           -1.3024           -0.9484
6    H            2.3002           -0.7194            0.3346

Energy:                  -29.607322 Convergence criteria  Is converged 
Maximum Force:             0.001015     0.000450                No
RMS Force:                 0.000635     0.000300                No
Maximum Displacement:      0.000152     0.001800                Yes
RMS Displacement:          0.000095     0.001200                Yes

Trust radius (MW):  0.150000  Step norm (MW):  0.000107  On boundary: False
Curvature (kappa):         -0.586531 Eh/Å²
Max Rotational Force:       0.890653 Eh/Angstrom
RMS Rotational Force:       0.307241 Eh/Angstrom
Mode Flip:              Yes


----------------------------------------------------------------------
                             Iteration: 68                               

                             Coordinates                               
----------------------------------------------------------------------
0    C            0.8782            0.7839           -0.1639
1    H            0.6979            1.5600           -0.9195
2    O            0.5262            0.9710            1.1230
3    C            1.3506           -0.5558           -0.1942
4    H            0.7789           -0.2470            1.0623
5    H            1.0692           -1.3024           -0.9483
6    H            2.3002           -0.7193            0.3345

Energy:                  -29.607322 Convergence criteria  Is converged 
Maximum Force:             0.001006     0.000450                No
RMS Force:                 0.000630     0.000300                No
Maximum Displacement:      0.000151     0.001800                Yes
RMS Displacement:          0.000094     0.001200                Yes

Trust radius (MW):  0.150000  Step norm (MW):  0.000106  On boundary: False
Curvature (kappa):         -0.586714 Eh/Å²
Max Rotational Force:       0.784213 Eh/Angstrom
RMS Rotational Force:       0.307298 Eh/Angstrom
Mode Flip:              Yes


----------------------------------------------------------------------
                             Iteration: 69                               

                             Coordinates                               
----------------------------------------------------------------------
0    C            0.8782            0.7839           -0.1639
1    H            0.6980            1.5600           -0.9195
2    O            0.5262            0.9710            1.1230
3    C            1.3506           -0.5558           -0.1942
4    H            0.7789           -0.2470            1.0623
5    H            1.0691           -1.3025           -0.9482
6    H            2.3003           -0.7192            0.3345

Energy:                  -29.607322 Convergence criteria  Is converged 
Maximum Force:             0.000997     0.000450                No
RMS Force:                 0.000625     0.000300                No
Maximum Displacement:      0.000150     0.001800                Yes
RMS Displacement:          0.000094     0.001200                Yes

Trust radius (MW):  0.150000  Step norm (MW):  0.000105  On boundary: False
Curvature (kappa):         -0.586893 Eh/Å²
Max Rotational Force:       0.890990 Eh/Angstrom
RMS Rotational Force:       0.307354 Eh/Angstrom
Mode Flip:              Yes


----------------------------------------------------------------------
                             Iteration: 70                               

                             Coordinates                               
----------------------------------------------------------------------
0    C            0.8781            0.7839           -0.1639
1    H            0.6981            1.5601           -0.9195
2    O            0.5261            0.9709            1.1230
3    C            1.3506           -0.5558           -0.1942
4    H            0.7789           -0.2470            1.0623
5    H            1.0690           -1.3026           -0.9481
6    H            2.3004           -0.7191            0.3344

Energy:                  -29.607323 Convergence criteria  Is converged 
Maximum Force:             0.000988     0.000450                No
RMS Force:                 0.000620     0.000300                No
Maximum Displacement:      0.000148     0.001800                Yes
RMS Displacement:          0.000093     0.001200                Yes

Trust radius (MW):  0.150000  Step norm (MW):  0.000104  On boundary: False
Curvature (kappa):         -0.587072 Eh/Å²
Max Rotational Force:       0.784545 Eh/Angstrom
RMS Rotational Force:       0.307409 Eh/Angstrom
Mode Flip:              Yes


----------------------------------------------------------------------
                             Iteration: 71                               

                             Coordinates                               
----------------------------------------------------------------------
0    C            0.8781            0.7839           -0.1639
1    H            0.6982            1.5602           -0.9194
2    O            0.5261            0.9709            1.1230
3    C            1.3506           -0.5558           -0.1942
4    H            0.7788           -0.2470            1.0622
5    H            1.0690           -1.3027           -0.9480
6    H            2.3004           -0.7190            0.3343

Energy:                  -29.607323 Convergence criteria  Is converged 
Maximum Force:             0.000979     0.000450                No
RMS Force:                 0.000615     0.000300                No
Maximum Displacement:      0.000147     0.001800                Yes
RMS Displacement:          0.000092     0.001200                Yes

Trust radius (MW):  0.150000  Step norm (MW):  0.000103  On boundary: False
Curvature (kappa):         -0.587249 Eh/Å²
Max Rotational Force:       0.891316 Eh/Angstrom
RMS Rotational Force:       0.307463 Eh/Angstrom
Mode Flip:              Yes


----------------------------------------------------------------------
                             Iteration: 72                               

                             Coordinates                               
----------------------------------------------------------------------
0    C            0.8781            0.7839           -0.1639
1    H            0.6983            1.5602           -0.9194
2    O            0.5260            0.9708            1.1229
3    C            1.3506           -0.5558           -0.1942
4    H            0.7788           -0.2471            1.0622
5    H            1.0689           -1.3028           -0.9479
6    H            2.3005           -0.7189            0.3343

Energy:                  -29.607324 Convergence criteria  Is converged 
Maximum Force:             0.000970     0.000450                No
RMS Force:                 0.000610     0.000300                No
Maximum Displacement:      0.000146     0.001800                Yes
RMS Displacement:          0.000092     0.001200                Yes

Trust radius (MW):  0.150000  Step norm (MW):  0.000102  On boundary: False
Curvature (kappa):         -0.587787 Eh/Å²
Max Rotational Force:       0.785131 Eh/Angstrom
RMS Rotational Force:       0.307622 Eh/Angstrom
Mode Flip:              Yes


----------------------------------------------------------------------
                             Iteration: 73                               

                             Coordinates                               
----------------------------------------------------------------------
0    C            0.8781            0.7839           -0.1639
1    H            0.6984            1.5603           -0.9194
2    O            0.5259            0.9707            1.1229
3    C            1.3506           -0.5558           -0.1942
4    H            0.7788           -0.2471            1.0622
5    H            1.0688           -1.3028           -0.9478
6    H            2.3005           -0.7189            0.3342

Energy:                  -29.607324 Convergence criteria  Is converged 
Maximum Force:             0.000962     0.000450                No
RMS Force:                 0.000606     0.000300                No
Maximum Displacement:      0.000144     0.001800                Yes
RMS Displacement:          0.000091     0.001200                Yes

Trust radius (MW):  0.150000  Step norm (MW):  0.000101  On boundary: False
Curvature (kappa):         -0.587960 Eh/Å²
Max Rotational Force:       0.891918 Eh/Angstrom
RMS Rotational Force:       0.307675 Eh/Angstrom
Mode Flip:              Yes


----------------------------------------------------------------------
                             Iteration: 74                               

                             Coordinates                               
----------------------------------------------------------------------
0    C            0.8781            0.7839           -0.1640
1    H            0.6984            1.5604           -0.9193
2    O            0.5259            0.9707            1.1229
3    C            1.3507           -0.5558           -0.1942
4    H            0.7788           -0.2471            1.0622
5    H            1.0688           -1.3029           -0.9477
6    H            2.3006           -0.7188            0.3341

Energy:                  -29.607324 Convergence criteria  Is converged 
Maximum Force:             0.000953     0.000450                No
RMS Force:                 0.000601     0.000300                No
Maximum Displacement:      0.000143     0.001800                Yes
RMS Displacement:          0.000090     0.001200                Yes

Trust radius (MW):  0.150000  Step norm (MW):  0.000101  On boundary: False
Curvature (kappa):         -0.588132 Eh/Å²
Max Rotational Force:       0.785441 Eh/Angstrom
RMS Rotational Force:       0.307726 Eh/Angstrom
Mode Flip:              Yes


----------------------------------------------------------------------
                             Iteration: 75                               

                             Coordinates                               
----------------------------------------------------------------------
0    C            0.8781            0.7839           -0.1640
1    H            0.6985            1.5604           -0.9193
2    O            0.5258            0.9706            1.1229
3    C            1.3507           -0.5558           -0.1943
4    H            0.7787           -0.2471            1.0622
5    H            1.0687           -1.3030           -0.9476
6    H            2.3007           -0.7187            0.3340

Energy:                  -29.607325 Convergence criteria  Is converged 
Maximum Force:             0.000945     0.000450                No
RMS Force:                 0.000596     0.000300                No
Maximum Displacement:      0.000142     0.001800                Yes
RMS Displacement:          0.000089     0.001200                Yes

Trust radius (MW):  0.150000  Step norm (MW):  0.000100  On boundary: False
Curvature (kappa):         -0.588342 Eh/Å²
Max Rotational Force:       0.892183 Eh/Angstrom
RMS Rotational Force:       0.307765 Eh/Angstrom
Mode Flip:              Yes


----------------------------------------------------------------------
                             Iteration: 76                               

                             Coordinates                               
----------------------------------------------------------------------
0    C            0.8781            0.7839           -0.1640
1    H            0.6986            1.5605           -0.9193
2    O            0.5258            0.9706            1.1229
3    C            1.3507           -0.5558           -0.1943
4    H            0.7787           -0.2471            1.0621
5    H            1.0686           -1.3031           -0.9475
6    H            2.3007           -0.7186            0.3340

Energy:                  -29.607325 Convergence criteria  Is converged 
Maximum Force:             0.000936     0.000450                No
RMS Force:                 0.000592     0.000300                No
Maximum Displacement:      0.000140     0.001800                Yes
RMS Displacement:          0.000089     0.001200                Yes

Trust radius (MW):  0.150000  Step norm (MW):  0.000099  On boundary: False
Curvature (kappa):         -0.588513 Eh/Å²
Max Rotational Force:       0.785710 Eh/Angstrom
RMS Rotational Force:       0.307815 Eh/Angstrom
Mode Flip:              Yes


----------------------------------------------------------------------
                             Iteration: 77                               

                             Coordinates                               
----------------------------------------------------------------------
0    C            0.8781            0.7839           -0.1640
1    H            0.6987            1.5606           -0.9192
2    O            0.5257            0.9705            1.1228
3    C            1.3507           -0.5558           -0.1943
4    H            0.7787           -0.2471            1.0621
5    H            1.0686           -1.3032           -0.9474
6    H            2.3008           -0.7186            0.3339

Energy:                  -29.607326 Convergence criteria  Is converged 
Maximum Force:             0.000928     0.000450                No
RMS Force:                 0.000587     0.000300                No
Maximum Displacement:      0.000139     0.001800                Yes
RMS Displacement:          0.000088     0.001200                Yes

Trust radius (MW):  0.150000  Step norm (MW):  0.000098  On boundary: False
Curvature (kappa):         -0.588679 Eh/Å²
Max Rotational Force:       0.892486 Eh/Angstrom
RMS Rotational Force:       0.307865 Eh/Angstrom
Mode Flip:              Yes


----------------------------------------------------------------------
                             Iteration: 78                               

                             Coordinates                               
----------------------------------------------------------------------
0    C            0.8781            0.7839           -0.1640
1    H            0.6988            1.5607           -0.9192
2    O            0.5256            0.9705            1.1228
3    C            1.3507           -0.5558           -0.1943
4    H            0.7787           -0.2472            1.0621
5    H            1.0685           -1.3032           -0.9473
6    H            2.3008           -0.7185            0.3338

Energy:                  -29.607326 Convergence criteria  Is converged 
Maximum Force:             0.000920     0.000450                No
RMS Force:                 0.000583     0.000300                No
Maximum Displacement:      0.000138     0.001800                Yes
RMS Displacement:          0.000087     0.001200                Yes

Trust radius (MW):  0.150000  Step norm (MW):  0.000097  On boundary: False
Curvature (kappa):         -0.588845 Eh/Å²
Max Rotational Force:       0.786009 Eh/Angstrom
RMS Rotational Force:       0.307914 Eh/Angstrom
Mode Flip:              Yes


----------------------------------------------------------------------
                             Iteration: 79                               

                             Coordinates                               
----------------------------------------------------------------------
0    C            0.8781            0.7840           -0.1640
1    H            0.6988            1.5607           -0.9192
2    O            0.5256            0.9704            1.1228
3    C            1.3507           -0.5558           -0.1943
4    H            0.7787           -0.2472            1.0621
5    H            1.0684           -1.3033           -0.9472
6    H            2.3009           -0.7184            0.3337

Energy:                  -29.607326 Convergence criteria  Is converged 
Maximum Force:             0.000912     0.000450                No
RMS Force:                 0.000578     0.000300                No
Maximum Displacement:      0.000137     0.001800                Yes
RMS Displacement:          0.000087     0.001200                Yes

Trust radius (MW):  0.150000  Step norm (MW):  0.000096  On boundary: False
Curvature (kappa):         -0.589073 Eh/Å²
Max Rotational Force:       0.892758 Eh/Angstrom
RMS Rotational Force:       0.307939 Eh/Angstrom
Mode Flip:              Yes


----------------------------------------------------------------------
                             Iteration: 80                               

                             Coordinates                               
----------------------------------------------------------------------
0    C            0.8781            0.7840           -0.1640
1    H            0.6989            1.5608           -0.9192
2    O            0.5255            0.9704            1.1228
3    C            1.3507           -0.5558           -0.1943
4    H            0.7786           -0.2472            1.0621
5    H            1.0684           -1.3034           -0.9471
6    H            2.3010           -0.7183            0.3337

Energy:                  -29.607327 Convergence criteria  Is converged 
Maximum Force:             0.000904     0.000450                No
RMS Force:                 0.000574     0.000300                No
Maximum Displacement:      0.000136     0.001800                Yes
RMS Displacement:          0.000086     0.001200                Yes

Trust radius (MW):  0.150000  Step norm (MW):  0.000096  On boundary: False
Curvature (kappa):         -0.589237 Eh/Å²
Max Rotational Force:       0.786301 Eh/Angstrom
RMS Rotational Force:       0.307987 Eh/Angstrom
Mode Flip:              Yes


----------------------------------------------------------------------
                             Iteration: 81                               

                             Coordinates                               
----------------------------------------------------------------------
0    C            0.8781            0.7840           -0.1641
1    H            0.6990            1.5609           -0.9191
2    O            0.5255            0.9703            1.1228
3    C            1.3507           -0.5558           -0.1943
4    H            0.7786           -0.2472            1.0621
5    H            1.0683           -1.3035           -0.9470
6    H            2.3010           -0.7183            0.3336

Energy:                  -29.607327 Convergence criteria  Is converged 
Maximum Force:             0.000896     0.000450                No
RMS Force:                 0.000569     0.000300                No
Maximum Displacement:      0.000134     0.001800                Yes
RMS Displacement:          0.000085     0.001200                Yes

Trust radius (MW):  0.150000  Step norm (MW):  0.000095  On boundary: False
Curvature (kappa):         -0.589396 Eh/Å²
Max Rotational Force:       0.893051 Eh/Angstrom
RMS Rotational Force:       0.308034 Eh/Angstrom
Mode Flip:              Yes


----------------------------------------------------------------------
                             Iteration: 82                               

                             Coordinates                               
----------------------------------------------------------------------
0    C            0.8781            0.7840           -0.1641
1    H            0.6991            1.5609           -0.9191
2    O            0.5254            0.9703            1.1228
3    C            1.3507           -0.5558           -0.1943
4    H            0.7786           -0.2472            1.0620
5    H            1.0683           -1.3035           -0.9469
6    H            2.3011           -0.7182            0.3335

Energy:                  -29.607327 Convergence criteria  Is converged 
Maximum Force:             0.000888     0.000450                No
RMS Force:                 0.000565     0.000300                No
Maximum Displacement:      0.000133     0.001800                Yes
RMS Displacement:          0.000085     0.001200                Yes

Trust radius (MW):  0.150000  Step norm (MW):  0.000094  On boundary: False
Curvature (kappa):         -0.589557 Eh/Å²
Max Rotational Force:       0.786587 Eh/Angstrom
RMS Rotational Force:       0.308080 Eh/Angstrom
Mode Flip:              Yes


----------------------------------------------------------------------
                             Iteration: 83                               

                             Coordinates                               
----------------------------------------------------------------------
0    C            0.8781            0.7840           -0.1641
1    H            0.6992            1.5610           -0.9191
2    O            0.5253            0.9702            1.1227
3    C            1.3508           -0.5558           -0.1943
4    H            0.7786           -0.2472            1.0620
5    H            1.0682           -1.3036           -0.9468
6    H            2.3011           -0.7181            0.3335

Energy:                  -29.607328 Convergence criteria  Is converged 
Maximum Force:             0.000881     0.000450                No
RMS Force:                 0.000561     0.000300                No
Maximum Displacement:      0.000132     0.001800                Yes
RMS Displacement:          0.000084     0.001200                Yes

Trust radius (MW):  0.150000  Step norm (MW):  0.000093  On boundary: False
Curvature (kappa):         -0.590684 Eh/Å²
Max Rotational Force:       0.892452 Eh/Angstrom
RMS Rotational Force:       0.307832 Eh/Angstrom
Mode Flip:              Yes


----------------------------------------------------------------------
                             Iteration: 84                               

                             Coordinates                               
----------------------------------------------------------------------
0    C            0.8781            0.7840           -0.1641
1    H            0.6992            1.5611           -0.9190
2    O            0.5253            0.9702            1.1227
3    C            1.3508           -0.5558           -0.1943
4    H            0.7786           -0.2473            1.0620
5    H            1.0681           -1.3037           -0.9467
6    H            2.3012           -0.7180            0.3334

Energy:                  -29.607328 Convergence criteria  Is converged 
Maximum Force:             0.000873     0.000450                No
RMS Force:                 0.000556     0.000300                No
Maximum Displacement:      0.000131     0.001800                Yes
RMS Displacement:          0.000083     0.001200                Yes

Trust radius (MW):  0.150000  Step norm (MW):  0.000092  On boundary: False
Curvature (kappa):         -0.590842 Eh/Å²
Max Rotational Force:       0.786068 Eh/Angstrom
RMS Rotational Force:       0.307875 Eh/Angstrom
Mode Flip:              Yes


----------------------------------------------------------------------
                             Iteration: 85                               

                             Coordinates                               
----------------------------------------------------------------------
0    C            0.8781            0.7840           -0.1641
1    H            0.6993            1.5611           -0.9190
2    O            0.5252            0.9701            1.1227
3    C            1.3508           -0.5558           -0.1943
4    H            0.7786           -0.2473            1.0620
5    H            1.0681           -1.3037           -0.9467
6    H            2.3012           -0.7180            0.3333

Energy:                  -29.607328 Convergence criteria  Is converged 
Maximum Force:             0.000866     0.000450                No
RMS Force:                 0.000552     0.000300                No
Maximum Displacement:      0.000130     0.001800                Yes
RMS Displacement:          0.000083     0.001200                Yes

Trust radius (MW):  0.150000  Step norm (MW):  0.000092  On boundary: False
Curvature (kappa):         -0.590996 Eh/Å²
Max Rotational Force:       0.892726 Eh/Angstrom
RMS Rotational Force:       0.307919 Eh/Angstrom
Mode Flip:              Yes


----------------------------------------------------------------------
                             Iteration: 86                               

                             Coordinates                               
----------------------------------------------------------------------
0    C            0.8781            0.7840           -0.1641
1    H            0.6994            1.5612           -0.9190
2    O            0.5252            0.9701            1.1227
3    C            1.3508           -0.5559           -0.1943
4    H            0.7785           -0.2473            1.0620
5    H            1.0680           -1.3038           -0.9466
6    H            2.3013           -0.7179            0.3332

Energy:                  -29.607329 Convergence criteria  Is converged 
Maximum Force:             0.000858     0.000450                No
RMS Force:                 0.000548     0.000300                No
Maximum Displacement:      0.000129     0.001800                Yes
RMS Displacement:          0.000082     0.001200                Yes

Trust radius (MW):  0.150000  Step norm (MW):  0.000091  On boundary: False
Curvature (kappa):         -0.590994 Eh/Å²
Max Rotational Force:       0.786171 Eh/Angstrom
RMS Rotational Force:       0.307905 Eh/Angstrom
Mode Flip:              Yes


----------------------------------------------------------------------
                             Iteration: 87                               

                             Coordinates                               
----------------------------------------------------------------------
0    C            0.8781            0.7840           -0.1641
1    H            0.6995            1.5612           -0.9189
2    O            0.5251            0.9700            1.1227
3    C            1.3508           -0.5559           -0.1943
4    H            0.7785           -0.2473            1.0620
5    H            1.0680           -1.3039           -0.9465
6    H            2.3013           -0.7178            0.3332

Energy:                  -29.607329 Convergence criteria  Is converged 
Maximum Force:             0.000851     0.000450                No
RMS Force:                 0.000544     0.000300                No
Maximum Displacement:      0.000128     0.001800                Yes
RMS Displacement:          0.000082     0.001200                Yes

Trust radius (MW):  0.150000  Step norm (MW):  0.000090  On boundary: False
Curvature (kappa):         -0.590926 Eh/Å²
Max Rotational Force:       0.893472 Eh/Angstrom
RMS Rotational Force:       0.308032 Eh/Angstrom
Mode Flip:              Yes


----------------------------------------------------------------------
                             Iteration: 88                               

                             Coordinates                               
----------------------------------------------------------------------
0    C            0.8781            0.7840           -0.1641
1    H            0.6995            1.5613           -0.9189
2    O            0.5250            0.9700            1.1227
3    C            1.3508           -0.5559           -0.1944
4    H            0.7785           -0.2473            1.0620
5    H            1.0679           -1.3039           -0.9464
6    H            2.3014           -0.7178            0.3331

Energy:                  -29.607329 Convergence criteria  Is converged 
Maximum Force:             0.000844     0.000450                No
RMS Force:                 0.000540     0.000300                No
Maximum Displacement:      0.000127     0.001800                Yes
RMS Displacement:          0.000081     0.001200                Yes

Trust radius (MW):  0.150000  Step norm (MW):  0.000089  On boundary: False
Curvature (kappa):         -0.591062 Eh/Å²
Max Rotational Force:       0.786995 Eh/Angstrom
RMS Rotational Force:       0.308071 Eh/Angstrom
Mode Flip:              Yes


----------------------------------------------------------------------
                             Iteration: 89                               

                             Coordinates                               
----------------------------------------------------------------------
0    C            0.8780            0.7840           -0.1642
1    H            0.6996            1.5614           -0.9189
2    O            0.5250            0.9699            1.1226
3    C            1.3508           -0.5559           -0.1944
4    H            0.7785           -0.2473            1.0619
5    H            1.0679           -1.3040           -0.9463
6    H            2.3015           -0.7177            0.3330

Energy:                  -29.607330 Convergence criteria  Is converged 
Maximum Force:             0.000837     0.000450                No
RMS Force:                 0.000536     0.000300                No
Maximum Displacement:      0.000125     0.001800                Yes
RMS Displacement:          0.000080     0.001200                Yes

Trust radius (MW):  0.150000  Step norm (MW):  0.000089  On boundary: False
Curvature (kappa):         -0.591212 Eh/Å²
Max Rotational Force:       0.893744 Eh/Angstrom
RMS Rotational Force:       0.308113 Eh/Angstrom
Mode Flip:              Yes


----------------------------------------------------------------------
                             Iteration: 90                               

                             Coordinates                               
----------------------------------------------------------------------
0    C            0.8780            0.7840           -0.1642
1    H            0.6997            1.5614           -0.9189
2    O            0.5249            0.9699            1.1226
3    C            1.3508           -0.5559           -0.1944
4    H            0.7785           -0.2474            1.0619
5    H            1.0678           -1.3041           -0.9462
6    H            2.3015           -0.7176            0.3330

Energy:                  -29.607330 Convergence criteria  Is converged 
Maximum Force:             0.000829     0.000450                No
RMS Force:                 0.000532     0.000300                No
Maximum Displacement:      0.000124     0.001800                Yes
RMS Displacement:          0.000080     0.001200                Yes

Trust radius (MW):  0.150000  Step norm (MW):  0.000088  On boundary: False
Curvature (kappa):         -0.589706 Eh/Å²
Max Rotational Force:       0.785815 Eh/Angstrom
RMS Rotational Force:       0.307539 Eh/Angstrom
Mode Flip:              Yes


----------------------------------------------------------------------
                             Iteration: 91                               

                             Coordinates                               
----------------------------------------------------------------------
0    C            0.8780            0.7840           -0.1642
1    H            0.6998            1.5615           -0.9188
2    O            0.5249            0.9698            1.1226
3    C            1.3508           -0.5559           -0.1944
4    H            0.7785           -0.2474            1.0619
5    H            1.0677           -1.3042           -0.9461
6    H            2.3016           -0.7176            0.3329

Energy:                  -29.607330 Convergence criteria  Is converged 
Maximum Force:             0.000822     0.000450                No
RMS Force:                 0.000528     0.000300                No
Maximum Displacement:      0.000123     0.001800                Yes
RMS Displacement:          0.000079     0.001200                Yes

Trust radius (MW):  0.150000  Step norm (MW):  0.000087  On boundary: False
Curvature (kappa):         -0.589859 Eh/Å²
Max Rotational Force:       0.892322 Eh/Angstrom
RMS Rotational Force:       0.307575 Eh/Angstrom
Mode Flip:              Yes


----------------------------------------------------------------------
                             Iteration: 92                               

                             Coordinates                               
----------------------------------------------------------------------
0    C            0.8780            0.7840           -0.1642
1    H            0.6998            1.5616           -0.9188
2    O            0.5248            0.9698            1.1226
3    C            1.3508           -0.5559           -0.1944
4    H            0.7784           -0.2474            1.0619
5    H            1.0677           -1.3042           -0.9460
6    H            2.3016           -0.7175            0.3328

Energy:                  -29.607330 Convergence criteria  Is converged 
Maximum Force:             0.000815     0.000450                No
RMS Force:                 0.000524     0.000300                No
Maximum Displacement:      0.000122     0.001800                Yes
RMS Displacement:          0.000079     0.001200                Yes

Trust radius (MW):  0.150000  Step norm (MW):  0.000087  On boundary: False
Curvature (kappa):         -0.590006 Eh/Å²
Max Rotational Force:       0.786053 Eh/Angstrom
RMS Rotational Force:       0.307617 Eh/Angstrom
Mode Flip:              Yes


----------------------------------------------------------------------
                             Iteration: 93                               

                             Coordinates                               
----------------------------------------------------------------------
0    C            0.8780            0.7840           -0.1642
1    H            0.6999            1.5616           -0.9188
2    O            0.5247            0.9698            1.1226
3    C            1.3508           -0.5559           -0.1944
4    H            0.7784           -0.2474            1.0619
5    H            1.0676           -1.3043           -0.9459
6    H            2.3017           -0.7174            0.3328

Energy:                  -29.607331 Convergence criteria  Is converged 
Maximum Force:             0.000809     0.000450                No
RMS Force:                 0.000520     0.000300                No
Maximum Displacement:      0.000121     0.001800                Yes
RMS Displacement:          0.000078     0.001200                Yes

Trust radius (MW):  0.150000  Step norm (MW):  0.000086  On boundary: False
Curvature (kappa):         -0.590714 Eh/Å²
Max Rotational Force:       0.893145 Eh/Angstrom
RMS Rotational Force:       0.307849 Eh/Angstrom
Mode Flip:              Yes


----------------------------------------------------------------------
                             Iteration: 94                               

                             Coordinates                               
----------------------------------------------------------------------
0    C            0.8780            0.7840           -0.1642
1    H            0.7000            1.5617           -0.9187
2    O            0.5247            0.9697            1.1226
3    C            1.3509           -0.5559           -0.1944
4    H            0.7784           -0.2474            1.0619
5    H            1.0676           -1.3043           -0.9459
6    H            2.3017           -0.7174            0.3327

Energy:                  -29.607331 Convergence criteria  Is converged 
Maximum Force:             0.000802     0.000450                No
RMS Force:                 0.000516     0.000300                No
Maximum Displacement:      0.000120     0.001800                Yes
RMS Displacement:          0.000077     0.001200                Yes

Trust radius (MW):  0.150000  Step norm (MW):  0.000085  On boundary: False
Curvature (kappa):         -0.591237 Eh/Å²
Max Rotational Force:       0.786287 Eh/Angstrom
RMS Rotational Force:       0.307883 Eh/Angstrom
Mode Flip:              Yes


----------------------------------------------------------------------
                             Iteration: 95                               

                             Coordinates                               
----------------------------------------------------------------------
0    C            0.8780            0.7840           -0.1642
1    H            0.7001            1.5617           -0.9187
2    O            0.5246            0.9697            1.1226
3    C            1.3509           -0.5559           -0.1944
4    H            0.7784           -0.2474            1.0619
5    H            1.0675           -1.3044           -0.9458
6    H            2.3018           -0.7173            0.3326

Energy:                  -29.607331 Convergence criteria  Is converged 
Maximum Force:             0.000795     0.000450                No
RMS Force:                 0.000513     0.000300                No
Maximum Displacement:      0.000119     0.001800                Yes
RMS Displacement:          0.000077     0.001200                Yes

Trust radius (MW):  0.150000  Step norm (MW):  0.000084  On boundary: False
Curvature (kappa):         -0.591381 Eh/Å²
Max Rotational Force:       0.893175 Eh/Angstrom
RMS Rotational Force:       0.307923 Eh/Angstrom
Mode Flip:              Yes


----------------------------------------------------------------------
                             Iteration: 96                               

                             Coordinates                               
----------------------------------------------------------------------
0    C            0.8780            0.7840           -0.1642
1    H            0.7001            1.5618           -0.9187
2    O            0.5246            0.9696            1.1225
3    C            1.3509           -0.5559           -0.1944
4    H            0.7784           -0.2474            1.0618
5    H            1.0675           -1.3045           -0.9457
6    H            2.3018           -0.7173            0.3326

Energy:                  -29.607332 Convergence criteria  Is converged 
Maximum Force:             0.000789     0.000450                No
RMS Force:                 0.000509     0.000300                No
Maximum Displacement:      0.000118     0.001800                Yes
RMS Displacement:          0.000076     0.001200                Yes

Trust radius (MW):  0.150000  Step norm (MW):  0.000084  On boundary: False
Curvature (kappa):         -0.591589 Eh/Å²
Max Rotational Force:       0.786488 Eh/Angstrom
RMS Rotational Force:       0.307944 Eh/Angstrom
Mode Flip:              Yes


----------------------------------------------------------------------
                             Iteration: 97                               

                             Coordinates                               
----------------------------------------------------------------------
0    C            0.8780            0.7840           -0.1642
1    H            0.7002            1.5618           -0.9187
2    O            0.5245            0.9696            1.1225
3    C            1.3509           -0.5559           -0.1944
4    H            0.7784           -0.2475            1.0618
5    H            1.0674           -1.3045           -0.9456
6    H            2.3019           -0.7172            0.3325

Energy:                  -29.607332 Convergence criteria  Is converged 
Maximum Force:             0.000782     0.000450                No
RMS Force:                 0.000505     0.000300                No
Maximum Displacement:      0.000117     0.001800                Yes
RMS Displacement:          0.000076     0.001200                Yes

Trust radius (MW):  0.150000  Step norm (MW):  0.000083  On boundary: False
Curvature (kappa):         -0.591731 Eh/Å²
Max Rotational Force:       0.893355 Eh/Angstrom
RMS Rotational Force:       0.307983 Eh/Angstrom
Mode Flip:              Yes


----------------------------------------------------------------------
                             Iteration: 98                               

                             Coordinates                               
----------------------------------------------------------------------
0    C            0.8780            0.7840           -0.1643
1    H            0.7003            1.5619           -0.9186
2    O            0.5244            0.9695            1.1225
3    C            1.3509           -0.5559           -0.1944
4    H            0.7784           -0.2475            1.0618
5    H            1.0674           -1.3046           -0.9455
6    H            2.3019           -0.7171            0.3324

Energy:                  -29.607332 Convergence criteria  Is converged 
Maximum Force:             0.000776     0.000450                No
RMS Force:                 0.000501     0.000300                No
Maximum Displacement:      0.000116     0.001800                Yes
RMS Displacement:          0.000075     0.001200                Yes

Trust radius (MW):  0.150000  Step norm (MW):  0.000083  On boundary: False
Curvature (kappa):         -0.592013 Eh/Å²
Max Rotational Force:       0.786741 Eh/Angstrom
RMS Rotational Force:       0.308060 Eh/Angstrom
Mode Flip:              Yes


----------------------------------------------------------------------
                             Iteration: 99                               

                             Coordinates                               
----------------------------------------------------------------------
0    C            0.8780            0.7840           -0.1643
1    H            0.7003            1.5620           -0.9186
2    O            0.5244            0.9695            1.1225
3    C            1.3509           -0.5559           -0.1944
4    H            0.7783           -0.2475            1.0618
5    H            1.0673           -1.3047           -0.9454
6    H            2.3020           -0.7171            0.3324

Energy:                  -29.607332 Convergence criteria  Is converged 
Maximum Force:             0.000769     0.000450                No
RMS Force:                 0.000498     0.000300                No
Maximum Displacement:      0.000115     0.001800                Yes
RMS Displacement:          0.000075     0.001200                Yes

Trust radius (MW):  0.150000  Step norm (MW):  0.000082  On boundary: False
Curvature (kappa):         -0.592150 Eh/Å²
Max Rotational Force:       0.893698 Eh/Angstrom
RMS Rotational Force:       0.308099 Eh/Angstrom
Mode Flip:              Yes


----------------------------------------------------------------------
                             Iteration: 100                              

                             Coordinates                               
----------------------------------------------------------------------
0    C            0.8780            0.7840           -0.1643
1    H            0.7004            1.5620           -0.9186
2    O            0.5243            0.9695            1.1225
3    C            1.3509           -0.5559           -0.1944
4    H            0.7783           -0.2475            1.0618
5    H            1.0673           -1.3047           -0.9454
6    H            2.3020           -0.7170            0.3323

Energy:                  -29.607333 Convergence criteria  Is converged 
Maximum Force:             0.000763     0.000450                No
RMS Force:                 0.000494     0.000300                No
Maximum Displacement:      0.000114     0.001800                Yes
RMS Displacement:          0.000074     0.001200                Yes

Trust radius (MW):  0.150000  Step norm (MW):  0.000081  On boundary: False
Curvature (kappa):         -0.592290 Eh/Å²
Max Rotational Force:       0.786981 Eh/Angstrom
RMS Rotational Force:       0.308137 Eh/Angstrom
Mode Flip:              Yes


----------------------------------------------------------------------
                             Iteration: 101                              

                             Coordinates                               
----------------------------------------------------------------------
0    C            0.8780            0.7840           -0.1643
1    H            0.7005            1.5621           -0.9185
2    O            0.5243            0.9694            1.1225
3    C            1.3509           -0.5559           -0.1944
4    H            0.7783           -0.2475            1.0618
5    H            1.0672           -1.3048           -0.9453
6    H            2.3021           -0.7170            0.3322

Energy:                  -29.607333 Convergence criteria  Is converged 
Maximum Force:             0.000757     0.000450                No
RMS Force:                 0.000491     0.000300                No
Maximum Displacement:      0.000114     0.001800                Yes
RMS Displacement:          0.000074     0.001200                Yes

Trust radius (MW):  0.150000  Step norm (MW):  0.000081  On boundary: False
Curvature (kappa):         -0.592427 Eh/Å²
Max Rotational Force:       0.893925 Eh/Angstrom
RMS Rotational Force:       0.308174 Eh/Angstrom
Mode Flip:              Yes


----------------------------------------------------------------------
                             Iteration: 102                              

                             Coordinates                               
----------------------------------------------------------------------
0    C            0.8780            0.7840           -0.1643
1    H            0.7005            1.5621           -0.9185
2    O            0.5242            0.9694            1.1224
3    C            1.3509           -0.5559           -0.1944
4    H            0.7783           -0.2475            1.0618
5    H            1.0672           -1.3048           -0.9452
6    H            2.3021           -0.7169            0.3322

Energy:                  -29.607333 Convergence criteria  Is converged 
Maximum Force:             0.000751     0.000450                No
RMS Force:                 0.000487     0.000300                No
Maximum Displacement:      0.000113     0.001800                Yes
RMS Displacement:          0.000073     0.001200                Yes

Trust radius (MW):  0.150000  Step norm (MW):  0.000080  On boundary: False
Curvature (kappa):         -0.592561 Eh/Å²
Max Rotational Force:       0.787211 Eh/Angstrom
RMS Rotational Force:       0.308212 Eh/Angstrom
Mode Flip:              Yes


----------------------------------------------------------------------
                             Iteration: 103                              

                             Coordinates                               
----------------------------------------------------------------------
0    C            0.8780            0.7840           -0.1643
1    H            0.7006            1.5622           -0.9185
2    O            0.5242            0.9693            1.1224
3    C            1.3509           -0.5559           -0.1944
4    H            0.7783           -0.2475            1.0618
5    H            1.0671           -1.3049           -0.9451
6    H            2.3022           -0.7168            0.3321

Energy:                  -29.607333 Convergence criteria  Is converged 
Maximum Force:             0.000745     0.000450                No
RMS Force:                 0.000484     0.000300                No
Maximum Displacement:      0.000112     0.001800                Yes
RMS Displacement:          0.000073     0.001200                Yes

Trust radius (MW):  0.150000  Step norm (MW):  0.000079  On boundary: False
Curvature (kappa):         -0.593022 Eh/Å²
Max Rotational Force:       0.893505 Eh/Angstrom
RMS Rotational Force:       0.308166 Eh/Angstrom
Mode Flip:              Yes


----------------------------------------------------------------------
                             Iteration: 104                              

                             Coordinates                               
----------------------------------------------------------------------
0    C            0.8779            0.7840           -0.1643
1    H            0.7007            1.5622           -0.9185
2    O            0.5241            0.9693            1.1224
3    C            1.3509           -0.5559           -0.1944
4    H            0.7783           -0.2475            1.0618
5    H            1.0671           -1.3050           -0.9450
6    H            2.3022           -0.7168            0.3320

Energy:                  -29.607334 Convergence criteria  Is converged 
Maximum Force:             0.000739     0.000450                No
RMS Force:                 0.000480     0.000300                No
Maximum Displacement:      0.000111     0.001800                Yes
RMS Displacement:          0.000072     0.001200                Yes

Trust radius (MW):  0.150000  Step norm (MW):  0.000079  On boundary: False
Curvature (kappa):         -0.593230 Eh/Å²
Max Rotational Force:       0.786972 Eh/Angstrom
RMS Rotational Force:       0.308219 Eh/Angstrom
Mode Flip:              Yes


----------------------------------------------------------------------
                             Iteration: 105                              

                             Coordinates                               
----------------------------------------------------------------------
0    C            0.8779            0.7840           -0.1643
1    H            0.7008            1.5623           -0.9184
2    O            0.5240            0.9692            1.1224
3    C            1.3509           -0.5559           -0.1945
4    H            0.7783           -0.2476            1.0618
5    H            1.0670           -1.3050           -0.9450
6    H            2.3023           -0.7167            0.3320

Energy:                  -29.607334 Convergence criteria  Is converged 
Maximum Force:             0.000733     0.000450                No
RMS Force:                 0.000477     0.000300                No
Maximum Displacement:      0.000110     0.001800                Yes
RMS Displacement:          0.000072     0.001200                Yes

Trust radius (MW):  0.150000  Step norm (MW):  0.000078  On boundary: False
Curvature (kappa):         -0.592803 Eh/Å²
Max Rotational Force:       0.894493 Eh/Angstrom
RMS Rotational Force:       0.308436 Eh/Angstrom
Mode Flip:              Yes


----------------------------------------------------------------------
                             Iteration: 106                              

                             Coordinates                               
----------------------------------------------------------------------
0    C            0.8779            0.7840           -0.1643
1    H            0.7008            1.5624           -0.9184
2    O            0.5240            0.9692            1.1224
3    C            1.3510           -0.5559           -0.1945
4    H            0.7783           -0.2476            1.0617
5    H            1.0670           -1.3051           -0.9449
6    H            2.3023           -0.7167            0.3319

Energy:                  -29.607334 Convergence criteria  Is converged 
Maximum Force:             0.000727     0.000450                No
RMS Force:                 0.000473     0.000300                No
Maximum Displacement:      0.000109     0.001800                Yes
RMS Displacement:          0.000071     0.001200                Yes

Trust radius (MW):  0.150000  Step norm (MW):  0.000078  On boundary: False
Curvature (kappa):         -0.592933 Eh/Å²
Max Rotational Force:       0.787777 Eh/Angstrom
RMS Rotational Force:       0.308473 Eh/Angstrom
Mode Flip:              Yes


----------------------------------------------------------------------
                             Iteration: 107                              

                             Coordinates                               
----------------------------------------------------------------------
0    C            0.8779            0.7840           -0.1643
1    H            0.7009            1.5624           -0.9184
2    O            0.5239            0.9692            1.1224
3    C            1.3510           -0.5559           -0.1945
4    H            0.7782           -0.2476            1.0617
5    H            1.0669           -1.3051           -0.9448
6    H            2.3024           -0.7166            0.3319

Energy:                  -29.607334 Convergence criteria  Is converged 
Maximum Force:             0.000721     0.000450                No
RMS Force:                 0.000470     0.000300                No
Maximum Displacement:      0.000108     0.001800                Yes
RMS Displacement:          0.000070     0.001200                Yes

Trust radius (MW):  0.150000  Step norm (MW):  0.000077  On boundary: False
Curvature (kappa):         -0.593062 Eh/Å²
Max Rotational Force:       0.894733 Eh/Angstrom
RMS Rotational Force:       0.308508 Eh/Angstrom
Mode Flip:              Yes


----------------------------------------------------------------------
                             Iteration: 108                              

                             Coordinates                               
----------------------------------------------------------------------
0    C            0.8779            0.7840           -0.1644
1    H            0.7010            1.5625           -0.9184
2    O            0.5239            0.9691            1.1223
3    C            1.3510           -0.5559           -0.1945
4    H            0.7782           -0.2476            1.0617
5    H            1.0669           -1.3052           -0.9447
6    H            2.3024           -0.7166            0.3318

Energy:                  -29.607335 Convergence criteria  Is converged 
Maximum Force:             0.000715     0.000450                No
RMS Force:                 0.000467     0.000300                No
Maximum Displacement:      0.000107     0.001800                Yes
RMS Displacement:          0.000070     0.001200                Yes

Trust radius (MW):  0.150000  Step norm (MW):  0.000076  On boundary: False
Curvature (kappa):         -0.593194 Eh/Å²
Max Rotational Force:       0.787996 Eh/Angstrom
RMS Rotational Force:       0.308543 Eh/Angstrom
Mode Flip:              Yes


----------------------------------------------------------------------
                             Iteration: 109                              

                             Coordinates                               
----------------------------------------------------------------------
0    C            0.8779            0.7840           -0.1644
1    H            0.7010            1.5625           -0.9183
2    O            0.5238            0.9691            1.1223
3    C            1.3510           -0.5559           -0.1945
4    H            0.7782           -0.2476            1.0617
5    H            1.0668           -1.3053           -0.9447
6    H            2.3025           -0.7165            0.3317

Energy:                  -29.607335 Convergence criteria  Is converged 
Maximum Force:             0.000710     0.000450                No
RMS Force:                 0.000463     0.000300                No
Maximum Displacement:      0.000106     0.001800                Yes
RMS Displacement:          0.000070     0.001200                Yes

Trust radius (MW):  0.150000  Step norm (MW):  0.000076  On boundary: False
Curvature (kappa):         -0.593285 Eh/Å²
Max Rotational Force:       0.894917 Eh/Angstrom
RMS Rotational Force:       0.308565 Eh/Angstrom
Mode Flip:              Yes


----------------------------------------------------------------------
                             Iteration: 110                              

                             Coordinates                               
----------------------------------------------------------------------
0    C            0.8779            0.7840           -0.1644
1    H            0.7011            1.5626           -0.9183
2    O            0.5238            0.9690            1.1223
3    C            1.3510           -0.5559           -0.1945
4    H            0.7782           -0.2476            1.0617
5    H            1.0668           -1.3053           -0.9446
6    H            2.3025           -0.7164            0.3317

Energy:                  -29.607335 Convergence criteria  Is converged 
Maximum Force:             0.000704     0.000450                No
RMS Force:                 0.000460     0.000300                No
Maximum Displacement:      0.000106     0.001800                Yes
RMS Displacement:          0.000069     0.001200                Yes

Trust radius (MW):  0.150000  Step norm (MW):  0.000075  On boundary: False
Curvature (kappa):         -0.593411 Eh/Å²
Max Rotational Force:       0.788176 Eh/Angstrom
RMS Rotational Force:       0.308598 Eh/Angstrom
Mode Flip:              Yes


----------------------------------------------------------------------
                             Iteration: 111                              

                             Coordinates                               
----------------------------------------------------------------------
0    C            0.8779            0.7840           -0.1644
1    H            0.7012            1.5626           -0.9183
2    O            0.5237            0.9690            1.1223
3    C            1.3510           -0.5559           -0.1945
4    H            0.7782           -0.2476            1.0617
5    H            1.0667           -1.3054           -0.9445
6    H            2.3026           -0.7164            0.3316

Energy:                  -29.607335 Convergence criteria  Is converged 
Maximum Force:             0.000699     0.000450                No
RMS Force:                 0.000457     0.000300                No
Maximum Displacement:      0.000105     0.001800                Yes
RMS Displacement:          0.000069     0.001200                Yes

Trust radius (MW):  0.150000  Step norm (MW):  0.000075  On boundary: False
Curvature (kappa):         -0.593538 Eh/Å²
Max Rotational Force:       0.895119 Eh/Angstrom
RMS Rotational Force:       0.308632 Eh/Angstrom
Mode Flip:              Yes


----------------------------------------------------------------------
                             Iteration: 112                              

                             Coordinates                               
----------------------------------------------------------------------
0    C            0.8779            0.7840           -0.1644
1    H            0.7012            1.5627           -0.9183
2    O            0.5237            0.9690            1.1223
3    C            1.3510           -0.5559           -0.1945
4    H            0.7782           -0.2476            1.0617
5    H            1.0667           -1.3054           -0.9444
6    H            2.3026           -0.7163            0.3316

Energy:                  -29.607335 Convergence criteria  Is converged 
Maximum Force:             0.000693     0.000450                No
RMS Force:                 0.000454     0.000300                No
Maximum Displacement:      0.000104     0.001800                Yes
RMS Displacement:          0.000068     0.001200                Yes

Trust radius (MW):  0.150000  Step norm (MW):  0.000074  On boundary: False
Curvature (kappa):         -0.593661 Eh/Å²
Max Rotational Force:       0.788381 Eh/Angstrom
RMS Rotational Force:       0.308665 Eh/Angstrom
Mode Flip:              Yes


----------------------------------------------------------------------
                             Iteration: 113                              

                             Coordinates                               
----------------------------------------------------------------------
0    C            0.8779            0.7840           -0.1644
1    H            0.7013            1.5627           -0.9182
2    O            0.5236            0.9689            1.1223
3    C            1.3510           -0.5559           -0.1945
4    H            0.7782           -0.2476            1.0617
5    H            1.0666           -1.3055           -0.9444
6    H            2.3027           -0.7163            0.3315

Energy:                  -29.607336 Convergence criteria  Is converged 
Maximum Force:             0.000688     0.000450                No
RMS Force:                 0.000450     0.000300                No
Maximum Displacement:      0.000103     0.001800                Yes
RMS Displacement:          0.000068     0.001200                Yes

Trust radius (MW):  0.150000  Step norm (MW):  0.000073  On boundary: False
Curvature (kappa):         -0.593788 Eh/Å²
Max Rotational Force:       0.895320 Eh/Angstrom
RMS Rotational Force:       0.308699 Eh/Angstrom
Mode Flip:              Yes


----------------------------------------------------------------------
                             Iteration: 114                              

                             Coordinates                               
----------------------------------------------------------------------
0    C            0.8779            0.7840           -0.1644
1    H            0.7014            1.5628           -0.9182
2    O            0.5235            0.9689            1.1223
3    C            1.3510           -0.5559           -0.1945
4    H            0.7782           -0.2477            1.0617
5    H            1.0666           -1.3055           -0.9443
6    H            2.3027           -0.7162            0.3314

Energy:                  -29.607336 Convergence criteria  Is converged 
Maximum Force:             0.000682     0.000450                No
RMS Force:                 0.000447     0.000300                No
Maximum Displacement:      0.000102     0.001800                Yes
RMS Displacement:          0.000067     0.001200                Yes

Trust radius (MW):  0.150000  Step norm (MW):  0.000073  On boundary: False
Curvature (kappa):         -0.593903 Eh/Å²
Max Rotational Force:       0.788595 Eh/Angstrom
RMS Rotational Force:       0.308733 Eh/Angstrom
Mode Flip:              Yes


----------------------------------------------------------------------
                             Iteration: 115                              

                             Coordinates                               
----------------------------------------------------------------------
0    C            0.8779            0.7840           -0.1644
1    H            0.7014            1.5628           -0.9182
2    O            0.5235            0.9689            1.1222
3    C            1.3510           -0.5559           -0.1945
4    H            0.7782           -0.2477            1.0617
5    H            1.0665           -1.3056           -0.9442
6    H            2.3028           -0.7162            0.3314

Energy:                  -29.607336 Convergence criteria  Is converged 
Maximum Force:             0.000677     0.000450                No
RMS Force:                 0.000444     0.000300                No
Maximum Displacement:      0.000102     0.001800                Yes
RMS Displacement:          0.000067     0.001200                Yes

Trust radius (MW):  0.150000  Step norm (MW):  0.000072  On boundary: False
Curvature (kappa):         -0.594026 Eh/Å²
Max Rotational Force:       0.895528 Eh/Angstrom
RMS Rotational Force:       0.308765 Eh/Angstrom
Mode Flip:              Yes


----------------------------------------------------------------------
                             Iteration: 116                              

                             Coordinates                               
----------------------------------------------------------------------
0    C            0.8779            0.7840           -0.1644
1    H            0.7015            1.5629           -0.9182
2    O            0.5234            0.9688            1.1222
3    C            1.3510           -0.5559           -0.1945
4    H            0.7782           -0.2477            1.0617
5    H            1.0665           -1.3056           -0.9441
6    H            2.3028           -0.7161            0.3313

Energy:                  -29.607336 Convergence criteria  Is converged 
Maximum Force:             0.000672     0.000450                No
RMS Force:                 0.000441     0.000300                No
Maximum Displacement:      0.000101     0.001800                Yes
RMS Displacement:          0.000066     0.001200                Yes

Trust radius (MW):  0.150000  Step norm (MW):  0.000072  On boundary: False
Curvature (kappa):         -0.594147 Eh/Å²
Max Rotational Force:       0.788790 Eh/Angstrom
RMS Rotational Force:       0.308797 Eh/Angstrom
Mode Flip:              Yes


----------------------------------------------------------------------
                             Iteration: 117                              

                             Coordinates                               
----------------------------------------------------------------------
0    C            0.8779            0.7840           -0.1644
1    H            0.7015            1.5629           -0.9182
2    O            0.5234            0.9688            1.1222
3    C            1.3510           -0.5559           -0.1945
4    H            0.7781           -0.2477            1.0616
5    H            1.0664           -1.3057           -0.9441
6    H            2.3028           -0.7161            0.3313

Energy:                  -29.607337 Convergence criteria  Is converged 
Maximum Force:             0.000666     0.000450                No
RMS Force:                 0.000438     0.000300                No
Maximum Displacement:      0.000100     0.001800                Yes
RMS Displacement:          0.000066     0.001200                Yes

Trust radius (MW):  0.150000  Step norm (MW):  0.000071  On boundary: False
Curvature (kappa):         -0.594266 Eh/Å²
Max Rotational Force:       0.895718 Eh/Angstrom
RMS Rotational Force:       0.308829 Eh/Angstrom
Mode Flip:              Yes


----------------------------------------------------------------------
                             Iteration: 118                              

                             Coordinates                               
----------------------------------------------------------------------
0    C            0.8779            0.7840           -0.1644
1    H            0.7016            1.5630           -0.9181
2    O            0.5233            0.9687            1.1222
3    C            1.3511           -0.5559           -0.1945
4    H            0.7781           -0.2477            1.0616
5    H            1.0664           -1.3057           -0.9440
6    H            2.3029           -0.7160            0.3312

Energy:                  -29.607337 Convergence criteria  Is converged 
Maximum Force:             0.000661     0.000450                No
RMS Force:                 0.000435     0.000300                No
Maximum Displacement:      0.000099     0.001800                Yes
RMS Displacement:          0.000065     0.001200                Yes

Trust radius (MW):  0.150000  Step norm (MW):  0.000071  On boundary: False
Curvature (kappa):         -0.594386 Eh/Å²
Max Rotational Force:       0.788985 Eh/Angstrom
RMS Rotational Force:       0.308860 Eh/Angstrom
Mode Flip:              Yes


----------------------------------------------------------------------
                             Iteration: 119                              

                             Coordinates                               
----------------------------------------------------------------------
0    C            0.8778            0.7840           -0.1645
1    H            0.7017            1.5630           -0.9181
2    O            0.5233            0.9687            1.1222
3    C            1.3511           -0.5559           -0.1945
4    H            0.7781           -0.2477            1.0616
5    H            1.0663           -1.3058           -0.9439
6    H            2.3029           -0.7160            0.3311

Energy:                  -29.607337 Convergence criteria  Is converged 
Maximum Force:             0.000656     0.000450                No
RMS Force:                 0.000432     0.000300                No
Maximum Displacement:      0.000098     0.001800                Yes
RMS Displacement:          0.000065     0.001200                Yes

Trust radius (MW):  0.150000  Step norm (MW):  0.000070  On boundary: False
Curvature (kappa):         -0.594504 Eh/Å²
Max Rotational Force:       0.895907 Eh/Angstrom
RMS Rotational Force:       0.308891 Eh/Angstrom
Mode Flip:              Yes


----------------------------------------------------------------------
                             Iteration: 120                              

                             Coordinates                               
----------------------------------------------------------------------
0    C            0.8778            0.7840           -0.1645
1    H            0.7017            1.5631           -0.9181
2    O            0.5232            0.9687            1.1222
3    C            1.3511           -0.5559           -0.1945
4    H            0.7781           -0.2477            1.0616
5    H            1.0663           -1.3058           -0.9439
6    H            2.3030           -0.7159            0.3311

Energy:                  -29.607337 Convergence criteria  Is converged 
Maximum Force:             0.000651     0.000450                No
RMS Force:                 0.000429     0.000300                No
Maximum Displacement:      0.000098     0.001800                Yes
RMS Displacement:          0.000064     0.001200                Yes

Trust radius (MW):  0.150000  Step norm (MW):  0.000070  On boundary: False
Curvature (kappa):         -0.583772 Eh/Å²
Max Rotational Force:       0.786277 Eh/Angstrom
RMS Rotational Force:       0.309427 Eh/Angstrom
Mode Flip:              Yes


----------------------------------------------------------------------
                             Iteration: 121                              

                             Coordinates                               
----------------------------------------------------------------------
0    C            0.8778            0.7840           -0.1645
1    H            0.7018            1.5631           -0.9181
2    O            0.5232            0.9686            1.1222
3    C            1.3511           -0.5559           -0.1945
4    H            0.7781           -0.2477            1.0616
5    H            1.0663           -1.3059           -0.9438
6    H            2.3030           -0.7159            0.3310

Energy:                  -29.607337 Convergence criteria  Is converged 
Maximum Force:             0.000646     0.000450                No
RMS Force:                 0.000426     0.000300                No
Maximum Displacement:      0.000097     0.001800                Yes
RMS Displacement:          0.000064     0.001200                Yes

Trust radius (MW):  0.150000  Step norm (MW):  0.000069  On boundary: False
Curvature (kappa):         -0.583858 Eh/Å²
Max Rotational Force:       0.893969 Eh/Angstrom
RMS Rotational Force:       0.309485 Eh/Angstrom
Mode Flip:              Yes


----------------------------------------------------------------------
                             Iteration: 122                              

                             Coordinates                               
----------------------------------------------------------------------
0    C            0.8778            0.7840           -0.1645
1    H            0.7019            1.5632           -0.9180
2    O            0.5231            0.9686            1.1221
3    C            1.3511           -0.5559           -0.1945
4    H            0.7781           -0.2477            1.0616
5    H            1.0662           -1.3059           -0.9437
6    H            2.3031           -0.7158            0.3310

Energy:                  -29.607338 Convergence criteria  Is converged 
Maximum Force:             0.000641     0.000450                No
RMS Force:                 0.000423     0.000300                No
Maximum Displacement:      0.000096     0.001800                Yes
RMS Displacement:          0.000063     0.001200                Yes

Trust radius (MW):  0.150000  Step norm (MW):  0.000069  On boundary: False
Curvature (kappa):         -0.583971 Eh/Å²
Max Rotational Force:       0.786543 Eh/Angstrom
RMS Rotational Force:       0.309515 Eh/Angstrom
Mode Flip:              Yes


----------------------------------------------------------------------
                             Iteration: 123                              

                             Coordinates                               
----------------------------------------------------------------------
0    C            0.8778            0.7840           -0.1645
1    H            0.7019            1.5632           -0.9180
2    O            0.5231            0.9686            1.1221
3    C            1.3511           -0.5559           -0.1945
4    H            0.7781           -0.2477            1.0616
5    H            1.0662           -1.3060           -0.9437
6    H            2.3031           -0.7158            0.3309

Energy:                  -29.607338 Convergence criteria  Is converged 
Maximum Force:             0.000636     0.000450                No
RMS Force:                 0.000420     0.000300                No
Maximum Displacement:      0.000095     0.001800                Yes
RMS Displacement:          0.000063     0.001200                Yes

Trust radius (MW):  0.150000  Step norm (MW):  0.000068  On boundary: False
Curvature (kappa):         -0.584087 Eh/Å²
Max Rotational Force:       0.894164 Eh/Angstrom
RMS Rotational Force:       0.309543 Eh/Angstrom
Mode Flip:              Yes


----------------------------------------------------------------------
                             Iteration: 124                              

                             Coordinates                               
----------------------------------------------------------------------
0    C            0.8778            0.7840           -0.1645
1    H            0.7020            1.5633           -0.9180
2    O            0.5230            0.9685            1.1221
3    C            1.3511           -0.5559           -0.1945
4    H            0.7781           -0.2478            1.0616
5    H            1.0661           -1.3060           -0.9436
6    H            2.3032           -0.7157            0.3308

Energy:                  -29.607338 Convergence criteria  Is converged 
Maximum Force:             0.000631     0.000450                No
RMS Force:                 0.000417     0.000300                No
Maximum Displacement:      0.000095     0.001800                Yes
RMS Displacement:          0.000063     0.001200                Yes

Trust radius (MW):  0.150000  Step norm (MW):  0.000068  On boundary: False
Curvature (kappa):         -0.584199 Eh/Å²
Max Rotational Force:       0.786728 Eh/Angstrom
RMS Rotational Force:       0.309572 Eh/Angstrom
Mode Flip:              Yes


----------------------------------------------------------------------
                             Iteration: 125                              

                             Coordinates                               
----------------------------------------------------------------------
0    C            0.8778            0.7840           -0.1645
1    H            0.7020            1.5633           -0.9180
2    O            0.5229            0.9685            1.1221
3    C            1.3511           -0.5559           -0.1945
4    H            0.7781           -0.2478            1.0616
5    H            1.0661           -1.3061           -0.9435
6    H            2.3032           -0.7157            0.3308

Energy:                  -29.607338 Convergence criteria  Is converged 
Maximum Force:             0.000626     0.000450                No
RMS Force:                 0.000414     0.000300                No
Maximum Displacement:      0.000094     0.001800                Yes
RMS Displacement:          0.000062     0.001200                Yes

Trust radius (MW):  0.150000  Step norm (MW):  0.000067  On boundary: False
Curvature (kappa):         -0.584312 Eh/Å²
Max Rotational Force:       0.894339 Eh/Angstrom
RMS Rotational Force:       0.309601 Eh/Angstrom
Mode Flip:              Yes


----------------------------------------------------------------------
                             Iteration: 126                              

                             Coordinates                               
----------------------------------------------------------------------
0    C            0.8778            0.7840           -0.1645
1    H            0.7021            1.5634           -0.9180
2    O            0.5229            0.9685            1.1221
3    C            1.3511           -0.5559           -0.1945
4    H            0.7781           -0.2478            1.0616
5    H            1.0660           -1.3061           -0.9435
6    H            2.3032           -0.7157            0.3307

Energy:                  -29.607338 Convergence criteria  Is converged 
Maximum Force:             0.000621     0.000450                No
RMS Force:                 0.000411     0.000300                No
Maximum Displacement:      0.000093     0.001800                Yes
RMS Displacement:          0.000062     0.001200                Yes

Trust radius (MW):  0.150000  Step norm (MW):  0.000067  On boundary: False
Curvature (kappa):         -0.584424 Eh/Å²
Max Rotational Force:       0.786906 Eh/Angstrom
RMS Rotational Force:       0.309629 Eh/Angstrom
Mode Flip:              Yes


----------------------------------------------------------------------
                             Iteration: 127                              

                             Coordinates                               
----------------------------------------------------------------------
0    C            0.8778            0.7840           -0.1645
1    H            0.7022            1.5634           -0.9179
2    O            0.5228            0.9684            1.1221
3    C            1.3511           -0.5559           -0.1945
4    H            0.7781           -0.2478            1.0616
5    H            1.0660           -1.3062           -0.9434
6    H            2.3033           -0.7156            0.3307

Energy:                  -29.607338 Convergence criteria  Is converged 
Maximum Force:             0.000616     0.000450                No
RMS Force:                 0.000408     0.000300                No
Maximum Displacement:      0.000092     0.001800                Yes
RMS Displacement:          0.000061     0.001200                Yes

Trust radius (MW):  0.150000  Step norm (MW):  0.000066  On boundary: False
Curvature (kappa):         -0.584533 Eh/Å²
Max Rotational Force:       0.894509 Eh/Angstrom
RMS Rotational Force:       0.309657 Eh/Angstrom
Mode Flip:              Yes


----------------------------------------------------------------------
                             Iteration: 128                              

                             Coordinates                               
----------------------------------------------------------------------
0    C            0.8778            0.7840           -0.1645
1    H            0.7022            1.5634           -0.9179
2    O            0.5228            0.9684            1.1221
3    C            1.3511           -0.5559           -0.1945
4    H            0.7780           -0.2478            1.0616
5    H            1.0659           -1.3062           -0.9433
6    H            2.3033           -0.7156            0.3306

Energy:                  -29.607338 Convergence criteria  Is converged 
Maximum Force:             0.000612     0.000450                No
RMS Force:                 0.000405     0.000300                No
Maximum Displacement:      0.000092     0.001800                Yes
RMS Displacement:          0.000061     0.001200                Yes

Trust radius (MW):  0.150000  Step norm (MW):  0.000066  On boundary: False
Curvature (kappa):         -0.584644 Eh/Å²
Max Rotational Force:       0.787082 Eh/Angstrom
RMS Rotational Force:       0.309684 Eh/Angstrom
Mode Flip:              Yes


----------------------------------------------------------------------
                             Iteration: 129                              

                             Coordinates                               
----------------------------------------------------------------------
0    C            0.8778            0.7840           -0.1645
1    H            0.7023            1.5635           -0.9179
2    O            0.5227            0.9684            1.1220
3    C            1.3511           -0.5559           -0.1945
4    H            0.7780           -0.2478            1.0616
5    H            1.0659           -1.3063           -0.9433
6    H            2.3034           -0.7155            0.3306

Energy:                  -29.607339 Convergence criteria  Is converged 
Maximum Force:             0.000607     0.000450                No
RMS Force:                 0.000403     0.000300                No
Maximum Displacement:      0.000091     0.001800                Yes
RMS Displacement:          0.000060     0.001200                Yes

Trust radius (MW):  0.150000  Step norm (MW):  0.000065  On boundary: False
Curvature (kappa):         -0.584752 Eh/Å²
Max Rotational Force:       0.894678 Eh/Angstrom
RMS Rotational Force:       0.309712 Eh/Angstrom
Mode Flip:              Yes


----------------------------------------------------------------------
                             Iteration: 130                              

                             Coordinates                               
----------------------------------------------------------------------
0    C            0.8778            0.7840           -0.1645
1    H            0.7023            1.5635           -0.9179
2    O            0.5227            0.9683            1.1220
3    C            1.3511           -0.5559           -0.1945
4    H            0.7780           -0.2478            1.0616
5    H            1.0659           -1.3063           -0.9432
6    H            2.3034           -0.7155            0.3305

Energy:                  -29.607339 Convergence criteria  Is converged 
Maximum Force:             0.000602     0.000450                No
RMS Force:                 0.000400     0.000300                No
Maximum Displacement:      0.000090     0.001800                Yes
RMS Displacement:          0.000060     0.001200                Yes

Trust radius (MW):  0.150000  Step norm (MW):  0.000065  On boundary: False
Curvature (kappa):         -0.584860 Eh/Å²
Max Rotational Force:       0.787254 Eh/Angstrom
RMS Rotational Force:       0.309739 Eh/Angstrom
Mode Flip:              Yes


----------------------------------------------------------------------
                             Iteration: 131                              

                             Coordinates                               
----------------------------------------------------------------------
0    C            0.8778            0.7840           -0.1646
1    H            0.7024            1.5636           -0.9178
2    O            0.5226            0.9683            1.1220
3    C            1.3511           -0.5559           -0.1946
4    H            0.7780           -0.2478            1.0616
5    H            1.0658           -1.3064           -0.9431
6    H            2.3035           -0.7154            0.3305

Energy:                  -29.607339 Convergence criteria  Is converged 
Maximum Force:             0.000598     0.000450                No
RMS Force:                 0.000397     0.000300                No
Maximum Displacement:      0.000090     0.001800                Yes
RMS Displacement:          0.000060     0.001200                Yes

Trust radius (MW):  0.150000  Step norm (MW):  0.000064  On boundary: False
Curvature (kappa):         -0.584966 Eh/Å²
Max Rotational Force:       0.894842 Eh/Angstrom
RMS Rotational Force:       0.309766 Eh/Angstrom
Mode Flip:              Yes


----------------------------------------------------------------------
                             Iteration: 132                              

                             Coordinates                               
----------------------------------------------------------------------
0    C            0.8778            0.7840           -0.1646
1    H            0.7024            1.5636           -0.9178
2    O            0.5226            0.9683            1.1220
3    C            1.3512           -0.5559           -0.1946
4    H            0.7780           -0.2478            1.0615
5    H            1.0658           -1.3064           -0.9431
6    H            2.3035           -0.7154            0.3304

Energy:                  -29.607339 Convergence criteria  Is converged 
Maximum Force:             0.000593     0.000450                No
RMS Force:                 0.000394     0.000300                No
Maximum Displacement:      0.000089     0.001800                Yes
RMS Displacement:          0.000059     0.001200                Yes

Trust radius (MW):  0.150000  Step norm (MW):  0.000064  On boundary: False
Curvature (kappa):         -0.585071 Eh/Å²
Max Rotational Force:       0.787423 Eh/Angstrom
RMS Rotational Force:       0.309792 Eh/Angstrom
Mode Flip:              Yes


----------------------------------------------------------------------
                             Iteration: 133                              

                             Coordinates                               
----------------------------------------------------------------------
0    C            0.8778            0.7840           -0.1646
1    H            0.7025            1.5637           -0.9178
2    O            0.5225            0.9682            1.1220
3    C            1.3512           -0.5559           -0.1946
4    H            0.7780           -0.2478            1.0615
5    H            1.0657           -1.3065           -0.9430
6    H            2.3035           -0.7153            0.3303

Energy:                  -29.607339 Convergence criteria  Is converged 
Maximum Force:             0.000589     0.000450                No
RMS Force:                 0.000391     0.000300                No
Maximum Displacement:      0.000088     0.001800                Yes
RMS Displacement:          0.000059     0.001200                Yes

Trust radius (MW):  0.150000  Step norm (MW):  0.000063  On boundary: False
Curvature (kappa):         -0.585178 Eh/Å²
Max Rotational Force:       0.895003 Eh/Angstrom
RMS Rotational Force:       0.309818 Eh/Angstrom
Mode Flip:              Yes


----------------------------------------------------------------------
                             Iteration: 134                              

                             Coordinates                               
----------------------------------------------------------------------
0    C            0.8777            0.7840           -0.1646
1    H            0.7026            1.5637           -0.9178
2    O            0.5225            0.9682            1.1220
3    C            1.3512           -0.5559           -0.1946
4    H            0.7780           -0.2478            1.0615
5    H            1.0657           -1.3065           -0.9429
6    H            2.3036           -0.7153            0.3303

Energy:                  -29.607340 Convergence criteria  Is converged 
Maximum Force:             0.000584     0.000450                No
RMS Force:                 0.000389     0.000300                No
Maximum Displacement:      0.000088     0.001800                Yes
RMS Displacement:          0.000058     0.001200                Yes

Trust radius (MW):  0.150000  Step norm (MW):  0.000063  On boundary: False
Curvature (kappa):         -0.585281 Eh/Å²
Max Rotational Force:       0.787590 Eh/Angstrom
RMS Rotational Force:       0.309845 Eh/Angstrom
Mode Flip:              Yes


----------------------------------------------------------------------
                             Iteration: 135                              

                             Coordinates                               
----------------------------------------------------------------------
0    C            0.8777            0.7840           -0.1646
1    H            0.7026            1.5637           -0.9178
2    O            0.5224            0.9682            1.1220
3    C            1.3512           -0.5559           -0.1946
4    H            0.7780           -0.2479            1.0615
5    H            1.0657           -1.3066           -0.9429
6    H            2.3036           -0.7153            0.3302

Energy:                  -29.607340 Convergence criteria  Is converged 
Maximum Force:             0.000580     0.000450                No
RMS Force:                 0.000386     0.000300                No
Maximum Displacement:      0.000087     0.001800                Yes
RMS Displacement:          0.000058     0.001200                Yes

Trust radius (MW):  0.150000  Step norm (MW):  0.000062  On boundary: False
Curvature (kappa):         -0.585559 Eh/Å²
Max Rotational Force:       0.895012 Eh/Angstrom
RMS Rotational Force:       0.309830 Eh/Angstrom
Mode Flip:              Yes


----------------------------------------------------------------------
                             Iteration: 136                              

                             Coordinates                               
----------------------------------------------------------------------
0    C            0.8777            0.7840           -0.1646
1    H            0.7027            1.5638           -0.9177
2    O            0.5224            0.9681            1.1220
3    C            1.3512           -0.5559           -0.1946
4    H            0.7780           -0.2479            1.0615
5    H            1.0656           -1.3066           -0.9428
6    H            2.3037           -0.7152            0.3302

Energy:                  -29.607340 Convergence criteria  Is converged 
Maximum Force:             0.000575     0.000450                No
RMS Force:                 0.000383     0.000300                No
Maximum Displacement:      0.000086     0.001800                Yes
RMS Displacement:          0.000058     0.001200                Yes

Trust radius (MW):  0.150000  Step norm (MW):  0.000062  On boundary: False
Curvature (kappa):         -0.585664 Eh/Å²
Max Rotational Force:       0.787594 Eh/Angstrom
RMS Rotational Force:       0.309855 Eh/Angstrom
Mode Flip:              Yes


----------------------------------------------------------------------
                             Iteration: 137                              

                             Coordinates                               
----------------------------------------------------------------------
0    C            0.8777            0.7840           -0.1646
1    H            0.7027            1.5638           -0.9177
2    O            0.5223            0.9681            1.1219
3    C            1.3512           -0.5559           -0.1946
4    H            0.7780           -0.2479            1.0615
5    H            1.0656           -1.3067           -0.9428
6    H            2.3037           -0.7152            0.3301

Energy:                  -29.607340 Convergence criteria  Is converged 
Maximum Force:             0.000571     0.000450                No
RMS Force:                 0.000381     0.000300                No
Maximum Displacement:      0.000086     0.001800                Yes
RMS Displacement:          0.000057     0.001200                Yes

Trust radius (MW):  0.150000  Step norm (MW):  0.000061  On boundary: False
Curvature (kappa):         -0.585765 Eh/Å²
Max Rotational Force:       0.895162 Eh/Angstrom
RMS Rotational Force:       0.309880 Eh/Angstrom
Mode Flip:              Yes


----------------------------------------------------------------------
                             Iteration: 138                              

                             Coordinates                               
----------------------------------------------------------------------
0    C            0.8777            0.7840           -0.1646
1    H            0.7028            1.5639           -0.9177
2    O            0.5223            0.9681            1.1219
3    C            1.3512           -0.5559           -0.1946
4    H            0.7780           -0.2479            1.0615
5    H            1.0655           -1.3067           -0.9427
6    H            2.3037           -0.7151            0.3301

Energy:                  -29.607340 Convergence criteria  Is converged 
Maximum Force:             0.000567     0.000450                No
RMS Force:                 0.000378     0.000300                No
Maximum Displacement:      0.000085     0.001800                Yes
RMS Displacement:          0.000057     0.001200                Yes

Trust radius (MW):  0.150000  Step norm (MW):  0.000061  On boundary: False
Curvature (kappa):         -0.585866 Eh/Å²
Max Rotational Force:       0.787754 Eh/Angstrom
RMS Rotational Force:       0.309906 Eh/Angstrom
Mode Flip:              Yes


----------------------------------------------------------------------
                             Iteration: 139                              

                             Coordinates                               
----------------------------------------------------------------------
0    C            0.8777            0.7840           -0.1646
1    H            0.7028            1.5639           -0.9177
2    O            0.5222            0.9680            1.1219
3    C            1.3512           -0.5559           -0.1946
4    H            0.7780           -0.2479            1.0615
5    H            1.0655           -1.3067           -0.9426
6    H            2.3038           -0.7151            0.3300

Energy:                  -29.607340 Convergence criteria  Is converged 
Maximum Force:             0.000562     0.000450                No
RMS Force:                 0.000376     0.000300                No
Maximum Displacement:      0.000084     0.001800                Yes
RMS Displacement:          0.000056     0.001200                Yes

Trust radius (MW):  0.150000  Step norm (MW):  0.000061  On boundary: False
Curvature (kappa):         -0.585968 Eh/Å²
Max Rotational Force:       0.895314 Eh/Angstrom
RMS Rotational Force:       0.309930 Eh/Angstrom
Mode Flip:              Yes


----------------------------------------------------------------------
                             Iteration: 140                              

                             Coordinates                               
----------------------------------------------------------------------
0    C            0.8777            0.7840           -0.1646
1    H            0.7029            1.5640           -0.9177
2    O            0.5222            0.9680            1.1219
3    C            1.3512           -0.5559           -0.1946
4    H            0.7780           -0.2479            1.0615
5    H            1.0655           -1.3068           -0.9426
6    H            2.3038           -0.7151            0.3300

Energy:                  -29.607340 Convergence criteria  Is converged 
Maximum Force:             0.000558     0.000450                No
RMS Force:                 0.000373     0.000300                No
Maximum Displacement:      0.000084     0.001800                Yes
RMS Displacement:          0.000056     0.001200                Yes

Trust radius (MW):  0.150000  Step norm (MW):  0.000060  On boundary: False
Curvature (kappa):         -0.586066 Eh/Å²
Max Rotational Force:       0.787912 Eh/Angstrom
RMS Rotational Force:       0.309955 Eh/Angstrom
Mode Flip:              Yes


----------------------------------------------------------------------
                             Iteration: 141                              

                             Coordinates                               
----------------------------------------------------------------------
0    C            0.8777            0.7840           -0.1646
1    H            0.7030            1.5640           -0.9177
2    O            0.5221            0.9680            1.1219
3    C            1.3512           -0.5559           -0.1946
4    H            0.7780           -0.2479            1.0615
5    H            1.0654           -1.3068           -0.9425
6    H            2.3039           -0.7150            0.3299

Energy:                  -29.607341 Convergence criteria  Is converged 
Maximum Force:             0.000554     0.000450                No
RMS Force:                 0.000370     0.000300                No
Maximum Displacement:      0.000083     0.001800                Yes
RMS Displacement:          0.000056     0.001200                Yes

Trust radius (MW):  0.150000  Step norm (MW):  0.000060  On boundary: False
Curvature (kappa):         -0.586798 Eh/Å²
Max Rotational Force:       0.894988 Eh/Angstrom
RMS Rotational Force:       0.309927 Eh/Angstrom
Mode Flip:              Yes


----------------------------------------------------------------------
                             Iteration: 142                              

                             Coordinates                               
----------------------------------------------------------------------
0    C            0.8777            0.7840           -0.1646
1    H            0.7030            1.5640           -0.9176
2    O            0.5221            0.9679            1.1219
3    C            1.3512           -0.5559           -0.1946
4    H            0.7779           -0.2479            1.0615
5    H            1.0654           -1.3069           -0.9425
6    H            2.3039           -0.7150            0.3299

Energy:                  -29.607341 Convergence criteria  Is converged 
Maximum Force:             0.000550     0.000450                No
RMS Force:                 0.000368     0.000300                No
Maximum Displacement:      0.000082     0.001800                Yes
RMS Displacement:          0.000055     0.001200                Yes

Trust radius (MW):  0.150000  Step norm (MW):  0.000059  On boundary: False
Curvature (kappa):         -0.586895 Eh/Å²
Max Rotational Force:       0.787787 Eh/Angstrom
RMS Rotational Force:       0.309952 Eh/Angstrom
Mode Flip:              Yes


----------------------------------------------------------------------
                             Iteration: 143                              

                             Coordinates                               
----------------------------------------------------------------------
0    C            0.8777            0.7840           -0.1646
1    H            0.7031            1.5641           -0.9176
2    O            0.5220            0.9679            1.1219
3    C            1.3512           -0.5559           -0.1946
4    H            0.7779           -0.2479            1.0615
5    H            1.0653           -1.3069           -0.9424
6    H            2.3039           -0.7149            0.3298

Energy:                  -29.607341 Convergence criteria  Is converged 
Maximum Force:             0.000546     0.000450                No
RMS Force:                 0.000365     0.000300                No
Maximum Displacement:      0.000082     0.001800                Yes
RMS Displacement:          0.000055     0.001200                Yes

Trust radius (MW):  0.150000  Step norm (MW):  0.000059  On boundary: False
Curvature (kappa):         -0.586565 Eh/Å²
Max Rotational Force:       0.895548 Eh/Angstrom
RMS Rotational Force:       0.310085 Eh/Angstrom
Mode Flip:              Yes


----------------------------------------------------------------------
                             Iteration: 144                              

                             Coordinates                               
----------------------------------------------------------------------
0    C            0.8777            0.7840           -0.1646
1    H            0.7031            1.5641           -0.9176
2    O            0.5220            0.9679            1.1218
3    C            1.3512           -0.5559           -0.1946
4    H            0.7779           -0.2479            1.0615
5    H            1.0653           -1.3069           -0.9423
6    H            2.3040           -0.7149            0.3298

Energy:                  -29.607341 Convergence criteria  Is converged 
Maximum Force:             0.000541     0.000450                No
RMS Force:                 0.000363     0.000300                No
Maximum Displacement:      0.000081     0.001800                Yes
RMS Displacement:          0.000054     0.001200                Yes

Trust radius (MW):  0.150000  Step norm (MW):  0.000058  On boundary: False
Curvature (kappa):         -0.586661 Eh/Å²
Max Rotational Force:       0.788238 Eh/Angstrom
RMS Rotational Force:       0.310109 Eh/Angstrom
Mode Flip:              Yes


----------------------------------------------------------------------
                             Iteration: 145                              

                             Coordinates                               
----------------------------------------------------------------------
0    C            0.8777            0.7840           -0.1647
1    H            0.7032            1.5642           -0.9176
2    O            0.5219            0.9679            1.1218
3    C            1.3512           -0.5559           -0.1946
4    H            0.7779           -0.2479            1.0615
5    H            1.0653           -1.3070           -0.9423
6    H            2.3040           -0.7149            0.3297

Energy:                  -29.607341 Convergence criteria  Is converged 
Maximum Force:             0.000537     0.000450                No
RMS Force:                 0.000360     0.000300                No
Maximum Displacement:      0.000081     0.001800                Yes
RMS Displacement:          0.000054     0.001200                Yes

Trust radius (MW):  0.150000  Step norm (MW):  0.000058  On boundary: False
Curvature (kappa):         -0.583272 Eh/Å²
Max Rotational Force:       0.893036 Eh/Angstrom
RMS Rotational Force:       0.308901 Eh/Angstrom
Mode Flip:              Yes


----------------------------------------------------------------------
                             Iteration: 146                              

                             Coordinates                               
----------------------------------------------------------------------
0    C            0.8777            0.7840           -0.1647
1    H            0.7032            1.5642           -0.9176
2    O            0.5219            0.9678            1.1218
3    C            1.3512           -0.5559           -0.1946
4    H            0.7779           -0.2479            1.0615
5    H            1.0652           -1.3070           -0.9422
6    H            2.3041           -0.7148            0.3297

Energy:                  -29.607341 Convergence criteria  Is converged 
Maximum Force:             0.000533     0.000450                No
RMS Force:                 0.000358     0.000300                No
Maximum Displacement:      0.000080     0.001800                Yes
RMS Displacement:          0.000054     0.001200                Yes

Trust radius (MW):  0.150000  Step norm (MW):  0.000057  On boundary: False
Curvature (kappa):         -0.583379 Eh/Å²
Max Rotational Force:       0.785416 Eh/Angstrom
RMS Rotational Force:       0.308912 Eh/Angstrom
Mode Flip:              Yes


----------------------------------------------------------------------
                             Iteration: 147                              

                             Coordinates                               
----------------------------------------------------------------------
0    C            0.8777            0.7840           -0.1647
1    H            0.7033            1.5642           -0.9175
2    O            0.5218            0.9678            1.1218
3    C            1.3512           -0.5559           -0.1946
4    H            0.7779           -0.2479            1.0615
5    H            1.0652           -1.3071           -0.9422
6    H            2.3041           -0.7148            0.3296

Energy:                  -29.607341 Convergence criteria  Is converged 
Maximum Force:             0.000529     0.000450                No
RMS Force:                 0.000355     0.000300                No
Maximum Displacement:      0.000079     0.001800                Yes
RMS Displacement:          0.000053     0.001200                Yes

Trust radius (MW):  0.150000  Step norm (MW):  0.000057  On boundary: False
Curvature (kappa):         -0.585668 Eh/Å²
Max Rotational Force:       0.891960 Eh/Angstrom
RMS Rotational Force:       0.308366 Eh/Angstrom
Mode Flip:              Yes


----------------------------------------------------------------------
                             Iteration: 148                              

                             Coordinates                               
----------------------------------------------------------------------
0    C            0.8777            0.7840           -0.1647
1    H            0.7033            1.5643           -0.9175
2    O            0.5218            0.9678            1.1218
3    C            1.3513           -0.5559           -0.1946
4    H            0.7779           -0.2480            1.0615
5    H            1.0652           -1.3071           -0.9421
6    H            2.3041           -0.7147            0.3296

Energy:                  -29.607342 Convergence criteria  Is converged 
Maximum Force:             0.000525     0.000450                No
RMS Force:                 0.000353     0.000300                No
Maximum Displacement:      0.000079     0.001800                Yes
RMS Displacement:          0.000053     0.001200                Yes

Trust radius (MW):  0.150000  Step norm (MW):  0.000057  On boundary: False
Curvature (kappa):         -0.585772 Eh/Å²
Max Rotational Force:       0.784761 Eh/Angstrom
RMS Rotational Force:       0.308381 Eh/Angstrom
Mode Flip:              Yes


----------------------------------------------------------------------
                             Iteration: 149                              

                             Coordinates                               
----------------------------------------------------------------------
0    C            0.8777            0.7840           -0.1647
1    H            0.7034            1.5643           -0.9175
2    O            0.5218            0.9677            1.1218
3    C            1.3513           -0.5559           -0.1946
4    H            0.7779           -0.2480            1.0615
5    H            1.0651           -1.3072           -0.9421
6    H            2.3042           -0.7147            0.3295

Energy:                  -29.607342 Convergence criteria  Is converged 
Maximum Force:             0.000522     0.000450                No
RMS Force:                 0.000351     0.000300                No
Maximum Displacement:      0.000078     0.001800                Yes
RMS Displacement:          0.000053     0.001200                Yes

Trust radius (MW):  0.150000  Step norm (MW):  0.000056  On boundary: False
Curvature (kappa):         -0.585866 Eh/Å²
Max Rotational Force:       0.892080 Eh/Angstrom
RMS Rotational Force:       0.308404 Eh/Angstrom
Mode Flip:              Yes


----------------------------------------------------------------------
                             Iteration: 150                              

                             Coordinates                               
----------------------------------------------------------------------
0    C            0.8776            0.7840           -0.1647
1    H            0.7034            1.5644           -0.9175
2    O            0.5217            0.9677            1.1218
3    C            1.3513           -0.5559           -0.1946
4    H            0.7779           -0.2480            1.0615
5    H            1.0651           -1.3072           -0.9420
6    H            2.3042           -0.7147            0.3295

Energy:                  -29.607342 Convergence criteria  Is converged 
Maximum Force:             0.000518     0.000450                No
RMS Force:                 0.000348     0.000300                No
Maximum Displacement:      0.000078     0.001800                Yes
RMS Displacement:          0.000052     0.001200                Yes

Trust radius (MW):  0.150000  Step norm (MW):  0.000056  On boundary: False
Curvature (kappa):         -0.585957 Eh/Å²
Max Rotational Force:       0.784906 Eh/Angstrom
RMS Rotational Force:       0.308427 Eh/Angstrom
Mode Flip:              Yes


----------------------------------------------------------------------
                             Iteration: 151                              

                             Coordinates                               
----------------------------------------------------------------------
0    C            0.8776            0.7840           -0.1647
1    H            0.7035            1.5644           -0.9175
2    O            0.5217            0.9677            1.1218
3    C            1.3513           -0.5559           -0.1946
4    H            0.7779           -0.2480            1.0615
5    H            1.0650           -1.3072           -0.9419
6    H            2.3043           -0.7146            0.3294

Energy:                  -29.607342 Convergence criteria  Is converged 
Maximum Force:             0.000514     0.000450                No
RMS Force:                 0.000346     0.000300                No
Maximum Displacement:      0.000077     0.001800                Yes
RMS Displacement:          0.000052     0.001200                Yes

Trust radius (MW):  0.150000  Step norm (MW):  0.000055  On boundary: False
Curvature (kappa):         -0.586049 Eh/Å²
Max Rotational Force:       0.892218 Eh/Angstrom
RMS Rotational Force:       0.308448 Eh/Angstrom
Mode Flip:              Yes


----------------------------------------------------------------------
                             Iteration: 152                              

                             Coordinates                               
----------------------------------------------------------------------
0    C            0.8776            0.7840           -0.1647
1    H            0.7035            1.5644           -0.9175
2    O            0.5216            0.9677            1.1217
3    C            1.3513           -0.5559           -0.1946
4    H            0.7779           -0.2480            1.0615
5    H            1.0650           -1.3073           -0.9419
6    H            2.3043           -0.7146            0.3294

Energy:                  -29.607342 Convergence criteria  Is converged 
Maximum Force:             0.000510     0.000450                No
RMS Force:                 0.000343     0.000300                No
Maximum Displacement:      0.000077     0.001800                Yes
RMS Displacement:          0.000052     0.001200                Yes

Trust radius (MW):  0.150000  Step norm (MW):  0.000055  On boundary: False
Curvature (kappa):         -0.586139 Eh/Å²
Max Rotational Force:       0.785047 Eh/Angstrom
RMS Rotational Force:       0.308471 Eh/Angstrom
Mode Flip:              Yes


----------------------------------------------------------------------
                             Iteration: 153                              

                             Coordinates                               
----------------------------------------------------------------------
0    C            0.8776            0.7840           -0.1647
1    H            0.7036            1.5645           -0.9174
2    O            0.5216            0.9676            1.1217
3    C            1.3513           -0.5559           -0.1946
4    H            0.7779           -0.2480            1.0615
5    H            1.0650           -1.3073           -0.9418
6    H            2.3043           -0.7146            0.3293

Energy:                  -29.607342 Convergence criteria  Is converged 
Maximum Force:             0.000506     0.000450                No
RMS Force:                 0.000341     0.000300                No
Maximum Displacement:      0.000076     0.001800                Yes
RMS Displacement:          0.000051     0.001200                Yes

Trust radius (MW):  0.150000  Step norm (MW):  0.000055  On boundary: False
Curvature (kappa):         -0.586230 Eh/Å²
Max Rotational Force:       0.892353 Eh/Angstrom
RMS Rotational Force:       0.308493 Eh/Angstrom
Mode Flip:              Yes


----------------------------------------------------------------------
                             Iteration: 154                              

                             Coordinates                               
----------------------------------------------------------------------
0    C            0.8776            0.7840           -0.1647
1    H            0.7036            1.5645           -0.9174
2    O            0.5215            0.9676            1.1217
3    C            1.3513           -0.5559           -0.1946
4    H            0.7779           -0.2480            1.0615
5    H            1.0649           -1.3073           -0.9418
6    H            2.3044           -0.7145            0.3293

Energy:                  -29.607342 Convergence criteria  Is converged 
Maximum Force:             0.000503     0.000450                No
RMS Force:                 0.000339     0.000300                No
Maximum Displacement:      0.000075     0.001800                Yes
RMS Displacement:          0.000051     0.001200                Yes

Trust radius (MW):  0.150000  Step norm (MW):  0.000054  On boundary: False
Curvature (kappa):         -0.586319 Eh/Å²
Max Rotational Force:       0.785186 Eh/Angstrom
RMS Rotational Force:       0.308515 Eh/Angstrom
Mode Flip:              Yes


----------------------------------------------------------------------
                             Iteration: 155                              

                             Coordinates                               
----------------------------------------------------------------------
0    C            0.8776            0.7840           -0.1647
1    H            0.7037            1.5645           -0.9174
2    O            0.5215            0.9676            1.1217
3    C            1.3513           -0.5559           -0.1946
4    H            0.7779           -0.2480            1.0614
5    H            1.0649           -1.3074           -0.9417
6    H            2.3044           -0.7145            0.3292

Energy:                  -29.607343 Convergence criteria  Is converged 
Maximum Force:             0.000499     0.000450                No
RMS Force:                 0.000336     0.000300                No
Maximum Displacement:      0.000075     0.001800                Yes
RMS Displacement:          0.000050     0.001200                Yes

Trust radius (MW):  0.150000  Step norm (MW):  0.000054  On boundary: False
Curvature (kappa):         -0.586407 Eh/Å²
Max Rotational Force:       0.892487 Eh/Angstrom
RMS Rotational Force:       0.308536 Eh/Angstrom
Mode Flip:              Yes


----------------------------------------------------------------------
                             Iteration: 156                              

                             Coordinates                               
----------------------------------------------------------------------
0    C            0.8776            0.7840           -0.1647
1    H            0.7037            1.5646           -0.9174
2    O            0.5214            0.9675            1.1217
3    C            1.3513           -0.5559           -0.1946
4    H            0.7779           -0.2480            1.0614
5    H            1.0649           -1.3074           -0.9417
6    H            2.3044           -0.7144            0.3292

Energy:                  -29.607343 Convergence criteria  Is converged 
Maximum Force:             0.000495     0.000450                No
RMS Force:                 0.000334     0.000300                No
Maximum Displacement:      0.000074     0.001800                Yes
RMS Displacement:          0.000050     0.001200                Yes

Trust radius (MW):  0.150000  Step norm (MW):  0.000053  On boundary: False
Curvature (kappa):         -0.586494 Eh/Å²
Max Rotational Force:       0.785323 Eh/Angstrom
RMS Rotational Force:       0.308557 Eh/Angstrom
Mode Flip:              Yes


----------------------------------------------------------------------
                             Iteration: 157                              

                             Coordinates                               
----------------------------------------------------------------------
0    C            0.8776            0.7840           -0.1647
1    H            0.7038            1.5646           -0.9174
2    O            0.5214            0.9675            1.1217
3    C            1.3513           -0.5559           -0.1946
4    H            0.7779           -0.2480            1.0614
5    H            1.0648           -1.3075           -0.9416
6    H            2.3045           -0.7144            0.3291

Energy:                  -29.607343 Convergence criteria  Is converged 
Maximum Force:             0.000492     0.000450                No
RMS Force:                 0.000332     0.000300                No
Maximum Displacement:      0.000074     0.001800                Yes
RMS Displacement:          0.000050     0.001200                Yes

Trust radius (MW):  0.150000  Step norm (MW):  0.000053  On boundary: False
Curvature (kappa):         -0.586583 Eh/Å²
Max Rotational Force:       0.892619 Eh/Angstrom
RMS Rotational Force:       0.308579 Eh/Angstrom
Mode Flip:              Yes


----------------------------------------------------------------------
                             Iteration: 158                              

                             Coordinates                               
----------------------------------------------------------------------
0    C            0.8776            0.7840           -0.1647
1    H            0.7038            1.5646           -0.9173
2    O            0.5213            0.9675            1.1217
3    C            1.3513           -0.5559           -0.1946
4    H            0.7779           -0.2480            1.0614
5    H            1.0648           -1.3075           -0.9416
6    H            2.3045           -0.7144            0.3291

Energy:                  -29.607343 Convergence criteria  Is converged 
Maximum Force:             0.000488     0.000450                No
RMS Force:                 0.000330     0.000300                No
Maximum Displacement:      0.000073     0.001800                Yes
RMS Displacement:          0.000049     0.001200                Yes

Trust radius (MW):  0.150000  Step norm (MW):  0.000053  On boundary: False
Curvature (kappa):         -0.586671 Eh/Å²
Max Rotational Force:       0.785458 Eh/Angstrom
RMS Rotational Force:       0.308599 Eh/Angstrom
Mode Flip:              Yes


----------------------------------------------------------------------
                             Iteration: 159                              

                             Coordinates                               
----------------------------------------------------------------------
0    C            0.8776            0.7840           -0.1647
1    H            0.7039            1.5647           -0.9173
2    O            0.5213            0.9675            1.1217
3    C            1.3513           -0.5559           -0.1946
4    H            0.7778           -0.2480            1.0614
5    H            1.0648           -1.3075           -0.9415
6    H            2.3046           -0.7143            0.3290

Energy:                  -29.607343 Convergence criteria  Is converged 
Maximum Force:             0.000485     0.000450                No
RMS Force:                 0.000327     0.000300                No
Maximum Displacement:      0.000073     0.001800                Yes
RMS Displacement:          0.000049     0.001200                Yes

Trust radius (MW):  0.150000  Step norm (MW):  0.000052  On boundary: False
Curvature (kappa):         -0.586756 Eh/Å²
Max Rotational Force:       0.892746 Eh/Angstrom
RMS Rotational Force:       0.308620 Eh/Angstrom
Mode Flip:              Yes


----------------------------------------------------------------------
                             Iteration: 160                              

                             Coordinates                               
----------------------------------------------------------------------
0    C            0.8776            0.7840           -0.1647
1    H            0.7039            1.5647           -0.9173
2    O            0.5213            0.9674            1.1217
3    C            1.3513           -0.5559           -0.1946
4    H            0.7778           -0.2480            1.0614
5    H            1.0647           -1.3076           -0.9415
6    H            2.3046           -0.7143            0.3290

Energy:                  -29.607343 Convergence criteria  Is converged 
Maximum Force:             0.000481     0.000450                No
RMS Force:                 0.000325     0.000300                No
Maximum Displacement:      0.000072     0.001800                Yes
RMS Displacement:          0.000049     0.001200                Yes

Trust radius (MW):  0.150000  Step norm (MW):  0.000052  On boundary: False
Curvature (kappa):         -0.586842 Eh/Å²
Max Rotational Force:       0.785592 Eh/Angstrom
RMS Rotational Force:       0.308641 Eh/Angstrom
Mode Flip:              Yes


----------------------------------------------------------------------
                             Iteration: 161                              

                             Coordinates                               
----------------------------------------------------------------------
0    C            0.8776            0.7840           -0.1648
1    H            0.7040            1.5648           -0.9173
2    O            0.5212            0.9674            1.1216
3    C            1.3513           -0.5559           -0.1946
4    H            0.7778           -0.2480            1.0614
5    H            1.0647           -1.3076           -0.9414
6    H            2.3046           -0.7143            0.3289

Energy:                  -29.607343 Convergence criteria  Is converged 
Maximum Force:             0.000478     0.000450                No
RMS Force:                 0.000323     0.000300                No
Maximum Displacement:      0.000072     0.001800                Yes
RMS Displacement:          0.000048     0.001200                Yes

Trust radius (MW):  0.150000  Step norm (MW):  0.000052  On boundary: False
Curvature (kappa):         -0.586927 Eh/Å²
Max Rotational Force:       0.892872 Eh/Angstrom
RMS Rotational Force:       0.308661 Eh/Angstrom
Mode Flip:              Yes


----------------------------------------------------------------------
                             Iteration: 162                              

                             Coordinates                               
----------------------------------------------------------------------
0    C            0.8776            0.7840           -0.1648
1    H            0.7040            1.5648           -0.9173
2    O            0.5212            0.9674            1.1216
3    C            1.3513           -0.5559           -0.1946
4    H            0.7778           -0.2480            1.0614
5    H            1.0647           -1.3076           -0.9414
6    H            2.3047           -0.7142            0.3289

Energy:                  -29.607343 Convergence criteria  Is converged 
Maximum Force:             0.000474     0.000450                No
RMS Force:                 0.000321     0.000300                No
Maximum Displacement:      0.000071     0.001800                Yes
RMS Displacement:          0.000048     0.001200                Yes

Trust radius (MW):  0.150000  Step norm (MW):  0.000051  On boundary: False
Curvature (kappa):         -0.587011 Eh/Å²
Max Rotational Force:       0.785723 Eh/Angstrom
RMS Rotational Force:       0.308682 Eh/Angstrom
Mode Flip:              Yes


----------------------------------------------------------------------
                             Iteration: 163                              

                             Coordinates                               
----------------------------------------------------------------------
0    C            0.8776            0.7840           -0.1648
1    H            0.7041            1.5648           -0.9173
2    O            0.5211            0.9674            1.1216
3    C            1.3513           -0.5559           -0.1946
4    H            0.7778           -0.2480            1.0614
5    H            1.0646           -1.3077           -0.9413
6    H            2.3047           -0.7142            0.3288

Energy:                  -29.607343 Convergence criteria  Is converged 
Maximum Force:             0.000471     0.000450                No
RMS Force:                 0.000319     0.000300                No
Maximum Displacement:      0.000071     0.001800                Yes
RMS Displacement:          0.000048     0.001200                Yes

Trust radius (MW):  0.150000  Step norm (MW):  0.000051  On boundary: False
Curvature (kappa):         -0.587096 Eh/Å²
Max Rotational Force:       0.892996 Eh/Angstrom
RMS Rotational Force:       0.308702 Eh/Angstrom
Mode Flip:              Yes


----------------------------------------------------------------------
                             Iteration: 164                              

                             Coordinates                               
----------------------------------------------------------------------
0    C            0.8776            0.7840           -0.1648
1    H            0.7041            1.5649           -0.9173
2    O            0.5211            0.9673            1.1216
3    C            1.3514           -0.5559           -0.1946
4    H            0.7778           -0.2481            1.0614
5    H            1.0646           -1.3077           -0.9413
6    H            2.3047           -0.7142            0.3288

Energy:                  -29.607343 Convergence criteria  Is converged 
Maximum Force:             0.000467     0.000450                No
RMS Force:                 0.000316     0.000300                No
Maximum Displacement:      0.000070     0.001800                Yes
RMS Displacement:          0.000047     0.001200                Yes

Trust radius (MW):  0.150000  Step norm (MW):  0.000051  On boundary: False
Curvature (kappa):         -0.587141 Eh/Å²
Max Rotational Force:       0.785854 Eh/Angstrom
RMS Rotational Force:       0.308726 Eh/Angstrom
Mode Flip:              Yes


----------------------------------------------------------------------
                             Iteration: 165                              

                             Coordinates                               
----------------------------------------------------------------------
0    C            0.8776            0.7840           -0.1648
1    H            0.7042            1.5649           -0.9172
2    O            0.5210            0.9673            1.1216
3    C            1.3514           -0.5559           -0.1946
4    H            0.7778           -0.2481            1.0614
5    H            1.0646           -1.3077           -0.9412
6    H            2.3048           -0.7141            0.3288

Energy:                  -29.607344 Convergence criteria  Is converged 
Maximum Force:             0.000464     0.000450                No
RMS Force:                 0.000314     0.000300                No
Maximum Displacement:      0.000070     0.001800                Yes
RMS Displacement:          0.000047     0.001200                Yes

Trust radius (MW):  0.150000  Step norm (MW):  0.000050  On boundary: False
Curvature (kappa):         -0.587223 Eh/Å²
Max Rotational Force:       0.893124 Eh/Angstrom
RMS Rotational Force:       0.308746 Eh/Angstrom
Mode Flip:              Yes


----------------------------------------------------------------------
                             Iteration: 166                              

                             Coordinates                               
----------------------------------------------------------------------
0    C            0.8775            0.7840           -0.1648
1    H            0.7042            1.5649           -0.9172
2    O            0.5210            0.9673            1.1216
3    C            1.3514           -0.5559           -0.1946
4    H            0.7778           -0.2481            1.0614
5    H            1.0645           -1.3078           -0.9412
6    H            2.3048           -0.7141            0.3287

Energy:                  -29.607344 Convergence criteria  Is converged 
Maximum Force:             0.000460     0.000450                No
RMS Force:                 0.000312     0.000300                No
Maximum Displacement:      0.000069     0.001800                Yes
RMS Displacement:          0.000047     0.001200                Yes

Trust radius (MW):  0.150000  Step norm (MW):  0.000050  On boundary: False
Curvature (kappa):         -0.587306 Eh/Å²
Max Rotational Force:       0.785983 Eh/Angstrom
RMS Rotational Force:       0.308766 Eh/Angstrom
Mode Flip:              Yes


----------------------------------------------------------------------
                             Iteration: 167                              

                             Coordinates                               
----------------------------------------------------------------------
0    C            0.8775            0.7840           -0.1648
1    H            0.7043            1.5650           -0.9172
2    O            0.5209            0.9673            1.1216
3    C            1.3514           -0.5559           -0.1946
4    H            0.7778           -0.2481            1.0614
5    H            1.0645           -1.3078           -0.9411
6    H            2.3048           -0.7141            0.3287

Energy:                  -29.607344 Convergence criteria  Is converged 
Maximum Force:             0.000457     0.000450                No
RMS Force:                 0.000310     0.000300                No
Maximum Displacement:      0.000069     0.001800                Yes
RMS Displacement:          0.000047     0.001200                Yes

Trust radius (MW):  0.150000  Step norm (MW):  0.000050  On boundary: False
Curvature (kappa):         -0.587376 Eh/Å²
Max Rotational Force:       0.893265 Eh/Angstrom
RMS Rotational Force:       0.308789 Eh/Angstrom
Mode Flip:              Yes


----------------------------------------------------------------------
                             Iteration: 168                              

                             Coordinates                               
----------------------------------------------------------------------
0    C            0.8775            0.7840           -0.1648
1    H            0.7043            1.5650           -0.9172
2    O            0.5209            0.9672            1.1216
3    C            1.3514           -0.5559           -0.1946
4    H            0.7778           -0.2481            1.0614
5    H            1.0645           -1.3078           -0.9411
6    H            2.3049           -0.7140            0.3286

Energy:                  -29.607344 Convergence criteria  Is converged 
Maximum Force:             0.000454     0.000450                No
RMS Force:                 0.000308     0.000300                No
Maximum Displacement:      0.000068     0.001800                Yes
RMS Displacement:          0.000046     0.001200                Yes

Trust radius (MW):  0.150000  Step norm (MW):  0.000049  On boundary: False
Curvature (kappa):         -0.587455 Eh/Å²
Max Rotational Force:       0.786123 Eh/Angstrom
RMS Rotational Force:       0.308809 Eh/Angstrom
Mode Flip:              Yes


----------------------------------------------------------------------
                             Iteration: 169                              

                             Coordinates                               
----------------------------------------------------------------------
0    C            0.8775            0.7840           -0.1648
1    H            0.7044            1.5650           -0.9172
2    O            0.5209            0.9672            1.1216
3    C            1.3514           -0.5559           -0.1946
4    H            0.7778           -0.2481            1.0614
5    H            1.0644           -1.3079           -0.9410
6    H            2.3049           -0.7140            0.3286

Energy:                  -29.607344 Convergence criteria  Is converged 
Maximum Force:             0.000451     0.000450                No
RMS Force:                 0.000306     0.000300                No
Maximum Displacement:      0.000068     0.001800                Yes
RMS Displacement:          0.000046     0.001200                Yes

Trust radius (MW):  0.150000  Step norm (MW):  0.000049  On boundary: False
Curvature (kappa):         -0.587537 Eh/Å²
Max Rotational Force:       0.893384 Eh/Angstrom
RMS Rotational Force:       0.308828 Eh/Angstrom
Mode Flip:              Yes


----------------------------------------------------------------------
                             Iteration: 170                              

                             Coordinates                               
----------------------------------------------------------------------
0    C            0.8775            0.7840           -0.1648
1    H            0.7044            1.5651           -0.9172
2    O            0.5208            0.9672            1.1215
3    C            1.3514           -0.5559           -0.1946
4    H            0.7778           -0.2481            1.0614
5    H            1.0644           -1.3079           -0.9410
6    H            2.3049           -0.7140            0.3285

Energy:                  -29.607344 Convergence criteria  Is converged 
Maximum Force:             0.000447     0.000450                Yes
RMS Force:                 0.000304     0.000300                No
Maximum Displacement:      0.000067     0.001800                Yes
RMS Displacement:          0.000046     0.001200                Yes

Trust radius (MW):  0.150000  Step norm (MW):  0.000048  On boundary: False
Curvature (kappa):         -0.587616 Eh/Å²
Max Rotational Force:       0.786250 Eh/Angstrom
RMS Rotational Force:       0.308847 Eh/Angstrom
Mode Flip:              Yes


----------------------------------------------------------------------
                             Iteration: 171                              

                             Coordinates                               
----------------------------------------------------------------------
0    C            0.8775            0.7840           -0.1648
1    H            0.7044            1.5651           -0.9171
2    O            0.5208            0.9672            1.1215
3    C            1.3514           -0.5559           -0.1946
4    H            0.7778           -0.2481            1.0614
5    H            1.0644           -1.3079           -0.9409
6    H            2.3050           -0.7140            0.3285

Energy:                  -29.607344 Convergence criteria  Is converged 
Maximum Force:             0.000444     0.000450                Yes
RMS Force:                 0.000302     0.000300                No
Maximum Displacement:      0.000067     0.001800                Yes
RMS Displacement:          0.000045     0.001200                Yes

Trust radius (MW):  0.150000  Step norm (MW):  0.000048  On boundary: False
Curvature (kappa):         -0.588240 Eh/Å²
Max Rotational Force:       0.892931 Eh/Angstrom
RMS Rotational Force:       0.308700 Eh/Angstrom
Mode Flip:              Yes


----------------------------------------------------------------------
                             Iteration: 172                              

                             Coordinates                               
----------------------------------------------------------------------
0    C            0.8775            0.7840           -0.1648
1    H            0.7045            1.5651           -0.9171
2    O            0.5207            0.9671            1.1215
3    C            1.3514           -0.5559           -0.1946
4    H            0.7778           -0.2481            1.0614
5    H            1.0643           -1.3080           -0.9409
6    H            2.3050           -0.7139            0.3284

Energy:                  -29.607344 Convergence criteria  Is converged 
Maximum Force:             0.000441     0.000450                Yes
RMS Force:                 0.000300     0.000300                Yes
Maximum Displacement:      0.000066     0.001800                Yes
RMS Displacement:          0.000045     0.001200                Yes

Trust radius (MW):  0.150000  Step norm (MW):  0.000048  On boundary: False
Curvature (kappa):         -0.588314 Eh/Å²
Max Rotational Force:       0.785954 Eh/Angstrom
RMS Rotational Force:       0.308719 Eh/Angstrom
Mode Flip:              Yes


Dimer optimization converged at iteration 172.

---------------------------------------------------------------
                 INFORMATION ABOUT SADDLE POINT                
---------------------------------------------------------------
Energy (final)                           ....  -29.60734434 Eh

-----------------------------------------
  SADDLE GUESS (ANGSTROEM)
-----------------------------------------
0    C            0.8775            0.7840           -0.1648
1    H            0.7045            1.5651           -0.9171
2    O            0.5207            0.9671            1.1215
3    C            1.3514           -0.5559           -0.1946
4    H            0.7778           -0.2481            1.0614
5    H            1.0643           -1.3080           -0.9409
6    H            2.3050           -0.7139            0.3284

Wrote Dimer trajectory to: /home/user/software/MaLePSO/example/ts/dimer/inp1_dimer_traj.xyz
Wrote TS guess to:         /home/user/software/MaLePSO/example/ts/dimer/inp1_dimer_ts.xyz
